{"type":"FeatureCollection","name":"欧洲西部主要河流","features":[{"type":"Feature","properties":{"outlineWidth":2,"fillColor":"#00ffff"},"geometry":{"type":"MultiLineString","coordinates":[[[2.552636718750023,45.58576080936912],[2.534570312500023,45.574335028119116],[2.531494140625,45.57330963749412],[2.5234375,45.56378815311912],[2.520751953125,45.51881744999412],[2.515380859375,45.50446198124412],[2.520751953125,45.48590729374412],[2.515283203125023,45.463739324994116],[2.50634765625,45.44061920780662],[2.501708984375,45.41913483280662],[2.495996093750023,45.40546295780662],[2.481201171875,45.39704010624412],[2.461181640625,45.39362213749412],[2.439697265625,45.39520905155662],[2.420068359375023,45.40180084843162],[2.383691406250023,45.41901276249412],[2.361083984375,45.42255280155662],[2.352685546875023,45.41974518436912],[2.351953125000023,45.412958074994116],[2.35595703125,45.40509674686912],[2.368408203125,45.39008209843162],[2.370263671875023,45.383661199994116],[2.368408203125,45.37689850468162],[2.3603515625,45.35919830936912],[2.344140625000023,45.34059479374412],[2.33984375,45.33844635624412],[2.320068359375,45.32367584843162],[2.31982421875,45.32013580936912],[2.312255859375,45.315790106244116],[2.30517578125,45.296502996869116],[2.298974609375023,45.29218170780662],[2.286865234375,45.290887762494116],[2.277490234375023,45.28754303593162],[2.261474609375,45.27912018436912],[2.257226562500023,45.27887604374412],[2.255029296875023,45.281122137494116],[2.252587890625023,45.28241608280662],[2.247802734375,45.27912018436912],[2.245507812500023,45.27582428593162],[2.24267578125,45.26837799686912],[2.230859375000023,45.248895574994116],[2.224609375,45.24098541874412],[2.216796875,45.23756744999412],[2.144775390625,45.23073151249412],[2.137939453125,45.23200104374412],[2.126220703125,45.23659088749412],[2.120996093750023,45.23756744999412],[2.114160156250023,45.23541901249412],[2.108154296875,45.23073151249412],[2.104248046875,45.22601959843162],[2.103906250000023,45.22394440311912],[2.091699218750023,45.22540924686912],[2.069091796875,45.23090241093162],[2.056054687500023,45.23073151249412],[2.038232421875023,45.22125885624412],[2.026025390625023,45.202997137494116],[2.007714843750023,45.16181061405662],[1.992431640625,45.143670965619116],[1.932519531250023,45.10785553593162],[1.911279296875023,45.08424713749412],[1.912744140625023,45.08734772343162],[1.900390625,45.07660553593162],[1.900537109375023,45.07123444218162],[1.912744140625023,45.06561920780662],[1.912744140625023,45.05939362186912],[1.901269531250023,45.057245184369116],[1.857421875,45.05634186405662],[1.8359375,45.03908112186912],[1.829248046875023,45.02741119999412],[1.843164062500023,45.018426824994116],[1.830468750000023,45.006952215619116],[1.831787109375,44.99506256718162],[1.8388671875,44.98200104374412],[1.843164062500023,44.966913153119116],[1.839501953125023,44.951532293744116],[1.83056640625,44.93707916874412],[1.819482421875023,44.92462799686912],[1.808984375000023,44.915399481244116]]]}},{"type":"Feature","properties":{"outlineWidth":2,"fillColor":"#00ffff"},"geometry":{"type":"MultiLineString","coordinates":[[[18.810449218750023,49.92506744999412],[18.8349609375,49.93305084843162],[18.849755859375023,49.93475983280662],[18.8671875,49.93556549686912],[18.88720703125,49.93573639530662],[18.904541015625,49.93683502811912],[18.936914062500023,49.93190338749412]]]}},{"type":"Feature","properties":{"outlineWidth":2,"fillColor":"#00ffff"},"geometry":{"type":"MultiLineString","coordinates":[[[13.9248046875,63.27477448124412],[14.019677734375023,63.24811432499412],[14.05078125,63.22589752811912],[14.079248046875023,63.20087311405662],[14.11865234375,63.19269440311912],[14.2255859375,63.18866608280662],[14.301513671875,63.19843170780662],[14.37646484375,63.20258209843162],[14.447900390625023,63.19843170780662],[14.48291015625,63.21813385624412],[14.490136718750023,63.25548737186912],[14.490869140625023,63.28517487186912],[14.484130859375,63.29340241093162]]]}},{"type":"Feature","properties":{"outlineWidth":2,"fillColor":"#00ffff"},"geometry":{"type":"MultiLineString","coordinates":[[[-8.449145507812489,52.816766668744116],[-8.445654296874977,52.833612371869116],[-8.421191406249989,52.86598541874412],[-8.406201171874983,52.88971588749412],[-8.396875,52.90045807499412],[-8.377734374999989,52.91254303593162],[-8.353515625,52.91994049686912],[-8.326416015625,52.92584869999412],[-8.311206054687489,52.94318268436912],[-8.307373046875,52.967645574994116],[-8.305761718749977,52.98688385624412],[-8.2998046875,53.00189850468162],[-8.285253906249977,53.01564362186912],[-8.269384765624977,53.03229401249412],[-8.25537109375,53.04584381718162],[-8.237060546875,53.05512116093162],[-8.198535156249989,53.078729559369116]]]}},{"type":"Feature","properties":{"outlineWidth":2,"fillColor":"#00ffff"},"geometry":{"type":"MultiLineString","coordinates":[[[8.977441406250023,62.13805573124412],[8.99267578125,62.13805573124412],[9.00625,62.13617584843162],[9.033935546875,62.12665436405662],[9.213037109375023,62.02599518436912],[9.236083984375,62.00377838749412],[9.246826171875,61.98566315311912],[9.252832031250023,61.97765534061912],[9.263330078125023,61.96984284061912],[9.3125,61.95050690311912],[9.364160156250023,61.91994049686912],[9.38671875,61.91364166874412],[9.3974609375,61.90851471561912],[9.41552734375,61.89586823124412],[9.421142578125,61.88837311405662],[9.425537109375,61.87445709843162],[9.42919921875,61.86852448124412],[9.46142578125,61.84411041874412],[9.481689453125,61.81976959843162],[9.517333984375,61.81066315311912],[9.521142578125023,61.79967682499412]]]}},{"type":"Feature","properties":{"outlineWidth":2,"fillColor":"#00ffff"},"geometry":{"type":"MultiLineString","coordinates":[[[15.554931640625,40.971551824994116],[15.572021484375,40.99738190311912],[15.577783203125023,41.01093170780662],[15.576074218750023,41.02643463749412],[15.558349609375,41.05499909061912],[15.554589843750023,41.06903717655662],[15.561425781250023,41.08600494999412],[15.571044921875,41.09638092655662],[15.5830078125,41.10443756718162],[15.59619140625,41.10919830936912],[15.7529296875,41.10260651249412],[15.77099609375,41.10443756718162],[15.849267578125023,41.13141510624412],[15.923486328125023,41.17316315311912],[15.9482421875,41.18170807499412],[16.100830078125,41.29518463749412],[16.128076171875023,41.30988190311912],[16.179931640625,41.32294342655662],[16.200585937500023,41.33661530155662],[16.19970703125,41.36249420780662]]]}},{"type":"Feature","properties":{"outlineWidth":2,"fillColor":"#00ffff"},"geometry":{"type":"MultiLineString","coordinates":[[[-1.747607421874989,42.23590729374412],[-1.795996093749977,42.25641510624412],[-1.820166015624977,42.27277252811912],[-1.829443359374977,42.27753327030662],[-1.835986328124989,42.27809479374412],[-1.851416015624977,42.27606842655662],[-1.857421875,42.27753327030662],[-1.862109374999989,42.284051824994116],[-1.862353515624989,42.291864324994116],[-1.861572265625,42.29933502811912],[-1.863623046874977,42.304803778119116],[-1.901464843749977,42.32526276249412],[-1.976904296874977,42.392938543744116],[-2.032568359374977,42.39288971561912],[-2.055761718749977,42.39899323124412],[-2.069677734374977,42.414667059369116],[-2.064990234374989,42.41725494999412],[-2.060351562499989,42.423456121869116],[-2.055419921875,42.42829010624412],[-2.076708984374989,42.44245026249412],[-2.105126953124994,42.44508698124412],[-2.172119140625,42.44135162968162],[-2.191601562499983,42.44281647343162],[-2.206152343749977,42.44635651249412],[-2.218457031249983,42.45331452030662],[-2.23046875,42.46559479374412],[-2.238867187499977,42.47186920780662],[-2.26806640625,42.48683502811912],[-2.278564453125,42.48981354374412],[-2.343457031249983,42.48292877811912],[-2.384619140624977,42.49457428593162],[-2.427294921874989,42.49928619999412],[-2.462207031249989,42.50714752811912],[-2.491796874999977,42.51996491093162],[-2.501708984375,42.53754303593162],[-2.510791015624989,42.53510162968162],[-2.518164062499977,42.53095123905662],[-2.524218749999989,42.52496979374412],[-2.529052734375,42.51710846561912],[-2.526708984374977,42.515008856244116],[-2.525488281249977,42.51422760624412],[-2.524340820312489,42.51312897343162],[-2.522216796875,42.51027252811912],[-2.541845703124977,42.51227448124412],[-2.557910156249989,42.51076080936912],[-2.571533203125,42.505487371869116],[-2.583593749999977,42.49660065311912],[-2.585302734374977,42.51190827030662],[-2.59521484375,42.51740143436912],[-2.606298828124977,42.51679108280662],[-2.611572265625,42.51369049686912],[-2.618017578124977,42.50763580936912],[-2.632226562499994,42.51246979374412],[-2.667626953124994,42.53302643436912],[-2.676928710937489,42.53681061405662],[-2.684863281249989,42.53766510624412],[-2.6962890625,42.53754303593162],[-2.709228515625,42.53912994999412],[-2.720654296874983,42.54340241093162],[-2.725830078125,42.54987213749412],[-2.72021484375,42.55805084843162],[-2.72021484375,42.56549713749412],[-2.754931640624989,42.56549713749412],[-2.750146484374994,42.58100006718162],[-2.748144531249977,42.58539459843162],[-2.761645507812489,42.58375885624412],[-2.793701171875,42.58685944218162],[-2.80615234375,42.58229401249412],[-2.813159179687489,42.580682684369116],[-2.8212890625,42.58417389530662],[-2.827001953124977,42.59010651249412],[-2.826953124999989,42.59589264530662],[-2.81494140625,42.60578034061912],[-2.812841796874977,42.610956121869116],[-2.81640625,42.62013580936912],[-2.830126953124989,42.61371491093162],[-2.836181640625,42.62140534061912],[-2.837695312499989,42.63434479374412],[-2.8375,42.64398834843162],[-2.841894531249977,42.65570709843162],[-2.852636718749977,42.66530182499412],[-2.918066406249977,42.705682684369116],[-2.943530273437489,42.714227606244116],[-2.968847656249977,42.73761627811912],[-2.984277343749994,42.74298737186912],[-3.00341796875,42.75311920780662],[-3.031591796874977,42.77265045780662],[-3.063647460937489,42.78522369999412],[-3.094165039062489,42.77435944218162],[-3.119726562499977,42.76862213749412],[-3.185302734375,42.78876373905662],[-3.207446289062489,42.78400299686912],[-3.226123046874989,42.79022858280662],[-3.239843749999977,42.79315827030662],[-3.254492187499977,42.79315827030662],[-3.275732421874977,42.79083893436912],[-3.29052734375,42.79181549686912],[-3.316650390625,42.80194733280662],[-3.333740234375,42.80446198124412],[-3.427587890624977,42.794061590619116],[-3.453857421875,42.79828522343162],[-3.453857421875,42.79828522343162],[-3.453857421875,42.79828522343162],[-3.453857421875,42.79828522343162],[-3.453857421875,42.79828522343162],[-3.488720703124983,42.829217840619116],[-3.522143554687489,42.84547760624412]]]}},{"type":"Feature","properties":{"outlineWidth":2,"fillColor":"#00ffff"},"geometry":{"type":"MultiLineString","coordinates":[[[9.127587890625023,47.67067291874412],[9.079003906250023,47.68866608280662],[9.052148437500023,47.69550202030662],[9.028076171875,47.69489166874412],[8.987060546875,47.67750885624412],[8.964990234375023,47.67133209843162],[8.947412109375023,47.66510651249412],[8.928857421875023,47.65961334843162],[8.90771484375,47.655145574994116],[8.89306640625,47.65626862186912],[8.881103515625,47.656366278119116]]]}},{"type":"Feature","properties":{"outlineWidth":2,"fillColor":"#00ffff"},"geometry":{"type":"MultiLineString","coordinates":[[[33.337890625,68.24030182499412],[33.36376953125,68.23041412968162],[33.374609375,68.21080963749412],[33.363525390625,68.17206452030662],[33.358154296875,68.15778229374412],[33.34140625,68.14630768436912],[33.313574218750006,68.13732330936912],[33.29541015625,68.12413971561912],[33.28798828125002,68.10224030155662],[33.291748046875,68.08173248905662]]]}},{"type":"Feature","properties":{"outlineWidth":2,"fillColor":"#00ffff"},"geometry":{"type":"MultiLineString","coordinates":[[[11.78125,61.92059967655662],[11.7509765625,61.90692780155662],[11.7333984375,61.89430573124412],[11.721923828125,61.87677643436912],[11.717675781250023,61.85211823124412],[11.710107421875023,61.83087799686912],[11.692529296875023,61.81286041874412],[11.6376953125,61.77301666874412],[11.637841796875023,61.76886627811912],[11.643212890625023,61.75971100468162],[11.651123046875,61.75197174686912],[11.6728515625,61.73749420780662],[11.677392578125023,61.72894928593162],[11.685791015625,61.71657135624412],[11.728417968750023,61.68573639530662],[11.846337890625023,61.63654205936912],[11.937402343750023,61.58214752811912],[11.994873046875,61.53419830936912],[12.015869140625,61.52692291874412],[12.046875,61.52516510624412],[12.0732421875,61.51874420780662],[12.094482421875,61.50604889530662],[12.108789062500023,61.48537018436912],[12.123291015625,61.44640534061912],[12.1318359375,61.43019440311912],[12.14599609375,61.41334869999412],[12.155419921875023,61.40729401249412],[12.178466796875,61.39887116093162],[12.192138671875,61.38991119999412],[12.209130859375023,61.38405182499412],[12.21484375,61.38292877811912],[12.21875,61.38031647343162],[12.221093750000023,61.37421295780662],[12.222802734375023,61.36720612186912],[12.224853515625,61.36183502811912],[12.246240234375023,61.32579987186912],[12.260644531250023,61.30841705936912],[12.294335937500023,61.29437897343162],[12.312744140625,61.27875397343162],[12.37109375,61.21710846561912],[12.391015625000023,61.20324127811912],[12.424462890625023,61.19428131718162],[12.431298828125023,61.18659088749412],[12.435449218750023,61.17662994999412],[12.44140625,61.16657135624412],[12.45263671875,61.15636627811912],[12.462890625,61.15082428593162],[12.527978515625023,61.12921784061912],[12.540771484375,61.12218659061912],[12.556298828125023,61.10761139530662],[12.564208984375,61.09845612186912],[12.56396484375,61.09430573124412],[12.583398437500023,61.08556549686912],[12.6005859375,61.06537506718162],[12.607177734375,61.04274323124412],[12.5947265625,61.02662994999412]]]}},{"type":"Feature","properties":{"outlineWidth":2,"fillColor":"#00ffff"},"geometry":{"type":"MultiLineString","coordinates":[[[14.760888671875023,52.07692291874412],[14.69580078125,52.10695221561912],[14.685791015625,52.12128327030662],[14.69189453125,52.14723541874412],[14.70263671875,52.16547272343162],[14.706689453125023,52.17975494999412],[14.692041015625023,52.19362213749412],[14.692041015625023,52.19977448124412],[14.711572265625023,52.21576569218162],[14.7119140625,52.236200262494116],[14.696435546875023,52.25372955936912],[14.668359375000023,52.26129791874412],[14.639892578125,52.26532623905662],[14.606103515625023,52.27606842655662],[14.583642578125023,52.29144928593162],[14.589599609375,52.30963776249412],[14.568603515625,52.338739324994116],[14.544921875,52.38239166874412],[14.539306640625,52.42213776249412],[14.591064453125,52.450067449994116],[14.615234375,52.47357819218162],[14.631738281250023,52.49701569218162],[14.627197265625,52.507684637494116],[14.608544921875023,52.51813385624412],[14.616357421875023,52.54132721561912],[14.644189453125023,52.57721588749412],[14.613183593750023,52.59284088749412],[14.549560546875,52.63641998905662],[14.489648437500023,52.65094635624412],[14.460839843750023,52.67482330936912],[14.44189453125,52.68024323124412],[14.431298828125023,52.686395574994116],[14.397216796875,52.727411199994116],[14.381738281250023,52.73847077030662],[14.275390625,52.78595612186912],[14.248193359375023,52.79486725468162],[14.215478515625023,52.81830475468162],[14.195458984375023,52.823602606244116],[14.173242187500023,52.82465241093162],[14.152246093750023,52.82855866093162],[14.134912109375023,52.83685944218162],[14.12353515625,52.85089752811912],[14.14990234375,52.864862371869116],[14.160302734375023,52.87702057499412],[14.164453125000023,52.89594147343162],[14.162109375,52.90839264530662],[14.14990234375,52.94386627811912],[14.143945312500023,52.953973699994116],[14.143945312500023,52.96015045780662],[14.1923828125,52.98187897343162],[14.253173828125,53.00116608280662],[14.312158203125023,53.02955963749412],[14.342919921875023,53.04889557499412],[14.356201171875,53.06696198124412],[14.359033203125023,53.075311590619116],[14.389062500000023,53.131952215619116],[14.386962890625,53.14642975468162],[14.380859375,53.160516668744116],[14.377343750000023,53.17682526249412],[14.380126953125,53.19013092655662],[14.387353515625023,53.20233795780662],[14.397216796875,53.21124909061912],[14.40771484375,53.21466705936912],[14.4150390625,53.22125885624412],[14.441162109375,53.25214264530662],[14.451904296875,53.26178619999412],[14.446533203125,53.26288483280662],[14.445556640625,53.26581452030662],[14.4462890625,53.27008698124412],[14.445556640625,53.27545807499412]]]}},{"type":"Feature","properties":{"outlineWidth":2,"fillColor":"#00ffff"},"geometry":{"type":"MultiLineString","coordinates":[[[15.45849609375,63.20421784061912],[15.472314453125023,63.20241119999412],[15.520751953125,63.19142487186912],[15.58642578125,63.17963287968162],[15.67822265625,63.17072174686912],[15.765283203125023,63.16705963749412],[15.809814453125,63.17487213749412],[15.83984375,63.16998932499412],[15.9296875,63.16412994999412],[15.984375,63.14850494999412],[16.020751953125,63.14782135624412],[16.07421875,63.15309479374412],[16.161865234375,63.15343659061912],[16.21875,63.15968659061912],[16.255029296875023,63.15851471561912],[16.28515625,63.15631744999412],[16.352294921875,63.15216705936912],[16.408349609375023,63.11803619999412],[16.470117187500023,63.10175202030662],[16.494531250000023,63.08856842655662],[16.510156250000023,63.07233307499412],[16.517724609375023,63.06635162968162],[16.528564453125,63.06129791874412],[16.566796875000023,63.05158112186912],[16.607177734375,63.04755280155662],[16.620361328125,63.04445221561912],[16.643798828125,63.03034088749412],[16.655908203125023,63.02711823124412],[16.6640625,63.02208893436912],[16.665771484375,63.01044342655662],[16.664794921875,62.99677155155662],[16.665185546875023,62.98615143436912],[16.686279296875,62.95880768436912],[16.683740234375023,62.94476959843162],[16.676513671875,62.93615143436912],[16.668847656250023,62.92963287968162],[16.661035156250023,62.90961334843162],[16.642724609375023,62.89032623905662],[16.638427734375,62.88031647343162],[16.640283203125023,62.86681549686912],[16.645166015625023,62.85578034061912],[16.717675781250023,62.77045319218162],[16.72802734375,62.76329987186912],[16.754052734375023,62.75617096561912],[16.76513671875,62.74962799686912],[16.7724609375,62.74042389530662],[16.78271484375,62.72125885624412],[16.789306640625,62.71246979374412],[16.837158203125,62.68878815311912],[16.900292968750023,62.66774323124412],[16.925439453125023,62.65412018436912],[16.9560546875,62.64911530155662],[16.969482421875,62.64411041874412],[16.994775390625023,62.62921784061912],[17.072509765625,62.59850494999412],[17.151513671875023,62.54840729374412],[17.18701171875,62.53351471561912],[17.319970703125023,62.51320221561912],[17.340966796875023,62.51581452030662],[17.406152343750023,62.53558991093162]]]}},{"type":"Feature","properties":{"outlineWidth":2,"fillColor":"#00ffff"},"geometry":{"type":"MultiLineString","coordinates":[[[9.127587890625023,47.67067291874412],[9.182861328125,47.67067291874412]]]}},{"type":"Feature","properties":{"outlineWidth":2,"fillColor":"#00ffff"},"geometry":{"type":"MultiLineString","coordinates":[[[-8.188037109374989,42.16212799686912],[-8.201757812499977,42.16034577030662],[-8.219335937499977,42.15582916874412],[-8.252978515624989,42.137811590619116],[-8.271337890624977,42.13226959843162],[-8.288427734374977,42.13165924686912],[-8.295996093749977,42.13031647343162],[-8.304931640625,42.12604401249412],[-8.33056640625,42.10866119999412],[-8.347412109375,42.10199616093162],[-8.501806640624977,42.08331940311912],[-8.520605468749977,42.077997137494116],[-8.555029296874977,42.06032135624412],[-8.573486328125,42.05470612186912],[-8.610107421875,42.05390045780662],[-8.627539062499977,42.05128815311912],[-8.64453125,42.04169342655662],[-8.653173828124977,42.03168366093162],[-8.663867187499989,42.010126043744116],[-8.671435546874989,42.00006744999412],[-8.69189453125,41.98981354374412],[-8.717626953124977,41.984002996869116],[-8.740234375,41.97536041874412],[-8.750781249999989,41.96901276249412]]]}},{"type":"Feature","properties":{"outlineWidth":2,"fillColor":"#00ffff"},"geometry":{"type":"MultiLineString","coordinates":[[[18.936914062500023,49.93190338749412],[18.944726562500023,49.92767975468162],[18.949365234375023,49.92426178593162],[18.954980468750023,49.921014715619116],[18.961816406250023,49.91815827030662],[18.987548828125,49.93170807499412],[19.015039062500023,49.942499090619116],[19.045800781250023,49.94965241093162],[19.087304687500023,49.95289948124412],[19.10546875,49.95661041874412],[19.111962890625023,49.959100653119116],[19.121728515625023,49.96486237186912],[19.123291015625,49.96637604374412],[19.12109375,49.96857330936912],[19.119384765625,49.97650787968162],[19.12109375,49.992303778119116],[19.12646484375,50.00287506718162],[19.14599609375,50.02741119999412],[19.143310546875,50.02948639530662],[19.142480468750023,50.029901434369116],[19.141845703125,50.03070709843162],[19.139892578125,50.03424713749412],[19.147363281250023,50.03546784061912],[19.151513671875023,50.03705475468162],[19.154931640625023,50.038934637494116],[19.160302734375023,50.04108307499412],[19.153466796875023,50.04852936405662],[19.159326171875023,50.05402252811912],[19.165771484375,50.05829498905662],[19.173730468750023,50.061151434369116],[19.184326171875,50.06220123905662],[19.2060546875,50.061639715619116],[19.218652343750023,50.06354401249412],[19.229248046875,50.06903717655662],[19.247802734375,50.05768463749412],[19.268701171875023,50.050897528119116],[19.290185546875023,50.047967840619116],[19.350830078125,50.05250885624412],[19.37158203125,50.04860260624412],[19.37939453125,50.03424713749412],[19.386376953125023,50.03424713749412],[19.393212890625023,50.039422918744116],[19.40087890625,50.03932526249412],[19.408349609375023,50.03497955936912],[19.414208984375023,50.02741119999412],[19.42041015625,50.02741119999412],[19.443994140625023,50.038446356244116],[19.478417968750023,50.03742096561912],[19.513085937500023,50.02985260624412],[19.537109375,50.02118561405662],[19.561914062500023,50.00836823124412],[19.57080078125,50.00128815311912],[19.581787109375,49.989862371869116],[19.596093750000023,49.98212311405662],[19.61572265625,49.97907135624412],[19.634912109375023,49.98053619999412],[19.64697265625,49.986444403119116],[19.653222656250023,49.986444403119116],[19.67578125,49.97736237186912],[19.705322265625,49.975946356244116],[19.766748046875023,49.979608465619116],[19.781396484375023,49.98341705936912],[19.793359375000023,49.992792059369116],[19.801660156250023,50.00519440311912],[19.804589843750023,50.01776764530662],[19.812890625000023,50.02374909061912],[19.853515625,50.03815338749412],[19.869140625,50.04108307499412],[19.888671875,50.04249909061912],[19.927490234375,50.05475494999412],[19.958251953125,50.05475494999412],[19.968505859375,50.05592682499412],[19.983300781250023,50.061151434369116],[19.989013671875,50.06220123905662],[20.003076171875023,50.05341217655662],[20.012109375000023,50.04938385624412],[20.016259765625023,50.051629949994116],[20.02099609375,50.05011627811912],[20.050439453125023,50.05475494999412],[20.107324218750023,50.04445221561912],[20.119873046875,50.04852936405662],[20.162988281250023,50.04096100468162],[20.220361328125023,50.05170319218162],[20.270263671875,50.07294342655662],[20.290673828125023,50.096307684369116]]]}},{"type":"Feature","properties":{"outlineWidth":2,"fillColor":"#00ffff"},"geometry":{"type":"MultiLineString","coordinates":[[[18.879150390625,49.64386627811912],[18.849755859375023,49.679071356244116],[18.84814453125,49.685419012494116],[18.828027343750023,49.695672918744116],[18.819238281250023,49.719842840619116],[18.817626953125,49.77077057499412],[18.81201171875,49.79254791874412],[18.798486328125023,49.81378815311912],[18.769287109375,49.84931061405662],[18.7578125,49.87531159061912],[18.7607421875,49.89862702030662],[18.778222656250023,49.91620514530662],[18.810302734375,49.92499420780662]]]}},{"type":"Feature","properties":{"outlineWidth":2,"fillColor":"#00ffff"},"geometry":{"type":"MultiLineString","coordinates":[[[9.045556640625023,46.75775787968162],[9.135644531250023,46.78566315311912],[9.147119140625023,46.78668854374412],[9.182861328125,46.78566315311912],[9.197021484375,46.78839752811912],[9.22607421875,46.79743073124412],[9.264550781250023,46.80243561405662],[9.304589843750023,46.81610748905662],[9.346582031250023,46.82160065311912],[9.389550781250023,46.832147528119116],[9.41552734375,46.834588934369116]]]}},{"type":"Feature","properties":{"outlineWidth":2,"fillColor":"#00ffff"},"geometry":{"type":"MultiLineString","coordinates":[[[6.390625,44.54933502811912],[6.365234375,44.53468659061912],[6.32470703125,44.49359772343162],[6.297021484375023,44.47675202030662],[6.258691406250023,44.46779205936912],[6.094384765625023,44.47357819218162],[6.073486328125,44.46759674686912],[6.031982421875,44.43439362186912],[6.016259765625023,44.42572662968162],[5.981689453125,44.41412994999412],[5.966064453125,44.40570709843162],[5.955810546875,44.39552643436912],[5.937255859375,44.36237213749412],[5.927978515625,44.35358307499412],[5.917626953125023,44.34577057499412],[5.908593750000023,44.337030340619116],[5.90380859375,44.32538483280662],[5.906494140625,44.316522528119116],[5.914208984375023,44.31251862186912],[5.919580078125023,44.30597565311912],[5.916162109375023,44.28949616093162],[5.914306640625,44.26850006718162],[5.922607421875,44.246942449994116],[5.9375,44.229852606244116],[5.955224609375023,44.222284246869116],[5.959863281250023,44.20949127811912],[5.965087890625,44.18263580936912],[5.969628906250023,44.16962311405662],[6.004150390625,44.11347077030662],[6.01123046875,44.09650299686912],[6.009765625,44.07941315311912],[5.996337890625,44.05975983280662],[5.940332031250023,44.01398346561912],[5.923730468750023,43.99286530155662],[5.911767578125023,43.96906159061912],[5.886865234375023,43.894159246869116],[5.87109375,43.862909246869116],[5.759033203125,43.73615143436912],[5.735595703125,43.717889715619116],[5.7109375,43.70607330936912],[5.644433593750023,43.69489166874412],[5.622314453125,43.68073151249412],[5.58251953125,43.66603424686912],[5.530908203125023,43.66925690311912],[5.41357421875,43.695184637494116],[5.395166015625023,43.70192291874412],[5.3779296875,43.71124909061912],[5.347314453125023,43.73444244999412],[5.336572265625023,43.73976471561912],[5.324853515625023,43.74164459843162],[5.308251953125023,43.742059637494116]]]}},{"type":"Feature","properties":{"outlineWidth":2,"fillColor":"#00ffff"},"geometry":{"type":"MultiLineString","coordinates":[[[-4.309277343749983,43.01686432499412],[-4.2763671875,43.01837799686912],[-4.250048828124989,43.025018621869116],[-4.227636718749977,43.02687409061912],[-4.211767578124977,43.02247955936912],[-4.188818359374977,43.01117584843162],[-4.176318359374989,43.00856354374412],[-4.162207031249977,43.008417059369116],[-4.135498046875,43.01227448124412],[-4.130175781249989,43.01239655155662],[-4.118261718749977,43.01032135624412],[-4.099951171874977,43.009149481244116],[-4.086035156249977,43.00514557499412],[-4.073339843749977,42.99823639530662],[-4.064453125,42.988885809369116],[-4.058886718749989,42.97443268436912],[-4.056079101562489,42.96998932499412],[-4.0439453125,42.95819733280662],[-4.040332031249989,42.95392487186912],[-4.037402343749989,42.94721100468162],[-4.036669921874989,42.94013092655662],[-4.048583984375,42.88190338749412],[-4.049707031249994,42.86713287968162],[-4.045263671874977,42.84271881718162],[-4.034033203124977,42.83405182499412],[-4.017919921874977,42.82904694218162],[-3.998828124999989,42.815301824994116],[-3.983740234374977,42.81293366093162],[-3.962597656249983,42.82135651249412],[-3.932958984374977,42.839227606244116],[-3.897900390624983,42.84967682499412],[-3.854248046875,42.854120184369116],[-3.810595703124989,42.85109284061912],[-3.775390625,42.839227606244116],[-3.744433593749989,42.81232330936912],[-3.72509765625,42.80499909061912],[-3.703662109374989,42.815301824994116],[-3.7001953125,42.82465241093162],[-3.701025390624977,42.83722565311912],[-3.705004882812489,42.84821198124412],[-3.710791015624977,42.85285065311912],[-3.717626953124977,42.857049871869116],[-3.7099609375,42.86579010624412],[-3.698291015624989,42.873163153119116],[-3.693457031249977,42.87335846561912],[-3.689746093749989,42.891229559369116],[-3.691015624999977,42.90089752811912],[-3.6884765625,42.90704987186912],[-3.673583984375,42.91432526249412],[-3.66162109375,42.91554596561912],[-3.599853515625,42.90675690311912],[-3.587890625,42.90192291874412],[-3.580126953124989,42.89240143436912],[-3.577392578125,42.877069403119116],[-3.57080078125,42.86383698124412],[-3.555102539062489,42.85516998905662],[-3.522143554687489,42.84547760624412]]]}},{"type":"Feature","properties":{"outlineWidth":2,"fillColor":"#00ffff"},"geometry":{"type":"MultiLineString","coordinates":[[[-7.939990234374989,53.83966705936912],[-7.926928710937489,53.82550690311912],[-7.922216796874977,53.81146881718162],[-7.915576171874989,53.798700262494116],[-7.901123046875,53.79005768436912],[-7.893896484374977,53.79266998905662],[-7.887792968749977,53.78888580936912],[-7.884863281249977,53.78046295780662],[-7.887451171875,53.76954987186912],[-7.89404296875,53.765497137494116],[-7.929003906249989,53.755243231244116],[-7.926562499999989,53.75153229374412],[-7.922216796874977,53.74164459843162],[-7.931396484375,53.74274323124412],[-7.938818359374977,53.74140045780662],[-7.944873046874989,53.73871491093162],[-7.949511718749989,53.73541901249412],[-7.950537109374977,53.73175690311912],[-7.949462890625,53.726922918744116],[-7.949072265624977,53.72284577030662],[-7.969335937499977,53.71430084843162],[-7.987841796874989,53.69501373905662],[-7.996923828124977,53.68244049686912],[-8.004150390625,53.66652252811912]]]}},{"type":"Feature","properties":{"outlineWidth":2,"fillColor":"#00ffff"},"geometry":{"type":"MultiLineString","coordinates":[[[24.430566406250023,43.79437897343162],[24.465722656250023,43.80267975468162],[24.499658203125023,43.79975006718162],[24.705078125,43.74396393436912],[24.752099609375023,43.73908112186912],[24.963134765625,43.749872137494116],[25.0810546875,43.71918366093162],[25.210693359375,43.71210358280662],[25.251855468750023,43.70490143436912],[25.288183593750006,43.68927643436912],[25.322363281250006,43.66994049686912],[25.358984375,43.65448639530662],[25.402587890625,43.65033600468162],[25.425390625,43.65460846561912],[25.466894531250006,43.66798737186912],[25.48828125,43.670770574994116],[25.533300781250006,43.66896393436912],[25.556054687500023,43.67067291874412],[25.574609375000023,43.677606512494116],[25.593359375,43.68092682499412],[25.615966796875,43.68800690311912],[25.637451171875,43.69757721561912],[25.653076171875,43.70831940311912],[25.6708984375,43.71759674686912],[25.739013671875,43.71918366093162],[25.780517578125,43.73224518436912],[25.803955078125,43.76019928593162],[25.805761718750006,43.76393463749412],[25.838769531250023,43.78864166874412],[25.86875,43.801141668744116],[25.916015625,43.844598699994116],[25.924072265625,43.85890534061912],[25.933496093750023,43.87055084843162]]]}},{"type":"Feature","properties":{"outlineWidth":2,"fillColor":"#00ffff"},"geometry":{"type":"MultiLineString","coordinates":[[[0.251123046875023,44.87921784061912],[0.233056640625023,44.88129303593162],[0.239892578125023,44.86762116093162],[0.223779296875023,44.85761139530662],[0.193115234375,44.83185455936912],[0.174462890625023,44.82667877811912],[0.031079101562511,44.84027741093162],[0.027978515625023,44.843377996869116],[0.010546875000017,44.85626862186912],[0.006494140625023,44.85797760624412],[0.000634765625023,44.86298248905662],[-0.0126953125,44.86134674686912],[-0.034472656249989,44.854608465619116],[-0.097753906249977,44.84552643436912],[-0.132080078125,44.82623932499412],[-0.149511718749977,44.828973699994116],[-0.177832031249977,44.84718659061912],[-0.188085937499977,44.85089752811912],[-0.19677734375,44.85211823124412],[-0.204443359374977,44.85443756718162],[-0.212011718749977,44.861444403119116],[-0.216894531249977,44.870233465619116],[-0.216357421874989,44.87567780155662],[-0.213623046875,44.88153717655662],[-0.212011718749977,44.89154694218162],[-0.216357421874989,44.89972565311912],[-0.225927734374977,44.90216705936912],[-0.235522460937489,44.90094635624412],[-0.239990234375,44.89801666874412],[-0.244384765625,44.889764715619116],[-0.253466796874989,44.89838287968162],[-0.260986328125,44.91120026249412],[-0.260351562499977,44.915399481244116],[-0.281201171874983,44.92352936405662],[-0.290283203125,44.91725494999412],[-0.298193359374977,44.908319403119116],[-0.315673828125,44.90863678593162],[-0.329345703125,44.93654205936912],[-0.337695312499989,44.94171784061912],[-0.348193359374989,44.945917059369116],[-0.358569335937489,44.948602606244116],[-0.366552734374977,44.94953034061912],[-0.449072265624977,44.94953034061912],[-0.460546874999977,44.956170965619116],[-0.479736328125,44.98761627811912],[-0.49375,44.99799225468162]]]}},{"type":"Feature","properties":{"outlineWidth":2,"fillColor":"#00ffff"},"geometry":{"type":"MultiLineString","coordinates":[[[12.334716796875,58.37379791874412],[12.335107421875023,58.39733307499412],[12.356347656250023,58.41864655155662],[12.477685546875023,58.44696686405662],[12.53857421875,58.48163483280662],[12.596337890625023,58.53375885624412],[12.643701171875023,58.56984284061912],[12.689453125,58.59948151249412],[12.83349609375,58.70111725468162],[12.974511718750023,58.76068756718162],[13.130029296875023,58.77741119999412],[13.216552734375,58.78053619999412],[13.301513671875,58.80280182499412],[13.3837890625,58.86046784061912],[13.413818359375,58.94044830936912],[13.4052734375,59.01141998905662],[13.371337890625,59.09503815311912],[13.36376953125,59.19484284061912],[13.367333984375023,59.26447174686912],[13.374414062500023,59.30731842655662],[13.411767578125023,59.33434479374412],[13.455957031250023,59.34833405155662],[13.474365234375,59.35988190311912]]]}},{"type":"Feature","properties":{"outlineWidth":2,"fillColor":"#00ffff"},"geometry":{"type":"MultiLineString","coordinates":[[[-1.66015625,40.55573151249412],[-1.642187499999977,40.56659577030662],[-1.6357421875,40.587518621869116],[-1.634375,40.61359284061912],[-1.628857421874983,40.636835028119116],[-1.629003906249977,40.660028387494116],[-1.6416015625,40.686151434369116],[-1.658447265625,40.713495184369116],[-1.669140624999983,40.73969147343162],[-1.683203124999977,40.76264069218162],[-1.708349609374977,40.782098699994116],[-1.742285156249977,40.79474518436912],[-1.813720703125,40.806512762494116],[-1.848730468749977,40.816522528119116],[-1.875292968749989,40.83026764530662],[-1.890625,40.844598699994116],[-1.899340820312489,40.85578034061912],[-1.909765624999977,40.86159088749412],[-1.924560546875,40.85939362186912],[-1.965917968749977,40.840448309369116],[-1.988208007812489,40.83295319218162],[-2.045996093749977,40.826044012494116],[-2.1005859375,40.82765534061912],[-2.119482421874977,40.82619049686912],[-2.173681640624977,40.81098053593162],[-2.242431640625,40.81122467655662]]]}},{"type":"Feature","properties":{"outlineWidth":2,"fillColor":"#00ffff"},"geometry":{"type":"MultiLineString","coordinates":[[[27.5634765625,68.37811920780662],[27.665625,68.38324616093162],[27.737890625,68.39008209843162],[27.792382812500023,68.39259674686912],[27.812744140625,68.40602448124412],[27.813574218750006,68.41759674686912],[27.831152343750006,68.43141510624412],[27.838134765625,68.44264557499412],[27.84912109375,68.45446198124412],[27.8916015625,68.47016022343162]]]}},{"type":"Feature","properties":{"outlineWidth":2,"fillColor":"#00ffff"},"geometry":{"type":"MultiLineString","coordinates":[[[0.39501953125,41.25433991093162],[0.405517578125,41.256219793744116],[0.4169921875,41.25563385624412],[0.44873046875,41.25026276249412],[0.4560546875,41.25148346561912],[0.471826171875023,41.25897858280662],[0.482324218750023,41.262323309369116],[0.49267578125,41.26300690311912],[0.5029296875,41.261102606244116],[0.512939453125,41.25690338749412],[0.52685546875,41.253045965619116],[0.557031250000023,41.25177643436912],[0.56884765625,41.24708893436912],[0.574609375000023,41.23829987186912],[0.576416015625,41.22706940311912],[0.57568359375,41.20465729374412],[0.582275390625,41.18629791874412],[0.598291015625023,41.17841217655662],[0.6181640625,41.17433502811912],[0.637109375000023,41.167108465619116],[0.646240234375,41.15558502811912],[0.652734375000023,41.13722565311912],[0.656884765625023,41.11579010624412],[0.658349609375023,41.095086981244116],[0.656982421875,41.07709381718162],[0.651757812500023,41.065057684369116],[0.641259765625023,41.055047918744116],[0.5185546875,40.97992584843162],[0.5,40.95477936405662],[0.50927734375,40.92462799686912],[0.513427734375,40.903192449994116],[0.510498046875,40.89337799686912],[0.52685546875,40.88385651249412],[0.530908203125023,40.861688543744116],[0.527978515625023,40.817010809369116],[0.534912109375,40.79621002811912],[0.549951171875023,40.771600653119116],[0.568359375,40.751092840619116],[0.5859375,40.74249909061912],[0.595849609375023,40.73927643436912],[0.61572265625,40.72487213749412],[0.630273437500023,40.72145416874412],[0.68896484375,40.728876043744116],[0.71923828125,40.72633698124412],[0.794824218750023,40.70783112186912],[0.82373046875,40.70844147343162],[0.87158203125,40.72443268436912],[0.897216796875,40.72516510624412]]]}},{"type":"Feature","properties":{"outlineWidth":2,"fillColor":"#00ffff"},"geometry":{"type":"MultiLineString","coordinates":[[[10.615234375,46.65094635624412],[10.680908203125,46.63544342655662],[10.713623046875,46.63251373905662],[10.7783203125,46.633905340619116],[10.84521484375,46.62824127811912],[10.909423828125,46.63141510624412],[10.93115234375,46.63556549686912],[10.951318359375023,46.64240143436912],[10.967675781250023,46.652704168744116],[10.978417968750023,46.65656159061912],[11.000146484375023,46.65021393436912],[11.008935546875023,46.652704168744116],[11.01611328125,46.65778229374412],[11.084130859375023,46.68512604374412],[11.104638671875023,46.69013092655662],[11.118408203125,46.68720123905662],[11.163818359375,46.64667389530662],[11.176416015625023,46.62916901249412],[11.191308593750023,46.58790924686912],[11.203125,46.568475653119116],[11.221435546875,46.56024811405662],[11.231347656250023,46.55219147343162],[11.272607421875023,46.50629303593162],[11.300195312500023,46.49122955936912],[11.306884765625,46.48456452030662],[11.30615234375,46.47748444218162],[11.3037109375,46.46613190311912],[11.3037109375,46.45563385624412],[11.310546875,46.45099518436912],[11.311767578125,46.43939850468162],[11.25830078125,46.30983307499412],[11.239990234375,46.280145574994116],[11.218017578125,46.25922272343162],[11.162841796875,46.23224518436912],[11.14599609375,46.22077057499412],[11.101318359375,46.16986725468162],[11.091064453125,46.16181061405662],[11.0849609375,46.15919830936912],[11.081787109375,46.15668366093162],[11.080957031250023,46.14935944218162],[11.082421875000023,46.13886139530662],[11.086669921875,46.12506744999412],[11.092187500000023,46.11298248905662],[11.10791015625,46.099969793744116],[11.115136718750023,46.08185455936912],[11.121826171875,46.04633209843162],[11.12158203125,46.02753327030662],[11.118554687500023,46.00495026249412],[11.11279296875,45.98602936405662],[11.104736328125,45.97804596561912],[11.094482421875,45.94733307499412],[11.089257812500023,45.94049713749412],[11.053466796875,45.92963287968162]]]}},{"type":"Feature","properties":{"outlineWidth":2,"fillColor":"#00ffff"},"geometry":{"type":"MultiLineString","coordinates":[[[17.617919921875,49.739374090619116],[17.654541015625,49.74530670780662],[17.676904296875023,49.74445221561912],[17.686767578125,49.735956121869116],[17.69677734375,49.72975494999412],[17.761962890625,49.71893952030662],[17.791259765625,49.70038483280662],[17.84765625,49.65338776249412],[17.878662109375,49.63703034061912],[17.923242187500023,49.62555573124412],[17.945556640625,49.62677643436912],[17.96240234375,49.65228912968162],[17.979882812500023,49.66071198124412],[18.015771484375023,49.671747137494116]]]}},{"type":"Feature","properties":{"outlineWidth":2,"fillColor":"#00ffff"},"geometry":{"type":"MultiLineString","coordinates":[[[-5.99560546875,39.85187409061912],[-6.007080078125,39.85126373905662],[-6.011767578124989,39.84962799686912],[-6.016699218749977,39.84503815311912],[-6.023486328124989,39.85187409061912],[-6.030371093749977,39.84503815311912],[-6.056567382812489,39.84772369999412],[-6.16748046875,39.79664948124412],[-6.436328124999989,39.73419830936912],[-6.476000976562489,39.73517487186912],[-6.533203125,39.75299713749412],[-6.554492187499989,39.75568268436912],[-6.574902343749983,39.76080963749412],[-6.613427734374994,39.784295965619116],[-6.626806640624977,39.79035065311912],[-6.65283203125,39.79083893436912],[-6.736669921874977,39.78297760624412],[-6.79443359375,39.78468659061912],[-6.822607421874977,39.78204987186912],[-6.853857421874977,39.76710846561912],[-6.881933593749977,39.75971100468162],[-6.892626953124989,39.74603912968162],[-6.941088867187489,39.71271393436912],[-6.962646484375,39.701532293744116],[-6.986669921874977,39.694208074994116],[-7.11767578125,39.68170807499412]]]}},{"type":"Feature","properties":{"outlineWidth":2,"fillColor":"#00ffff"},"geometry":{"type":"MultiLineString","coordinates":[[[14.445556640625,53.27545807499412],[14.44970703125,53.28790924686912],[14.456445312500023,53.30133698124412],[14.464599609375,53.31403229374412],[14.472900390625,53.32391998905662],[14.490966796875,53.33571198124412],[14.496826171875,53.33759186405662],[14.502099609375023,53.34003327030662],[14.50390625,53.34596588749412],[14.504785156250023,53.35272858280662],[14.507080078125,53.358026434369116],[14.5380859375,53.38043854374412],[14.547998046875023,53.39276764530662],[14.562646484375023,53.42413971561912],[14.569091796875,53.433710028119116],[14.57421875,53.43610260624412],[14.5810546875,53.43671295780662],[14.587060546875023,53.438348699994116],[14.589599609375,53.44367096561912],[14.59130859375,53.45087311405662],[14.625732421875,53.50172760624412],[14.630615234375,53.51630280155662],[14.628564453125023,53.53766510624412],[14.602441406250023,53.57130768436912],[14.595849609375023,53.59821198124412]]]}},{"type":"Feature","properties":{"outlineWidth":2,"fillColor":"#00ffff"},"geometry":{"type":"MultiLineString","coordinates":[[[-2.2294921875,52.17926666874412],[-2.228515625,52.16046784061912],[-2.235766601562489,52.12428619999412],[-2.236572265625,52.10761139530662],[-2.231787109374977,52.094842840619116],[-2.18896484375,52.021356512494116],[-2.178125,52.00885651249412],[-2.154980468749983,51.99176666874412],[-2.1533203125,51.99025299686912],[-2.22021484375,51.92946198124412],[-2.252685546875,51.91041901249412],[-2.260986328125,51.90192291874412],[-2.254687499999989,51.88593170780662],[-2.254248046874977,51.880487371869116],[-2.257910156249977,51.873895574994116],[-2.263574218749994,51.86762116093162],[-2.291015625,51.84503815311912],[-2.299365234374989,51.84357330936912],[-2.308398437499989,51.84577057499412],[-2.32568359375,51.84552643436912],[-2.33837890625,51.840936590619116],[-2.34423828125,51.83356354374412],[-2.347753906249977,51.82416412968162],[-2.35302734375,51.81378815311912],[-2.362402343749977,51.80451080936912],[-2.384082031249989,51.78851959843162],[-2.391357421875,51.77777741093162]]]}},{"type":"Feature","properties":{"outlineWidth":2,"fillColor":"#00ffff"},"geometry":{"type":"MultiLineString","coordinates":[[[-2.242431640625,40.81122467655662],[-2.311279296875,40.80499909061912],[-2.327978515624977,40.80158112186912],[-2.340576171875,40.79413483280662],[-2.350439453124977,40.78668854374412],[-2.367285156249977,40.77936432499412],[-2.386474609375,40.75995514530662],[-2.396093749999977,40.75250885624412],[-2.404589843749989,40.74953034061912],[-2.420703124999989,40.74811432499412],[-2.429541015624977,40.74628327030662],[-2.4365234375,40.74286530155662],[-2.45068359375,40.73261139530662],[-2.485522460937489,40.72943756718162],[-2.546435546874989,40.73097565311912],[-2.576855468749983,40.72438385624412]]]}},{"type":"Feature","properties":{"outlineWidth":2,"fillColor":"#00ffff"},"geometry":{"type":"MultiLineString","coordinates":[[[33.23964843750002,68.35060455936912],[33.268310546875,68.37421295780662],[33.31923828125002,68.39350006718162],[33.338134765625,68.41344635624412],[33.343505859375,68.44379303593162],[33.326757812500006,68.45910065311912],[33.20576171875001,68.48659088749412],[33.173828125,68.50031159061912],[33.170507812500006,68.51959869999412],[33.19287109375,68.53551666874412],[33.203710937500006,68.54547760624412],[33.204345703125,68.55402252811912],[33.16738281250002,68.58478424686912],[33.187744140625,68.59528229374412],[33.231201171875,68.60607330936912],[33.24941406250002,68.61950104374412],[33.240625,68.63097565311912],[33.23193359375,68.66066315311912],[33.224853515625,68.66669342655662],[33.21181640625002,68.67121002811912],[33.1337890625,68.72887604374412],[33.149658203125,68.74591705936912],[33.174902343750006,68.76203034061912],[33.170507812500006,68.78712799686912],[33.04453125,68.89284088749412],[33.037109375,68.90692780155662],[33.03408203125002,68.92011139530662],[33.0234375,68.95470612186912]]]}},{"type":"Feature","properties":{"outlineWidth":2,"fillColor":"#00ffff"},"geometry":{"type":"MultiLineString","coordinates":[[[19.639550781250023,52.54926178593162],[19.639550781250023,52.54926178593162],[19.639550781250023,52.54926178593162],[19.639550781250023,52.54926178593162],[19.639550781250023,52.54926178593162],[19.6796875,52.54120514530662],[19.697998046875,52.53522369999412],[19.719482421875,52.51972077030662],[19.73681640625,52.51178619999412],[19.746337890625,52.50458405155662],[19.75390625,52.49347565311912],[19.754638671875,52.48773834843162],[19.758935546875023,52.48456452030662],[19.77734375,52.48097565311912],[19.817626953125,52.48097565311912],[19.828125,52.47809479374412],[19.8486328125,52.46918366093162],[19.855224609375,52.46735260624412],[19.875634765625023,52.46405670780662],[20.028466796875023,52.38861725468162],[20.071533203125,52.37799713749412],[20.158593750000023,52.37453034061912],[20.272851562500023,52.38751862186912],[20.35546875,52.37799713749412],[20.382714843750023,52.38161041874412],[20.455078125,52.41212799686912],[20.4814453125,52.419305731244116],[20.538964843750023,52.42579987186912],[20.65185546875,52.42238190311912],[20.6748046875,52.43256256718162],[20.684960937500023,52.42311432499412],[20.701416015625,52.41449616093162],[20.720947265625,52.40827057499412],[20.763671875,52.402704168744116],[20.81884765625,52.37799713749412],[20.837548828125023,52.37555573124412],[20.880126953125,52.375848699994116],[20.897705078125,52.36774323124412],[20.910888671875,52.35150787968162],[20.92578125,52.32269928593162],[20.941064453125023,52.30963776249412],[20.951171875,52.30560944218162],[20.973046875000023,52.30036041874412],[20.982666015625,52.296014715619116],[21.018310546875,52.25653717655662],[21.042626953125023,52.22247955936912],[21.0546875,52.218133856244116],[21.079003906250023,52.21283600468162],[21.093994140625,52.19916412968162],[21.128173828125,52.16017487186912],[21.154443359375023,52.14594147343162],[21.191796875000023,52.11579010624412],[21.202392578125,52.10426666874412],[21.205810546875,52.09418366093162],[21.204980468750023,52.08539459843162],[21.200927734375,52.07733795780662],[21.195068359375,52.069452215619116],[21.195068359375,52.06268952030662],[21.204980468750023,52.05714752811912],[21.2138671875,52.05011627811912],[21.220458984375,52.03998444218162],[21.222900390625,52.02509186405662],[21.219873046875023,52.01198151249412],[21.214990234375023,52.00519440311912],[21.2158203125,51.99896881718162],[21.229150390625023,51.98749420780662],[21.24267578125,51.98212311405662],[21.258544921875,51.97809479374412],[21.271875,51.97101471561912],[21.277490234375023,51.95648834843162],[21.271240234375,51.94342682499412],[21.229150390625023,51.90558502811912],[21.238427734375023,51.89870026249412],[21.257470703125023,51.889520574994116],[21.264404296875,51.88454010624412],[21.280908203125023,51.85719635624412],[21.2900390625,51.85504791874412],[21.310205078125023,51.84564850468162],[21.343896484375023,51.84174225468162],[21.360107421875,51.83673737186912],[21.375878906250023,51.82843659061912],[21.41845703125,51.79205963749412],[21.42529296875,51.77619049686912],[21.405029296875,51.75319244999412],[21.408593750000023,51.73371002811912],[21.4208984375,51.72194244999412],[21.439208984375,51.708612371869116],[21.455810546875,51.69330475468162],[21.463134765625,51.67536041874412],[21.474609375,51.666376043744116],[21.531005859375,51.66364166874412],[21.551904296875023,51.65924713749412],[21.555908203125,51.65382721561912],[21.5615234375,51.63751862186912],[21.565576171875023,51.63129303593162],[21.575097656250023,51.62482330936912],[21.5859375,51.62030670780662],[21.59765625,51.61786530155662],[21.60986328125,51.61701080936912],[21.632080078125,51.61225006718162],[21.647216796875,51.60089752811912],[21.660058593750023,51.58759186405662],[21.6748046875,51.57667877811912],[21.70263671875,51.56867096561912],[21.754052734375023,51.56183502811912],[21.771630859375023,51.56300690311912],[21.796142578125,51.56976959843162],[21.8056640625,51.569208074994116],[21.8212890625,51.562616278119116],[21.824853515625023,51.55377838749412],[21.823974609375,51.54242584843162],[21.826171875,51.52826569218162],[21.844140625000023,51.51080963749412],[21.847558593750023,51.49848053593162],[21.832421875000023,51.48732330936912],[21.832421875000023,51.48041412968162],[21.902978515625023,51.47589752811912],[21.918701171875,51.47052643436912],[21.930419921875,51.452020574994116],[21.943505859375023,51.40773346561912],[21.950341796875023,51.39105866093162],[21.97509765625,51.358270574994116],[21.976220703125023,51.342889715619116],[21.933837890625,51.33229401249412],[21.887451171875,51.31105377811912],[21.8740234375,51.30231354374412],[21.86767578125,51.29486725468162],[21.860253906250023,51.280877996869116],[21.853515625,51.275018621869116],[21.843164062500023,51.27118561405662],[21.825097656250023,51.26947662968162],[21.815673828125,51.26447174686912],[21.803466796875,51.24848053593162],[21.785302734375023,51.18622467655662],[21.77685546875,51.17164948124412],[21.773193359375,51.162958074994116],[21.771630859375023,51.151483465619116],[21.773828125000023,51.14362213749412],[21.783105468750023,51.12575104374412],[21.790917968750023,51.093622137494116],[21.8154296875,51.05512116093162],[21.8193359375,51.041620184369116],[21.815185546875,51.03571198124412],[21.807373046875,51.03151276249412],[21.798583984375,51.02887604374412],[21.79150390625,51.027948309369116],[21.79150390625,51.021112371869116],[21.809960937500023,51.01251862186912],[21.81298828125,50.99298737186912],[21.8056640625,50.94977448124412],[21.804589843750023,50.94660065311912],[21.802001953125,50.944696356244116],[21.799462890625023,50.941766668744116],[21.79833984375,50.93549225468162],[21.800439453125023,50.92975494999412],[21.805078125000023,50.92719147343162],[21.809814453125,50.92531159061912],[21.811914062500023,50.92182037968162],[21.813720703125,50.912469793744116],[21.839257812500023,50.85133698124412],[21.847412109375,50.816278387494116],[21.8486328125,50.77924225468162],[21.840478515625023,50.73993561405662],[21.833251953125,50.72406647343162],[21.821533203125,50.70612213749412],[21.806298828125023,50.69142487186912],[21.788330078125,50.68532135624412],[21.762109375000023,50.68263580936912],[21.745019531250023,50.67475006718162],[21.71630859375,50.644403387494116],[21.668847656250023,50.608514715619116],[21.661767578125023,50.592889715619116],[21.656640625000023,50.573602606244116],[21.643945312500023,50.55805084843162],[21.61328125,50.534540106244116],[21.594873046875023,50.52460358280662],[21.53076171875,50.514032293744116],[21.435205078125023,50.48676178593162],[21.43896484375,50.48212311405662],[21.448876953125023,50.46625397343162],[21.429833984375023,50.453485418744116],[21.404296875,50.44391510624412],[21.37890625,50.44037506718162],[21.360107421875,50.44574616093162],[21.298730468750023,50.41156647343162],[21.295312500000023,50.41083405155662],[21.280908203125023,50.41156647343162],[21.277001953125023,50.40968659061912],[21.277490234375023,50.40521881718162],[21.278710937500023,50.40040924686912],[21.277490234375023,50.397333074994116],[21.266357421875,50.39203522343162],[21.259521484375,50.39235260624412],[21.250244140625,50.397333074994116],[21.244873046875,50.38312409061912],[21.23291015625,50.376336981244116],[21.221337890625023,50.37250397343162],[21.216064453125,50.36725494999412],[21.21484375,50.35883209843162],[21.211181640625,50.35695221561912],[21.205810546875,50.35663483280662],[21.19873046875,50.35329010624412],[21.181298828125023,50.33759186405662],[21.181298828125023,50.33588287968162],[21.16357421875,50.33351471561912],[21.15380859375,50.33893463749412],[21.144921875000023,50.34638092655662],[21.130126953125,50.35016510624412],[21.1201171875,50.34865143436912],[21.079003906250023,50.33588287968162],[21.069580078125,50.330926824994116],[21.060205078125023,50.324090887494116],[21.049072265625,50.31806061405662],[21.033935546875,50.31544830936912],[20.959716796875,50.31391022343162],[20.949365234375023,50.311395574994116],[20.94091796875,50.30670807499412],[20.93115234375,50.29835846561912],[20.921875,50.29494049686912],[20.89453125,50.29323151249412],[20.880859375,50.287469793744116],[20.865478515625,50.29401276249412],[20.852197265625023,50.28851959843162],[20.838623046875,50.27936432499412],[20.822265625,50.27448151249412],[20.783935546875,50.29779694218162],[20.77734375,50.29157135624412],[20.77099609375,50.27448151249412],[20.75,50.26080963749412],[20.74658203125,50.25958893436912],[20.737695312500023,50.25922272343162],[20.733544921875023,50.25739166874412],[20.730126953125023,50.25250885624412],[20.728906250000023,50.24188873905662],[20.725976562500023,50.23659088749412],[20.712060546875023,50.227899481244116],[20.6796875,50.217889715619116],[20.667382812500023,50.20558502811912],[20.663476562500023,50.194940496869116],[20.59912109375,50.15094635624412],[20.577783203125023,50.14264557499412],[20.55322265625,50.13869049686912],[20.417236328125,50.135370184369116],[20.38623046875,50.12360260624412],[20.364013671875,50.11793854374412],[20.35546875,50.11737702030662],[20.34521484375,50.114618231244116],[20.34228515625,50.10817291874412],[20.341796875,50.10114166874412],[20.339013671875023,50.096307684369116],[20.327392578125,50.092157293744116],[20.31591796875,50.09113190311912],[20.303955078125,50.09271881718162],[20.290673828125023,50.096307684369116]]]}},{"type":"Feature","properties":{"outlineWidth":2,"fillColor":"#00ffff"},"geometry":{"type":"MultiLineString","coordinates":[[[27.292236328125,44.15143463749412],[27.327539062500023,44.18549225468162],[27.349023437500023,44.195428778119116],[27.35986328125,44.19635651249412],[27.379296875000023,44.19435455936912],[27.39013671875,44.195428778119116],[27.39697265625,44.19867584843162],[27.403222656250023,44.203485418744116],[27.41083984375001,44.20783112186912],[27.4609375,44.21369049686912],[27.64013671875,44.27003815311912],[27.650146484375,44.27484772343162],[27.653417968750006,44.27533600468162],[27.683984375000023,44.31544830936912],[27.690185546875,44.32160065311912],[27.697998046875,44.32636139530662],[27.733984375,44.33539459843162],[27.80615234375,44.34284088749412],[27.835693359375,44.36054108280662],[27.855566406250006,44.39235260624412],[27.869384765625,44.40827057499412],[27.886962890625,44.415155340619116],[27.908593750000023,44.41998932499412],[27.927636718750023,44.43312409061912],[27.938867187500023,44.45265534061912],[27.938085937500006,44.47662994999412],[27.93408203125,44.48537018436912],[27.92822265625,44.491815496869116],[27.919824218750023,44.495721746869116],[27.90771484375,44.49708893436912],[27.895898437500023,44.502313543744116],[27.898535156250006,44.51373932499412],[27.90673828125,44.52460358280662],[27.911376953125,44.528436590619116],[27.913183593750006,44.53175690311912],[27.921875,44.54035065311912],[27.925195312500023,44.54547760624412],[27.925048828125,44.55182526249412],[27.922265625000023,44.55829498905662],[27.917578125,44.56598541874412],[27.920507812500006,44.57538483280662],[27.923583984375,44.58222077030662],[27.9287109375,44.587762762494116],[27.938085937500006,44.59332916874412],[27.930078125000023,44.603876043744116],[27.926367187500006,44.61225006718162],[27.925195312500023,44.62042877811912],[27.925195312500023,44.63080475468162],[27.934814453125,44.63966705936912],[27.936914062500023,44.64533112186912],[27.928613281250023,44.64789459843162],[27.926660156250023,44.649286199994116],[27.90771484375,44.65875885624412],[27.90380859375,44.66449616093162],[27.89990234375,44.677606512494116],[27.897070312500006,44.68268463749412],[27.8642578125,44.71754791874412],[27.86328125,44.729608465619116],[27.876708984375,44.74408600468162]]]}},{"type":"Feature","properties":{"outlineWidth":2,"fillColor":"#00ffff"},"geometry":{"type":"MultiLineString","coordinates":[[[15.057031250000023,58.54999420780662],[15.08642578125,58.56227448124412],[15.12939453125,58.56554596561912],[15.197998046875,58.55568268436912],[15.23779296875,58.55568268436912],[15.28173828125,58.55939362186912]]]}},{"type":"Feature","properties":{"outlineWidth":2,"fillColor":"#00ffff"},"geometry":{"type":"MultiLineString","coordinates":[[[27.384765625,66.76476471561912],[27.38427734375,66.75372955936912],[27.417871093750023,66.73383209843162],[27.453515625000023,66.71832916874412],[27.479882812500023,66.70905182499412],[27.51953125,66.69806549686912],[27.550683593750023,66.68419830936912],[27.56201171875,66.66046784061912],[27.563085937500006,66.63580963749412],[27.54755859375001,66.62555573124412],[27.524511718750006,66.61720612186912],[27.50244140625,66.60504791874412],[27.477441406250023,66.59857819218162],[27.450585937500023,66.60309479374412],[27.4228515625,66.60101959843162],[27.389404296875,66.59296295780662],[27.364501953125,66.57746002811912],[27.35107421875,66.56056549686912],[27.3544921875,66.54274323124412],[27.363525390625,66.51491119999412],[27.363183593750023,66.49921295780662],[27.360449218750006,66.48204987186912],[27.359472656250006,66.46698639530662]]]}},{"type":"Feature","properties":{"outlineWidth":2,"fillColor":"#00ffff"},"geometry":{"type":"MultiLineString","coordinates":[[[19.377587890625023,43.08856842655662],[19.383935546875023,43.05739166874412],[19.387939453125,43.04713776249412],[19.433007812500023,43.01569244999412],[19.562744140625,42.96657135624412],[19.573632812500023,42.92743561405662],[19.563378906250023,42.91290924686912],[19.542871093750023,42.89264557499412],[19.517968750000023,42.834344793744116],[19.516259765625023,42.81561920780662],[19.524316406250023,42.79328034061912],[19.534814453125023,42.77997467655662],[19.542724609375,42.77326080936912],[19.544921875,42.76557037968162],[19.538476562500023,42.749383856244116]]]}},{"type":"Feature","properties":{"outlineWidth":2,"fillColor":"#00ffff"},"geometry":{"type":"MultiLineString","coordinates":[[[6.922021484375023,48.01539948124412],[6.87890625,48.01166412968162],[6.856689453125,48.004510809369116],[6.840722656250023,47.99298737186912],[6.82958984375,47.97169830936912],[6.81689453125,47.96315338749412],[6.796875,47.95856354374412],[6.77392578125,47.957879949994116],[6.75244140625,47.96259186405662],[6.73583984375,47.971063543744116],[6.723388671875,47.98537018436912],[6.7119140625,48.00397369999412],[6.694482421875023,48.01825592655662],[6.6669921875,48.02199127811912],[6.635156250000023,48.023065496869116],[6.60693359375,48.03102448124412],[6.594140625000023,48.045282293744116],[6.59912109375,48.06178619999412],[6.607421875,48.07960846561912],[6.605712890625,48.088983465619116],[6.595117187500023,48.093377996869116],[6.560449218750023,48.114129949994116],[6.550439453125023,48.12250397343162],[6.544189453125,48.12250397343162],[6.53662109375,48.120233465619116],[6.525146484375,48.12135651249412],[6.514794921875023,48.12567780155662],[6.510156250000023,48.13307526249412],[6.5068359375,48.14655182499412],[6.49853515625,48.14747955936912],[6.487451171875023,48.14386627811912],[6.47607421875,48.14362213749412],[6.455957031250023,48.15643952030662],[6.446679687500023,48.17450592655662],[6.445068359375,48.19574616093162],[6.447998046875,48.21808502811912],[6.427490234375,48.25287506718162]]]}},{"type":"Feature","properties":{"outlineWidth":2,"fillColor":"#00ffff"},"geometry":{"type":"MultiLineString","coordinates":[[[21.339013671875023,43.894403387494116],[21.35205078125,43.897333074994116],[21.351953125000023,43.90509674686912],[21.34716796875,43.91627838749412],[21.346435546875,43.92914459843162],[21.35107421875,43.93842194218162],[21.357421875,43.94306061405662],[21.374267578125,43.94965241093162],[21.374267578125,43.95648834843162],[21.361962890625023,43.95582916874412],[21.35498046875,43.95905182499412],[21.35400390625,43.96600983280662],[21.360107421875,43.97633698124412],[21.344628906250023,43.97804596561912],[21.336181640625,43.98895905155662],[21.33447265625,44.00397369999412],[21.339013671875023,44.01788971561912],[21.3291015625,44.02387116093162],[21.322021484375,44.02118561405662],[21.314843750000023,44.016961981244116],[21.304931640625,44.01788971561912],[21.298095703125,44.02448151249412],[21.283837890625023,44.045770574994116],[21.277490234375023,44.05206940311912],[21.211816406250023,44.06806061405662],[21.195068359375,44.07941315311912],[21.192041015625023,44.08839752811912],[21.188867187500023,44.12714264530662],[21.18359375,44.13996002811912],[21.179101562500023,44.146600653119116],[21.17236328125,44.150262762494116],[21.160791015625023,44.15448639530662],[21.152490234375023,44.15509674686912],[21.147119140625023,44.15289948124412],[21.143310546875,44.15338776249412],[21.140380859375,44.16193268436912],[21.138427734375,44.17462799686912],[21.139306640625023,44.18549225468162],[21.144189453125023,44.192987371869116],[21.154541015625,44.195428778119116],[21.133544921875,44.20973541874412],[21.154541015625,44.20973541874412],[21.15234375,44.21320221561912],[21.151269531250023,44.21417877811912],[21.150146484375,44.21478912968162],[21.147216796875,44.21710846561912],[21.15185546875,44.22565338749412],[21.1533203125,44.22943756718162],[21.151757812500023,44.23200104374412],[21.147216796875,44.23700592655662],[21.147216796875,44.24384186405662],[21.168212890625,44.25067780155662],[21.168212890625,44.25812409061912],[21.15234375,44.26300690311912],[21.134033203125,44.28656647343162],[21.119873046875,44.29225494999412],[21.119873046875,44.29913971561912],[21.126708984375,44.29913971561912],[21.126708984375,44.305292059369116],[21.119873046875,44.305292059369116],[21.119873046875,44.31276276249412],[21.137451171875,44.31171295780662],[21.145166015625023,44.31732819218162],[21.141845703125,44.32570221561912],[21.126708984375,44.33258698124412],[21.131591796875,44.34523346561912],[21.126953125,44.351190496869116],[21.118896484375,44.35492584843162],[21.113037109375,44.36054108280662],[21.110107421875,44.370965887494116],[21.111328125,44.37653229374412],[21.114990234375,44.38258698124412],[21.119873046875,44.394647528119116],[21.124169921875023,44.41107819218162],[21.13125,44.42584869999412],[21.146240234375,44.43524811405662],[21.174462890625023,44.43561432499412],[21.171289062500023,44.44313385624412],[21.165283203125,44.44843170780662],[21.1572265625,44.45246002811912],[21.147216796875,44.45612213749412],[21.154541015625,44.47662994999412],[21.162255859375023,44.472528387494116],[21.165185546875023,44.47272369999412],[21.167871093750023,44.474725653119116],[21.174462890625023,44.47662994999412],[21.169189453125,44.47853424686912],[21.166015625,44.48065827030662],[21.162255859375023,44.48268463749412],[21.154541015625,44.48407623905662],[21.158935546875,44.49982330936912],[21.160791015625023,44.504510809369116],[21.154541015625,44.504510809369116],[21.147119140625023,44.50075104374412],[21.142480468750023,44.51019928593162],[21.13525390625,44.52191803593162],[21.119873046875,44.525018621869116],[21.119873046875,44.531854559369116],[21.1337890625,44.54132721561912],[21.140527343750023,44.55145905155662],[21.140380859375,44.56373932499412],[21.133544921875,44.57965729374412],[21.12548828125,44.59259674686912],[21.11767578125,44.598749090619116],[21.105615234375023,44.60065338749412],[21.085205078125,44.60077545780662],[21.087792968750023,44.619745184369116],[21.066162109375,44.64398834843162],[21.079003906250023,44.65534088749412],[21.07373046875,44.66041901249412],[21.05908203125,44.67084381718162],[21.050927734375023,44.67523834843162],[21.052978515625,44.67987702030662],[21.05615234375,44.691766668744116],[21.058349609375,44.69635651249412],[21.04736328125,44.69745514530662],[21.040283203125,44.70258209843162],[21.037109375,44.71149323124412],[21.037255859375023,44.72174713749412]]]}},{"type":"Feature","properties":{"outlineWidth":2,"fillColor":"#00ffff"},"geometry":{"type":"MultiLineString","coordinates":[[[23.88134765625,66.63209869999412],[23.888574218750023,66.61437409061912],[23.892578125,66.59638092655662],[23.891015625000023,66.57916901249412],[23.88134765625,66.56378815311912],[23.860742187500023,66.55487702030662],[23.807275390625023,66.53956940311912],[23.8056640625,66.52838776249412],[23.785400390625,66.51874420780662],[23.754638671875,66.51215241093162],[23.730615234375023,66.50343659061912],[23.73046875,66.48749420780662],[23.70556640625,66.48327057499412],[23.676171875000023,66.47431061405662],[23.65185546875,66.45917389530662],[23.641748046875023,66.43659088749412],[23.64599609375,66.42438385624412],[23.665283203125,66.40587799686912],[23.669677734375,66.39557526249412],[23.671142578125,66.38209869999412],[23.676513671875,66.36395905155662],[23.675927734375023,66.35028717655662],[23.672509765625023,66.33978912968162],[23.663964843750023,66.32667877811912],[23.662255859375023,66.31676666874412],[23.665429687500023,66.30578034061912],[23.680078125000023,66.28327057499412],[23.688867187500023,66.25734284061912],[23.7236328125,66.20690338749412],[23.749414062500023,66.18996002811912],[23.784912109375,66.17706940311912],[23.888818359375023,66.16132233280662],[23.910888671875,66.14887116093162],[23.965087890625,66.08190338749412],[23.97412109375,66.07318756718162],[23.984619140625,66.06666901249412],[24.0087890625,66.05592682499412],[24.019189453125023,66.04926178593162],[24.029296875,66.03527252811912],[24.0546875,65.98554108280662],[24.056396484375,65.97047760624412],[24.05419921875,65.94818756718162],[24.075585937500023,65.92829010624412],[24.101806640625,65.90888092655662],[24.123925781250023,65.86915924686912],[24.162841796875,65.84113190311912],[24.1630859375,65.82269928593162]]]}},{"type":"Feature","properties":{"outlineWidth":2,"fillColor":"#00ffff"},"geometry":{"type":"MultiLineString","coordinates":[[[21.554931640625,42.454217840619116],[21.599609375,42.46527741093162],[21.583398437500023,42.49201080936912],[21.599609375,42.51398346561912],[21.633056640625,42.52533600468162],[21.66796875,42.51996491093162]]]}},{"type":"Feature","properties":{"outlineWidth":2,"fillColor":"#00ffff"},"geometry":{"type":"MultiLineString","coordinates":[[[25.6728515625,46.635370184369116],[25.642578125,46.63600494999412],[25.614501953125,46.63966705936912],[25.5791015625,46.65289948124412],[25.5166015625,46.67011139530662],[25.49462890625,46.68043854374412],[25.473730468750006,46.69313385624412],[25.456640625,46.709344793744116],[25.446679687500023,46.73029205936912],[25.44677734375,46.75050690311912],[25.461669921875,46.78864166874412],[25.46640625,46.80890534061912],[25.461035156250006,46.85394928593162],[25.439843750000023,46.88519928593162],[25.407128906250023,46.905877996869116],[25.36767578125,46.91913483280662]]]}},{"type":"Feature","properties":{"outlineWidth":2,"fillColor":"#00ffff"},"geometry":{"type":"MultiLineString","coordinates":[[[21.66796875,42.51996491093162],[21.68505859375,42.50458405155662],[21.6884765625,42.50348541874412],[21.691064453125023,42.50189850468162],[21.701416015625,42.48297760624412],[21.70263671875,42.47894928593162],[21.71728515625,42.47365143436912],[21.735595703125,42.472284246869116],[21.754785156250023,42.47431061405662],[21.771630859375023,42.47894928593162],[21.792236328125,42.47536041874412],[21.81982421875,42.48512604374412],[21.921777343750023,42.541620184369116],[21.955957031250023,42.57521393436912],[22.015380859375,42.619501043744116],[22.031640625000023,42.63727448124412],[22.040771484375,42.654657293744116],[22.05712890625,42.71246979374412],[22.125244140625,42.846063543744116],[22.128173828125,42.86139557499412],[22.12255859375,42.873163153119116],[22.055810546875023,42.934442449994116],[22.041259765625,42.95429108280662],[22.044677734375,42.966180731244116],[22.03955078125,42.97992584843162],[22.036279296875023,43.00880768436912],[22.02978515625,43.021600653119116],[22.018457031250023,43.03034088749412],[21.992431640625,43.043085028119116],[21.982080078125023,43.053338934369116],[21.9599609375,43.104608465619116],[21.950341796875023,43.12042877811912],[21.848779296875023,43.215936590619116],[21.840478515625023,43.22902252811912],[21.827880859375,43.26679108280662],[21.8193359375,43.27802155155662],[21.8232421875,43.27985260624412],[21.823974609375,43.28004791874412],[21.824365234375023,43.28082916874412],[21.826171875,43.28424713749412],[21.798828125,43.30475494999412],[21.79150390625,43.31220123905662],[21.78955078125,43.31867096561912],[21.789697265625023,43.32599518436912],[21.7875,43.333124090619116],[21.77783203125,43.33888580936912],[21.77783203125,43.34638092655662],[21.780029296875,43.35516998905662],[21.776513671875023,43.36884186405662],[21.76416015625,43.39411041874412],[21.76416015625,43.40155670780662],[21.776611328125,43.41022369999412],[21.77392578125,43.41925690311912],[21.757958984375023,43.43507721561912],[21.755517578125023,43.44635651249412],[21.75439453125,43.467889715619116],[21.75048828125,43.476678778119116],[21.759765625,43.490838934369116],[21.750878906250023,43.507196356244116],[21.733056640625023,43.52199127811912],[21.71630859375,43.53131744999412],[21.697167968750023,43.53534577030662],[21.654296875,43.53900787968162],[21.640625,43.54494049686912],[21.642968750000023,43.55731842655662],[21.634765625,43.57196686405662],[21.640625,43.57912018436912],[21.622802734375,43.58710358280662],[21.586669921875,43.59376862186912],[21.572412109375023,43.60639069218162],[21.5615234375,43.60639069218162],[21.553613281250023,43.61322662968162],[21.544677734375,43.61847565311912],[21.53076171875,43.61383698124412],[21.520166015625023,43.619012762494116],[21.511474609375,43.61884186405662],[21.502197265625,43.61603424686912],[21.48974609375,43.61383698124412],[21.491601562500023,43.619256903119116],[21.494384765625,43.62274811405662],[21.498437500000023,43.62526276249412],[21.50341796875,43.62750885624412],[21.497802734375,43.62909577030662],[21.494384765625,43.63112213749412],[21.490136718750023,43.63287994999412],[21.482324218750023,43.63373444218162],[21.486962890625023,43.64472077030662],[21.486572265625,43.65363190311912],[21.482568359375023,43.66132233280662],[21.47607421875,43.66847565311912],[21.469970703125,43.66847565311912],[21.463037109375023,43.65436432499412],[21.454980468750023,43.65094635624412],[21.431787109375023,43.65480377811912],[21.419677734375,43.65912506718162],[21.413964843750023,43.66974518436912],[21.405908203125023,43.71063873905662],[21.4052734375,43.71881744999412],[21.400048828125023,43.72272369999412],[21.383935546875023,43.72370026249412],[21.3779296875,43.72858307499412],[21.366943359375,43.76466705936912],[21.374267578125,43.770868231244116],[21.36767578125,43.78449127811912],[21.368798828125023,43.78981354374412],[21.374267578125,43.798211981244116],[21.364501953125,43.798211981244116],[21.35546875,43.799432684369116],[21.347070312500023,43.80194733280662],[21.339013671875023,43.80560944218162],[21.353173828125023,43.83107330936912],[21.360107421875,43.83978912968162],[21.349365234375,43.847528387494116],[21.346582031250023,43.86176178593162],[21.34521484375,43.87860748905662],[21.339013671875023,43.894403387494116]]]}},{"type":"Feature","properties":{"outlineWidth":2,"fillColor":"#00ffff"},"geometry":{"type":"MultiLineString","coordinates":[[[16.768798828125,64.48016998905662],[16.771875,64.45087311405662],[16.785888671875,64.43475983280662],[16.806054687500023,64.42335846561912],[16.8271484375,64.40814850468162],[16.841699218750023,64.39996979374412],[16.898583984375023,64.38397858280662],[16.939843750000023,64.35353424686912],[16.957275390625,64.34979889530662],[16.996826171875,64.34557526249412],[17.11767578125,64.31500885624412],[17.2080078125,64.30548737186912],[17.251708984375,64.29303619999412],[17.276025390625023,64.26788971561912],[17.2685546875,64.26788971561912],[17.276025390625023,64.26044342655662],[17.275390625,64.24537994999412],[17.288330078125,64.22565338749412],[17.30712890625,64.20704987186912],[17.352294921875,64.17450592655662],[17.367822265625023,64.16950104374412],[17.369873046875,64.16486237186912],[17.367822265625023,64.16017487186912],[17.361230468750023,64.15802643436912],[17.325830078125023,64.15985748905662],[17.316308593750023,64.15802643436912],[17.3017578125,64.13869049686912],[17.29833984375,64.11444733280662],[17.288476562500023,64.09913971561912],[17.2548828125,64.10651276249412],[17.239648437500023,64.10744049686912],[17.231835937500023,64.09857819218162],[17.233056640625023,64.08766510624412],[17.251953125,64.07843659061912],[17.26171875,64.06911041874412],[17.27099609375,64.05787994999412],[17.276025390625023,64.04816315311912],[17.276025390625023,64.03502838749412],[17.271240234375,64.02619049686912],[17.265283203125023,64.01979401249412],[17.26171875,64.01403229374412],[17.259912109375023,64.00202057499412],[17.26171875,63.97614166874412],[17.260498046875,63.96349518436912],[17.256982421875023,63.95551178593162],[17.244873046875,63.94201080936912],[17.239013671875,63.93800690311912],[17.230224609375,63.93488190311912],[17.220947265625,63.93280670780662],[17.202392578125,63.93078034061912],[17.19970703125,63.92750885624412],[17.20068359375,63.92316315311912],[17.197167968750023,63.88641998905662],[17.193359375,63.87682526249412],[17.183251953125023,63.87013580936912],[17.169335937500023,63.86408112186912],[17.157128906250023,63.85675690311912],[17.145263671875,63.83197662968162],[17.129296875000023,63.81496002811912],[17.109130859375,63.79889557499412],[17.09033203125,63.78746979374412],[17.073974609375,63.78241608280662],[17.058837890625,63.78021881718162],[17.045800781250023,63.77655670780662],[17.035791015625023,63.76759674686912],[17.0361328125,63.76154205936912],[17.028222656250023,63.71608307499412],[17.016748046875023,63.68361237186912],[16.989160156250023,63.67609284061912],[16.9033203125,63.69664948124412],[16.816064453125023,63.69923737186912],[16.791015625,63.69696686405662],[16.772705078125,63.68956940311912],[16.778710937500023,63.67450592655662],[16.782128906250023,63.66901276249412],[16.781152343750023,63.65680573124412],[16.782470703125,63.65089752811912],[16.78662109375,63.64496491093162],[16.790185546875023,63.64130280155662],[16.799560546875,63.63356354374412],[16.824121093750023,63.61871979374412],[16.830224609375023,63.60963776249412],[16.824121093750023,63.59564850468162],[16.835693359375,63.58478424686912],[16.839111328125,63.56928131718162],[16.837158203125,63.53082916874412],[16.83935546875,63.52301666874412],[16.84912109375,63.51215241093162],[16.851464843750023,63.50385162968162],[16.849023437500023,63.49523346561912],[16.843408203125023,63.48717682499412],[16.830322265625,63.47277252811912],[16.848291015625023,63.45851471561912],[16.8994140625,63.44147369999412],[16.9228515625,63.42775299686912],[16.959375,63.39259674686912],[16.978906250000023,63.38031647343162],[17.003662109375,63.37470123905662],[17.034570312500023,63.37291901249412]]]}},{"type":"Feature","properties":{"outlineWidth":2,"fillColor":"#00ffff"},"geometry":{"type":"MultiLineString","coordinates":[[[4.820556640625,43.97321198124412],[4.770654296875023,43.936883856244116],[4.76220703125,43.932245184369116],[4.753808593750023,43.93097565311912],[4.707666015625023,43.908075262494116],[4.655419921875023,43.88886139530662],[4.646728515625,43.884149481244116],[4.646728515625,43.81183502811912],[4.641259765625023,43.78925202030662],[4.611474609375023,43.73732330936912],[4.616357421875023,43.71356842655662],[4.610253906250023,43.65871002811912],[4.622314453125,43.64801666874412],[4.64208984375,43.63873932499412],[4.677001953125,43.59430573124412],[4.694580078125,43.57912018436912]]]}},{"type":"Feature","properties":{"outlineWidth":2,"fillColor":"#00ffff"},"geometry":{"type":"MultiLineString","coordinates":[[[18.28271484375,45.76515534061912],[18.29248046875,45.74750397343162],[18.306884765625,45.73566315311912],[18.324853515625023,45.72833893436912],[18.35,45.72365143436912],[18.368310546875023,45.72418854374412],[18.376367187500023,45.72199127811912],[18.384423828125023,45.70990631718162],[18.392578125,45.703729559369116],[18.409082031250023,45.698114324994116],[18.423095703125,45.69672272343162],[18.44775390625,45.69684479374412],[18.48193359375,45.69232819218162],[18.4931640625,45.68427155155662],[18.48876953125,45.66896393436912],[18.506005859375023,45.66937897343162],[18.516748046875023,45.66266510624412],[18.525390625,45.65241119999412],[18.53662109375,45.64227936405662],[18.549218750000023,45.63776276249412],[18.578369140625,45.63397858280662],[18.591796875,45.62799713749412],[18.601464843750023,45.61798737186912],[18.614501953125,45.597040106244116],[18.6259765625,45.58698151249412],[18.640283203125023,45.58058502811912],[18.77294921875,45.55519440311912],[18.927490234375,45.552850653119116]]]}},{"type":"Feature","properties":{"outlineWidth":2,"fillColor":"#00ffff"},"geometry":{"type":"MultiLineString","coordinates":[[[19.639550781250023,52.54926178593162],[19.62353515625,52.55670807499412],[19.604736328125,52.56085846561912],[19.56103515625,52.56293366093162],[19.547607421875,52.56610748905662],[19.488671875000023,52.59083893436912],[19.432861328125,52.60541412968162],[19.400048828125023,52.62697174686912],[19.382226562500023,52.632196356244116],[19.301513671875,52.633905340619116],[19.055810546875023,52.67548248905662],[19.023193359375,52.69330475468162],[19.009667968750023,52.70709869999412],[18.985009765625023,52.73810455936912],[18.9287109375,52.79535553593162],[18.920166015625,52.80934479374412],[18.906494140625,52.844110418744116],[18.8974609375,52.85304596561912],[18.878076171875023,52.86159088749412],[18.868896484375,52.868280340619116],[18.859619140625,52.873407293744116],[18.849365234375,52.87501862186912],[18.841064453125,52.87836334843162],[18.834716796875,52.89552643436912],[18.827783203125023,52.89996979374412],[18.719140625000023,52.94118073124412],[18.707177734375023,52.95954010624412],[18.698388671875023,52.98187897343162],[18.687402343750023,53.00116608280662],[18.669335937500023,53.01276276249412],[18.650781250000023,53.01141998905662],[18.630859375,53.004999090619116],[18.608642578125,53.00116608280662],[18.451171875,53.02216217655662],[18.306054687500023,53.07526276249412],[18.176416015625023,53.09503815311912],[18.15966796875,53.10109284061912],[18.142333984375,53.11476471561912],[18.145166015625023,53.12763092655662],[18.200830078125023,53.16620514530662],[18.203125,53.17621491093162],[18.19921875,53.18947174686912],[18.200830078125023,53.20099518436912],[18.204980468750023,53.20868561405662],[18.228906250000023,53.232049871869116],[18.28271484375,53.248163153119116],[18.313867187500023,53.27094147343162],[18.346826171875023,53.328241278119116],[18.3720703125,53.35182526249412],[18.390771484375023,53.35785553593162],[18.43408203125,53.36549713749412],[18.451171875,53.37506744999412],[18.47021484375,53.39284088749412],[18.484619140625,53.40228912968162],[18.604882812500023,53.43036530155662],[18.61474609375,53.42799713749412],[18.663330078125,53.43512604374412],[18.680566406250023,53.43996002811912],[18.713281250000023,53.45600006718162],[18.736474609375023,53.47504303593162],[18.752099609375023,53.50055573124412],[18.765039062500023,53.54811432499412],[18.770166015625023,53.58930084843162],[18.765869140625,53.59821198124412],[18.757568359375,53.60621979374412],[18.751708984375,53.62396881718162],[18.74853515625,53.64252350468162],[18.748291015625,53.65285065311912],[18.755517578125023,53.66254303593162],[18.778222656250023,53.68170807499412],[18.782958984375,53.69074127811912],[18.788720703125023,53.70612213749412],[18.802734375,53.70973541874412],[18.819580078125,53.71063873905662],[18.841210937500023,53.721551824994116],[18.848876953125,53.723260809369116],[18.85546875,53.725702215619116],[18.858154296875,53.73170807499412],[18.859277343750023,53.73517487186912],[18.86181640625,53.735711981244116],[18.864404296875023,53.73676178593162],[18.865478515625,53.74164459843162],[18.863525390625,53.74835846561912],[18.854736328125,53.75653717655662],[18.851953125000023,53.762079168744116],[18.84814453125,53.81732819218162],[18.843994140625,53.827264715619116],[18.858300781250023,53.84894440311912],[18.885986328125,53.87941315311912],[18.889892578125,53.89862702030662],[18.8837890625,53.91156647343162],[18.858154296875,53.93402741093162],[18.858154296875,53.94086334843162],[18.871826171875,53.955682684369116],[18.86376953125,53.97089264530662],[18.851318359375,53.986444403119116],[18.851953125000023,54.002313543744116],[18.824609375000023,54.03790924686912],[18.821533203125,54.09052155155662],[18.836083984375023,54.14454987186912],[18.86181640625,54.18390534061912],[18.87353515625,54.19135162968162],[18.913330078125,54.20778229374412],[18.9248046875,54.215448309369116],[18.934326171875,54.223504949994116],[18.941796875000023,54.23236725468162],[18.947509765625,54.24249909061912],[18.95068359375,54.26825592655662],[18.945703125000023,54.32746002811912],[18.954345703125,54.35858795780662]]]}},{"type":"Feature","properties":{"outlineWidth":2,"fillColor":"#00ffff"},"geometry":{"type":"MultiLineString","coordinates":[[[-2.732714843749989,40.52838776249412],[-2.748876953124977,40.52516510624412],[-2.754565429687489,40.52289459843162],[-2.760839843749977,40.52150299686912],[-2.767138671874989,40.52101471561912],[-2.772265624999989,40.50490143436912],[-2.779150390624977,40.49025299686912],[-2.782958984375,40.48541901249412],[-2.796679687499989,40.47113678593162],[-2.802001953125,40.463006903119116],[-2.804736328124989,40.45563385624412],[-2.809667968749977,40.411004949994116],[-2.811718749999983,40.40314362186912],[-2.820166015624977,40.38837311405662],[-2.831298828125,40.379022528119116],[-2.844824218749977,40.37335846561912],[-2.878076171874994,40.36591217655662],[-2.886279296874989,40.36225006718162],[-2.892382812499989,40.355340887494116],[-2.894384765624977,40.34772369999412],[-2.893969726562489,40.320184637494116],[-2.9052734375,40.31952545780662],[-2.917333984374977,40.31740143436912],[-2.928564453124977,40.31329987186912],[-2.937597656249977,40.30731842655662],[-2.943798828124983,40.299188543744116],[-2.951025390624977,40.28168366093162],[-2.9560546875,40.27301666874412],[-2.965087890625,40.26417877811912],[-2.997167968749977,40.24245026249412],[-3.0048828125,40.234979559369116],[-3.01708984375,40.21857330936912],[-3.0224609375,40.20941803593162],[-3.037109375,40.19061920780662],[-3.055615234374983,40.17658112186912],[-3.124853515624977,40.13800690311912],[-3.131689453124977,40.13239166874412],[-3.144140624999977,40.10321686405662],[-3.148779296874977,40.098260809369116],[-3.227880859374977,40.077752996869116],[-3.288427734374977,40.05304596561912],[-3.32958984375,40.04762604374412],[-3.342089843749989,40.04450104374412],[-3.353076171874989,40.04596588749412],[-3.371923828124977,40.05731842655662],[-3.406420898437489,40.045526434369116],[-3.542578124999977,40.04987213749412],[-3.657812499999977,40.03339264530662],[-3.670825195312489,40.02741119999412],[-3.71728515625,39.989374090619116],[-3.733251953124977,39.97894928593162],[-3.751757812499989,39.974725653119116],[-3.757519531249983,39.97145416874412],[-3.773681640625,39.95697662968162],[-3.77880859375,39.95363190311912],[-3.790771484375,39.952997137494116],[-3.853125,39.93776276249412],[-3.968359374999977,39.88844635624412],[-3.974218749999977,39.88502838749412],[-3.982104492187489,39.88190338749412],[-4.016894531249989,39.87433502811912],[-4.025488281249977,39.87128327030662],[-4.036669921874989,39.86554596561912],[-4.059741210937489,39.88214752811912],[-4.103271484375,39.89020416874412],[-4.183764648437489,39.89284088749412],[-4.188037109374989,39.89020416874412],[-4.200878906249983,39.87702057499412],[-4.2080078125,39.871698309369116],[-4.260351562499977,39.86054108280662],[-4.268164062499977,39.86159088749412],[-4.27490234375,39.867792059369116],[-4.289892578124977,39.878534246869116],[-4.310400390624977,39.858026434369116],[-4.310400390624977,39.85187409061912],[-4.305908203125,39.84992096561912],[-4.301684570312489,39.846795965619116],[-4.29736328125,39.84503815311912],[-4.327807617187489,39.82643463749412],[-4.359545898437489,39.83222077030662],[-4.392431640624977,39.84772369999412],[-4.426513671875,39.858026434369116],[-4.451904296875,39.860223699994116],[-4.466650390624977,39.86383698124412],[-4.477783203125,39.87225983280662],[-4.492236328124989,39.88910553593162],[-4.50537109375,39.900506903119116],[-4.574267578124989,39.93366119999412],[-4.614355468749977,39.94537994999412],[-4.629443359374989,39.94745514530662],[-4.643652343749977,39.951044012494116],[-4.724658203124989,39.98610260624412],[-4.728125,39.988397528119116],[-4.740283203124989,39.98395416874412],[-4.755126953125,39.97072174686912],[-4.766284179687489,39.967889715619116],[-4.802099609374977,39.96918366093162],[-4.82421875,39.96735260624412],[-4.844824218749977,39.961053778119116],[-4.852636718749977,39.95453522343162],[-4.873925781249994,39.93060944218162],[-4.926440429687489,39.89032623905662],[-4.937304687499989,39.885370184369116],[-4.950537109374977,39.874872137494116],[-5.002490234374989,39.81024811405662],[-5.022412109374983,39.799920965619116],[-5.047949218749977,39.79616119999412],[-5.101806640625,39.79664948124412],[-5.113720703124983,39.79982330936912],[-5.135424804687489,39.81391022343162],[-5.14990234375,39.81708405155662],[-5.216723632812489,39.812127996869116]]]}},{"type":"Feature","properties":{"outlineWidth":2,"fillColor":"#00ffff"},"geometry":{"type":"MultiLineString","coordinates":[[[4.951074218750023,46.833368231244116],[4.934228515625023,46.820917059369116],[4.917382812500023,46.81178619999412],[4.908447265625,46.80817291874412],[4.881103515625,46.806268621869116],[4.876708984375,46.80365631718162],[4.87353515625,46.79664948124412],[4.86181640625,46.783075262494116],[4.86572265625,46.77118561405662],[4.885009765625,46.75392487186912],[4.908105468750023,46.73829987186912],[4.944580078125,46.72418854374412],[4.959130859375023,46.70563385624412],[4.967041015625,46.681024481244116],[4.96826171875,46.65582916874412],[4.964013671875023,46.630975653119116],[4.9560546875,46.60394928593162],[4.945556640625,46.57892487186912],[4.934228515625023,46.56024811405662],[4.939599609375023,46.54225494999412],[4.942285156250023,46.51691315311912],[4.93994140625,46.49433014530662],[4.920312500000023,46.47511627811912],[4.90625,46.40944244999412],[4.897851562500023,46.39601471561912],[4.886376953125023,46.38287994999412],[4.87646484375,46.36835358280662],[4.867089843750023,46.33173248905662],[4.855371093750023,46.314813543744116],[4.83056640625,46.28656647343162],[4.812255859375,46.25043366093162],[4.8056640625,46.229120184369116],[4.802148437500023,46.20172760624412],[4.797509765625023,46.18402741093162],[4.796289062500023,46.15912506718162],[4.794580078125023,46.15143463749412],[4.790185546875023,46.14191315311912],[4.774169921875,46.11810944218162],[4.76904296875,46.107782293744116],[4.7587890625,46.077020574994116],[4.7490234375,46.059442449994116],[4.749658203125023,46.04047272343162],[4.75390625,46.01996491093162],[4.75537109375,45.997919012494116],[4.746728515625023,45.96662018436912],[4.74853515625,45.956903387494116],[4.75732421875,45.95136139530662],[4.784423828125,45.94476959843162],[4.790185546875023,45.94020416874412],[4.794335937500023,45.93121979374412],[4.812646484375023,45.92267487186912],[4.820068359375,45.90656159061912],[4.838037109375023,45.88869049686912],[4.839111328125,45.87897369999412],[4.838037109375023,45.85451080936912],[4.841210937500023,45.84662506718162],[4.849365234375,45.83246491093162],[4.850976562500023,45.82318756718162],[4.849023437500023,45.81366608280662],[4.839990234375023,45.79999420780662],[4.838037109375023,45.78900787968162],[4.83740234375,45.77716705936912],[4.836083984375023,45.76857330936912],[4.83056640625,45.75153229374412]]]}},{"type":"Feature","properties":{"outlineWidth":2,"fillColor":"#00ffff"},"geometry":{"type":"MultiLineString","coordinates":[[[-2.05078125,51.84205963749412],[-2.022143554687489,51.834588934369116],[-1.997851562499989,51.82057526249412],[-1.979736328125,51.796991278119116],[-1.97119140625,51.770624090619116],[-1.969482421875,51.735223699994116],[-1.951586914062489,51.713251043744116],[-1.93798828125,51.690057684369116],[-1.848242187499977,51.658075262494116],[-1.828662109374989,51.65529205936912],[-1.818212890624977,51.65741608280662],[-1.739697265624983,51.660028387494116],[-1.720263671874989,51.665399481244116],[-1.715087890625,51.66962311405662],[-1.710058593749977,51.67584869999412],[-1.703320312499983,51.68195221561912],[-1.692968749999977,51.68585846561912],[-1.682666015624989,51.685419012494116],[-1.640869140625,51.67841217655662],[-1.620043945312489,51.68165924686912],[-1.56201171875,51.70014069218162]]]}},{"type":"Feature","properties":{"outlineWidth":2,"fillColor":"#00ffff"},"geometry":{"type":"MultiLineString","coordinates":[[[16.8779296875,46.314081121869116],[16.888671875,46.29242584843162],[16.895410156250023,46.28656647343162],[16.90283203125,46.28217194218162],[16.940185546875,46.25177643436912],[16.964746093750023,46.21974518436912],[16.974267578125023,46.210809637494116],[17.027490234375023,46.18073151249412],[17.035791015625023,46.17328522343162],[17.040771484375,46.16242096561912],[17.05224609375,46.15375397343162],[17.1005859375,46.12848541874412],[17.11572265625,46.12335846561912],[17.19677734375,46.12140534061912],[17.2080078125,46.116815496869116],[17.247949218750023,46.080438543744116],[17.253564453125023,46.07111237186912],[17.26611328125,46.03900787968162],[17.2685546875,46.028924871869116],[17.275390625,46.01227448124412],[17.291015625,46.00812409061912],[17.30712890625,46.00665924686912],[17.316308593750023,45.997919012494116],[17.308740234375023,45.996942449994116],[17.29638671875,45.99293854374412],[17.28955078125,45.99171784061912],[17.28955078125,45.98493073124412],[17.304345703125023,45.98126862186912],[17.316162109375,45.97406647343162],[17.32666015625,45.972284246869116],[17.33740234375,45.98493073124412],[17.343164062500023,45.96779205936912],[17.341552734375,45.958856512494116],[17.344873046875023,45.955926824994116],[17.364648437500023,45.956903387494116],[17.388671875,45.96332428593162],[17.399169921875,45.96015045780662],[17.405664062500023,45.94391510624412],[17.411035156250023,45.94684479374412],[17.414794921875,45.94989655155662],[17.417626953125023,45.953241278119116],[17.426171875000023,45.956903387494116],[17.426171875000023,45.956903387494116],[17.426171875000023,45.956903387494116],[17.426171875000023,45.956903387494116],[17.426171875000023,45.956903387494116],[17.511474609375,45.95416901249412],[17.553857421875023,45.94806549686912],[17.590722656250023,45.93646881718162],[17.637939453125,45.90155670780662],[17.645263671875,45.89210846561912],[17.646386718750023,45.88397858280662],[17.651611328125,45.86908600468162],[17.652734375000023,45.85761139530662],[17.656005859375,45.84564850468162],[17.6640625,45.84186432499412],[17.686767578125,45.84088776249412],[17.80859375,45.81464264530662],[17.837646484375,45.79987213749412],[17.857421875,45.77606842655662],[17.857568359375023,45.77199127811912],[17.869384765625,45.77374909061912],[17.875146484375023,45.78095123905662],[17.880029296875023,45.78876373905662],[17.88916015625,45.79242584843162],[17.974853515625,45.79242584843162],[18.079833984375,45.77191803593162],[18.091552734375,45.77199127811912],[18.102441406250023,45.77484772343162],[18.11962890625,45.78371002811912],[18.12841796875,45.78566315311912],[18.210693359375,45.78566315311912],[18.229248046875,45.78151276249412],[18.260009765625,45.76544830936912],[18.28271484375,45.76515534061912]]]}},{"type":"Feature","properties":{"outlineWidth":2,"fillColor":"#00ffff"},"geometry":{"type":"MultiLineString","coordinates":[[[10.6904296875,45.45045807499412],[10.698632812500023,45.43512604374412],[10.7021484375,45.42267487186912],[10.7041015625,45.40204498905662],[10.701904296875,45.38226959843162],[10.704980468750023,45.37372467655662],[10.7177734375,45.367303778119116],[10.7177734375,45.36110260624412],[10.706787109375,45.35358307499412],[10.706201171875023,45.32936432499412],[10.697265625,45.32013580936912],[10.697265625,45.31268952030662],[10.714111328125,45.30397369999412],[10.715234375000023,45.29340241093162],[10.707421875000023,45.28217194218162],[10.679931640625,45.25416901249412],[10.67724609375,45.24713776249412],[10.6767578125,45.23414948124412],[10.678955078125,45.21759674686912],[10.688232421875,45.18659088749412],[10.6904296875,45.17238190311912],[10.699853515625023,45.16950104374412],[10.779296875,45.16852448124412],[10.790283203125,45.16559479374412],[10.813378906250023,45.148797918744116],[10.841210937500023,45.13454010624412],[10.863037109375,45.11762116093162],[10.864892578125023,45.11469147343162],[10.89501953125,45.11188385624412],[10.927148437500023,45.10370514530662],[10.956298828125,45.090692449994116],[10.977929687500023,45.07306549686912]]]}},{"type":"Feature","properties":{"outlineWidth":2,"fillColor":"#00ffff"},"geometry":{"type":"MultiLineString","coordinates":[[[17.015283203125023,51.130975653119116],[17.00244140625,51.13727448124412],[16.974267578125023,51.158319403119116],[16.942138671875,51.17194244999412],[16.933984375000023,51.17877838749412],[16.904443359375023,51.21845123905662],[16.885888671875023,51.23439362186912],[16.861328125,51.240838934369116],[16.854882812500023,51.24408600468162],[16.832910156250023,51.258172918744116],[16.820458984375023,51.261346746869116],[16.76513671875,51.261346746869116],[16.737548828125,51.256463934369116],[16.713769531250023,51.24774811405662],[16.694091796875,51.24408600468162],[16.679443359375,51.254510809369116],[16.664941406250023,51.248407293744116],[16.65185546875,51.24909088749412],[16.638916015625,51.25250885624412],[16.624902343750023,51.254510809369116],[16.569580078125,51.247674871869116],[16.516992187500023,51.23102448124412],[16.490869140625023,51.227655340619116],[16.473388671875,51.240838934369116],[16.480859375000023,51.254510809369116],[16.471923828125,51.257684637494116],[16.46533203125,51.26276276249412],[16.453515625000023,51.275018621869116],[16.42626953125,51.29608795780662],[16.42626953125,51.30231354374412],[16.444482421875023,51.31000397343162],[16.454736328125023,51.31959869999412],[16.459228515625,51.33161041874412],[16.460351562500023,51.34669830936912],[16.47998046875,51.37311432499412],[16.47509765625,51.38080475468162],[16.456933593750023,51.40162994999412],[16.448144531250023,51.417840887494116],[16.449462890625,51.43659088749412],[16.460351562500023,51.47365143436912],[16.457763671875,51.48366119999412],[16.457275390625,51.491815496869116],[16.460351562500023,51.50092194218162],[16.467187500000023,51.50734284061912],[16.482177734375,51.514032293744116],[16.487060546875,51.52204010624412],[16.470458984375,51.52667877811912],[16.465478515625023,51.537225653119116],[16.466552734375,51.555536199994116],[16.456298828125,51.56635162968162],[16.43017578125,51.57179596561912],[16.416015625,51.57977936405662],[16.4013671875,51.59955475468162],[16.393457031250023,51.607538153119116],[16.381591796875,51.61078522343162],[16.36474609375,51.61273834843162],[16.348779296875023,51.61818268436912],[16.33984375,51.626581121869116],[16.343652343750023,51.63746979374412],[16.343652343750023,51.64496491093162],[16.329003906250023,51.64454987186912],[16.31875,51.64948151249412],[16.3095703125,51.65924713749412],[16.26171875,51.68109772343162],[16.236718750000023,51.687372137494116],[16.20703125,51.68585846561912],[16.141748046875023,51.66798737186912],[16.107177734375,51.66461823124412],[16.0654296875,51.68165924686912],[16.031884765625023,51.68317291874412],[16.017724609375023,51.68927643436912],[16.0048828125,51.69733307499412],[15.988671875000023,51.70258209843162],[15.971582031250023,51.70551178593162],[15.9287109375,51.70656159061912],[15.921630859375,51.71015045780662],[15.91796875,51.71552155155662],[15.91064453125,51.730585028119116],[15.908349609375023,51.73371002811912],[15.899316406250023,51.731561590619116],[15.8916015625,51.72687409061912],[15.885498046875,51.72218659061912],[15.88125,51.72003815311912],[15.871728515625023,51.72296784061912],[15.866845703125023,51.728387762494116],[15.861572265625,51.73139069218162],[15.850244140625023,51.72687409061912],[15.81298828125,51.761590887494116],[15.802490234375,51.76850006718162],[15.784814453125023,51.77052643436912],[15.771386718750023,51.76832916874412],[15.759765625,51.76959869999412],[15.747802734375,51.782098699994116],[15.750634765625023,51.78571198124412],[15.754638671875,51.78827545780662],[15.740380859375023,51.80006744999412],[15.734130859375,51.80255768436912],[15.74365234375,51.81935455936912],[15.770751953125,51.84938385624412],[15.7744140625,51.85719635624412],[15.780517578125,51.86261627811912],[15.795654296875,51.88454010624412],[15.788818359375,51.88825104374412],[15.761474609375,51.89813873905662],[15.77099609375,51.90387604374412],[15.782373046875023,51.91505768436912],[15.791650390625023,51.92719147343162],[15.795654296875,51.93605377811912],[15.773828125000023,51.96583893436912],[15.7744140625,51.96705963749412],[15.772119140625023,51.971795965619116],[15.773193359375,51.97601959843162],[15.772607421875023,51.97902252811912],[15.764892578125,51.980096746869116],[15.7373046875,51.980096746869116],[15.685791015625,51.97389557499412],[15.685791015625,51.980096746869116],[15.692626953125,51.980096746869116],[15.679589843750023,51.99245026249412],[15.656884765625023,51.99994537968162],[15.64013671875,52.01129791874412],[15.644775390625,52.03534577030662],[15.480371093750023,52.04901764530662],[15.456298828125,52.04767487186912],[15.446044921875,52.04901764530662],[15.435791015625,52.052606512494116],[15.421533203125023,52.06061432499412],[15.411376953125,52.06268952030662],[15.402246093750023,52.06080963749412],[15.378808593750023,52.05128815311912],[15.370507812500023,52.04901764530662],[15.3583984375,52.04999420780662],[15.253808593750023,52.07245514530662],[15.216210937500023,52.07538483280662],[15.166406250000023,52.05292389530662],[15.099755859375023,52.04901764530662],[15.079248046875023,52.05145905155662],[15.060449218750023,52.05787994999412],[15.02783203125,52.07692291874412],[14.992431640625,52.062127996869116],[14.960595703125023,52.05634186405662],[14.88720703125,52.05646393436912],[14.871728515625023,52.05963776249412],[14.842675781250023,52.07374909061912],[14.775390625,52.081415106244116],[14.760888671875023,52.07692291874412]]]}},{"type":"Feature","properties":{"outlineWidth":2,"fillColor":"#00ffff"},"geometry":{"type":"MultiLineString","coordinates":[[[14.367333984375023,47.14740631718162],[14.377343750000023,47.14923737186912],[14.4033203125,47.16168854374412],[14.443505859375023,47.201532293744116],[14.468164062500023,47.21576569218162],[14.553613281250023,47.22968170780662],[14.584228515625,47.22711823124412],[14.641015625000023,47.20197174686912],[14.671875,47.203729559369116],[14.6865234375,47.208612371869116],[14.700341796875023,47.21173737186912],[14.714599609375,47.21308014530662],[14.788818359375,47.206170965619116],[14.81787109375,47.20844147343162],[14.8427734375,47.22162506718162],[14.847070312500023,47.233270574994116],[14.847412109375,47.24896881718162],[14.849755859375023,47.26288483280662],[14.85986328125,47.26881744999412],[14.874755859375,47.270868231244116],[14.891503906250023,47.27638580936912],[14.905419921875023,47.284295965619116],[14.9111328125,47.29364655155662],[14.912353515625,47.30109284061912],[14.915771484375,47.30463287968162],[14.920166015625,47.30690338749412],[14.975,47.34845612186912],[14.98876953125,47.35573151249412],[15.00390625,47.35883209843162],[15.03173828125,47.358514715619116],[15.041650390625023,47.36017487186912],[15.05517578125,47.36500885624412],[15.073144531250023,47.37482330936912],[15.1025390625,47.39796784061912],[15.119287109375023,47.40741608280662],[15.138330078125023,47.41261627811912],[15.212646484375,47.41681549686912],[15.235595703125,47.41139557499412],[15.2509765625,47.40997955936912],[15.258056640625,47.41156647343162],[15.265039062500023,47.41481354374412],[15.272607421875023,47.41730377811912],[15.28173828125,47.41681549686912],[15.28369140625,47.41303131718162],[15.284912109375,47.40607330936912],[15.288964843750023,47.39935944218162],[15.299072265625,47.39630768436912],[15.305810546875023,47.391961981244116],[15.34521484375,47.35236237186912],[15.367089843750023,47.32428619999412],[15.3583984375,47.31244537968162],[15.328857421875,47.30219147343162],[15.308837890625,47.29193756718162],[15.329492187500023,47.279657293744116],[15.321435546875023,47.277215887494116],[15.314697265625,47.27265045780662],[15.310449218750023,47.26642487186912],[15.308984375000023,47.25910065311912],[15.31396484375,47.24664948124412],[15.323486328125,47.240594793744116],[15.332763671875,47.23615143436912],[15.3369140625,47.22846100468162],[15.337792968750023,47.218133856244116],[15.341552734375,47.20416901249412],[15.342431640625023,47.193963934369116],[15.339599609375,47.18720123905662],[15.326318359375023,47.172967840619116],[15.322656250000023,47.16359284061912],[15.335595703125023,47.13429596561912],[15.411865234375,47.10333893436912],[15.438720703125,47.08161041874412],[15.440673828125,47.073358465619116],[15.4423828125,47.05158112186912],[15.446044921875,47.04005768436912],[15.46337890625,47.02289459843162],[15.470703125,47.00079987186912],[15.493408203125,46.974725653119116],[15.50146484375,46.95746491093162],[15.501220703125,46.93922760624412],[15.498925781250023,46.918817449994116],[15.501953125,46.90228912968162],[15.517578125,46.89545319218162],[15.52978515625,46.88722565311912],[15.569726562500023,46.834588934369116],[15.582763671875,46.81085846561912],[15.580322265625,46.79376862186912],[15.574121093750023,46.77809479374412],[15.575927734375,46.75885651249412],[15.587646484375,46.74286530155662],[15.606103515625023,46.72999909061912],[15.651611328125,46.711053778119116],[15.72802734375,46.703241278119116],[15.754638671875,46.70429108280662],[15.822412109375023,46.72308991093162],[15.850244140625023,46.724725653119116],[15.878076171875023,46.72096588749412],[15.94580078125,46.697381903119116],[15.986474609375023,46.69245026249412],[15.997314453125,46.68720123905662],[16.016259765625023,46.67091705936912],[16.02783203125,46.66505768436912],[16.0419921875,46.66266510624412]]]}},{"type":"Feature","properties":{"outlineWidth":2,"fillColor":"#00ffff"},"geometry":{"type":"MultiLineString","coordinates":[[[17.1796875,67.56373932499412],[17.204980468750023,67.57555573124412],[17.257568359375,67.58722565311912],[17.279052734375,67.60126373905662],[17.30419921875,67.61071198124412],[17.33740234375,67.61090729374412],[17.3662109375,67.61579010624412],[17.37841796875,67.63947174686912]]]}},{"type":"Feature","properties":{"outlineWidth":2,"fillColor":"#00ffff"},"geometry":{"type":"MultiLineString","coordinates":[[[18.561181640625023,68.00001862186912],[18.692041015625023,67.97614166874412],[18.823632812500023,67.95123932499412],[18.92919921875,67.88324616093162],[19.038818359375,67.83893463749412]]]}},{"type":"Feature","properties":{"outlineWidth":2,"fillColor":"#00ffff"},"geometry":{"type":"MultiLineString","coordinates":[[[4.403125,51.70827057499412],[4.506542968750011,51.69523346561912],[4.544873046875011,51.69596588749412],[4.57958984375,51.70248444218162],[4.620800781250011,51.71476471561912],[4.643945312500023,51.719110418744116],[4.675537109375,51.71937897343162]]]}},{"type":"Feature","properties":{"outlineWidth":2,"fillColor":"#00ffff"},"geometry":{"type":"MultiLineString","coordinates":[[[19.35888671875,44.90114166874412],[19.3623046875,44.89137604374412],[19.3681640625,44.88739655155662],[19.372314453125,44.88165924686912],[19.375146484375023,44.87335846561912],[19.376123046875023,44.86329987186912],[19.37255859375,44.860467840619116],[19.367333984375023,44.85956452030662],[19.36328125,44.854852606244116],[19.327880859375,44.73419830936912],[19.317529296875023,44.715692449994116],[19.307861328125,44.70538971561912],[19.28759765625,44.69330475468162],[19.277099609375,44.68512604374412],[19.26953125,44.67584869999412],[19.255126953125,44.64594147343162],[19.208251953125,44.58864166874412],[19.20361328125,44.58539459843162],[19.192773437500023,44.58087799686912],[19.187744140625,44.57636139530662]]]}},{"type":"Feature","properties":{"outlineWidth":2,"fillColor":"#00ffff"},"geometry":{"type":"MultiLineString","coordinates":[[[-2.974658203124989,38.13129303593162],[-2.986083984375,38.121698309369116],[-3.010351562499977,38.11163971561912],[-3.021826171874977,38.10394928593162],[-3.04150390625,38.07782623905662],[-3.049169921874977,38.06989166874412],[-3.084521484374989,38.04938385624412],[-3.090747070312489,38.04938385624412],[-3.093457031249983,38.04982330936912],[-3.099780273437489,38.05182526249412],[-3.103125,38.05226471561912],[-3.108325195312489,38.05145905155662],[-3.139501953124977,38.03888580936912],[-3.14697265625,38.03424713749412],[-3.152148437499989,38.02760651249412],[-3.154541015625,38.01947662968162],[-3.155566406249989,38.01154205936912],[-3.157641601562489,38.00385162968162],[-3.1630859375,37.99640534061912],[-3.178417968749983,37.98712799686912],[-3.212646484375,37.97492096561912],[-3.227880859374977,37.96393463749412],[-3.288037109374983,37.94623444218162],[-3.333666992187489,37.94086334843162],[-3.347753906249977,37.936151434369116],[-3.356298828124977,37.93146393436912],[-3.359130859375,37.929315496869116],[-3.377001953124989,37.92975494999412],[-3.468017578125,37.943475653119116],[-3.48974609375,37.95363190311912],[-3.501416015624983,37.95355866093162],[-3.512402343749983,37.95136139530662],[-3.522143554687489,37.95094635624412],[-3.535888671875,37.95551178593162],[-3.560546875,37.96808502811912],[-3.570556640625,37.97138092655662],[-3.597753906249977,37.97052643436912],[-3.645214843749983,37.956170965619116],[-3.669824218749994,37.952508856244116],[-3.695019531249983,37.95534088749412],[-3.717041015625,37.962274481244116],[-3.765625,37.98585846561912],[-3.775,37.98683502811912],[-3.784912109375,37.98651764530662],[-3.796484374999977,37.987909246869116],[-3.827490234374977,38.00099518436912],[-3.838916015624989,38.008661199994116],[-3.874365234374977,38.04230377811912],[-3.89208984375,38.04938385624412],[-3.90966796875,38.042108465619116],[-3.938574218749977,38.01740143436912],[-3.951025390624977,38.01837799686912],[-3.962158203125,38.02150299686912],[-4.023046874999977,38.02887604374412],[-4.146728515625,38.070917059369116],[-4.1875,38.06989166874412],[-4.207763671875,38.05609772343162],[-4.206982421874983,38.04010651249412],[-4.2041015625,38.02692291874412],[-4.217944335937489,38.02142975468162],[-4.223242187499977,38.023553778119116],[-4.237109374999989,38.03297760624412],[-4.245507812499994,38.03510162968162],[-4.2587890625,38.03424713749412],[-4.265380859375,38.03156159061912],[-4.301123046874977,37.99933502811912],[-4.315673828125,37.99782135624412],[-4.349902343749989,38.022088934369116],[-4.371435546874977,38.03004791874412],[-4.39404296875,38.034540106244116],[-4.412841796875,38.03510162968162],[-4.434619140624989,38.02692291874412],[-4.457690429687489,37.99994537968162],[-4.478613281249977,37.99408600468162],[-4.50634765625,37.98952057499412],[-4.501025390624989,37.97833893436912],[-4.485302734374983,37.96466705936912],[-4.481689453125,37.952508856244116],[-4.520117187499977,37.964227606244116],[-4.545751953124977,37.96918366093162],[-4.557470703124977,37.96344635624412]]]}},{"type":"Feature","properties":{"outlineWidth":2,"fillColor":"#00ffff"},"geometry":{"type":"MultiLineString","coordinates":[[[20.178857421875023,46.26080963749412],[20.157128906250023,46.25922272343162],[20.143212890625023,46.252313543744116],[20.131005859375023,46.236200262494116],[20.112548828125,46.20460846561912],[20.078857421875,46.177118231244116],[20.063232421875,46.15919830936912],[20.057861328125,46.13568756718162]]]}},{"type":"Feature","properties":{"outlineWidth":2,"fillColor":"#00ffff"},"geometry":{"type":"MultiLineString","coordinates":[[[5.605224609375,48.001336981244116],[5.581298828125,47.99977448124412],[5.561279296875,48.00099518436912],[5.546875,48.00612213749412],[5.536865234375,48.00587799686912],[5.529931640625023,48.02638580936912],[5.557275390625023,48.15668366093162],[5.574951171875,48.19293854374412],[5.593652343750023,48.21478912968162],[5.619384765625,48.25287506718162],[5.625244140625,48.25661041874412],[5.62939453125,48.25665924686912],[5.632080078125,48.25910065311912],[5.633056640625,48.269891668744116],[5.636621093750023,48.27277252811912],[5.64453125,48.27411530155662],[5.653710937500023,48.27418854374412],[5.660400390625,48.27338287968162],[5.660058593750023,48.30975983280662],[5.691650390625,48.37982819218162],[5.673974609375023,48.403680731244116]]]}},{"type":"Feature","properties":{"outlineWidth":2,"fillColor":"#00ffff"},"geometry":{"type":"MultiLineString","coordinates":[[[25.6533203125,44.84596588749412],[25.672119140625,44.83075592655662],[25.69482421875,44.81618073124412],[25.7158203125,44.81037018436912],[25.788964843750023,44.80372955936912],[25.809326171875,44.795770574994116],[25.824462890625,44.78204987186912],[25.832763671875,44.76117584843162],[25.85888671875,44.75116608280662],[26.10302734375,44.75372955936912],[26.16357421875,44.76788971561912],[26.18701171875,44.76776764530662],[26.2314453125,44.75446198124412],[26.3115234375,44.712030340619116],[26.353515625,44.702752996869116],[26.416601562500006,44.702997137494116],[26.437597656250006,44.70783112186912],[26.467187500000023,44.72089264530662],[26.480859375000023,44.72267487186912],[26.48505859375001,44.721307684369116],[26.49824218750001,44.71515534061912],[26.503515625,44.71356842655662],[26.5087890625,44.71454498905662],[26.522216796875,44.72003815311912],[26.529052734375,44.72101471561912],[26.539941406250023,44.71893952030662],[26.572656250000023,44.70722077030662],[26.578857421875,44.70631744999412],[26.59736328125001,44.70685455936912],[26.6044921875,44.702264715619116],[26.614355468750006,44.683221746869116],[26.62109375,44.67755768436912],[26.631445312500006,44.67841217655662],[26.652246093750023,44.68903229374412],[26.66171875,44.69074127811912],[26.6650390625,44.688836981244116],[26.675048828125,44.681024481244116],[26.680908203125,44.678583074994116],[26.6884765625,44.679803778119116],[26.7021484375,44.68817780155662],[26.70947265625,44.68891022343162],[26.71533203125,44.68463776249412],[26.73046875,44.668573309369116],[26.740136718750023,44.66315338749412],[26.754003906250006,44.66168854374412],[26.77656250000001,44.66779205936912],[26.790283203125,44.66901276249412],[26.80908203125,44.66547272343162],[26.816503906250006,44.658807684369116],[26.81982421875,44.650018621869116],[26.82587890625001,44.64008209843162],[26.833740234375,44.63063385624412],[26.836523437500006,44.62604401249412],[26.842187500000023,44.623895574994116],[26.951904296875,44.61579010624412],[26.977148437500006,44.61676666874412],[27.020410156250023,44.62648346561912],[27.04296875,44.62396881718162],[27.067138671875,44.61286041874412],[27.11376953125,44.584344793744116],[27.13671875,44.57550690311912],[27.317773437500023,44.55768463749412]]]}},{"type":"Feature","properties":{"outlineWidth":2,"fillColor":"#00ffff"},"geometry":{"type":"MultiLineString","coordinates":[[[1.551171875000023,42.377801824994116],[1.4833984375,42.37355377811912],[1.44970703125,42.36720612186912],[1.420166015625,42.35297272343162],[1.380273437500023,42.32684967655662],[1.362939453125023,42.311151434369116],[1.3515625,42.29071686405662],[1.300439453125023,42.078973699994116],[1.294091796875023,42.06452057499412],[1.2333984375,41.97589752811912],[1.213525390625023,41.95404694218162],[1.187255859375,41.93427155155662],[1.164794921875,41.92726471561912],[1.034814453125023,41.910272528119116],[0.967187500000023,41.913934637494116],[0.932519531250023,41.91139557499412],[0.901025390625023,41.90021393436912],[0.835693359375,41.85455963749412],[0.825097656250023,41.84528229374412],[0.812890625000023,41.82594635624412],[0.788964843750023,41.76002838749412],[0.771484375,41.73505280155662],[0.705810546875,41.67035553593162],[0.679443359375,41.65680573124412],[0.65771484375,41.64154694218162],[0.6171875,41.602655340619116],[0.610498046875023,41.59376862186912],[0.606103515625023,41.58649323124412],[0.599853515625,41.58026764530662],[0.587646484375,41.57428619999412],[0.577539062500023,41.57204010624412],[0.557861328125,41.571405340619116],[0.548242187500023,41.56984284061912],[0.524169921875,41.55763580936912],[0.470117187500023,41.498895574994116],[0.337060546875023,41.40675690311912],[0.312402343750023,41.37250397343162]]]}},{"type":"Feature","properties":{"outlineWidth":2,"fillColor":"#00ffff"},"geometry":{"type":"MultiLineString","coordinates":[[[0.075390625000011,47.21820709843162],[0.096386718750011,47.22999909061912],[0.122705078125023,47.23610260624412],[0.2109375,47.242547918744116],[0.373046875,47.30316803593162],[0.39404296875,47.317499090619116],[0.40869140625,47.32404205936912],[0.442626953125,47.32587311405662],[0.45556640625,47.33148834843162],[0.47900390625,47.351922918744116],[0.4931640625,47.36163971561912],[0.50732421875,47.36896393436912],[0.545166015625,47.38141510624412],[0.707763671875,47.40863678593162],[0.785888671875,47.40846588749412],[0.82275390625,47.40253327030662],[0.905517578125,47.40065338749412],[1.201318359375023,47.48944733280662],[1.22314453125,47.49188873905662],[1.242431640625,47.49811432499412],[1.258056640625,47.51312897343162],[1.281982421875,47.546502996869116],[1.309472656250023,47.572381903119116],[1.43896484375,47.65143463749412],[1.459130859375023,47.660272528119116],[1.504150390625,47.66681549686912],[1.524658203125,47.67462799686912],[1.57958984375,47.70770905155662],[1.582421875000023,47.71430084843162],[1.583154296875023,47.728387762494116],[1.588525390625023,47.732538153119116],[1.61181640625,47.73859284061912],[1.6171875,47.74269440311912],[1.6376953125,47.779901434369116],[1.64697265625,47.78693268436912],[1.655175781250023,47.78864166874412],[1.663232421875023,47.789422918744116],[1.672509765625023,47.793573309369116],[1.71435546875,47.83620026249412],[1.72021484375,47.845086981244116],[1.730126953125023,47.853143621869116],[1.835107421875023,47.88056061405662],[1.852929687500023,47.88886139530662],[1.867578125000023,47.900018621869116],[1.883544921875,47.905633856244116],[1.9755859375,47.90131256718162],[2.005761718750023,47.89191315311912],[2.024658203125,47.889764715619116],[2.030908203125023,47.88605377811912],[2.0361328125,47.86835358280662],[2.041748046875,47.862420965619116],[2.050927734375023,47.86212799686912],[2.058837890625,47.86627838749412],[2.066796875000023,47.871698309369116],[2.075927734375,47.87550690311912],[2.099511718750023,47.87604401249412],[2.141259765625023,47.865350653119116],[2.232666015625,47.85980866093162],[2.247802734375,47.85504791874412],[2.248925781250023,47.83698151249412],[2.298242187500023,47.82033112186912],[2.288818359375,47.80719635624412],[2.288818359375,47.80104401249412],[2.294580078125023,47.796747137494116],[2.30126953125,47.794549871869116],[2.31982421875,47.793573309369116],[2.33203125,47.79079010624412],[2.33935546875,47.78436920780662],[2.344482421875,47.77741119999412],[2.350244140625023,47.773065496869116],[2.3681640625,47.77052643436912],[2.425927734375023,47.773065496869116],[2.458984375,47.76588776249412],[2.706787109375,47.65748932499412],[2.710693359375,47.653924871869116],[2.717041015625,47.64642975468162],[2.720703125,47.64362213749412],[2.733056640625023,47.63764069218162],[2.737548828125,47.63654205936912],[2.741601562500023,47.63495514530662],[2.741455078125,47.63112213749412],[2.740234375,47.626336981244116],[2.7412109375,47.62225983280662],[2.754638671875,47.60939362186912],[2.765527343750023,47.60248444218162],[2.796533203125023,47.58808014530662],[2.83740234375,47.55267975468162],[2.843652343750023,47.54340241093162],[2.877832031250023,47.51984284061912],[2.921630859375,47.46710846561912],[2.929833984375023,47.45343659061912],[2.93310546875,47.43390534061912],[2.92919921875,47.41986725468162],[2.885888671875023,47.35895416874412],[2.878662109375,47.345819403119116],[2.880615234375,47.33319733280662],[2.895263671875,47.317499090619116],[2.903955078125023,47.31207916874412],[2.93310546875,47.30011627811912],[2.9609375,47.279657293744116],[2.9716796875,47.26923248905662],[2.980126953125023,47.25617096561912],[2.985742187500023,47.24030182499412],[2.987695312500023,47.22162506718162],[2.992578125000023,47.20343659061912],[3.01513671875,47.16766998905662],[3.021875,47.14923737186912]]]}},{"type":"Feature","properties":{"outlineWidth":2,"fillColor":"#00ffff"},"geometry":{"type":"MultiLineString","coordinates":[[[14.472900390625,50.34271881718162],[14.4521484375,50.35309479374412],[14.453369140625,50.36615631718162],[14.4599609375,50.38043854374412],[14.45556640625,50.39423248905662],[14.438378906250023,50.404657293744116],[14.401123046875,50.41937897343162],[14.386962890625,50.42872955936912],[14.375390625000023,50.44537994999412],[14.369287109375023,50.45973541874412],[14.360009765625023,50.46991608280662],[14.339257812500023,50.47370026249412],[14.322412109375023,50.47052643436912],[14.305908203125,50.46198151249412],[14.29345703125,50.44965241093162],[14.28857421875,50.43524811405662],[14.283447265625,50.43244049686912],[14.249755859375,50.43214752811912],[14.241601562500023,50.43512604374412],[14.239648437500023,50.44240143436912],[14.240234375,50.45143463749412],[14.239501953125,50.45941803593162],[14.235253906250023,50.47662994999412],[14.233154296875,50.49225494999412],[14.2275390625,50.50665924686912],[14.212792968750023,50.52028229374412],[14.196533203125,50.52662994999412],[14.149316406250023,50.53444244999412],[14.13037109375,50.534540106244116],[14.092919921875023,50.52216217655662],[14.073974609375,50.51947662968162],[14.054589843750023,50.52765534061912],[14.06201171875,50.534540106244116],[14.046875,50.545526434369116],[14.039453125000023,50.55866119999412],[14.034912109375,50.57184479374412],[14.02783203125,50.58295319218162],[14.048095703125,50.59552643436912],[14.067529296875023,50.60114166874412],[14.074609375000023,50.60871002811912],[14.058349609375,50.62702057499412],[14.045800781250023,50.64796784061912],[14.064111328125023,50.65748932499412],[14.09326171875,50.66217682499412],[14.132470703125023,50.67633698124412],[14.157958984375,50.67677643436912],[14.182373046875,50.68060944218162],[14.198486328125,50.69899323124412],[14.196435546875023,50.71759674686912],[14.188232421875,50.73725006718162],[14.188867187500023,50.754754949994116],[14.212792968750023,50.76727936405662],[14.205957031250023,50.77472565311912],[14.224023437500023,50.78620026249412],[14.232177734375,50.79352448124412],[14.239501953125,50.80206940311912],[14.232177734375,50.81000397343162],[14.2255859375,50.824579168744116],[14.220849609375023,50.84064362186912],[14.218994140625,50.85321686405662],[14.22314453125,50.869989324994116],[14.229638671875023,50.87677643436912],[14.230126953125023,50.88385651249412],[14.215966796875023,50.90167877811912],[14.202050781250023,50.90888092655662],[14.103515625,50.92633698124412],[14.06201171875,50.92560455936912],[14.065087890625023,50.93475983280662],[14.07080078125,50.94147369999412],[14.07861328125,50.945184637494116],[14.088623046875,50.94606354374412],[14.069482421875023,50.95954010624412],[14.044189453125,50.960077215619116],[14,50.953485418744116],[13.96435546875,50.96478912968162],[13.951806640625023,50.96649811405662],[13.908447265625,50.96405670780662],[13.89697265625,50.96649811405662],[13.891503906250023,50.97211334843162],[13.886474609375,50.98859284061912],[13.879785156250023,50.99757721561912],[13.804443359375,51.065790106244116],[13.7919921875,51.07050202030662],[13.77880859375,51.06837799686912],[13.765380859375,51.06415436405662],[13.7529296875,51.06268952030662],[13.741357421875023,51.065790106244116],[13.7197265625,51.07453034061912],[13.690332031250023,51.07697174686912],[13.683251953125023,51.07892487186912],[13.664794921875,51.09003327030662],[13.638916015625,51.09943268436912],[13.561767578125,51.11737702030662],[13.41943359375,51.20026276249412],[13.403466796875023,51.21356842655662],[13.41552734375,51.23273346561912],[13.4130859375,51.254022528119116],[13.39990234375,51.27655670780662],[13.3798828125,51.299188543744116],[13.366601562500023,51.30744049686912],[13.351220703125023,51.31007721561912],[13.318115234375,51.30914948124412],[13.299218750000023,51.312860418744116],[13.292626953125023,51.32233307499412],[13.290429687500023,51.33454010624412],[13.283935546875,51.34669830936912],[13.27099609375,51.35109284061912],[13.254638671875,51.35028717655662],[13.240136718750023,51.35206940311912],[13.232812500000023,51.364374090619116],[13.239013671875,51.37348053593162],[13.251611328125023,51.37555573124412],[13.25634765625,51.38056061405662],[13.239013671875,51.39850494999412],[13.232177734375,51.40131256718162],[13.216210937500023,51.40314362186912],[13.208251953125,51.40846588749412],[13.20556640625,51.41290924686912],[13.197998046875,51.43268463749412],[13.197265625,51.44696686405662],[13.19970703125,51.457879949994116],[13.197900390625023,51.46649811405662],[13.184326171875,51.47365143436912]]]}},{"type":"Feature","properties":{"outlineWidth":2,"fillColor":"#00ffff"},"geometry":{"type":"MultiLineString","coordinates":[[[25.302636718750023,66.19264557499412],[25.26611328125,66.17963287968162],[25.17724609375,66.15851471561912],[25.120996093750023,66.13439362186912],[24.875,66.10651276249412],[24.826904296875,66.09279205936912],[24.791015625,66.07111237186912],[24.793701171875,66.04242584843162],[24.753320312500023,66.01727936405662],[24.737060546875,66.00287506718162],[24.724853515625,65.98097565311912],[24.7119140625,65.92907135624412],[24.710595703125023,65.91212799686912]]]}},{"type":"Feature","properties":{"outlineWidth":2,"fillColor":"#00ffff"},"geometry":{"type":"MultiLineString","coordinates":[[[20.821923828125023,40.37013580936912],[20.84130859375,40.400995184369116],[20.868066406250023,40.428583074994116],[20.86669921875,40.44086334843162],[20.87353515625,40.44696686405662],[20.9013671875,40.46137116093162],[20.997949218750023,40.408319403119116],[21.050048828125,40.40155670780662],[21.099365234375,40.42726471561912],[21.12158203125,40.45502350468162]]]}},{"type":"Feature","properties":{"outlineWidth":2,"fillColor":"#00ffff"},"geometry":{"type":"MultiLineString","coordinates":[[[4.617431640625,43.71002838749412],[4.602783203125,43.70160553593162],[4.59130859375,43.70607330936912],[4.57421875,43.70941803593162],[4.512451171875,43.70941803593162],[4.479638671875023,43.69972565311912],[4.461669921875,43.67719147343162],[4.44775390625,43.65180084843162],[4.427001953125,43.63373444218162],[4.427001953125,43.62750885624412],[4.440087890625023,43.62250397343162],[4.45458984375,43.62103912968162],[4.4638671875,43.617547918744116],[4.461181640625,43.60639069218162],[4.448876953125023,43.59596588749412],[4.41943359375,43.589227606244116],[4.406640625000023,43.57912018436912],[4.4033203125,43.57155182499412],[4.388085937500023,43.561883856244116],[4.351318359375,43.54494049686912],[4.359521484375023,43.53742096561912],[4.395898437500023,43.46754791874412]]]}},{"type":"Feature","properties":{"outlineWidth":2,"fillColor":"#00ffff"},"geometry":{"type":"MultiLineString","coordinates":[[[1.808984375000023,44.90863678593162],[1.771240234375,44.911249090619116]]]}},{"type":"Feature","properties":{"outlineWidth":2,"fillColor":"#00ffff"},"geometry":{"type":"MultiLineString","coordinates":[[[-3.164599609374989,39.31659577030662],[-3.282519531249989,39.32367584843162],[-3.304248046874989,39.32155182499412],[-3.3388671875,39.312616278119116],[-3.361376953124989,39.31061432499412],[-3.375341796874977,39.30487702030662],[-3.38623046875,39.29132721561912],[-3.395751953125,39.27533600468162],[-3.405444335937489,39.26222565311912],[-3.470556640624977,39.23920319218162],[-3.481787109374977,39.23798248905662],[-3.542578124999977,39.21381256718162],[-3.632177734374977,39.19855377811912],[-3.671093749999983,39.18451569218162],[-3.738037109375,39.13593170780662],[-3.757421874999977,39.12763092655662],[-3.795458984374989,39.12091705936912],[-3.84423828125,39.09088776249412],[-3.885107421874977,39.08014557499412],[-3.972705078124989,39.07538483280662],[-4.009375,39.06293366093162],[-4.027197265624977,39.049676824994116],[-4.036059570312489,39.036981512494116],[-4.036474609374977,39.021844793744116],[-4.022705078125,38.98590729374412],[-4.016406249999989,38.96271393436912],[-4.019238281249983,38.941766668744116],[-4.039794921875,38.93263580936912],[-4.058398437499989,38.92841217655662],[-4.099023437499994,38.91010162968162],[-4.122021484374983,38.90595123905662],[-4.126757812499989,38.91022369999412],[-4.142504882812489,38.93036530155662],[-4.145922851562489,38.93634674686912],[-4.152441406249977,38.940301824994116],[-4.193701171874977,38.95436432499412],[-4.208593749999977,38.948358465619116],[-4.226855468749989,38.94855377811912],[-4.242431640625,38.95412018436912],[-4.248925781249994,38.96393463749412],[-4.295263671874977,38.98444244999412],[-4.306982421874977,38.991571356244116],[-4.330664062499977,39.000604559369116],[-4.366796874999977,39.00018952030662],[-4.433886718749989,38.98786041874412],[-4.424365234374989,39.00568268436912],[-4.438769531249989,39.01312897343162],[-4.464599609375,39.01825592655662],[-4.489111328124977,39.02948639530662],[-4.544482421874989,39.06715729374412],[-4.557470703124977,39.08344147343162],[-4.563647460937489,39.07721588749412],[-4.571093749999989,39.06976959843162],[-4.572558593749989,39.08912994999412],[-4.581787109375,39.10443756718162],[-4.596777343749977,39.11456940311912],[-4.615478515625,39.11818268436912],[-4.619726562499977,39.120477606244116],[-4.639404296875,39.13869049686912],[-4.643408203124977,39.14057037968162],[-4.648681640625,39.14088776249412],[-4.654541015625,39.14203522343162],[-4.659838867187489,39.146112371869116],[-4.660449218749989,39.150995184369116],[-4.653173828124977,39.16041901249412],[-4.653002929687489,39.16596100468162],[-4.670581054687489,39.19086334843162],[-4.699316406249977,39.21803619999412],[-4.734082031249983,39.23981354374412],[-4.769677734374994,39.24855377811912]]]}},{"type":"Feature","properties":{"outlineWidth":2,"fillColor":"#00ffff"},"geometry":{"type":"MultiLineString","coordinates":[[[10.7109375,46.82716705936912],[10.689697265625,46.830194403119116],[10.6669921875,46.83912994999412],[10.644921875000023,46.84474518436912],[10.624902343750023,46.83771393436912],[10.606591796875023,46.82814362186912],[10.560791015625,46.82086823124412],[10.5390625,46.81349518436912],[10.529687500000023,46.76850006718162],[10.530029296875,46.71222565311912],[10.536523437500023,46.70331452030662],[10.578369140625,46.66725494999412],[10.615234375,46.65094635624412]]]}},{"type":"Feature","properties":{"outlineWidth":2,"fillColor":"#00ffff"},"geometry":{"type":"MultiLineString","coordinates":[[[17.034570312500023,63.37291901249412],[17.0830078125,63.36647369999412],[17.106103515625023,63.35949127811912],[17.177392578125023,63.31911041874412],[17.192773437500023,63.30719635624412],[17.2060546875,63.29303619999412],[17.210107421875023,63.28224518436912],[17.206787109375,63.25329010624412],[17.207275390625,63.24225494999412],[17.212548828125023,63.22003815311912],[17.2138671875,63.20892975468162],[17.226220703125023,63.18903229374412],[17.254638671875,63.17975494999412],[17.445556640625,63.18322174686912],[17.488671875000023,63.17775299686912],[17.503173828125,63.17907135624412],[17.545654296875,63.19074127811912],[17.57080078125,63.19420807499412],[17.596582031250023,63.19220612186912],[17.646728515625,63.17767975468162],[17.66845703125,63.16620514530662],[17.729736328125,63.12225983280662],[17.76611328125,63.10582916874412],[17.782373046875023,63.09406159061912],[17.789208984375023,63.07863190311912],[17.78857421875,63.06056549686912],[17.78955078125,63.05153229374412],[17.79296875,63.04755280155662],[17.801660156250023,63.04088776249412],[17.79931640625,63.02582428593162],[17.794824218750023,63.00963776249412],[17.798486328125023,62.99359772343162]]]}},{"type":"Feature","properties":{"outlineWidth":2,"fillColor":"#00ffff"},"geometry":{"type":"MultiLineString","coordinates":[[[24.583984375,48.29181549686912],[24.583984375,48.33649323124412],[24.5810546875,48.35077545780662],[24.576806640625023,48.35695221561912],[24.571679687500023,48.36110260624412],[24.568603515625,48.36598541874412],[24.570703125000023,48.37453034061912],[24.577539062500023,48.38104889530662],[24.597900390625,48.38922760624412],[24.606103515625023,48.39435455936912],[24.61669921875,48.41522858280662],[24.599755859375023,48.42084381718162],[24.573144531250023,48.42072174686912],[24.55517578125,48.42413971561912],[24.553369140625023,48.44440338749412],[24.570947265625023,48.46759674686912],[24.6103515625,48.505487371869116],[24.61328125,48.51251862186912],[24.6171875,48.52638580936912],[24.622314453125,48.532831121869116],[24.640625,48.54242584843162],[24.705322265625,48.55072662968162]]]}},{"type":"Feature","properties":{"outlineWidth":2,"fillColor":"#00ffff"},"geometry":{"type":"MultiLineString","coordinates":[[[9.384521484375,52.05573151249412],[9.37255859375,52.06244537968162],[9.364990234375,52.07074616093162],[9.36474609375,52.08014557499412],[9.37451171875,52.089960028119116],[9.363037109375,52.09735748905662],[9.343408203125023,52.11762116093162],[9.3330078125,52.12470123905662],[9.292871093750023,52.13422272343162],[9.281884765625023,52.14179108280662],[9.263916015625,52.160516668744116],[9.255517578125023,52.16315338749412],[9.222900390625,52.16864655155662],[9.186279296875,52.179315496869116],[9.1376953125,52.18336823124412],[9.063720703125,52.197626043744116],[8.990966796875,52.186151434369116],[8.898193359375,52.17194244999412],[8.874267578125,52.17951080936912],[8.85205078125,52.21283600468162],[8.833398437500023,52.220331121869116],[8.847070312500023,52.23505280155662],[8.866455078125,52.243524481244116],[8.88720703125,52.24733307499412],[8.905029296875,52.24823639530662],[8.9228515625,52.25490143436912],[8.925195312500023,52.27052643436912],[8.925195312500023,52.28883698124412],[8.935693359375023,52.30348541874412],[8.935693359375023,52.30963776249412],[8.929101562500023,52.32741119999412],[8.94482421875,52.34357330936912],[8.966552734375,52.359002996869116],[8.977294921875,52.37457916874412],[8.979638671875023,52.398309637494116],[8.987695312500023,52.414422918744116],[9.002587890625023,52.42360260624412],[9.025781250000023,52.426385809369116],[9.025781250000023,52.43256256718162],[9.015771484375023,52.44147369999412],[9.013671875,52.45729401249412],[9.017578125,52.474481512494116],[9.025781250000023,52.48786041874412],[9.041406250000023,52.47975494999412],[9.05810546875,52.474725653119116],[9.073876953125023,52.474481512494116],[9.087158203125,52.48097565311912],[9.087158203125,52.48786041874412],[9.081298828125,52.49066803593162],[9.078515625000023,52.49347565311912],[9.076416015625,52.496942449994116],[9.072998046875,52.50153229374412],[9.100830078125,52.50153229374412],[9.100830078125,52.507684637494116],[9.079833984375,52.52199127811912],[9.079833984375,52.529413153119116],[9.101318359375,52.529901434369116],[9.10986328125,52.54323151249412],[9.114501953125,52.58405182499412],[9.123779296875,52.60402252811912],[9.135644531250023,52.60871002811912],[9.150537109375023,52.60939362186912],[9.169091796875023,52.617547918744116],[9.166650390625023,52.63165924686912],[9.178466796875,52.63869049686912],[9.194091796875,52.64552643436912],[9.20263671875,52.65912506718162],[9.187890625000023,52.66242096561912],[9.184716796875023,52.672723699994116],[9.185302734375,52.68671295780662],[9.182861328125,52.70070221561912],[9.20654296875,52.69647858280662],[9.215478515625023,52.69655182499412],[9.22314453125,52.70070221561912],[9.218652343750023,52.70880768436912],[9.218896484375023,52.71417877811912],[9.22314453125,52.71796295780662],[9.230615234375023,52.72125885624412],[9.230615234375023,52.727411199994116],[9.205078125,52.73146393436912],[9.19091796875,52.74635651249412],[9.188232421875,52.765497137494116],[9.196435546875023,52.78266022343162],[9.16748046875,52.78998444218162],[9.162841796875,52.792596746869116],[9.161376953125,52.80451080936912],[9.159423828125,52.80763580936912],[9.16064453125,52.80927155155662],[9.169091796875023,52.816766668744116],[9.199609375000023,52.830438543744116],[9.203125,52.83380768436912],[9.206787109375,52.84100983280662],[9.212646484375,52.84808991093162],[9.22314453125,52.85089752811912],[9.213037109375023,52.85736725468162],[9.203125,52.86037018436912],[9.193115234375,52.86037018436912],[9.182861328125,52.85773346561912],[9.185546875,52.86542389530662],[9.19140625,52.87018463749412],[9.19970703125,52.87233307499412],[9.210693359375,52.87201569218162],[9.210693359375,52.87824127811912],[9.190332031250023,52.88519928593162],[9.175683593750023,52.89923737186912],[9.173242187500023,52.91481354374412],[9.189697265625,52.926629949994116],[9.17626953125,52.93019440311912],[9.177734375,52.935174871869116],[9.185205078125023,52.941766668744116],[9.189697265625,52.95026276249412],[9.184326171875,52.95978424686912],[9.172119140625,52.964960028119116],[9.098535156250023,52.97077057499412],[9.079003906250023,52.978876043744116],[9.079833984375,52.99494049686912],[9.06298828125,52.99933502811912],[9.03564453125,53.00075104374412],[9.00830078125,52.99928619999412],[8.990966796875,52.99494049686912],[8.98681640625,53.01044342655662],[8.970361328125023,53.01068756718162],[8.949462890625,53.00726959843162],[8.932275390625023,53.01203034061912],[8.914941406250023,53.01911041874412],[8.8896484375,53.026239324994116],[8.872802734375,53.03583405155662],[8.881103515625,53.050165106244116],[8.881103515625,53.05634186405662],[8.8671875,53.06349518436912],[8.830810546875,53.066522528119116],[8.812890625000023,53.07001373905662],[8.779199218750023,53.08673737186912],[8.725976562500023,53.12067291874412],[8.711181640625,53.127801824994116],[8.695556640625,53.13209869999412],[8.665185546875023,53.13495514530662],[8.655175781250023,53.138299871869116],[8.639794921875023,53.14972565311912],[8.632714843750023,53.15643952030662],[8.63134765625,53.15944244999412],[8.617089843750023,53.17670319218162],[8.61083984375,53.17987702030662],[8.589111328125,53.178827215619116],[8.577783203125023,53.17963287968162],[8.55419921875,53.18947174686912],[8.512841796875023,53.199579168744116],[8.50439453125,53.21088287968162],[8.501220703125,53.216913153119116],[8.487060546875,53.23517487186912],[8.48388671875,53.24506256718162],[8.48388671875,53.28607819218162],[8.485742187500023,53.30292389530662],[8.497314453125,53.34162018436912],[8.50439453125,53.358026434369116]]]}},{"type":"Feature","properties":{"outlineWidth":2,"fillColor":"#00ffff"},"geometry":{"type":"MultiLineString","coordinates":[[[10.014794921875023,49.71583893436912],[10.008056640625,49.719354559369116],[10.000390625000023,49.72125885624412],[9.994140625,49.72389557499412],[9.985107421875,49.74567291874412],[9.970849609375023,49.75685455936912],[9.95654296875,49.76466705936912],[9.949951171875,49.77077057499412],[9.944482421875023,49.77863190311912],[9.908935546875,49.80153229374412],[9.901123046875,49.80414459843162],[9.887353515625023,49.80597565311912],[9.881738281250023,49.80829498905662],[9.875390625000023,49.81329987186912],[9.873046875,49.81696198124412],[9.871484375000023,49.82135651249412],[9.867431640625,49.82880280155662],[9.847558593750023,49.85670807499412],[9.842529296875,49.87787506718162],[9.840087890625,49.883417059369116],[9.814208984375,49.90680573124412],[9.806396484375,49.919305731244116],[9.812158203125023,49.93121979374412],[9.8037109375,49.93703034061912],[9.771875,49.94855377811912],[9.758203125000023,49.986444403119116],[9.74169921875,49.99806549686912],[9.722802734375023,50.00470612186912],[9.712792968750023,50.01417877811912],[9.723535156250023,50.03412506718162],[9.705957031250023,50.03815338749412],[9.699853515625023,50.03827545780662],[9.687255859375,50.03558991093162],[9.682763671875023,50.03541901249412],[9.66455078125,50.039178778119116],[9.658203125,50.039422918744116],[9.652099609375,50.03859284061912],[9.640283203125023,50.03493073124412],[9.634667968750023,50.03253815311912],[9.616455078125,50.02069733280662],[9.609521484375023,50.01788971561912],[9.59130859375,50.013299871869116],[9.585595703125023,50.010614324994116],[9.579833984375,50.00612213749412],[9.57666015625,50.00079987186912],[9.5712890625,49.988397528119116],[9.562890625000023,49.97394440311912],[9.560546875,49.96852448124412],[9.558984375000023,49.96039459843162],[9.559472656250023,49.95392487186912],[9.5625,49.94818756718162],[9.572509765625,49.93744537968162],[9.60107421875,49.88202545780662],[9.602929687500023,49.87201569218162],[9.600341796875,49.86273834843162],[9.591064453125,49.84332916874412],[9.583642578125023,49.83173248905662],[9.580810546875,49.82538483280662],[9.580224609375023,49.81671784061912],[9.584863281250023,49.81207916874412],[9.601318359375,49.80756256718162],[9.610595703125,49.80243561405662],[9.609521484375023,49.79730866093162],[9.60205078125,49.79254791874412],[9.568994140625023,49.780145574994116],[9.556787109375023,49.77789948124412],[9.544677734375,49.77863190311912],[9.490869140625023,49.79511139530662],[9.472314453125023,49.79542877811912],[9.436669921875023,49.79193756718162],[9.400390625,49.78339264530662],[9.351708984375023,49.78558991093162],[9.339599609375,49.78302643436912],[9.328125,49.778192449994116],[9.317626953125,49.77118561405662],[9.293603515625023,49.74684479374412],[9.27587890625,49.73663971561912],[9.26904296875,49.73102448124412],[9.264404296875,49.72125885624412],[9.262939453125,49.71674225468162],[9.260986328125,49.712518621869116],[9.258056640625,49.70905182499412],[9.253808593750023,49.706415106244116],[9.2509765625,49.70538971561912],[9.247802734375,49.70485260624412],[9.245361328125,49.705682684369116],[9.244287109375023,49.70900299686912],[9.23828125,49.71869537968162],[9.224365234375,49.72438385624412],[9.20849609375,49.72821686405662],[9.196435546875023,49.73261139530662],[9.18505859375,49.74262116093162],[9.181396484375,49.75238678593162],[9.182861328125,49.77760651249412],[9.176904296875023,49.789911199994116],[9.163720703125023,49.79877350468162],[9.14892578125,49.805536199994116],[9.138671875,49.81171295780662],[9.1376953125,49.82208893436912],[9.155419921875023,49.86359284061912],[9.156884765625023,49.88556549686912],[9.149316406250023,49.90919830936912],[9.1328125,49.93036530155662],[9.107080078125023,49.94489166874412],[9.107080078125023,49.95233795780662],[9.117333984375023,49.95380280155662],[9.125634765625023,49.957879949994116],[9.13330078125,49.964471746869116],[9.141845703125,49.97345612186912],[9.127343750000023,49.97894928593162],[9.110595703125,49.98053619999412],[9.076416015625,49.979608465619116],[9.068359375,49.984491278119116],[9.031982421875,50.02118561405662],[9.026611328125,50.04303619999412],[9.025781250000023,50.044794012494116],[9.021240234375,50.048211981244116],[9.011474609375,50.04938385624412],[9.001708984375,50.048211981244116],[8.997216796875023,50.044794012494116],[8.9921875,50.04559967655662],[8.983300781250023,50.04982330936912],[8.979882812500023,50.05914948124412],[8.990966796875,50.07521393436912],[8.975,50.08204987186912],[8.947265625,50.08954498905662],[8.935693359375023,50.096307684369116],[8.91455078125,50.11810944218162],[8.904541015625,50.12526276249412],[8.887939453125,50.13043854374412],[8.80126953125,50.13869049686912],[8.782958984375,50.13812897343162],[8.7724609375,50.13214752811912],[8.778076171875,50.11737702030662],[8.760888671875023,50.11212799686912],[8.699609375000023,50.10700104374412],[8.642578125,50.09613678593162],[8.548730468750023,50.096307684369116],[8.533593750000023,50.092157293744116],[8.523339843750023,50.08209869999412],[8.5078125,50.05841705936912],[8.466796875,50.02741119999412],[8.444970703125023,50.01996491093162],[8.421142578125,50.005975653119116],[8.395166015625023,49.99774811405662],[8.3671875,50.00751373905662],[8.348779296875023,50.00128815311912],[8.305322265625023,50.00050690311912],[8.29150390625,49.993280340619116]]]}},{"type":"Feature","properties":{"outlineWidth":2,"fillColor":"#00ffff"},"geometry":{"type":"MultiLineString","coordinates":[[[-7.651220703124977,41.18121979374412],[-7.641528320312489,41.18121979374412],[-7.658740234374989,41.180047918744116],[-7.673437499999977,41.17426178593162],[-7.702246093749977,41.159295965619116],[-7.719042968749989,41.15473053593162],[-7.738037109375,41.15253327030662],[-7.757177734374977,41.15314362186912],[-7.774169921875,41.15704987186912],[-7.786669921874989,41.16412994999412],[-7.809912109374977,41.181756903119116],[-7.823583984374977,41.18634674686912],[-7.843505859375,41.18439362186912],[-7.940283203124977,41.13788483280662],[-8.062255859375,41.10578034061912],[-8.090673828124977,41.10370514530662],[-8.190380859374983,41.10907623905662],[-8.223242187499977,41.103387762494116],[-8.299853515624989,41.08038971561912],[-8.344921874999983,41.07294342655662],[-8.369970703124977,41.06569244999412],[-8.392822265625,41.06622955936912],[-8.408203125,41.08515045780662],[-8.4150390625,41.08515045780662],[-8.422705078124977,41.06879303593162],[-8.429296874999977,41.06207916874412],[-8.439208984375,41.06325104374412],[-8.50927734375,41.09076569218162],[-8.517431640624977,41.101922918744116],[-8.525,41.11640045780662],[-8.558300781249983,41.134393621869116],[-8.565844726562489,41.14350006718162],[-8.647900390624983,41.14911530155662]]]}},{"type":"Feature","properties":{"outlineWidth":2,"fillColor":"#00ffff"},"geometry":{"type":"MultiLineString","coordinates":[[[-0.744970703124977,53.32277252811912],[-0.747119140624989,53.33063385624412],[-0.763037109374977,53.36261627811912],[-0.767675781249977,53.36688873905662],[-0.774267578124977,53.36957428593162],[-0.779541015625,53.37299225468162],[-0.7802734375,53.37970612186912],[-0.775805664062489,53.390497137494116],[-0.774462890624989,53.39606354374412],[-0.775488281249977,53.40131256718162],[-0.788818359375,53.41950104374412],[-0.798632812499989,53.42921784061912],[-0.801513671875,53.43988678593162],[-0.794042968749977,53.46112702030662],[-0.780371093749977,53.48261139530662],[-0.7490234375,53.51996491093162],[-0.7392578125,53.54298737186912],[-0.724414062499989,53.664911199994116],[-0.70556640625,53.69196198124412]]]}},{"type":"Feature","properties":{"outlineWidth":2,"fillColor":"#00ffff"},"geometry":{"type":"MultiLineString","coordinates":[[[8.620507812500023,45.72638580936912],[8.642480468750023,45.72150299686912],[8.649658203125,45.713495184369116],[8.6484375,45.685174871869116],[8.653076171875,45.67775299686912],[8.672509765625023,45.67067291874412],[8.679931640625,45.66229889530662],[8.682519531250023,45.64801666874412],[8.6787109375,45.639764715619116],[8.674218750000023,45.63239166874412],[8.674072265625,45.62030670780662],[8.677734375,45.615594793744116],[8.692626953125,45.604608465619116],[8.697509765625,45.59979889530662],[8.69921875,45.59345123905662],[8.6982421875,45.58100006718162],[8.70068359375,45.57538483280662],[8.708154296875023,45.56244537968162],[8.72021484375,45.51911041874412],[8.727294921875,45.50983307499412],[8.736962890625023,45.504999090619116],[8.758056640625,45.49762604374412],[8.778564453125,45.481073309369116],[8.81591796875,45.42189362186912]]]}},{"type":"Feature","properties":{"outlineWidth":2,"fillColor":"#00ffff"},"geometry":{"type":"MultiLineString","coordinates":[[[21.29345703125,65.91784088749412],[21.442626953125,65.85687897343162],[21.48095703125,65.84718659061912],[21.599609375,65.83698151249412],[21.626953125,65.82831452030662],[21.651269531250023,65.81745026249412],[21.672021484375023,65.80438873905662],[21.6884765625,65.78912994999412],[21.691064453125023,65.78424713749412],[21.6943359375,65.77204010624412],[21.69580078125,65.76867096561912],[21.702880859375,65.76483795780662],[21.716064453125,65.76349518436912],[21.722558593750023,65.76124909061912],[21.747802734375,65.74921295780662],[21.757568359375,65.74127838749412],[21.76416015625,65.72772858280662]]]}},{"type":"Feature","properties":{"outlineWidth":2,"fillColor":"#00ffff"},"geometry":{"type":"MultiLineString","coordinates":[[[28.781005859375,68.10499909061912],[28.795800781250023,68.08661530155662],[28.849609375,68.04479401249412],[28.866943359375,68.03668854374412],[28.893945312500023,68.00963776249412],[28.904541015625,68.00255768436912],[28.964599609375,67.98773834843162],[28.980224609375,67.98151276249412],[28.980224609375,67.97528717655662],[28.962988281250006,67.96437409061912],[28.9501953125,67.94806549686912],[28.934326171875,67.93329498905662],[28.899316406250023,67.92482330936912],[28.891357421875,67.91925690311912],[28.884375,67.91115143436912],[28.878173828125,67.90143463749412]]]}},{"type":"Feature","properties":{"outlineWidth":2,"fillColor":"#00ffff"},"geometry":{"type":"MultiLineString","coordinates":[[[18.914941406250023,46.19525787968162],[18.936914062500023,46.17824127811912],[18.93896484375,46.157098699994116],[18.930810546875023,46.13715241093162],[18.916748046875,46.12824127811912],[18.89453125,46.12128327030662],[18.888085937500023,46.10455963749412],[18.891748046875023,46.084344793744116],[18.899658203125,46.066766668744116],[18.912011718750023,46.04718659061912],[18.9169921875,46.03632233280662],[18.916748046875,46.028924871869116],[18.895410156250023,46.00617096561912],[18.892236328125023,46.00165436405662],[18.888427734375,45.98444244999412],[18.883691406250023,45.97028229374412],[18.886474609375,45.957391668744116],[18.906494140625,45.94391510624412],[18.902099609375,45.93683502811912],[18.900781250000023,45.93141510624412],[18.90234375,45.92523834843162],[18.906494140625,45.91596100468162],[18.889306640625023,45.908075262494116],[18.88134765625,45.90289948124412],[18.872314453125,45.89552643436912],[18.89306640625,45.88410065311912],[18.903466796875023,45.87592194218162],[18.906494140625,45.86818268436912],[18.899169921875,45.86163971561912],[18.886621093750023,45.859735418744116],[18.854736328125,45.85761139530662]]]}},{"type":"Feature","properties":{"outlineWidth":2,"fillColor":"#00ffff"},"geometry":{"type":"MultiLineString","coordinates":[[[10.06591796875,53.461053778119116],[10.06201171875,53.47797272343162],[10.05859375,53.51557037968162],[10.052978515625,53.52936432499412],[10.041406250000023,53.53419830936912],[9.996728515625023,53.54225494999412],[9.826416015625,53.54982330936912]]]}},{"type":"Feature","properties":{"outlineWidth":2,"fillColor":"#00ffff"},"geometry":{"type":"MultiLineString","coordinates":[[[-4.769775390625,39.24855377811912],[-4.787353515625,39.25726959843162],[-4.816992187499977,39.269647528119116],[-4.83984375,39.28485748905662],[-4.861669921874977,39.313104559369116],[-4.873779296875,39.33808014530662],[-4.906347656249977,39.36029694218162],[-4.9521484375,39.381219793744116],[-4.974658203124989,39.39008209843162],[-4.9951171875,39.392694403119116],[-5.015625,39.388788153119116],[-5.02197265625,39.37982819218162],[-5.018115234374989,39.36525299686912],[-5.018896484374977,39.36041901249412]]]}},{"type":"Feature","properties":{"outlineWidth":2,"fillColor":"#00ffff"},"geometry":{"type":"MultiLineString","coordinates":[[[-19.55144042968749,64.18585846561912],[-19.57763671875,64.17609284061912],[-19.66679687499999,64.14252350468162],[-19.70458984375,64.12543366093162],[-19.72998046875,64.10858795780662],[-19.761962890625,64.07702057499412],[-19.775097656249983,64.06769440311912],[-19.795263671874977,64.06329987186912],[-19.82573242187499,64.06090729374412],[-19.8525390625,64.06268952030662],[-19.863623046874977,64.06837799686912],[-19.87211914062499,64.07538483280662],[-19.892431640624977,64.08038971561912],[-19.92424316406249,64.08173248905662],[-19.960546874999977,64.07960846561912],[-19.991796874999977,64.07448151249412],[-20.028759765624983,64.06334869999412],[-20.08549804687499,64.05707428593162],[-20.116943359375,64.05145905155662],[-20.14958496093749,64.04205963749412],[-20.212890625,64.01984284061912],[-20.24589843749999,64.01508209843162],[-20.27880859375,64.00226471561912],[-20.300048828125,63.99848053593162],[-20.317236328124977,63.99977448124412],[-20.33256835937499,64.01227448124412],[-20.346533203124977,64.01764557499412],[-20.378662109375,64.01735260624412],[-20.429443359375,64.01076080936912],[-20.475537109374983,63.99921295780662],[-20.49626464843749,63.98688385624412],[-20.50439453125,63.97406647343162],[-20.519873046874977,63.96105377811912],[-20.544775390624977,63.95055573124412],[-20.605419921874983,63.93768952030662],[-20.628271484374977,63.92938873905662],[-20.646728515625,63.91417877811912],[-20.665869140624977,63.89142487186912],[-20.68559570312499,63.86339752811912]]]}},{"type":"Feature","properties":{"outlineWidth":2,"fillColor":"#00ffff"},"geometry":{"type":"MultiLineString","coordinates":[[[11.354638671875023,50.103143621869116],[11.2744140625,50.12750885624412],[11.238525390625,50.132440496869116],[11.229248046875,50.137323309369116],[11.212304687500023,50.14972565311912],[11.162353515625,50.17633698124412],[11.143457031250023,50.18964264530662],[11.125390625000023,50.19923737186912],[11.106591796875023,50.20123932499412],[11.0849609375,50.19183991093162],[11.032617187500023,50.14215729374412],[11.011962890625,50.13043854374412],[10.978515625,50.12152741093162],[10.963134765625,50.11334869999412],[10.956689453125023,50.099725653119116],[10.953515625000023,50.08515045780662],[10.936767578125,50.04657623905662],[10.9091796875,50.00294830936912],[10.894189453125023,49.986688543744116],[10.87890625,49.979608465619116],[10.859033203125023,49.97553131718162],[10.861083984375,49.96461823124412],[10.869384765625,49.94916412968162],[10.867919921875,49.93121979374412],[10.8544921875,49.921502996869116],[10.835839843750023,49.920282293744116],[10.772851562500023,49.92694733280662],[10.759765625,49.93256256718162],[10.738183593750023,49.95233795780662],[10.724853515625,49.96022369999412],[10.618066406250023,49.993280340619116],[10.581689453125023,49.996454168744116],[10.549218750000023,50.005243231244116],[10.4912109375,50.03424713749412],[10.469140625000023,50.020868231244116],[10.439208984375,50.01434967655662],[10.37451171875,50.01442291874412],[10.34716796875,50.01898834843162],[10.326806640625023,50.02741119999412],[10.293847656250023,50.04938385624412],[10.279541015625,50.05475494999412],[10.252099609375023,50.05365631718162],[10.22802734375,50.04103424686912],[10.179931640625,49.99872467655662],[10.175195312500023,49.99249909061912],[10.174462890625023,49.98529694218162],[10.17578125,49.97345612186912],[10.1826171875,49.94623444218162],[10.182763671875023,49.934198309369116],[10.17578125,49.92499420780662],[10.17578125,49.91815827030662],[10.18994140625,49.90607330936912],[10.183349609375,49.896600653119116],[10.169677734375,49.88849518436912],[10.162255859375023,49.88031647343162],[10.169677734375,49.87006256718162],[10.205468750000023,49.868280340619116],[10.217529296875,49.85670807499412],[10.1845703125,49.85932037968162],[10.170654296875,49.85626862186912],[10.172753906250023,49.84589264530662],[10.205224609375023,49.82294342655662],[10.211328125000023,49.81513092655662],[10.212646484375,49.80341217655662],[10.208251953125,49.79730866093162],[10.197265625,49.79498932499412],[10.179589843750023,49.79462311405662],[10.163476562500023,49.792596746869116],[10.156982421875,49.78620026249412],[10.149169921875,49.759881903119116],[10.161376953125,49.74342682499412],[10.151611328125,49.72357819218162],[10.121240234375023,49.69166901249412],[10.149169921875,49.67799713749412],[10.117089843750023,49.66693756718162],[10.082177734375023,49.66693756718162],[10.050683593750023,49.67506744999412],[10.02880859375,49.68854401249412],[10.024072265625023,49.69550202030662],[10.02001953125,49.70892975468162],[10.014794921875023,49.71583893436912]]]}},{"type":"Feature","properties":{"outlineWidth":2,"fillColor":"#00ffff"},"geometry":{"type":"MultiLineString","coordinates":[[[1.674951171875023,42.78351471561912],[1.662841796875,42.78949616093162],[1.6513671875,42.79828522343162],[1.618310546875023,42.83197662968162],[1.603417968750023,42.85529205936912],[1.5966796875,42.88080475468162],[1.5966796875,42.88080475468162],[1.5966796875,42.88080475468162],[1.5966796875,42.88080475468162],[1.5966796875,42.88080475468162],[1.629296875000023,42.91286041874412],[1.592187500000023,42.99140045780662],[1.60693359375,43.03412506718162],[1.619384765625,43.05324127811912],[1.616845703125023,43.071405340619116],[1.5966796875,43.11359284061912],[1.595947265625,43.11884186405662],[1.596923828125,43.12897369999412],[1.5966796875,43.13405182499412],[1.595117187500023,43.13971588749412],[1.590576171875,43.14870026249412],[1.589257812500023,43.15448639530662],[1.591552734375,43.16627838749412],[1.5966796875,43.17970612186912],[1.598779296875023,43.19342682499412],[1.587548828125023,43.215692449994116],[1.583984375,43.237909246869116],[1.579736328125023,43.24701569218162],[1.533593750000023,43.31354401249412],[1.524658203125,43.32208893436912],[1.495263671875023,43.34418366093162],[1.452783203125023,43.39411041874412],[1.447900390625023,43.40485260624412],[1.440332031250023,43.430047918744116],[1.435449218750023,43.43878815311912],[1.4228515625,43.45429108280662],[1.409570312500023,43.47675202030662],[1.4013671875,43.499872137494116],[1.404296875,43.51764557499412]]]}},{"type":"Feature","properties":{"outlineWidth":2,"fillColor":"#00ffff"},"geometry":{"type":"MultiLineString","coordinates":[[[10.60107421875,53.37164948124412],[10.5693359375,53.36371491093162],[10.528222656250023,53.37225983280662],[10.38623046875,53.423700262494116],[10.350341796875,53.43190338749412],[10.285058593750023,53.432489324994116],[10.275781250000023,53.43060944218162],[10.265869140625,53.42694733280662],[10.243554687500023,53.40924713749412],[10.241357421875023,53.40643952030662],[10.186425781250023,53.40424225468162],[10.169677734375,53.40643952030662],[10.153466796875023,53.41351959843162],[10.142822265625,53.42255280155662],[10.13125,53.43043854374412],[10.111083984375,53.433710028119116],[10.098876953125,53.439325262494116],[10.061767578125,53.46588776249412],[10.046142578125,53.474725653119116],[10.029296875,53.478387762494116],[9.977294921875,53.48151276249412],[9.965234375000023,53.48541901249412],[9.938720703125,53.49713776249412],[9.910546875000023,53.505975653119116],[9.874267578125,53.52252838749412],[9.842187500000023,53.52558014530662],[9.83056640625,53.52802155155662],[9.818994140625023,53.54035065311912]]]}},{"type":"Feature","properties":{"outlineWidth":2,"fillColor":"#00ffff"},"geometry":{"type":"MultiLineString","coordinates":[[[14.472900390625,50.34271881718162],[14.485498046875023,50.33961823124412],[14.491357421875023,50.332879949994116],[14.493310546875023,50.32343170780662],[14.493408203125,50.31232330936912],[14.490966796875,50.31024811405662],[14.486962890625023,50.30426666874412],[14.485107421875,50.29791901249412],[14.489990234375,50.29494049686912],[14.503173828125,50.29450104374412],[14.508447265625023,50.29230377811912],[14.513916015625,50.287469793744116],[14.5166015625,50.28681061405662],[14.524658203125,50.28803131718162],[14.527490234375023,50.287469793744116],[14.528076171875,50.28485748905662],[14.52685546875,50.27704498905662],[14.528076171875,50.27150299686912],[14.533105468750023,50.258172918744116],[14.534326171875023,50.25739166874412],[14.540185546875023,50.255975653119116],[14.564599609375023,50.23725006718162],[14.569091796875,50.23285553593162],[14.58056640625,50.23371002811912],[14.594140625000023,50.23810455936912],[14.605371093750023,50.23895905155662],[14.610107421875,50.22943756718162],[14.615625,50.22955963749412],[14.644189453125023,50.20558502811912],[14.683740234375023,50.18190338749412],[14.70703125,50.17482330936912],[14.726806640625,50.178827215619116],[14.7568359375,50.16864655155662],[14.79052734375,50.17072174686912],[14.824853515625023,50.17677643436912],[14.8564453125,50.178827215619116],[14.97314453125,50.16461823124412],[15.03564453125,50.17706940311912],[15.064599609375023,50.17804596561912],[15.0966796875,50.16461823124412],[15.101953125000023,50.15997955936912],[15.111962890625023,50.14870026249412],[15.1171875,50.14411041874412],[15.139062500000023,50.13385651249412],[15.14453125,50.13043854374412],[15.154296875,50.118768621869116],[15.161523437500023,50.10504791874412],[15.163720703125023,50.090204168744116],[15.158837890625023,50.07521393436912]]]}},{"type":"Feature","properties":{"outlineWidth":2,"fillColor":"#00ffff"},"geometry":{"type":"MultiLineString","coordinates":[[[13.499267578125,47.16278717655662],[13.5546875,47.13654205936912],[13.5888671875,47.11671784061912],[13.6171875,47.10548737186912],[13.658837890625023,47.100213934369116],[13.70556640625,47.10475494999412],[13.74462890625,47.11786530155662]]]}},{"type":"Feature","properties":{"outlineWidth":2,"fillColor":"#00ffff"},"geometry":{"type":"MultiLineString","coordinates":[[[4.1103515625,51.04315827030662],[4.1220703125,51.04474518436912],[4.141845703125,51.05690338749412],[4.152978515625023,51.05951569218162],[4.162109375,51.05499909061912],[4.170312500000023,51.04645416874412],[4.179443359375,51.04079010624412],[4.19140625,51.04462311405662],[4.1962890625,51.05451080936912],[4.193261718750023,51.06610748905662],[4.1875,51.07741119999412],[4.1845703125,51.08673737186912],[4.183349609375,51.09564850468162],[4.182031250000023,51.09987213749412],[4.185302734375,51.10426666874412],[4.197900390625023,51.11359284061912],[4.2158203125,51.12152741093162],[4.235595703125,51.12396881718162],[4.276123046875,51.12396881718162],[4.31591796875,51.13214752811912],[4.328515625000023,51.14777252811912],[4.3330078125,51.16969635624412],[4.3486328125,51.196649481244116],[4.391748046875023,51.22492096561912],[4.395263671875,51.23439362186912],[4.308349609375,51.26862213749412]]]}},{"type":"Feature","properties":{"outlineWidth":2,"fillColor":"#00ffff"},"geometry":{"type":"MultiLineString","coordinates":[[[19.187744140625,44.57636139530662],[19.185791015625,44.56964752811912],[19.186767578125,44.55353424686912],[19.184716796875023,44.54645416874412],[19.178955078125,44.53851959843162],[19.172607421875,44.53175690311912],[19.164794921875,44.52692291874412],[19.12939453125,44.51857330936912],[19.126708984375,44.502801824994116],[19.142822265625,44.45844147343162],[19.140771484375023,44.43109772343162],[19.129150390625,44.41632721561912],[19.115234375,44.40382721561912],[19.106689453125,44.382928778119116],[19.1083984375,44.36383698124412],[19.1162109375,44.34393952030662],[19.138330078125023,44.30951569218162],[19.156494140625,44.293817449994116],[19.176513671875,44.287225653119116],[19.219482421875,44.28046295780662],[19.240136718750023,44.27296784061912],[19.248925781250023,44.27101471561912],[19.26318359375,44.27045319218162],[19.29541015625,44.27606842655662],[19.307031250000023,44.27448151249412],[19.323876953125023,44.26422760624412],[19.341064453125,44.24611237186912],[19.353417968750023,44.22455475468162],[19.35546875,44.20429108280662],[19.36181640625,44.19147369999412],[19.380615234375,44.17731354374412],[19.42431640625,44.15399811405662],[19.43505859375,44.146356512494116],[19.44189453125,44.14350006718162],[19.447900390625023,44.14472077030662],[19.459130859375023,44.152948309369116],[19.465234375000023,44.15309479374412],[19.4736328125,44.145135809369116],[19.475830078125,44.12726471561912],[19.482177734375,44.12091705936912],[19.497705078125023,44.110467840619116],[19.521484375,44.08527252811912],[19.553955078125,44.07147858280662],[19.570556640625,44.05714752811912],[19.579736328125023,44.05177643436912],[19.583398437500023,44.05463287968162],[19.58935546875,44.06056549686912],[19.598388671875,44.06281159061912],[19.61083984375,44.054803778119116],[19.618408203125,44.03595612186912],[19.609765625000023,44.01947662968162],[19.5927734375,44.00580475468162],[19.5517578125,43.98371002811912],[19.528076171875,43.97748444218162],[19.50341796875,43.97589752811912],[19.446533203125,43.98004791874412],[19.393457031250023,43.97731354374412],[19.378564453125023,43.97418854374412],[19.364160156250023,43.97357819218162],[19.35107421875,43.979364324994116],[19.3251953125,43.99677155155662],[19.299951171875023,44.00978424686912],[19.286865234375,44.01325104374412],[19.272216796875,44.01264069218162],[19.251611328125023,44.00775787968162],[19.242919921875,44.00226471561912],[19.237548828125,43.992792059369116],[19.237548828125,43.98566315311912],[19.242333984375023,43.97308991093162],[19.240136718750023,43.96600983280662],[19.228759765625,43.95795319218162],[19.214111328125,43.95289948124412],[19.203125,43.94623444218162],[19.202392578125,43.93366119999412],[19.2060546875,43.92706940311912],[19.214746093750023,43.91486237186912],[19.217431640625023,43.90753815311912],[19.217529296875,43.896112371869116],[19.213281250000023,43.873651434369116],[19.214501953125023,43.86249420780662],[19.224755859375023,43.84694244999412],[19.271142578125023,43.81024811405662],[19.281152343750023,43.79389069218162],[19.282958984375,43.77863190311912],[19.275292968750023,43.76666901249412],[19.25625,43.76032135624412],[19.220458984375,43.754510809369116],[19.203125,43.74823639530662],[19.188232421875,43.73810455936912],[19.179931640625,43.72821686405662],[19.167382812500023,43.70607330936912],[19.159570312500023,43.69611237186912],[19.152099609375,43.68947174686912],[19.1455078125,43.68598053593162],[19.138330078125023,43.684930731244116],[19.10302734375,43.68532135624412],[19.052978515625,43.67621491093162],[19.007568359375,43.67829010624412],[18.99755859375,43.67670319218162],[18.988671875000023,43.672235418744116],[18.981591796875023,43.66449616093162],[18.96875,43.63617584843162],[18.958984375,43.626825262494116],[18.94775390625,43.62360260624412],[18.907958984375,43.62892487186912],[18.892578125,43.628290106244116],[18.877587890625023,43.625116278119116],[18.86376953125,43.61920807499412],[18.857568359375023,43.61476471561912],[18.845947265625,43.60443756718162],[18.82080078125,43.58693268436912],[18.81298828125,43.57929108280662],[18.805566406250023,43.57025787968162],[18.765869140625,43.49957916874412],[18.758447265625023,43.49323151249412],[18.751123046875023,43.49049713749412],[18.745996093750023,43.48634674686912],[18.745361328125,43.47589752811912],[18.748291015625,43.461786199994116],[18.752343750000023,43.44977448124412],[18.795556640625023,43.37958405155662],[18.81396484375,43.36232330936912],[18.839257812500023,43.34808991093162],[18.898583984375023,43.35211823124412],[18.9228515625,43.34711334843162],[18.94970703125,43.33331940311912],[18.956787109375,43.32611725468162],[18.957421875000023,43.31928131718162],[18.95654296875,43.31207916874412],[18.958984375,43.30372955936912],[18.968017578125,43.29249909061912],[18.98828125,43.27321198124412],[18.996337890625,43.26027252811912],[19.017822265625,43.24152252811912],[19.045166015625,43.22951080936912],[19.074462890625,43.22296784061912],[19.163330078125,43.21649811405662],[19.190576171875023,43.20900299686912],[19.363916015625023,43.11212799686912],[19.370361328125,43.10524323124412],[19.374755859375,43.09723541874412],[19.377587890625023,43.08856842655662]]]}},{"type":"Feature","properties":{"outlineWidth":2,"fillColor":"#00ffff"},"geometry":{"type":"MultiLineString","coordinates":[[[16.768798828125,64.48016998905662],[16.75625,64.50514557499412],[16.736962890625023,64.53663971561912],[16.72216796875,64.55543854374412],[16.6923828125,64.57514069218162],[16.650292968750023,64.59215729374412],[16.593505859375,64.62506744999412],[16.573144531250023,64.63349030155662],[16.54541015625,64.64357330936912],[16.5185546875,64.65455963749412],[16.420312500000023,64.68703034061912],[16.379541015625023,64.69679596561912],[16.343994140625,64.70250885624412],[16.311279296875,64.70917389530662],[16.25537109375,64.74396393436912],[16.183349609375,64.78119537968162],[16.072900390625023,64.81098053593162],[15.9873046875,64.84450104374412],[15.967187500000023,64.86371491093162],[15.949951171875,64.88300202030662],[15.933837890625,64.89166901249412],[15.917724609375,64.90783112186912],[15.89794921875,64.93947174686912]]]}},{"type":"Feature","properties":{"outlineWidth":2,"fillColor":"#00ffff"},"geometry":{"type":"MultiLineString","coordinates":[[[11.916894531250023,52.37799713749412],[11.916894531250023,52.37799713749412],[11.916894531250023,52.37799713749412],[11.916894531250023,52.37799713749412],[11.916894531250023,52.37799713749412],[11.930078125000023,52.37653229374412],[11.9404296875,52.37872955936912],[11.943994140625023,52.38385651249412],[11.937402343750023,52.39166901249412],[11.937402343750023,52.399042059369116],[11.947900390625023,52.40045807499412],[11.957177734375023,52.403436590619116],[11.964990234375023,52.407586981244116],[11.971435546875,52.41212799686912],[11.989013671875,52.43598053593162],[11.992089843750023,52.44318268436912],[11.9931640625,52.44830963749412],[11.998291015625,52.457635809369116],[11.99951171875,52.46393463749412],[11.997216796875023,52.469598699994116],[11.992431640625,52.47211334843162],[11.987451171875023,52.47382233280662],[11.985253906250023,52.47724030155662],[11.9833984375,52.48859284061912],[11.979150390625023,52.49603912968162],[11.974609375,52.50177643436912],[11.971435546875,52.507684637494116],[11.973388671875,52.53571198124412],[12.0302734375,52.706903387494116],[12.032958984375,52.72431061405662],[12.040185546875023,52.744256903119116],[12.0419921875,52.75665924686912],[12.036767578125023,52.76215241093162],[12.02783203125,52.79205963749412],[12.026123046875,52.79572174686912],[12.02685546875,52.80609772343162],[12.034423828125,52.83624909061912],[12.039453125000023,52.84503815311912],[12.040429687500023,52.85089752811912],[12.0380859375,52.85175202030662],[12.028466796875023,52.858270574994116],[12.026123046875,52.86115143436912],[12.018945312500023,52.87457916874412],[12.001708984375,52.880487371869116],[11.96533203125,52.88507721561912],[11.93798828125,52.89484284061912],[11.924560546875,52.89813873905662],[11.90673828125,52.89935944218162],[11.896630859375023,52.90155670780662],[11.831689453125023,52.928094793744116],[11.833251953125,52.932489324994116],[11.84521484375,52.94342682499412],[11.8505859375,52.954950262494116],[11.83837890625,52.95929596561912],[11.807031250000023,52.96015045780662],[11.793115234375023,52.96698639530662],[11.7626953125,52.99494049686912],[11.7470703125,52.99293854374412],[11.721582031250023,52.984002996869116],[11.71142578125,52.98187897343162],[11.693994140625023,52.98383209843162],[11.68896484375,52.98981354374412],[11.687402343750023,52.99933502811912],[11.680419921875,53.01203034061912],[11.668847656250023,53.01715729374412],[11.6357421875,53.01801178593162],[11.6220703125,53.02223541874412],[11.63037109375,53.02741119999412],[11.635986328125,53.03693268436912],[11.635644531250023,53.04608795780662],[11.62548828125,53.050165106244116],[11.5810546875,53.04266998905662],[11.532128906250023,53.05451080936912],[11.509033203125,53.05634186405662],[11.490478515625,53.06061432499412],[11.460693359375,53.07929108280662],[11.437744140625,53.08368561405662],[11.416748046875,53.08075592655662],[11.384033203125,53.06696198124412],[11.365478515625,53.063836981244116],[11.343994140625,53.06618073124412],[11.327392578125,53.07228424686912],[11.290673828125023,53.09833405155662],[11.262353515625023,53.13056061405662],[11.255615234375,53.13605377811912],[11.239501953125,53.14186432499412],[11.232080078125023,53.14862702030662],[11.224511718750023,53.15289948124412],[11.21435546875,53.14887116093162],[11.201171875,53.14032623905662],[11.194238281250023,53.14081452030662],[11.183837890625,53.15192291874412],[11.176025390625,53.15871002811912],[11.170166015625,53.16530182499412],[11.164306640625,53.17072174686912],[11.155908203125023,53.173700262494116],[11.143212890625023,53.17255280155662],[11.132958984375023,53.16749909061912],[11.124755859375,53.161981512494116],[11.109130859375,53.15558502811912],[11.099511718750023,53.14838287968162],[11.089257812500023,53.14406159061912],[11.077392578125,53.14887116093162],[11.06787109375,53.155389715619116],[11.039941406250023,53.16620514530662],[10.929931640625,53.22833893436912],[10.839111328125,53.25995514530662],[10.80712890625,53.27545807499412],[10.78662109375,53.29328034061912],[10.77490234375,53.30011627811912],[10.755615234375,53.30280182499412],[10.7392578125,53.30829498905662],[10.734521484375023,53.32155182499412],[10.734130859375,53.33771393436912],[10.731347656250023,53.35182526249412],[10.709619140625023,53.36823151249412],[10.67529296875,53.37355377811912],[10.60107421875,53.37164948124412]]]}},{"type":"Feature","properties":{"outlineWidth":2,"fillColor":"#00ffff"},"geometry":{"type":"MultiLineString","coordinates":[[[21.15234375,68.84205963749412],[21.216064453125,68.81749909061912],[21.275146484375,68.77672760624412],[21.287744140625023,68.77033112186912],[21.293212890625,68.76850006718162],[21.300439453125023,68.75946686405662],[21.304931640625,68.75604889530662],[21.314208984375,68.75433991093162],[21.385400390625023,68.75409577030662],[21.405908203125023,68.74921295780662],[21.414794921875,68.73903229374412],[21.420800781250023,68.72780182499412],[21.451074218750023,68.69679596561912],[21.463134765625,68.68720123905662],[21.495019531250023,68.67572662968162],[21.57177734375,68.66766998905662],[21.661035156250023,68.63385651249412],[21.71630859375,68.61950104374412],[21.736474609375023,68.58820221561912],[21.918603515625023,68.56854889530662],[21.96337890625,68.54718659061912],[21.969384765625023,68.54113190311912],[21.997949218750023,68.52619049686912],[22.011621093750023,68.51671784061912],[22.023681640625,68.51080963749412],[22.028222656250023,68.50963776249412],[22.035546875000023,68.50685455936912],[22.036865234375,68.50036041874412],[22.0361328125,68.49318268436912],[22.037841796875,68.48859284061912],[22.071679687500023,68.47724030155662],[22.302490234375,68.47638580936912],[22.37060546875,68.46869537968162],[22.373925781250023,68.46649811405662],[22.373437500000023,68.45665924686912],[22.377343750000023,68.45441315311912],[22.456298828125,68.45216705936912],[22.520751953125,68.43854401249412],[22.564697265625,68.43659088749412],[22.607177734375,68.42516510624412],[22.625244140625,68.42540924686912],[22.642822265625,68.42760651249412],[22.66162109375,68.42775299686912],[22.689697265625,68.41701080936912],[22.718505859375,68.39899323124412],[22.748046875,68.38580963749412],[22.8076171875,68.39520905155662],[22.832910156250023,68.38507721561912],[22.874658203125023,68.35138580936912],[22.903222656250023,68.33685944218162],[23.051660156250023,68.29852936405662],[23.066308593750023,68.29059479374412],[23.072998046875,68.28224518436912],[23.075927734375,68.27411530155662],[23.0810546875,68.26557037968162],[23.094384765625023,68.25580475468162],[23.139550781250023,68.23444244999412],[23.154687500000023,68.21779205936912],[23.14892578125,68.19435455936912],[23.157958984375,68.18703034061912],[23.1591796875,68.17902252811912],[23.153955078125023,68.15399811405662],[23.149316406250023,68.14513580936912],[23.14892578125,68.13971588749412],[23.151123046875,68.13056061405662],[23.154052734375,68.12860748905662],[23.158349609375023,68.12787506718162],[23.1650390625,68.12238190311912],[23.186767578125,68.12250397343162],[23.271484375,68.14533112186912],[23.305908203125,68.14594147343162],[23.3193359375,68.13861725468162],[23.330322265625,68.12804596561912],[23.37060546875,68.06871979374412],[23.374267578125,68.06032135624412],[23.38232421875,68.05153229374412],[23.456787109375,68.02460358280662]]]}},{"type":"Feature","properties":{"outlineWidth":2,"fillColor":"#00ffff"},"geometry":{"type":"MultiLineString","coordinates":[[[19.35888671875,44.90114166874412],[19.341210937500023,44.90968659061912],[19.324853515625023,44.92230866093162],[19.340576171875,44.92157623905662],[19.37158203125,44.91388580936912],[19.386376953125023,44.915399481244116],[19.3974609375,44.92352936405662],[19.395654296875023,44.93183014530662],[19.3857421875,44.93891022343162],[19.37255859375,44.94337799686912],[19.38916015625,44.95331452030662],[19.410058593750023,44.96015045780662],[19.431054687500023,44.961786199994116],[19.44775390625,44.95636627811912],[19.449853515625023,44.97169830936912],[19.463134765625,44.98041412968162],[19.48486328125,44.98383209843162],[19.511865234375023,44.98322174686912]]]}},{"type":"Feature","properties":{"outlineWidth":2,"fillColor":"#00ffff"},"geometry":{"type":"MultiLineString","coordinates":[[[-4.557470703124977,37.96344635624412],[-4.562255859375,37.96027252811912],[-4.615478515625,37.96002838749412],[-4.623779296875,37.958368231244116],[-4.624926757812489,37.954461981244116],[-4.624072265624989,37.94996979374412],[-4.628076171874994,37.943231512494116],[-4.627050781249977,37.93915436405662],[-4.627197265625,37.93524811405662],[-4.632568359375,37.93268463749412],[-4.637451171875,37.93287994999412],[-4.639257812499977,37.93507721561912],[-4.640966796874977,37.93776276249412],[-4.645556640624989,37.93952057499412],[-4.660205078124989,37.95050690311912],[-4.67138671875,37.954461981244116],[-4.683691406249977,37.94940827030662],[-4.722119140624983,37.90265534061912],[-4.734912109374989,37.891717840619116],[-4.746191406249977,37.88715241093162],[-4.758886718749977,37.88495514530662],[-4.786816406249983,37.88422272343162],[-4.8,37.88007233280662],[-4.821533203125,37.86176178593162],[-4.8349609375,37.85761139530662],[-4.844580078124977,37.85578034061912],[-4.864453124999983,37.84674713749412],[-4.878955078124989,37.84332916874412],[-4.912695312499977,37.840936590619116],[-5.007568359375,37.81232330936912],[-5.033203125,37.80914948124412],[-5.091552734375,37.81325104374412],[-5.118017578124977,37.81012604374412],[-5.1396484375,37.79616119999412],[-5.1328125,37.788690496869116],[-5.140966796874977,37.784784246869116],[-5.1982421875,37.79010651249412],[-5.207373046874977,37.787958074994116],[-5.228271484375,37.77936432499412],[-5.233642578125,37.77809479374412],[-5.238940429687489,37.775995184369116],[-5.245800781249983,37.77130768436912],[-5.24853515625,37.76581452030662],[-5.247900390624977,37.75214264530662],[-5.24951171875,37.74774811405662],[-5.26025390625,37.74213287968162],[-5.297290039062489,37.73346588749412],[-5.301806640624989,37.73126862186912],[-5.306201171874989,37.72804596561912],[-5.3095703125,37.72340729374412],[-5.310888671874977,37.716669012494116],[-5.3134765625,37.71344635624412],[-5.319262695312489,37.713251043744116],[-5.326025390624977,37.713983465619116],[-5.331396484374977,37.71356842655662],[-5.336669921875,37.712518621869116],[-5.355639648437489,37.71356842655662],[-5.362597656249989,37.710321356244116],[-5.367285156249977,37.703241278119116],[-5.370361328125,37.69599030155662],[-5.372412109374977,37.69245026249412],[-5.385791015624989,37.69269440311912],[-5.396826171874977,37.69635651249412],[-5.406103515624977,37.698114324994116],[-5.413916015624977,37.69245026249412],[-5.415673828124994,37.682489324994116],[-5.411474609374977,37.67213776249412],[-5.405078124999989,37.663446356244116],[-5.400341796874983,37.658319403119116],[-5.459643554687489,37.67072174686912],[-5.468603515624977,37.66889069218162],[-5.478076171874989,37.68012116093162],[-5.499560546874989,37.67702057499412],[-5.522802734374977,37.66725494999412],[-5.5712890625,37.63454010624412],[-5.607031249999977,37.62055084843162],[-5.645678710937489,37.61701080936912],[-5.710253906249989,37.62794830936912],[-5.773364257812489,37.62421295780662]]]}},{"type":"Feature","properties":{"outlineWidth":2,"fillColor":"#00ffff"},"geometry":{"type":"MultiLineString","coordinates":[[[11.53955078125,49.85670807499412],[11.5947265625,49.82880280155662],[11.599853515625,49.83234284061912],[11.611572265625,49.838251043744116],[11.615869140625023,49.842401434369116],[11.618066406250023,49.84894440311912],[11.61767578125,49.855340887494116],[11.615869140625023,49.86359284061912],[11.627197265625,49.89166901249412],[11.627587890625023,49.903680731244116],[11.615869140625023,49.91132233280662],[11.631982421875023,49.91945221561912],[11.631738281250023,49.927850653119116],[11.626855468750023,49.936395574994116],[11.62890625,49.94489166874412],[11.62890625,49.95233795780662],[11.6103515625,49.95314362186912],[11.583251953125,49.94916412968162],[11.567529296875023,49.95233795780662],[11.553466796875,49.95905182499412],[11.541162109375023,49.968133856244116],[11.531640625000023,49.979608465619116],[11.52587890625,49.993280340619116],[11.515039062500023,49.98993561405662],[11.506591796875,49.99579498905662],[11.49169921875,50.01442291874412],[11.463037109375023,50.02887604374412],[11.44921875,50.04035065311912],[11.443359375,50.05841705936912],[11.431884765625,50.07496979374412],[11.405517578125,50.08771393436912],[11.354638671875023,50.103143621869116]]]}},{"type":"Feature","properties":{"outlineWidth":2,"fillColor":"#00ffff"},"geometry":{"type":"MultiLineString","coordinates":[[[16.8779296875,46.314081121869116],[16.871240234375023,46.327508856244116],[16.87451171875,46.343133856244116],[16.864990234375,46.35939362186912],[16.85,46.37330963749412],[16.837158203125,46.38214752811912],[16.831933593750023,46.38214752811912],[16.829736328125023,46.377557684369116],[16.827050781250023,46.37433502811912],[16.820458984375023,46.37843659061912],[16.816064453125023,46.38226959843162],[16.811767578125,46.38527252811912],[16.807373046875,46.387567449994116],[16.802978515625,46.38898346561912],[16.776025390625023,46.393182684369116],[16.768798828125,46.39642975468162],[16.761376953125023,46.38214752811912],[16.754541015625023,46.38214752811912],[16.742333984375023,46.39984772343162],[16.7119140625,46.41290924686912],[16.693115234375,46.42987702030662],[16.677001953125,46.44891998905662],[16.65869140625,46.46442291874412],[16.63720703125,46.474725653119116],[16.610595703125,46.47833893436912],[16.610595703125,46.47833893436912],[16.610595703125,46.47833893436912],[16.610595703125,46.47833893436912],[16.610595703125,46.47833893436912],[16.6015625,46.48236725468162],[16.593896484375023,46.48322174686912],[16.587646484375,46.47980377811912],[16.583251953125,46.47089264530662],[16.577050781250023,46.47089264530662],[16.563720703125,46.48016998905662],[16.515039062500023,46.49884674686912],[16.5205078125,46.49884674686912],[16.490625,46.51539948124412],[16.480859375000023,46.51930573124412],[16.47021484375,46.52052643436912],[16.448486328125,46.51862213749412],[16.439843750000023,46.51930573124412],[16.431542968750023,46.52345612186912],[16.414697265625023,46.53583405155662],[16.40576171875,46.53974030155662],[16.394433593750023,46.54035065311912],[16.381591796875,46.53961823124412],[16.368896484375,46.54083893436912],[16.357421875,46.547235418744116],[16.35107421875,46.53974030155662],[16.343652343750023,46.547235418744116],[16.329492187500023,46.53571198124412],[16.310205078125023,46.53126862186912],[16.292138671875023,46.53473541874412],[16.281640625000023,46.547235418744116],[16.274560546875023,46.54450104374412],[16.271728515625,46.54274323124412],[16.267968750000023,46.53974030155662],[16.254052734375023,46.54743073124412],[16.216699218750023,46.584100653119116],[16.203369140625,46.591913153119116],[16.120361328125,46.61908600468162],[16.067041015625023,46.64435455936912],[16.0419921875,46.66266510624412]]]}},{"type":"Feature","properties":{"outlineWidth":2,"fillColor":"#00ffff"},"geometry":{"type":"MultiLineString","coordinates":[[[12.027587890625,60.52484772343162],[12.061767578125,60.49127838749412],[12.06396484375,60.48151276249412],[12.051513671875,60.47638580936912],[12.03466796875,60.47272369999412],[12.024169921875,60.46740143436912],[12.0234375,60.45802643436912],[12.028710937500023,60.45050690311912],[12.035400390625,60.44298737186912],[12.038476562500023,60.43329498905662],[12.0361328125,60.42540924686912],[12.0263671875,60.40734284061912],[12.024169921875,60.39479401249412],[12.028466796875023,60.38463776249412],[12.037011718750023,60.37421295780662],[12.04345703125,60.36383698124412],[12.04150390625,60.35382721561912],[12.032128906250023,60.34613678593162],[12.023095703125023,60.34210846561912],[12.015527343750023,60.33624909061912],[12.010498046875,60.32343170780662],[12.030517578125,60.25800202030662],[12.027587890625,60.24767487186912],[12.023681640625,60.24262116093162],[12.017578125,60.21837799686912],[12.013916015625,60.21015045780662],[12.001123046875023,60.19948151249412],[11.993896484375,60.19909088749412],[11.985595703125,60.20338776249412],[11.969628906250023,60.20673248905662],[11.913964843750023,60.20221588749412],[11.88818359375,60.20397369999412],[11.837060546875023,60.22870514530662],[11.730126953125023,60.24767487186912],[11.698144531250023,60.24848053593162],[11.679345703125023,60.23602936405662],[11.662744140625023,60.22089264530662],[11.637597656250023,60.21356842655662],[11.606201171875,60.20819733280662],[11.559228515625023,60.18214752811912],[11.531982421875,60.17255280155662],[11.482568359375023,60.17047760624412],[11.46923828125,60.16510651249412],[11.460839843750023,60.15431549686912],[11.459863281250023,60.14423248905662],[11.460839843750023,60.13532135624412],[11.458740234375,60.12787506718162],[11.440576171875023,60.11371491093162],[11.373681640625023,60.08319733280662],[11.30859375,60.02484772343162],[11.288476562500023,60.01068756718162],[11.222900390625,59.98016998905662],[11.197509765625,59.96295807499412],[11.159570312500023,59.92597077030662],[11.133544921875,59.91193268436912]]]}},{"type":"Feature","properties":{"outlineWidth":2,"fillColor":"#00ffff"},"geometry":{"type":"MultiLineString","coordinates":[[[5.687646484375023,50.76105377811912],[5.6982421875,50.78400299686912],[5.7041015625,50.82453034061912],[5.700341796875023,50.86427643436912],[5.681396484375,50.88458893436912],[5.687890625000023,50.88934967655662],[5.701416015625,50.90504791874412],[5.705468750000023,50.906854559369116],[5.717041015625,50.90949127811912],[5.721826171875023,50.91193268436912],[5.734619140625,50.92426178593162],[5.751953125,50.94752838749412],[5.763427734375,50.95966217655662],[5.753808593750023,50.96332428593162],[5.744042968750023,50.963495184369116],[5.721826171875023,50.95966217655662],[5.761132812500023,50.99945709843162],[5.777099609375,51.02387116093162],[5.763427734375,51.03541901249412],[5.765771484375023,51.04865143436912],[5.770898437500023,51.05841705936912],[5.779052734375,51.06159088749412],[5.790673828125023,51.055292059369116],[5.798242187500023,51.06171295780662],[5.803857421875023,51.06886627811912],[5.811279296875,51.08258698124412],[5.808496093750023,51.08661530155662],[5.806884765625,51.08966705936912],[5.804443359375,51.09686920780662],[5.815332031250023,51.09613678593162],[5.826074218750023,51.09718659061912],[5.836181640625,51.09979889530662],[5.845361328125023,51.10370514530662],[5.82275390625,51.11908600468162],[5.825830078125023,51.13043854374412],[5.859619140625,51.151483465619116]]]}},{"type":"Feature","properties":{"outlineWidth":2,"fillColor":"#00ffff"},"geometry":{"type":"MultiLineString","coordinates":[[[16.433007812500023,60.15582916874412],[16.433007812500023,60.15582916874412],[16.433007812500023,60.15582916874412],[16.433007812500023,60.15582916874412],[16.433007812500023,60.15582916874412],[16.44775390625,60.15949127811912],[16.498681640625023,60.16327545780662]]]}},{"type":"Feature","properties":{"outlineWidth":2,"fillColor":"#00ffff"},"geometry":{"type":"MultiLineString","coordinates":[[[11.980712890625,61.80162994999412],[11.97216796875,61.80910065311912],[11.967675781250023,61.81911041874412],[11.968994140625,61.83287994999412],[11.978271484375,61.84962799686912],[11.993408203125,61.86681549686912],[12.018212890625023,61.87951080936912],[12.051171875000023,61.88537018436912],[12.08984375,61.88641998905662],[12.163232421875023,61.88068268436912],[12.205712890625023,61.86828034061912],[12.257470703125023,61.85729401249412],[12.279052734375,61.85077545780662]]]}},{"type":"Feature","properties":{"outlineWidth":2,"fillColor":"#00ffff"},"geometry":{"type":"MultiLineString","coordinates":[[[12.294755603591499,46.73269146563875],[12.328974070398074,46.73374265461263],[12.393684837982034,46.744493730232236],[12.445317990314136,46.7485537228056],[12.477583332120712,46.74600376586403],[12.520698566495737,46.75455822845224],[12.567386576243834,46.76510160953597],[12.612902710991978,46.77321018181463],[12.640034193392461,46.779260033977934]]]}},{"type":"Feature","properties":{"outlineWidth":2,"fillColor":"#00ffff"},"geometry":{"type":"MultiLineString","coordinates":[[[4.712646484375,47.51264069218162],[4.7041015625,47.526971746869116],[4.700830078125023,47.54096100468162],[4.704736328125023,47.55451080936912],[4.705322265625,47.57179596561912],[4.707666015625023,47.57789948124412],[4.704492187500023,47.585321356244116],[4.697412109375023,47.59162018436912],[4.690332031250023,47.59967682499412],[4.687158203125023,47.61261627811912],[4.68701171875,47.635858465619116],[4.685302734375,47.64435455936912],[4.673583984375,47.678583074994116],[4.66748046875,47.68439362186912],[4.652978515625023,47.69118073124412],[4.623046875,47.697626043744116],[4.6103515625,47.70331452030662],[4.605224609375,47.714715887494116],[4.599609375,47.74103424686912],[4.585205078125,47.76300690311912],[4.565185546875,47.78058502811912],[4.543115234375023,47.793573309369116],[4.546533203125023,47.80585358280662],[4.563623046875023,47.83449127811912],[4.570458984375023,47.85260651249412],[4.576171875,47.86256744999412],[4.584716796875,47.869256903119116],[4.566162109375,47.86891510624412],[4.552978515625,47.87543366093162],[4.543701171875,47.88576080936912],[4.536865234375,47.896600653119116],[4.542871093750023,47.89943268436912],[4.545654296875,47.90260651249412],[4.547607421875,47.90619537968162],[4.550537109375,47.91022369999412],[4.536035156250023,47.91994049686912],[4.505859375,47.95807526249412]]]}},{"type":"Feature","properties":{"outlineWidth":2,"fillColor":"#00ffff"},"geometry":{"type":"MultiLineString","coordinates":[[[5.673974609375023,48.403680731244116],[5.677392578125023,48.413690496869116],[5.6845703125,48.45148346561912],[5.694970703125023,48.453973699994116],[5.702294921875023,48.46063873905662],[5.706689453125023,48.47052643436912],[5.708251953125,48.48248932499412],[5.711328125000023,48.49220612186912],[5.7255859375,48.512811590619116],[5.729248046875,48.51979401249412],[5.728759765625,48.53070709843162],[5.7255859375,48.537958074994116],[5.720703125,48.53778717655662],[5.715576171875,48.52662994999412],[5.708251953125,48.52662994999412],[5.704492187500023,48.53851959843162],[5.697509765625,48.547479559369116],[5.687255859375,48.55299713749412],[5.673974609375023,48.55451080936912],[5.673974609375023,48.56073639530662],[5.686914062500023,48.56928131718162],[5.687158203125023,48.58429596561912],[5.6826171875,48.60133698124412],[5.681396484375,48.61591217655662],[5.690185546875,48.62672760624412],[5.702050781250023,48.63556549686912],[5.705078125,48.64496491093162],[5.687646484375023,48.65753815311912],[5.715722656250023,48.66456940311912],[5.727783203125,48.67145416874412],[5.7255859375,48.68146393436912],[5.709375,48.701044012494116],[5.700830078125023,48.70831940311912],[5.687646484375023,48.71217682499412],[5.675927734375023,48.71071198124412],[5.653076171875,48.70087311405662],[5.642968750000023,48.69855377811912],[5.63330078125,48.70307037968162],[5.6328125,48.71290924686912],[5.64013671875,48.72235748905662],[5.653564453125,48.72584869999412],[5.653564453125,48.73322174686912],[5.643798828125,48.741571356244116],[5.637353515625023,48.74494049686912],[5.629638671875,48.74635651249412],[5.6220703125,48.74982330936912],[5.619287109375023,48.75783112186912],[5.6171875,48.76710846561912],[5.611962890625023,48.77423737186912],[5.590087890625,48.77960846561912],[5.58837890625,48.78046295780662],[5.576562500000023,48.78266022343162],[5.575439453125,48.788202215619116],[5.577392578125,48.79591705936912],[5.57470703125,48.80438873905662],[5.567529296875023,48.80768463749412],[5.550683593750023,48.80592682499412],[5.543701171875,48.80780670780662],[5.539794921875,48.81447174686912],[5.535791015625023,48.83209869999412],[5.533447265625,48.83571198124412],[5.517724609375023,48.83966705936912],[5.520166015625023,48.84845612186912],[5.533447265625,48.85761139530662],[5.550537109375,48.86237213749412],[5.536767578125023,48.87238190311912],[5.525390625,48.87323639530662],[5.5126953125,48.87055084843162],[5.495849609375,48.86981842655662],[5.50390625,48.87916901249412],[5.517968750000023,48.88690827030662],[5.531005859375,48.89203522343162],[5.536865234375,48.893426824994116],[5.533105468750023,48.90949127811912],[5.524169921875,48.91596100468162],[5.5126953125,48.92067291874412],[5.502099609375023,48.931268621869116],[5.5009765625,48.94086334843162],[5.507226562500023,48.96185944218162],[5.505859375,48.96881744999412],[5.424218750000023,49.024286199994116],[5.416748046875,49.02753327030662],[5.412109375,49.034540106244116],[5.413818359375,49.05023834843162],[5.420166015625,49.07465241093162],[5.410546875000023,49.13258698124412],[5.403076171875,49.14015534061912],[5.379296875000023,49.150995184369116],[5.38671875,49.16693756718162],[5.378173828125,49.17426178593162],[5.364990234375,49.17750885624412],[5.358154296875,49.18141510624412],[5.360009765625023,49.19098541874412],[5.372460937500023,49.21930573124412],[5.31884765625,49.22125885624412],[5.304101562500023,49.225458074994116],[5.29736328125,49.23615143436912],[5.30859375,49.243524481244116],[5.337548828125023,49.25343659061912],[5.286279296875023,49.29096100468162],[5.263818359375023,49.31325104374412],[5.26318359375,49.32916901249412],[5.247460937500023,49.33473541874412],[5.212890625,49.33881256718162],[5.197998046875,49.34589264530662],[5.190185546875,49.35773346561912],[5.185791015625,49.388544012494116],[5.180566406250023,49.40424225468162],[5.191064453125023,49.40607330936912],[5.197509765625,49.410516668744116],[5.20068359375,49.41779205936912],[5.20166015625,49.42780182499412],[5.199462890625,49.433465887494116],[5.190185546875,49.44269440311912],[5.18798828125,49.448602606244116],[5.18896484375,49.45436432499412],[5.191162109375,49.45734284061912],[5.193359375,49.45941803593162],[5.194238281250023,49.462274481244116],[5.195068359375,49.46857330936912],[5.196435546875023,49.47272369999412],[5.196679687500023,49.47760651249412],[5.194238281250023,49.48615143436912],[5.1650390625,49.53949616093162],[5.157470703125,49.547235418744116],[5.145263671875,49.54877350468162],[5.104882812500023,49.54730866093162],[5.0986328125,49.548211981244116],[5.095458984375,49.551629949994116],[5.091455078125023,49.55756256718162],[5.083984375,49.56232330936912],[5.070703125000023,49.561883856244116],[5.070703125000023,49.56813385624412],[5.090087890625,49.578729559369116],[5.099267578125023,49.59113190311912],[5.095947265625,49.60407135624412],[5.078125,49.61652252811912],[4.958398437500023,49.67389557499412],[4.9404296875,49.685419012494116],[4.9267578125,49.71271393436912],[4.90625,49.739374090619116],[4.894433593750023,49.737420965619116],[4.893212890625023,49.731561590619116],[4.89501953125,49.72296784061912],[4.892578125,49.71271393436912],[4.895263671875,49.71369049686912],[4.897851562500023,49.71046784061912],[4.8974609375,49.70485260624412],[4.892578125,49.69843170780662],[4.888574218750023,49.697381903119116],[4.8720703125,49.69843170780662],[4.830322265625,49.694696356244116],[4.80615234375,49.69513580936912],[4.790185546875023,49.69843170780662],[4.778955078125023,49.708124090619116],[4.779296875,49.71613190311912],[4.783105468750023,49.72389557499412],[4.78271484375,49.73261139530662],[4.7763671875,49.74415924686912],[4.7724609375,49.748407293744116],[4.75537109375,49.75372955936912],[4.735498046875023,49.75751373905662],[4.691552734375023,49.759881903119116],[4.673486328125023,49.76735260624412],[4.683251953125023,49.77265045780662],[4.692529296875023,49.77411530155662],[4.700830078125023,49.77223541874412],[4.707666015625023,49.76735260624412],[4.701416015625,49.76735260624412],[4.735595703125,49.76735260624412],[4.721337890625023,49.78102448124412],[4.730712890625,49.78217194218162],[4.739648437500023,49.78180573124412],[4.747802734375,49.78278229374412],[4.75537109375,49.78786041874412]]]}},{"type":"Feature","properties":{"outlineWidth":2,"fillColor":"#00ffff"},"geometry":{"type":"MultiLineString","coordinates":[[[12.052001953125,43.76515534061912],[12.037841796875,43.756708074994116],[12.031396484375023,43.73854401249412],[12.033203125,43.71686432499412],[12.0400390625,43.702264715619116],[12.060546875,43.64728424686912],[12.06640625,43.61383698124412],[12.046630859375,43.59332916874412],[12.046630859375,43.586542059369116],[12.08203125,43.579950262494116],[12.1123046875,43.56976959843162],[12.138916015625,43.55421784061912],[12.163330078125,43.53131744999412],[12.16748046875,43.522333074994116],[12.1689453125,43.51349518436912],[12.171875,43.506708074994116],[12.186914062500023,43.50202057499412],[12.211181640625,43.48969147343162],[12.222070312500023,43.47858307499412],[12.23291015625,43.46381256718162],[12.239990234375,43.44830963749412],[12.239013671875,43.43507721561912],[12.232177734375,43.442499090619116],[12.246337890625,43.38092682499412],[12.252685546875,43.366815496869116]]]}},{"type":"Feature","properties":{"outlineWidth":2,"fillColor":"#00ffff"},"geometry":{"type":"MultiLineString","coordinates":[[[25.36767578125,46.91913483280662],[25.176367187500006,46.967645574994116],[25.154394531250006,46.96832916874412],[25.091894531250006,46.96259186405662],[25.066650390625,46.96442291874412],[25,46.98468659061912],[24.9580078125,46.98488190311912],[24.915429687500023,46.97125885624412],[24.8388671875,46.92767975468162],[24.818603515625,46.91242096561912],[24.8017578125,46.89545319218162],[24.75927734375,46.83497955936912],[24.707275390625,46.78595612186912],[24.611474609375023,46.63458893436912],[24.544580078125023,46.56061432499412],[24.45458984375,46.506463934369116],[24.355126953125023,46.47333405155662],[24.260009765625,46.46234772343162],[24.237695312500023,46.466180731244116],[24.1982421875,46.48236725468162],[24.158349609375023,46.48773834843162],[24.152587890625,46.48700592655662],[24.143701171875023,46.48219635624412],[24.13623046875,46.47455475468162],[24.130761718750023,46.45949127811912],[24.126855468750023,46.45563385624412],[24.111083984375,46.45368073124412],[24.110253906250023,46.45978424686912],[24.112939453125023,46.46918366093162],[24.107568359375023,46.47706940311912],[24.0908203125,46.48121979374412],[24.081445312500023,46.47797272343162],[24.074121093750023,46.47145416874412],[24.064111328125023,46.46539948124412],[24.052392578125023,46.45160553593162],[24.048730468750023,46.44806549686912],[24.044921875,46.44923737186912],[24.03564453125,46.45880768436912],[24.03076171875,46.460077215619116],[24.021142578125023,46.45465729374412],[24.00146484375,46.43817780155662],[23.990625,46.43158600468162],[23.739990234375,46.36225006718162],[23.73095703125,46.35431549686912],[23.736474609375023,46.346307684369116],[23.7470703125,46.33783600468162],[23.753173828125,46.32855866093162],[23.748779296875,46.30836823124412],[23.721923828125,46.27472565311912],[23.7138671875,46.254754949994116],[23.7158203125,46.24848053593162],[23.7216796875,46.24440338749412],[23.72998046875,46.240838934369116],[23.724365234375,46.21784088749412],[23.699462890625,46.15546295780662],[23.697998046875,46.14728424686912],[23.6953125,46.13922760624412],[23.688232421875,46.12970612186912],[23.678125,46.12233307499412],[23.659423828125,46.11810944218162],[23.648828125000023,46.113397528119116],[23.63232421875,46.097528387494116],[23.60400390625,46.05634186405662],[23.5869140625,46.03912994999412],[23.572265625,46.03204987186912],[23.540429687500023,46.02540924686912],[23.525146484375,46.02008698124412],[23.516992187500023,46.01886627811912],[23.50146484375,46.02411530155662],[23.493310546875023,46.02240631718162],[23.475488281250023,46.01447174686912],[23.438134765625023,46.00336334843162],[23.42041015625,45.99567291874412],[23.389892578125,45.96991608280662],[23.376953125,45.96308014530662],[23.375146484375023,45.963739324994116],[23.352929687500023,45.96869537968162],[23.319580078125,45.96308014530662],[23.25830078125,45.94142487186912],[23.2451171875,45.93463776249412],[23.236962890625023,45.92890045780662],[23.220605468750023,45.91254303593162],[23.2080078125,45.90521881718162],[23.160546875000023,45.89594147343162],[23.113916015625023,45.875360418744116],[23.0908203125,45.86896393436912],[23.064453125,45.87079498905662],[23.0439453125,45.87872955936912],[23.00439453125,45.90119049686912],[22.984521484375023,45.90968659061912],[22.870019531250023,45.94464752811912],[22.845703125,45.94696686405662],[22.790185546875023,45.94025299686912],[22.76416015625,45.94020416874412],[22.649072265625023,45.95416901249412],[22.545312500000023,45.95014069218162],[22.520751953125,45.95314362186912],[22.493896484375,45.96193268436912],[22.468164062500023,45.97418854374412],[22.44677734375,45.98773834843162],[22.416650390625023,46.01727936405662],[22.395751953125,46.02228424686912],[22.308837890625,46.016961981244116],[22.26611328125,46.02589752811912],[22.24462890625,46.025995184369116],[22.20263671875,46.01752350468162],[22.135400390625023,46.01679108280662],[22.120849609375,46.01979401249412],[22.11376953125,46.02399323124412],[22.099023437500023,46.03681061405662],[22.065673828125,46.05182526249412],[22.035302734375023,46.08685944218162],[22.016015625000023,46.10231354374412],[21.986083984375,46.110956121869116],[21.78515625,46.10817291874412],[21.77392578125,46.11017487186912],[21.752099609375023,46.11793854374412],[21.740869140625023,46.11969635624412],[21.727294921875,46.11793854374412],[21.688378906250023,46.10499909061912],[21.677001953125,46.10455963749412],[21.666259765625,46.106073309369116],[21.50634765625,46.14887116093162],[21.423730468750023,46.15009186405662],[21.397705078125,46.15363190311912],[21.377099609375023,46.164422918744116],[21.339013671875023,46.19411041874412],[21.318359375,46.19721100468162],[21.1669921875,46.16505768436912],[21.114013671875,46.16261627811912],[21.048095703125,46.171258856244116],[21.026269531250023,46.17157623905662]]]}},{"type":"Feature","properties":{"outlineWidth":2,"fillColor":"#00ffff"},"geometry":{"type":"MultiLineString","coordinates":[[[14.551513671875,60.99774811405662],[14.551904296875023,60.99762604374412],[14.55224609375,60.99743073124412],[14.58984375,60.96149323124412],[14.613427734375023,60.93043854374412],[14.659423828125,60.89691803593162],[14.78515625,60.86713287968162],[14.823974609375,60.85451080936912],[14.866357421875023,60.84557526249412],[14.909326171875023,60.84393952030662],[14.937402343750023,60.83234284061912],[14.947998046875,60.80292389530662],[14.952294921875023,60.77606842655662],[14.952783203125023,60.75433991093162],[14.955712890625023,60.74127838749412],[14.972802734375023,60.72833893436912]]]}},{"type":"Feature","properties":{"outlineWidth":2,"fillColor":"#00ffff"},"geometry":{"type":"MultiLineString","coordinates":[[[-2.898974609374989,37.99408600468162],[-2.84375,38.062372137494116],[-2.802661132812489,38.09760162968162],[-2.775439453124989,38.15924713749412],[-2.782641601562489,38.18068268436912],[-2.807543945312489,38.19240143436912],[-2.864794921874989,38.20021393436912],[-2.892871093749989,38.200555731244116],[-2.9150390625,38.19550202030662],[-2.9326171875,38.18580963749412],[-2.946704101562489,38.172235418744116],[-2.974658203124989,38.13129303593162]]]}},{"type":"Feature","properties":{"outlineWidth":2,"fillColor":"#00ffff"},"geometry":{"type":"MultiLineString","coordinates":[[[3.078341606039164,46.98516082924092],[3.071679687500023,46.99896881718162],[3.071435546875023,47.015985418744116],[3.074121093750023,47.034784246869116],[3.07080078125,47.05372955936912],[3.061767578125,47.06268952030662],[3.049462890625023,47.06696198124412],[3.03759765625,47.073114324994116],[3.029296875,47.08783600468162],[3.028466796875023,47.10224030155662],[3.0302734375,47.11664459843162],[3.029931640625023,47.13190338749412],[3.021875,47.14923737186912]]]}},{"type":"Feature","properties":{"outlineWidth":2,"fillColor":"#00ffff"},"geometry":{"type":"MultiLineString","coordinates":[[[16.824121093750023,66.44647858280662],[16.794189453125,66.44708893436912],[16.7431640625,66.45079987186912],[16.713134765625,66.44940827030662],[16.688623046875023,66.44708893436912],[16.439111328125023,66.48187897343162],[16.409814453125023,66.49042389530662],[16.379541015625023,66.50172760624412],[16.34228515625,66.53034088749412],[16.32958984375,66.55621979374412],[16.302880859375023,66.62487213749412]]]}},{"type":"Feature","properties":{"outlineWidth":2,"fillColor":"#00ffff"},"geometry":{"type":"MultiLineString","coordinates":[[[6.345379679244303,49.4627184044806],[6.342279093306786,49.493000793803645],[6.350754028202658,49.53491038039235],[6.350754028202658,49.56658803338726],[6.356438435754768,49.577595113465435],[6.371527953983986,49.59299469028841],[6.397572875859112,49.61387196893435],[6.407701456588313,49.62741119419482],[6.415246215702922,49.634645894715675],[6.4179333901821,49.63914174432506],[6.417003214400836,49.64575632765843],[6.410905395390415,49.64963206008031],[6.404497517786211,49.65247426385636],[6.402740519088297,49.65578155552305],[6.418243448775854,49.66988922153874],[6.491727335494886,49.70079172804927],[6.510156250000023,49.71271393436912],[6.536376953125,49.71295807499412],[6.563134765625023,49.70892975468162],[6.589013671875023,49.70831940311912],[6.612548828125,49.71893952030662],[6.62060546875,49.73163483280662],[6.630029296875023,49.76154205936912],[6.637109375000023,49.76735260624412],[6.687158203125023,49.77997467655662],[6.695068359375,49.78436920780662],[6.697998046875,49.802362371869116],[6.702294921875023,49.81496002811912],[6.708740234375,49.82257721561912],[6.722070312500023,49.82489655155662],[6.734277343750023,49.82196686405662],[6.746728515625023,49.81745026249412],[6.771240234375,49.81207916874412],[6.794091796875023,49.79840729374412],[6.80419921875,49.79462311405662],[6.819482421875023,49.79523346561912],[6.829833984375,49.79804108280662],[6.839501953125023,49.79913971561912],[6.852783203125,49.79462311405662],[6.844482421875,49.81471588749412],[6.839257812500023,49.82269928593162],[6.832275390625,49.82880280155662],[6.846582031250023,49.84181549686912],[6.85888671875,49.841424871869116],[6.89892578125,49.81989166874412],[6.900292968750023,49.82318756718162],[6.900537109375023,49.83624909061912],[6.895166015625023,49.85687897343162],[6.894287109375,49.87062409061912],[6.900537109375023,49.883417059369116],[6.91162109375,49.88971588749412],[6.921777343750023,49.886590887494116],[6.929931640625,49.87697174686912],[6.935302734375,49.86359284061912],[6.951904296875,49.88983795780662],[6.968896484375023,49.90748932499412],[6.993066406250023,49.91676666874412],[7.06005859375,49.921502996869116],[7.049560546875,49.93390534061912],[6.99609375,49.96662018436912],[7.010400390625023,49.97797272343162],[7.025292968750023,49.97919342655662],[7.064843750000023,49.97174713749412],[7.068505859375023,49.96906159061912],[7.072900390625023,49.96942780155662],[7.08935546875,49.98248932499412],[7.095361328125023,49.98505280155662],[7.100488281250023,49.98419830936912],[7.10595703125,49.979608465619116],[7.10595703125,49.97345612186912],[7.100732421875023,49.961297918744116],[7.109619140625,49.95319244999412],[7.123681640625023,49.95355866093162],[7.133203125000023,49.96662018436912],[7.128808593750023,49.97540924686912],[7.118408203125,49.984735418744116],[7.112060546875,49.995233465619116],[7.11962890625,50.00751373905662],[7.1142578125,50.02345612186912],[7.113525390625,50.04132721561912],[7.118408203125,50.05158112186912],[7.130126953125,50.044794012494116],[7.15380859375,50.02252838749412],[7.168359375000023,50.01520416874412],[7.174951171875023,50.024286199994116],[7.168701171875,50.04059479374412],[7.154443359375023,50.04787018436912],[7.138574218750023,50.05280182499412],[7.127099609375023,50.06220123905662],[7.126220703125,50.07489655155662],[7.1298828125,50.08734772343162],[7.128564453125023,50.09747955936912],[7.11279296875,50.103143621869116],[7.134521484375,50.103143621869116],[7.156005859375,50.09833405155662],[7.1748046875,50.09076569218162],[7.187890625000023,50.08270905155662],[7.194970703125023,50.08649323124412],[7.2021484375,50.089471746869116],[7.197265625,50.09442780155662],[7.195214843750023,50.09784577030662],[7.193017578125023,50.10053131718162],[7.187890625000023,50.103143621869116],[7.198974609375,50.10822174686912],[7.210693359375,50.110223699994116],[7.236328125,50.10993073124412],[7.236328125,50.11737702030662],[7.225732421875023,50.125604559369116],[7.226806640625,50.135370184369116],[7.23095703125,50.14459869999412],[7.2294921875,50.15094635624412],[7.219482421875,50.15106842655662],[7.1904296875,50.14015534061912],[7.17822265625,50.13727448124412],[7.17138671875,50.14057037968162],[7.16748046875,50.147821356244116],[7.167138671875023,50.15509674686912],[7.171142578125,50.15839264530662],[7.246484375000023,50.17206452030662],[7.276025390625023,50.17194244999412],[7.2890625,50.17475006718162],[7.301513671875,50.18195221561912],[7.314208984375,50.18646881718162],[7.345703125,50.18361237186912],[7.359765625000023,50.18507721561912],[7.3681640625,50.192499090619116],[7.375878906250023,50.204217840619116],[7.385009765625,50.21510651249412],[7.397705078125,50.21979401249412],[7.421630859375,50.22443268436912],[7.44921875,50.23285553593162],[7.44921875,50.24030182499412],[7.441796875000023,50.24030182499412],[7.441796875000023,50.24652741093162],[7.446533203125,50.25092194218162],[7.446923828125023,50.25165436405662],[7.444726562500023,50.253290106244116],[7.441796875000023,50.26080963749412],[7.452783203125023,50.26784088749412],[7.45654296875,50.280877996869116],[7.4580078125,50.296014715619116],[7.462792968750023,50.309198309369116],[7.4736328125,50.317010809369116],[7.487207031250023,50.31842682499412],[7.521240234375,50.31544830936912],[7.530029296875,50.31964752811912],[7.544824218750023,50.32904694218162],[7.55615234375,50.33844635624412],[7.5546875,50.34271881718162],[7.5517578125,50.347040106244116],[7.557031250000023,50.35670807499412],[7.568603515625,50.37067291874412],[7.57861328125,50.37006256718162],[7.606347656250023,50.36383698124412]]]}},{"type":"Feature","properties":{"outlineWidth":2,"fillColor":"#00ffff"},"geometry":{"type":"MultiLineString","coordinates":[[[15.24755859375,52.734247137494116],[15.241357421875023,52.730096746869116],[15.191308593750023,52.71369049686912],[15.1826171875,52.70905182499412],[15.189208984375,52.706903387494116],[15.19091796875,52.70294830936912],[15.178613281250023,52.67653229374412],[15.175683593750023,52.66522858280662],[15.16845703125,52.65936920780662],[15.1513671875,52.65228912968162],[15.1240234375,52.62868073124412],[15.108789062500023,52.62067291874412],[15.086181640625,52.617547918744116],[15.072412109375023,52.622186590619116],[15.041259765625,52.64454987186912],[15.02099609375,52.65228912968162],[14.99853515625,52.65302155155662],[14.966699218750023,52.642206121869116],[14.948974609375,52.639276434369116],[14.887353515625023,52.635858465619116],[14.681396484375,52.58693268436912],[14.660546875000023,52.58644440311912],[14.640039062500023,52.58986237186912],[14.613183593750023,52.59284088749412]]]}},{"type":"Feature","properties":{"outlineWidth":2,"fillColor":"#00ffff"},"geometry":{"type":"MultiLineString","coordinates":[[[-0.73125,47.370965887494116],[-0.83642578125,47.39630768436912],[-0.881762695312489,47.400262762494116],[-1.000903320312489,47.38324616093162],[-1.128759765624977,47.38153717655662],[-1.164794921875,47.37579987186912],[-1.223242187499977,47.35114166874412],[-1.243896484375,47.34791901249412],[-1.286230468749977,47.345819403119116],[-1.304248046874989,47.340936590619116],[-1.460546874999977,47.253290106244116],[-1.487890624999977,47.226190496869116],[-1.500537109374989,47.21820709843162],[-1.510693359374983,47.21710846561912],[-1.531933593749983,47.21881744999412],[-1.542163085937489,47.21820709843162],[-1.54833984375,47.21576569218162],[-1.569433593749977,47.20453522343162],[-1.588305664062489,47.19972565311912],[-1.629980468749977,47.19606354374412],[-1.6513671875,47.19708893436912],[-1.712158203125,47.21046784061912],[-1.734545898437489,47.21076080936912]]]}},{"type":"Feature","properties":{"outlineWidth":2,"fillColor":"#00ffff"},"geometry":{"type":"MultiLineString","coordinates":[[[5.449853515625023,47.03864166874412],[5.44677734375,47.03266022343162],[5.443115234375,47.026971746869116],[5.438720703125,47.02228424686912],[5.433837890625,47.018915106244116],[5.441308593750023,47.01276276249412],[5.416406250000023,47.012811590619116],[5.390625,47.00787994999412],[5.376220703125,46.99323151249412],[5.385986328125,46.96430084843162],[5.375878906250023,46.957391668744116],[5.369287109375023,46.93312409061912],[5.358154296875,46.92335846561912],[5.348388671875,46.92938873905662],[5.337890625,46.93141510624412],[5.327539062500023,46.92938873905662],[5.317773437500023,46.92335846561912],[5.296044921875023,46.93500397343162],[5.263330078125023,46.93781159061912],[5.23046875,46.93165924686912],[5.20849609375,46.91652252811912],[5.206445312500023,46.92475006718162],[5.202294921875023,46.93012116093162],[5.1962890625,46.93385651249412],[5.18798828125,46.93703034061912],[5.172998046875023,46.93146393436912],[5.167626953125023,46.930780340619116],[5.163330078125,46.93312409061912],[5.158203125,46.93756744999412],[5.154296875,46.94196198124412],[5.153955078125023,46.94386627811912],[5.13125,46.943231512494116],[5.11572265625,46.93732330936912],[5.076318359375023,46.905389715619116],[5.0625,46.90082428593162],[5.047753906250023,46.900751043744116],[5.013330078125023,46.90431549686912],[4.993408203125,46.90407135624412],[4.972802734375023,46.89984772343162],[4.95458984375,46.88922760624412],[4.967529296875,46.87384674686912],[4.964257812500023,46.853143621869116],[4.951074218750023,46.833368231244116]]]}},{"type":"Feature","properties":{"outlineWidth":2,"fillColor":"#00ffff"},"geometry":{"type":"MultiLineString","coordinates":[[[16.40576171875,45.47089264530662],[16.415185546875023,45.46503327030662],[16.430419921875,45.45021393436912],[16.439843750000023,45.442987371869116],[16.511376953125023,45.41351959843162],[16.53662109375,45.40919830936912],[16.561181640625023,45.41339752811912],[16.583251953125,45.42999909061912],[16.589111328125,45.41974518436912],[16.595117187500023,45.41315338749412],[16.60205078125,45.41132233280662],[16.610595703125,45.415643621869116],[16.625,45.404169012494116],[16.679443359375,45.38898346561912],[16.67578125,45.373407293744116],[16.68701171875,45.36481354374412],[16.704003906250023,45.36371491093162],[16.73095703125,45.377069403119116],[16.745849609375,45.36969635624412],[16.760986328125,45.358758856244116],[16.775048828125023,45.35426666874412],[16.7734375,45.346307684369116],[16.774658203125,45.34271881718162],[16.779443359375023,45.34137604374412],[16.789306640625,45.34059479374412],[16.783447265625,45.331659246869116],[16.781005859375,45.32489655155662],[16.782470703125,45.32013580936912],[16.791162109375023,45.31598541874412],[16.799072265625,45.31422760624412],[16.8056640625,45.31354401249412],[16.809814453125,45.31268952030662],[16.811767578125,45.31513092655662],[16.816796875000023,45.31842682499412],[16.82177734375,45.31732819218162],[16.824121093750023,45.30646393436912],[16.821044921875,45.30153229374412],[16.802978515625,45.27912018436912],[16.836181640625,45.271600653119116],[16.854248046875,45.269891668744116],[16.88037109375,45.28204987186912],[16.896386718750023,45.26837799686912],[16.923828125,45.28485748905662],[16.93212890625,45.27899811405662],[16.940185546875,45.25807526249412],[16.941552734375023,45.250116278119116],[16.94091796875,45.24147369999412],[16.94677734375,45.235956121869116],[16.967431640625023,45.23756744999412],[16.964746093750023,45.24445221561912],[16.960693359375,45.25116608280662],[16.975488281250023,45.24738190311912],[16.987548828125,45.23676178593162],[16.998046875,45.23163483280662],[17.0078125,45.24440338749412],[17.011474609375,45.236688543744116],[17.013085937500023,45.230829168744116],[17.012109375000023,45.224725653119116],[17.0078125,45.21649811405662],[17.013916015625,45.22003815311912],[17.029687500000023,45.227167059369116],[17.035791015625023,45.23073151249412],[17.05517578125,45.20070221561912],[17.097802734375023,45.17792389530662],[17.1865234375,45.148797918744116],[17.197265625,45.153192449994116],[17.244873046875,45.155633856244116],[17.249267578125,45.16010162968162],[17.2685546875,45.18976471561912],[17.307275390625023,45.17169830936912],[17.325927734375,45.16620514530662],[17.358789062500023,45.150995184369116],[17.3681640625,45.145379949994116],[17.381982421875023,45.13983795780662],[17.400146484375,45.14130280155662],[17.43359375,45.148797918744116],[17.435693359375023,45.15216705936912],[17.438232421875,45.15839264530662],[17.442773437500023,45.16229889530662],[17.45068359375,45.15875885624412],[17.456445312500023,45.15204498905662],[17.45751953125,45.14642975468162],[17.454345703125,45.14088776249412],[17.447265625,45.13454010624412],[17.459863281250023,45.13153717655662],[17.4716796875,45.13300202030662],[17.495751953125023,45.14203522343162],[17.486474609375023,45.12111237186912],[17.4814453125,45.11469147343162],[17.48876953125,45.11652252811912],[17.5390625,45.121210028119116],[17.560791015625,45.11957428593162],[17.571923828125023,45.12067291874412],[17.592529296875,45.12982819218162],[17.62939453125,45.157586981244116],[17.651025390625023,45.16559479374412],[17.684326171875,45.16425202030662],[17.714013671875023,45.15228912968162],[17.740869140625023,45.13349030155662],[17.797021484375023,45.08222077030662],[17.815087890625023,45.07037994999412],[17.835205078125,45.06476471561912],[17.84521484375,45.06549713749412],[17.874755859375,45.07428619999412],[17.902246093750023,45.077997137494116],[17.91064453125,45.08136627811912],[17.92724609375,45.09223053593162],[17.987939453125023,45.14406159061912],[18.0029296875,45.14960358280662],[18.0185546875,45.14967682499412],[18.034423828125,45.14362213749412],[18.089746093750023,45.10822174686912],[18.111962890625023,45.10089752811912],[18.13125,45.09808991093162],[18.153076171875,45.09784577030662],[18.174462890625023,45.10101959843162],[18.19189453125,45.108758856244116],[18.19873046875,45.119256903119116],[18.199462890625,45.13190338749412],[18.201806640625023,45.14435455936912],[18.212792968750023,45.15407135624412],[18.2373046875,45.15773346561912],[18.261474609375,45.150995184369116],[18.306787109375023,45.12775299686912],[18.32177734375,45.12311432499412],[18.392333984375,45.11884186405662],[18.411523437500023,45.112665106244116],[18.4287109375,45.10248444218162],[18.465478515625023,45.074335028119116],[18.490234375,45.06305573124412],[18.516503906250023,45.05609772343162],[18.54052734375,45.055536199994116],[18.538720703125023,45.06959869999412],[18.533935546875,45.08173248905662],[18.534423828125,45.090692449994116],[18.549072265625,45.09498932499412],[18.55712890625,45.094598699994116],[18.5732421875,45.09174225468162],[18.581298828125,45.09162018436912],[18.588037109375023,45.09352448124412],[18.60205078125,45.09955475468162],[18.608642578125,45.10036041874412],[18.616113281250023,45.09796784061912],[18.62060546875,45.09345123905662],[18.627587890625023,45.08026764530662],[18.633056640625,45.07228424686912],[18.640039062500023,45.06561920780662],[18.648193359375,45.06293366093162],[18.657470703125,45.06659577030662],[18.66064453125,45.07130768436912],[18.662744140625023,45.07746002811912],[18.66552734375,45.08331940311912],[18.670800781250023,45.08710358280662],[18.677636718750023,45.08766510624412],[18.68359375,45.085077215619116],[18.688623046875023,45.08051178593162],[18.725830078125,45.02643463749412],[18.73779296875,45.01613190311912],[18.74951171875,45.01251862186912],[18.777490234375023,45.01056549686912],[18.784423828125,45.00880768436912],[18.788476562500023,45.005975653119116],[18.791259765625,45.00177643436912],[18.794091796875023,44.99567291874412],[18.794677734375,44.99359772343162],[18.794677734375,44.98822662968162],[18.795312500000023,44.98529694218162],[18.79736328125,44.98248932499412],[18.802490234375,44.97755768436912],[18.804101562500023,44.97406647343162],[18.801025390625,44.964227606244116],[18.779296875,44.952508856244116],[18.772119140625023,44.942743231244116],[18.782861328125023,44.91400787968162],[18.817138671875,44.887811590619116],[18.858154296875,44.868768621869116],[18.88916015625,44.861444403119116],[19.00439453125,44.86359284061912],[19.047265625000023,44.872919012494116],[19.06787109375,44.87506744999412],[19.083984375,44.87921784061912],[19.173730468750023,44.925653387494116],[19.186279296875,44.92780182499412],[19.192529296875023,44.92182037968162],[19.196435546875023,44.91339752811912],[19.201318359375023,44.90863678593162],[19.211328125000023,44.90863678593162],[19.22900390625,44.91400787968162],[19.238916015625023,44.915399481244116],[19.283349609375023,44.90863678593162],[19.29248046875,44.90968659061912],[19.300683593750023,44.91261627811912],[19.309716796875023,44.91261627811912],[19.32958984375,44.89899323124412],[19.339599609375,44.89650299686912],[19.349755859375023,44.89728424686912],[19.35888671875,44.90114166874412]]]}},{"type":"Feature","properties":{"outlineWidth":2,"fillColor":"#00ffff"},"geometry":{"type":"MultiLineString","coordinates":[[[11.170166015625,59.38861725468162],[11.171777343750023,59.40436432499412],[11.174462890625023,59.41596100468162],[11.200439453125,59.45192291874412],[11.213037109375023,59.47308991093162],[11.218017578125,59.48480866093162]]]}},{"type":"Feature","properties":{"outlineWidth":2,"fillColor":"#00ffff"},"geometry":{"type":"MultiLineString","coordinates":[[[11.216064453125,59.65180084843162],[11.1826171875,59.65375397343162],[11.16552734375,59.64423248905662],[11.135498046875,59.61456940311912],[11.103515625,59.59808991093162],[11.0966796875,59.58771393436912],[11.101318359375,59.56676666874412],[11.128173828125,59.54645416874412],[11.210693359375,59.50392487186912],[11.218017578125,59.48480866093162]]]}},{"type":"Feature","properties":{"outlineWidth":2,"fillColor":"#00ffff"},"geometry":{"type":"MultiLineString","coordinates":[[[1.028812451335451,44.082887577633564],[1.004785156250023,44.088495184369116],[0.9716796875,44.090448309369116],[0.925195312500023,44.07660553593162],[0.888916015625,44.08124420780662],[0.852783203125,44.09088776249412],[0.82958984375,44.09987213749412],[0.81884765625,44.10736725468162],[0.798583984375,44.126336981244116],[0.78857421875,44.13397858280662],[0.774169921875,44.139276434369116],[0.742333984375023,44.14557526249412],[0.703857421875,44.16217682499412],[0.643457031250023,44.16425202030662],[0.6171875,44.17560455936912],[0.59912109375,44.19684479374412],[0.587646484375,44.21442291874412],[0.571191406250023,44.22638580936912],[0.418115234375023,44.25067780155662],[0.360107421875,44.25148346561912],[0.333154296875023,44.25995514530662],[0.32177734375,44.28168366093162],[0.325341796875023,44.311151434369116],[0.324853515625023,44.32416412968162],[0.31875,44.336297918744116],[0.3056640625,44.35382721561912],[0.29443359375,44.37421295780662],[0.293212890625,44.38104889530662],[0.296142578125,44.39386627811912],[0.29443359375,44.401483465619116],[0.291406250000023,44.40309479374412],[0.274658203125,44.40895416874412],[0.260888671875023,44.418573309369116],[0.2529296875,44.421991278119116],[0.245263671875023,44.422967840619116],[0.2294921875,44.421991278119116],[0.222802734375023,44.425409246869116],[0.200927734375,44.44537994999412],[0.136865234375023,44.48407623905662]]]}},{"type":"Feature","properties":{"outlineWidth":2,"fillColor":"#00ffff"},"geometry":{"type":"MultiLineString","coordinates":[[[-3.690722656249989,52.52899811405662],[-3.663671874999977,52.524774481244116],[-3.644873046874977,52.518670965619116],[-3.630859375,52.498163153119116],[-3.61279296875,52.484979559369116],[-3.586840820312489,52.473504949994116],[-3.560888671874977,52.465936590619116],[-3.543652343749983,52.46412994999412],[-3.510009765625,52.45233795780662],[-3.487060546875,52.45233795780662],[-3.46484375,52.45514557499412],[-3.445654296874977,52.46539948124412],[-3.437548828124989,52.47609284061912],[-3.427661132812489,52.50006744999412],[-3.421093749999983,52.51068756718162],[-3.410253906249977,52.519159246869116],[-3.397265624999989,52.52435944218162],[-3.36962890625,52.52858307499412],[-3.27783203125,52.52643463749412],[-3.248095703124989,52.534051824994116],[-3.227636718749977,52.54498932499412],[-3.190771484374977,52.57367584843162],[-3.156103515624977,52.61005280155662],[-3.073583984374977,52.72711823124412],[-3.056396484375,52.74054596561912]]]}},{"type":"Feature","properties":{"outlineWidth":2,"fillColor":"#00ffff"},"geometry":{"type":"MultiLineString","coordinates":[[[17.417236328125,60.50958893436912],[17.439453125,60.52020905155662],[17.451904296875,60.53241608280662],[17.458398437500023,60.54909088749412],[17.460205078125,60.57074616093162],[17.456933593750023,60.58954498905662],[17.450927734375,60.60529205936912],[17.447998046875,60.62006256718162],[17.45947265625,60.64118073124412]]]}},{"type":"Feature","properties":{"outlineWidth":2,"fillColor":"#00ffff"},"geometry":{"type":"MultiLineString","coordinates":[[[23.749755859375,51.48480866093162],[23.75341796875,51.49806549686912],[23.753808593750023,51.50946686405662],[23.747216796875023,51.525262762494116],[23.753564453125023,51.53248932499412],[23.7724609375,51.539178778119116],[23.80078125,51.54469635624412],[23.828857421875,51.55787994999412],[23.847412109375,51.58283112186912],[23.865136718750023,51.61188385624412],[23.891357421875,51.63478424686912],[23.953125,51.66596100468162]]]}},{"type":"Feature","properties":{"outlineWidth":2,"fillColor":"#00ffff"},"geometry":{"type":"MultiLineString","coordinates":[[[4.505859375,47.95807526249412],[4.505517578125023,47.96686432499412],[4.49169921875,47.98578522343162],[4.475341796875,48.00368073124412],[4.467431640625023,48.00929596561912],[4.453515625000023,48.02704498905662],[4.392578125,48.06203034061912],[4.378662109375,48.09210846561912],[4.378662109375,48.112909246869116],[4.375878906250023,48.12306549686912],[4.365966796875,48.12872955936912],[4.344628906250023,48.13617584843162],[4.335595703125023,48.14081452030662],[4.330468750000023,48.14520905155662],[4.324462890625,48.14850494999412],[4.3134765625,48.14984772343162],[4.284326171875023,48.14845612186912],[4.275634765625,48.14984772343162],[4.182763671875023,48.21259186405662],[4.159570312500023,48.21185944218162],[4.15283203125,48.22614166874412],[4.14501953125,48.23908112186912],[4.13427734375,48.25018952030662],[4.12548828125,48.25910065311912],[4.11181640625,48.27521393436912],[4.08447265625,48.32489655155662],[4.067041015625023,48.33539459843162],[4.043359375000023,48.342889715619116],[4.005273437500023,48.37575104374412],[3.977294921875,48.39191315311912],[3.9404296875,48.44464752811912],[3.913232421875023,48.47235748905662],[3.903710937500023,48.48712799686912],[3.90576171875,48.49928619999412],[3.872802734375,48.52167389530662],[3.8310546875,48.52875397343162],[3.787255859375023,48.53131744999412],[3.748046875,48.54022858280662],[3.743310546875023,48.54445221561912],[3.73095703125,48.56073639530662],[3.7265625,48.56293366093162],[3.720849609375023,48.56683991093162],[3.715966796875023,48.56867096561912],[3.7138671875,48.56447174686912],[3.711816406250023,48.56207916874412],[3.706933593750023,48.558710028119116],[3.701171875,48.555780340619116],[3.696923828125023,48.55451080936912],[3.676513671875,48.55316803593162],[3.655029296875,48.54877350468162],[3.635644531250023,48.54127838749412],[3.621337890625,48.53034088749412],[3.608154296875,48.52301666874412],[3.5888671875,48.52052643436912],[3.550048828125,48.51979401249412],[3.543847656250023,48.52204010624412],[3.537011718750023,48.52619049686912],[3.53125,48.52631256718162],[3.528955078125023,48.51666901249412],[3.524804687500023,48.51215241093162],[3.5048828125,48.50141022343162],[3.49853515625,48.49928619999412],[3.488916015625023,48.49835846561912],[3.475976562500023,48.49396393436912],[3.467529296875,48.49245026249412],[3.461572265625023,48.49274323124412],[3.455957031250023,48.49367096561912],[3.44921875,48.49396393436912],[3.440185546875,48.49245026249412],[3.439208984375,48.48993561405662],[3.419091796875023,48.47260162968162],[3.409814453125023,48.46925690311912],[3.402001953125023,48.46942780155662],[3.39599609375,48.46754791874412],[3.392333984375,48.45831940311912],[3.384912109375023,48.45831940311912],[3.370751953125023,48.46583893436912],[3.350244140625023,48.466913153119116],[3.33154296875,48.46112702030662],[3.323486328125,48.44806549686912],[3.314599609375023,48.439325262494116],[3.293847656250023,48.43170807499412],[3.254638671875,48.42413971561912],[3.210205078125,48.43341705936912],[3.187255859375,48.43573639530662],[3.1689453125,48.42792389530662],[3.154443359375023,48.41803619999412],[3.113183593750023,48.40114166874412],[3.096923828125,48.396844793744116],[3.07470703125,48.395624090619116],[3.01220703125,48.403680731244116],[2.863037109375,48.38161041874412],[2.85107421875,48.38690827030662],[2.846923828125,48.39130280155662],[2.826806640625023,48.40167877811912],[2.820068359375,48.403680731244116],[2.815087890625023,48.40265534061912],[2.8056640625,48.39796784061912],[2.799707031250023,48.396844793744116],[2.7958984375,48.39984772343162],[2.79638671875,48.40656159061912],[2.797753906250023,48.41351959843162],[2.796533203125023,48.417352606244116],[2.782958984375,48.41871979374412],[2.7685546875,48.41774323124412],[2.755859375,48.41828034061912],[2.747460937500023,48.42413971561912],[2.745751953125023,48.43707916874412],[2.752685546875,48.44745514530662],[2.762353515625023,48.45636627811912],[2.767968750000023,48.46515534061912],[2.76171875,48.484002996869116],[2.7392578125,48.48773834843162],[2.710839843750023,48.48707916874412],[2.686669921875023,48.49245026249412]]]}},{"type":"Feature","properties":{"outlineWidth":2,"fillColor":"#00ffff"},"geometry":{"type":"MultiLineString","coordinates":[[[10.97802734375,50.48707916874412],[10.974365234375,50.47064850468162],[10.965087890625,50.45734284061912],[10.953271484375023,50.45172760624412],[10.927978515625,50.440790106244116],[10.894921875000023,50.41803619999412],[10.87548828125,50.41156647343162],[10.798828125,50.412713934369116],[10.757470703125023,50.41974518436912],[10.67919921875,50.447626043744116],[10.6650390625,50.45099518436912]]]}},{"type":"Feature","properties":{"outlineWidth":2,"fillColor":"#00ffff"},"geometry":{"type":"MultiLineString","coordinates":[[[21.346435546875,48.02631256718162],[21.298583984375,48.024042059369116],[21.284326171875023,48.02631256718162],[21.272363281250023,48.03327057499412],[21.263330078125023,48.04169342655662],[21.2529296875,48.04755280155662],[21.236572265625,48.04682037968162],[21.229638671875023,48.04205963749412],[21.226708984375023,48.03517487186912],[21.22265625,48.02899811405662],[21.212646484375,48.02631256718162],[21.188232421875,48.02716705936912],[21.181298828125023,48.02631256718162],[21.1376953125,48.00678131718162],[21.126708984375,47.99896881718162],[21.120019531250023,47.98676178593162],[21.111572265625,47.95197174686912],[21.106201171875,47.93817780155662],[21.098046875000023,47.92963287968162],[21.065185546875,47.903436590619116],[21.056396484375,47.89057037968162],[21.0556640625,47.88300202030662],[21.05810546875,47.87355377811912],[21.058349609375,47.85504791874412],[21.055322265625023,47.839227606244116],[21.04931640625,47.831415106244116],[21.024316406250023,47.82086823124412],[21.030517578125,47.82831452030662],[21.028564453125,47.81635162968162],[21.034082031250023,47.786004949994116],[21.033935546875,47.779901434369116],[20.97900390625,47.773065496869116],[20.978662109375023,47.765497137494116],[20.954736328125023,47.73371002811912],[20.948486328125,47.728387762494116],[20.942138671875,47.718622137494116],[20.89208984375,47.68434479374412],[20.79150390625,47.67750885624412],[20.774072265625023,47.67238190311912],[20.76806640625,47.66510651249412],[20.763330078125023,47.655389715619116],[20.75,47.642694403119116],[20.719970703125,47.634393621869116],[20.709716796875,47.62794830936912],[20.7158203125,47.61603424686912],[20.71240234375,47.60968659061912],[20.709228515625,47.60548737186912],[20.704345703125,47.60297272343162],[20.6953125,47.60175202030662],[20.6953125,47.59552643436912],[20.689355468750023,47.57794830936912],[20.512353515625023,47.49689362186912],[20.50341796875,47.48878815311912],[20.498046875,47.46784088749412],[20.484619140625,47.45924713749412],[20.4482421875,47.45094635624412],[20.44287109375,47.44708893436912],[20.430419921875,47.435663153119116],[20.421044921875023,47.43048737186912],[20.390625,47.42401764530662],[20.383056640625,47.42023346561912],[20.375,47.40228912968162],[20.390283203125023,47.396356512494116],[20.414941406250023,47.39313385624412],[20.434716796875023,47.38324616093162],[20.44140625,47.34791901249412],[20.44189453125,47.34328034061912],[20.4404296875,47.33234284061912],[20.44140625,47.32807037968162],[20.445703125000023,47.32562897343162],[20.459716796875,47.32086823124412],[20.462548828125023,47.317499090619116],[20.463037109375023,47.29828522343162],[20.4609375,47.28156159061912],[20.450927734375,47.26832916874412],[20.427880859375023,47.25910065311912],[20.406982421875,47.25556061405662],[20.387451171875,47.25538971561912],[20.369042968750023,47.260614324994116],[20.35205078125,47.27338287968162],[20.345361328125023,47.26569244999412],[20.337158203125,47.25116608280662],[20.332275390625,47.245477606244116],[20.323974609375,47.24122955936912],[20.303955078125,47.23468659061912],[20.29443359375,47.22846100468162],[20.287353515625,47.21901276249412],[20.284570312500023,47.21144440311912],[20.279687500000023,47.20636627811912],[20.254785156250023,47.20246002811912],[20.250634765625023,47.19721100468162],[20.248681640625023,47.190545965619116],[20.242822265625023,47.18402741093162],[20.177148437500023,47.15973541874412],[20.167724609375,47.14581940311912],[20.162353515625,47.12623932499412],[20.164453125000023,47.11835358280662],[20.177978515625,47.11517975468162],[20.191650390625,47.11359284061912],[20.193505859375023,47.10932037968162],[20.190087890625023,47.10272858280662],[20.188232421875,47.09467194218162],[20.18896484375,47.05792877811912],[20.19580078125,47.038934637494116],[20.212158203125,47.04340241093162],[20.231103515625023,47.051385809369116],[20.256494140625023,47.05170319218162],[20.27783203125,47.04535553593162],[20.284423828125,47.03322174686912],[20.271630859375023,47.02692291874412],[20.2255859375,47.02394440311912],[20.206689453125023,47.01002838749412],[20.11181640625,46.96173737186912],[20.105712890625,46.95380280155662],[20.111962890625023,46.94562409061912],[20.12646484375,46.94232819218162],[20.142724609375023,46.94049713749412],[20.154052734375,46.93703034061912],[20.154052734375,46.930780340619116],[20.109277343750023,46.88910553593162],[20.095458984375,46.88239166874412],[20.0771484375,46.88239166874412],[20.059228515625023,46.879999090619116],[20.044580078125023,46.87189362186912],[20.036767578125023,46.85443756718162],[20.0380859375,46.83576080936912],[20.053955078125,46.81049225468162],[20.057861328125,46.789911199994116],[20.062255859375,46.785760809369116],[20.071923828125023,46.78327057499412],[20.08154296875,46.77882721561912],[20.085839843750023,46.76911041874412],[20.088769531250023,46.75734284061912],[20.095849609375023,46.75197174686912],[20.1044921875,46.74921295780662],[20.11669921875,46.74323151249412],[20.12890625,46.74066803593162],[20.133544921875,46.73903229374412],[20.134423828125023,46.73505280155662],[20.1328125,46.72101471561912],[20.133544921875,46.71730377811912],[20.14306640625,46.71527741093162],[20.177978515625,46.71730377811912],[20.188720703125,46.712030340619116],[20.193359375,46.70050690311912],[20.1953125,46.68903229374412],[20.198486328125,46.68378327030662],[20.208642578125023,46.68043854374412],[20.206201171875023,46.672967840619116],[20.198876953125023,46.66571686405662],[20.195068359375,46.66266510624412],[20.159326171875023,46.61542389530662],[20.15185546875,46.58954498905662],[20.147216796875,46.58612702030662],[20.142578125,46.581659246869116],[20.140380859375,46.570184637494116],[20.142480468750023,46.56146881718162],[20.1474609375,46.55451080936912],[20.154052734375,46.54787018436912],[20.160302734375023,46.53974030155662],[20.17431640625,46.49879791874412],[20.177978515625,46.49201080936912],[20.19677734375,46.48456452030662],[20.1982421875,46.46730377811912],[20.188232421875,46.43366119999412],[20.18896484375,46.410028387494116],[20.195068359375,46.38898346561912],[20.198486328125,46.36598541874412],[20.203515625000023,46.35553619999412],[20.215576171875,46.34796784061912],[20.2109375,46.331659246869116],[20.216699218750023,46.31683991093162],[20.225244140625023,46.30304596561912],[20.229736328125,46.289911199994116],[20.221826171875023,46.27565338749412],[20.20263671875,46.26613190311912],[20.178857421875023,46.26080963749412]]]}},{"type":"Feature","properties":{"outlineWidth":2,"fillColor":"#00ffff"},"geometry":{"type":"MultiLineString","coordinates":[[[24.866113281250023,47.737909246869116],[24.849365234375,47.744745184369116],[24.79443359375,47.75665924686912],[24.751123046875023,47.78029205936912],[24.715087890625,47.79616119999412],[24.668701171875,47.803583074994116],[24.62060546875,47.796747137494116],[24.581201171875023,47.780389715619116],[24.562255859375,47.76874420780662]]]}},{"type":"Feature","properties":{"outlineWidth":2,"fillColor":"#00ffff"},"geometry":{"type":"MultiLineString","coordinates":[[[12.279052734375,61.85077545780662],[12.305322265625023,61.84279205936912],[12.345117187500023,61.83742096561912],[12.377197265625,61.82970612186912],[12.410546875000023,61.83026764530662],[12.435449218750023,61.84723541874412],[12.461328125000023,61.87274811405662],[12.496826171875,61.89386627811912],[12.537109375,61.90363190311912],[12.57421875,61.90180084843162],[12.5947265625,61.90192291874412],[12.661767578125023,61.88397858280662],[12.680419921875,61.86835358280662],[12.718896484375023,61.85993073124412],[12.744775390625023,61.85053131718162],[12.83544921875,61.83539459843162],[12.859765625000023,61.82643463749412],[12.880273437500023,61.81439850468162],[12.898193359375,61.79992096561912],[12.914306640625,61.78356354374412],[12.934472656250023,61.76837799686912],[13.0546875,61.71808502811912],[13.11767578125,61.71349518436912],[13.14501953125,61.70429108280662],[13.162255859375023,61.70221588749412],[13.177734375,61.69782135624412],[13.184326171875,61.68703034061912],[13.189111328125023,61.68231842655662],[13.211669921875,61.66344635624412]]]}},{"type":"Feature","properties":{"outlineWidth":2,"fillColor":"#00ffff"},"geometry":{"type":"MultiLineString","coordinates":[[[23.953125,51.66596100468162],[23.9775390625,51.67824127811912],[23.995849609375,51.69464752811912],[24.01318359375,51.69996979374412],[24.033837890625023,51.70192291874412],[24.06982421875,51.70070221561912],[24.10009765625,51.70631744999412],[24.132080078125,51.71759674686912],[24.204980468750023,51.761102606244116],[24.206787109375,51.77370026249412],[24.205957031250023,51.789667059369116],[24.21484375,51.82326080936912],[24.202294921875023,51.852655340619116],[24.2041015625,51.864862371869116],[24.220458984375,51.877069403119116],[24.24853515625,51.89081452030662],[24.283935546875,51.90285065311912],[24.3447265625,51.91749909061912],[24.36474609375,51.92579987186912],[24.38125,51.92987702030662],[24.400146484375,51.92628815311912],[24.42138671875,51.92848541874412],[24.443115234375,51.946405340619116],[24.46044921875,51.97186920780662],[24.470703125,51.992059637494116],[24.469628906250023,52.01002838749412],[24.45947265625,52.03021881718162],[24.443115234375,52.047967840619116],[24.418115234375023,52.06818268436912],[24.42041015625,52.07692291874412],[24.418603515625023,52.08698151249412],[24.379052734375023,52.11085846561912],[24.37060546875,52.122430731244116],[24.377832031250023,52.13275787968162],[24.394433593750023,52.14203522343162],[24.404296875,52.15236237186912],[24.3955078125,52.16535065311912],[24.3740234375,52.172235418744116],[24.353515625,52.16798737186912],[24.326904296875,52.15846588749412],[24.25625,52.14821198124412],[24.22265625,52.137567449994116],[24.200927734375,52.13727448124412],[24.1806640625,52.14088776249412],[24.170166015625,52.14577057499412],[24.1625,52.14699127811912],[24.14892578125,52.14154694218162],[24.126220703125,52.13812897343162],[24.055419921875,52.15253327030662],[24.007958984375023,52.15480377811912],[23.9912109375,52.15888092655662],[23.975732421875023,52.15204498905662],[23.95703125,52.14520905155662],[23.929589843750023,52.121454168744116],[23.919189453125,52.11793854374412],[23.913720703125023,52.11469147343162],[23.906494140625,52.10768463749412],[23.89697265625,52.10060455936912],[23.885009765625,52.09743073124412],[23.635498046875,52.08375885624412]]]}},{"type":"Feature","properties":{"outlineWidth":2,"fillColor":"#00ffff"},"geometry":{"type":"MultiLineString","coordinates":[[[28.883056640625,45.17999909061912],[28.890869140625,45.17548248905662],[28.93125,45.15912506718162],[28.962792968750023,45.14057037968162],[29.028076171875,45.11867096561912],[29.05224609375,45.11469147343162],[29.107421875,45.08466217655662],[29.139404296875,45.07326080936912],[29.15839843750001,45.08734772343162],[29.150634765625,45.08832428593162],[29.137597656250023,45.09235260624412],[29.13037109375,45.09357330936912],[29.13037109375,45.10101959843162],[29.153564453125,45.11322662968162],[29.168701171875,45.11676666874412],[29.182373046875,45.11127350468162],[29.20458984375,45.09186432499412],[29.20703125,45.08375885624412],[29.206152343750006,45.06561920780662],[29.194921875,45.06317780155662],[29.190820312500023,45.05861237186912],[29.1962890625,45.04982330936912],[29.202246093750006,45.045770574994116],[29.2099609375,45.04225494999412],[29.21748046875001,45.03986237186912],[29.268798828125,45.03522369999412],[29.281347656250006,45.038934637494116],[29.279296875,45.03639557499412],[29.276123046875,45.03388092655662],[29.274511718750006,45.03217194218162],[29.280664062500023,45.02606842655662],[29.282958984375,45.02216217655662],[29.2861328125,45.019891668744116],[29.294921875,45.018426824994116],[29.29052734375,45.00861237186912],[29.288183593750006,45.00482819218162],[29.295019531250006,45.00226471561912],[29.301855468750006,44.99725983280662],[29.30712890625,44.99000885624412],[29.3125,44.97023346561912],[29.320214843750023,44.97267487186912],[29.329003906250023,44.97992584843162],[29.335351562500023,44.98371002811912],[29.342871093750006,44.98065827030662],[29.351660156250006,44.97186920780662],[29.3603515625,44.97003815311912],[29.364990234375,44.972528387494116],[29.371337890625,44.977899481244116],[29.379980468750006,44.98273346561912],[29.391845703125,44.98371002811912],[29.383691406250023,44.973749090619116],[29.379150390625,44.962518621869116],[29.381591796875,44.95338776249412],[29.394921875000023,44.94953034061912],[29.400781250000023,44.952264715619116],[29.42529296875,44.97003815311912],[29.441015625,44.97308991093162],[29.4560546875,44.970331121869116],[29.52412109375001,44.944208074994116],[29.6109375,44.88812897343162]]]}},{"type":"Feature","properties":{"outlineWidth":2,"fillColor":"#00ffff"},"geometry":{"type":"MultiLineString","coordinates":[[[4.75537109375,49.78786041874412],[4.754052734375023,49.80267975468162],[4.749267578125,49.81178619999412],[4.745751953125023,49.82111237186912],[4.74853515625,49.83624909061912],[4.754150390625,49.84491608280662],[4.762109375000023,49.84816315311912],[4.771875,49.84699127811912],[4.78271484375,49.842401434369116],[4.775390625,49.85419342655662],[4.763671875,49.861200262494116],[4.735595703125,49.869745184369116],[4.740234375,49.87604401249412],[4.741357421875023,49.88087799686912],[4.737695312500023,49.88544342655662],[4.728759765625,49.89088776249412],[4.718896484375023,49.87824127811912],[4.710205078125,49.88349030155662],[4.703857421875,49.89845612186912],[4.701416015625,49.91481354374412],[4.695556640625,49.91559479374412],[4.683496093750023,49.91388580936912],[4.673486328125023,49.91852448124412],[4.673486328125023,49.93866608280662],[4.666650390625023,49.93866608280662],[4.659423828125,49.926874090619116],[4.651123046875,49.928583074994116],[4.640380859375,49.93532135624412],[4.625732421875,49.93866608280662],[4.625732421875,49.94489166874412],[4.641992187500023,49.94660065311912],[4.654199218750023,49.95460846561912],[4.660791015625023,49.966424871869116],[4.659814453125023,49.979608465619116],[4.667236328125,49.98383209843162],[4.67578125,49.98578522343162],[4.697998046875,49.986444403119116],[4.71240234375,49.98944733280662],[4.713525390625023,49.99562409061912],[4.707763671875,50.00055573124412],[4.701416015625,50.00006744999412],[4.701806640625023,50.00221588749412],[4.707177734375023,50.01422760624412],[4.711669921875,50.01569244999412],[4.71875,50.01422760624412],[4.725732421875023,50.01373932499412],[4.728759765625,50.01776764530662],[4.729248046875,50.07990143436912],[4.731201171875,50.08644440311912],[4.742431640625,50.096307684369116],[4.774658203125,50.11383698124412],[4.779296875,50.11737702030662],[4.788818359375,50.11354401249412],[4.792236328125,50.09791901249412],[4.80322265625,50.096307684369116],[4.813867187500023,50.101434637494116],[4.815185546875,50.109491278119116],[4.810449218750023,50.117792059369116],[4.80322265625,50.12360260624412],[4.80322265625,50.13043854374412],[4.8330078125,50.14435455936912],[4.845458984375,50.15399811405662],[4.834228515625,50.15839264530662],[4.829833984375,50.16693756718162],[4.83056640625,50.21242096561912],[4.843017578125,50.21315338749412],[4.859033203125023,50.20636627811912],[4.873046875,50.20355866093162],[4.87890625,50.21613190311912],[4.88427734375,50.21918366093162],[4.895263671875,50.220575262494116],[4.904052734375,50.22308991093162],[4.903222656250023,50.22943756718162],[4.8994140625,50.23883698124412],[4.90576171875,50.24445221561912],[4.916748046875,50.24677155155662],[4.9267578125,50.24652741093162],[4.914697265625023,50.27680084843162],[4.90966796875,50.28126862186912],[4.902099609375,50.28449127811912],[4.902734375000023,50.292352606244116],[4.906005859375,50.30158112186912],[4.90625,50.309198309369116],[4.89794921875,50.32025787968162],[4.884765625,50.333856512494116],[4.870263671875023,50.34547760624412],[4.8583984375,50.35016510624412],[4.870361328125,50.35370514530662],[4.87451171875,50.35919830936912],[4.875732421875,50.36688873905662],[4.87890625,50.37689850468162],[4.880126953125,50.38300202030662],[4.8798828125,50.38991119999412],[4.8818359375,50.39813873905662],[4.88916015625,50.40822174686912],[4.89013671875,50.42145416874412],[4.877685546875,50.43500397343162],[4.868408203125,50.449579168744116],[4.87890625,50.46625397343162],[4.894775390625,50.47247955936912],[4.957763671875,50.48676178593162],[4.968505859375,50.48468659061912],[4.987695312500023,50.475702215619116],[4.9990234375,50.47370026249412],[5.0087890625,50.47614166874412],[5.013916015625,50.48187897343162],[5.017480468750023,50.48847077030662],[5.02294921875,50.493524481244116],[5.042382812500023,50.49957916874412],[5.108300781250023,50.50099518436912],[5.12939453125,50.50490143436912],[5.17431640625,50.52265045780662],[5.194238281250023,50.52765534061912],[5.216210937500023,50.52692291874412],[5.231347656250023,50.52411530155662],[5.244140625,50.52570221561912],[5.259765625,50.53827545780662],[5.267822265625,50.541864324994116],[5.280517578125,50.54315827030662],[5.29296875,50.54201080936912],[5.310546875,50.532831121869116],[5.320703125000023,50.53571198124412],[5.337548828125023,50.54816315311912],[5.384912109375023,50.57514069218162],[5.413232421875023,50.58515045780662],[5.462158203125,50.59247467655662],[5.490380859375023,50.60695221561912],[5.4990234375,50.610223699994116],[5.560693359375023,50.610223699994116],[5.571435546875023,50.61574127811912],[5.578515625000023,50.62836334843162],[5.584375,50.642206121869116],[5.591552734375,50.65187409061912],[5.59912109375,50.65455963749412],[5.617919921875,50.65607330936912],[5.626220703125,50.65802643436912],[5.634765625,50.66327545780662],[5.638916015625,50.66840241093162],[5.6416015625,50.67352936405662],[5.646142578125023,50.67853424686912],[5.665917968750023,50.69342682499412],[5.688134765625023,50.713983465619116],[5.699609375000023,50.73578522343162],[5.687646484375023,50.75421784061912],[5.687646484375023,50.76105377811912]]]}},{"type":"Feature","properties":{"outlineWidth":2,"fillColor":"#00ffff"},"geometry":{"type":"MultiLineString","coordinates":[[[16.824121093750023,66.44647858280662],[16.853759765625,66.43947174686912],[16.926513671875,66.42604401249412]]]}},{"type":"Feature","properties":{"outlineWidth":2,"fillColor":"#00ffff"},"geometry":{"type":"MultiLineString","coordinates":[[[13.486572265625,48.58185455936912],[13.424560546875,48.58185455936912],[13.413232421875023,48.58576080936912],[13.388818359375023,48.59889557499412],[13.3798828125,48.601678778119116],[13.318115234375,48.60914948124412],[13.259521484375,48.60914948124412],[13.235009765625023,48.61798737186912],[13.190673828125,48.64447662968162],[13.167236328125,48.65009186405662],[13.115478515625,48.67433502811912],[13.111474609375023,48.68414948124412],[13.090722656250023,48.69525787968162],[13.081933593750023,48.704706121869116],[13.086181640625,48.70636627811912],[13.095605468750023,48.71217682499412],[13.083251953125,48.71918366093162],[13.06005859375,48.72846100468162],[13.0375,48.73212311405662],[13.02734375,48.72243073124412],[13.021386718750023,48.71828034061912],[13.010644531250023,48.72492096561912],[13.00537109375,48.73456452030662],[13.016845703125,48.73952057499412],[13.029931640625023,48.74298737186912],[13.032861328125023,48.75123932499412],[13.0302734375,48.76056549686912],[13.02734375,48.76740143436912],[13.016748046875023,48.78253815311912],[12.972558593750023,48.82648346561912],[12.954980468750023,48.83571198124412],[12.9169921875,48.84230377811912],[12.911279296875023,48.84564850468162],[12.874658203125023,48.84467194218162],[12.862207031250023,48.84938385624412],[12.8330078125,48.83107330936912],[12.8212890625,48.828241278119116],[12.80712890625,48.82855866093162],[12.783203125,48.83429596561912],[12.770166015625023,48.83571198124412],[12.76416015625,48.84052155155662],[12.758447265625023,48.85182526249412],[12.754052734375023,48.86432526249412],[12.752343750000023,48.87323639530662],[12.748193359375023,48.87990143436912],[12.677880859375023,48.90473053593162],[12.654296875,48.90912506718162],[12.625732421875,48.91083405155662],[12.616943359375,48.909051824994116],[12.592919921875023,48.89911530155662],[12.584716796875,48.893426824994116],[12.575341796875023,48.89015534061912],[12.553955078125,48.90162994999412],[12.540771484375,48.90399811405662],[12.540771484375,48.91083405155662],[12.5537109375,48.91766998905662],[12.539697265625023,48.92084381718162],[12.525292968750023,48.91889069218162],[12.513427734375,48.91974518436912],[12.506591796875,48.931268621869116]]]}},{"type":"Feature","properties":{"outlineWidth":2,"fillColor":"#00ffff"},"geometry":{"type":"MultiLineString","coordinates":[[[6.13330078125,46.20460846561912],[6.140625,46.21515534061912],[6.148095703125023,46.22016022343162],[6.162988281250023,46.23248932499412],[6.175048828125,46.248651434369116],[6.185302734375,46.26857330936912],[6.213525390625023,46.31574127811912],[6.218896484375023,46.32936432499412],[6.239990234375,46.34918854374412],[6.268457031250023,46.37531159061912],[6.301025390625,46.39472077030662],[6.331787109375,46.40162994999412],[6.364648437500023,46.402704168744116],[6.397216796875,46.40846588749412],[6.482324218750023,46.44891998905662],[6.54638671875,46.45758698124412],[6.613037109375,46.45612213749412],[6.76220703125,46.42951080936912],[6.761376953125023,46.43117096561912],[6.838281250000023,46.41749909061912],[6.856347656250023,46.409051824994116],[6.866113281250023,46.40277741093162]]]}},{"type":"Feature","properties":{"outlineWidth":2,"fillColor":"#00ffff"},"geometry":{"type":"MultiLineString","coordinates":[[[-5.773364257812489,37.62421295780662],[-5.782812499999977,37.62250397343162],[-5.792724609375,37.61835358280662],[-5.800537109375,37.61298248905662],[-5.803808593749977,37.60744049686912],[-5.809375,37.60309479374412],[-5.821582031249989,37.604608465619116],[-5.839160156249989,37.61054108280662],[-5.897558593749977,37.57423737186912],[-5.907470703125,37.57301666874412],[-5.905859374999977,37.56276276249412],[-5.903564453125,37.558221746869116],[-5.903979492187489,37.55421784061912],[-5.910498046874977,37.54535553593162],[-5.918310546874977,37.53859284061912],[-5.927343749999977,37.53444244999412],[-5.978125,37.51825592655662],[-5.987402343749977,37.51203034061912],[-5.99560546875,37.50067780155662],[-6.016699218749977,37.45355866093162],[-6.013378906249983,37.44000885624412],[-6.007080078125,37.42926666874412],[-6.002050781249977,37.41681549686912],[-6.003027343749977,37.39826080936912],[-6.00732421875,37.38947174686912],[-6.023486328124989,37.37091705936912],[-6.023876953124983,37.36066315311912],[-6.021337890624977,37.35175202030662],[-6.018261718749983,37.34474518436912],[-6.016699218749977,37.33991119999412],[-6.02001953125,37.32160065311912],[-6.02880859375,37.306024481244116],[-6.054541015624977,37.278436590619116],[-6.063232421875,37.26447174686912],[-6.073437499999983,37.23029205936912],[-6.08154296875,37.21674225468162],[-6.108935546874989,37.18317291874412],[-6.112890624999977,37.17548248905662],[-6.1181640625,37.15741608280662],[-6.131518554687489,37.147577215619116],[-6.16748046875,37.137567449994116],[-6.16748046875,37.13014557499412],[-6.157275390624989,37.125360418744116],[-6.126562499999977,37.10346100468162],[-6.107617187499983,37.116815496869116],[-6.099853515625,37.11249420780662],[-6.0986328125,37.09938385624412],[-6.099218749999977,37.08637116093162],[-6.103515625,37.07423737186912],[-6.113378906249977,37.06110260624412],[-6.133349609374989,37.04201080936912],[-6.159423828125,37.02321198124412],[-6.170019531249977,37.011590887494116],[-6.17431640625,36.99701569218162],[-6.177490234375,36.97955963749412],[-6.184985351562489,36.96112702030662],[-6.19482421875,36.93214752811912]]]}},{"type":"Feature","properties":{"outlineWidth":2,"fillColor":"#00ffff"},"geometry":{"type":"MultiLineString","coordinates":[[[1.808984375000023,42.62697174686912],[1.815185546875,42.64259674686912],[1.8330078125,42.66998932499412],[1.8369140625,42.68842194218162],[1.830224609375023,42.71503327030662],[1.811914062500023,42.736200262494116],[1.787353515625,42.75221588749412],[1.76123046875,42.76349518436912],[1.674951171875023,42.78351471561912]]]}},{"type":"Feature","properties":{"outlineWidth":2,"fillColor":"#00ffff"},"geometry":{"type":"MultiLineString","coordinates":[[[3.77587890625,47.18402741093162],[3.74560546875,47.188592840619116],[3.716064453125,47.201044012494116],[3.688232421875,47.21954987186912],[3.66259765625,47.242059637494116],[3.650048828125023,47.25758698124412],[3.650292968750023,47.265252996869116],[3.65576171875,47.27167389530662],[3.6591796875,47.28302643436912],[3.660546875000023,47.29030182499412],[3.663476562500023,47.294305731244116],[3.665917968750023,47.29860260624412],[3.666015625,47.30695221561912],[3.66357421875,47.31000397343162],[3.658593750000023,47.31281159061912],[3.653955078125023,47.317010809369116],[3.649658203125,47.33375885624412],[3.64453125,47.33400299686912],[3.63818359375,47.33204987186912],[3.632568359375,47.33490631718162],[3.629541015625023,47.34198639530662],[3.625146484375023,47.35846588749412],[3.610742187500023,47.380731512494116],[3.608642578125,47.39179108280662],[3.612060546875,47.42365143436912],[3.59765625,47.41815827030662],[3.580322265625,47.42047760624412],[3.5634765625,47.42780182499412],[3.550048828125,47.43732330936912],[3.552978515625,47.44757721561912],[3.55029296875,47.454217840619116],[3.544091796875023,47.45575592655662],[3.536376953125,47.45094635624412],[3.518310546875,47.473260809369116],[3.519189453125023,47.49628327030662],[3.531982421875,47.51557037968162],[3.550048828125,47.52667877811912],[3.565087890625023,47.529169012494116],[3.590722656250023,47.526483465619116],[3.604638671875023,47.52667877811912],[3.603173828125023,47.52826569218162],[3.60791015625,47.53278229374412],[3.618310546875023,47.54030182499412],[3.616943359375,47.537225653119116],[3.623779296875,47.53510162968162],[3.63818359375,47.53351471561912],[3.634912109375023,47.54279205936912],[3.635888671875023,47.54950592655662],[3.641503906250023,47.55329010624412],[3.65185546875,47.55397369999412],[3.645898437500023,47.57912018436912],[3.645654296875023,47.58466217655662],[3.649316406250023,47.59577057499412],[3.658447265625,47.59552643436912],[3.669677734375,47.59259674686912],[3.679833984375023,47.59552643436912],[3.684960937500023,47.60431549686912],[3.684326171875,47.61188385624412],[3.681396484375,47.61871979374412],[3.679833984375023,47.62567780155662],[3.681054687500023,47.681756903119116],[3.677392578125023,47.68707916874412],[3.666015625,47.69733307499412],[3.656152343750023,47.70184967655662],[3.64501953125,47.70380280155662],[3.63623046875,47.708612371869116],[3.632568359375,47.72150299686912],[3.599365234375,47.73756744999412],[3.591064453125,47.74640534061912],[3.59130859375,47.75568268436912],[3.597070312500023,47.76417877811912],[3.612060546875,47.779901434369116],[3.594140625000023,47.790887762494116],[3.585205078125,47.797967840619116],[3.577392578125,47.80719635624412],[3.57861328125,47.81129791874412],[3.576074218750023,47.83937409061912],[3.573974609375,47.845086981244116],[3.535888671875,47.903192449994116],[3.536376953125,47.92047760624412],[3.513916015625,47.95441315311912],[3.462304687500023,47.97211334843162],[3.369140625,47.98761627811912],[3.369287109375023,47.98854401249412],[3.3544921875,47.99445221561912],[3.302978515625,48.01264069218162],[3.302978515625,48.02008698124412],[3.322021484375,48.02863190311912],[3.31884765625,48.04054596561912],[3.296142578125,48.06110260624412],[3.288964843750023,48.07033112186912],[3.287109375,48.07399323124412],[3.288720703125023,48.09210846561912],[3.286376953125,48.10040924686912],[3.281005859375,48.10748932499412],[3.274316406250023,48.11273834843162],[3.268798828125,48.11574127811912],[3.278076171875,48.12526276249412],[3.304443359375,48.143426824994116],[3.309814453125,48.15326569218162],[3.302880859375023,48.16058991093162],[3.262109375000023,48.18463776249412],[3.27490234375,48.20875885624412],[3.263574218750023,48.23053619999412],[3.24462890625,48.250604559369116],[3.230615234375023,48.27716705936912],[3.194726562500023,48.32135651249412],[3.183984375000023,48.32855866093162],[3.107568359375023,48.34845612186912],[3.106835937500023,48.35040924686912],[3.095361328125023,48.35956452030662],[3.090087890625,48.36273834843162],[3.082421875000023,48.36378815311912],[3.06640625,48.36249420780662],[3.059716796875023,48.365838934369116],[3.035888671875,48.37274811405662],[3.001953125,48.37323639530662],[2.97216796875,48.37775299686912],[2.9609375,48.396844793744116]]]}},{"type":"Feature","properties":{"outlineWidth":2,"fillColor":"#00ffff"},"geometry":{"type":"MultiLineString","coordinates":[[[10.6650390625,50.45099518436912],[10.645751953125,50.45258209843162],[10.645654296875023,50.45709869999412],[10.6318359375,50.483026434369116],[10.61376953125,50.50319244999412],[10.608544921875023,50.507196356244116],[10.57421875,50.518915106244116],[10.4501953125,50.52765534061912],[10.417724609375,50.54315827030662],[10.39892578125,50.60346100468162],[10.36767578125,50.623895574994116],[10.369140625,50.642938543744116],[10.351953125000023,50.67572662968162],[10.354638671875023,50.68532135624412],[10.354638671875023,50.69281647343162],[10.348046875000023,50.69940827030662],[10.348779296875023,50.70441315311912],[10.352441406250023,50.70880768436912],[10.354638671875023,50.71332428593162],[10.354638671875023,50.73688385624412],[10.349511718750023,50.74884674686912],[10.336816406250023,50.75531647343162],[10.321044921875,50.76019928593162],[10.306884765625,50.76727936405662],[10.2998046875,50.778192449994116],[10.295800781250023,50.79181549686912],[10.28955078125,50.803338934369116],[10.275781250000023,50.808221746869116],[10.203857421875,50.821893621869116],[10.150146484375,50.84296295780662],[10.141748046875023,50.83991119999412],[10.132958984375023,50.83302643436912],[10.11279296875,50.83502838749412],[10.073486328125,50.843622137494116],[10.008691406250023,50.839715887494116],[9.978906250000023,50.84467194218162],[9.957421875000023,50.86347077030662],[9.967187500000023,50.86281159061912],[9.9755859375,50.86408112186912],[9.991601562500023,50.87030670780662],[9.984130859375,50.87714264530662],[9.997216796875023,50.88678619999412],[10.01904296875,50.91876862186912],[10.031884765625023,50.931756903119116],[10.051660156250023,50.936883856244116],[10.061669921875023,50.941278387494116],[10.06591796875,50.94977448124412],[10.06982421875,50.96112702030662],[10.078759765625023,50.96845123905662],[10.101464843750023,50.98016998905662],[10.096582031250023,50.98170807499412],[10.095849609375023,50.98244049686912],[10.095947265625,50.983758856244116],[10.093994140625,50.98700592655662],[10.102685546875023,51.00368073124412],[10.10986328125,51.01124909061912],[10.121240234375023,51.01496002811912],[10.136474609375,51.00031159061912],[10.167236328125,50.997919012494116],[10.197509765625,50.99970123905662],[10.211328125000023,50.99757721561912],[10.21435546875,51.00709869999412],[10.22119140625,51.01198151249412],[10.22802734375,51.018182684369116],[10.231103515625023,51.03168366093162],[10.228906250000023,51.03388092655662],[10.224853515625,51.039667059369116],[10.223046875000023,51.04567291874412],[10.227783203125,51.048456121869116],[10.237695312500023,51.04865143436912],[10.243798828125023,51.05023834843162],[10.247705078125023,51.05451080936912],[10.251611328125023,51.06268952030662],[10.2587890625,51.060174871869116],[10.261865234375023,51.05861237186912],[10.265869140625,51.055292059369116],[10.265869140625,51.05958893436912],[10.266845703125,51.064325262494116],[10.267480468750023,51.06976959843162],[10.265869140625,51.07636139530662],[10.280664062500023,51.07538483280662],[10.28662109375,51.07374909061912],[10.293847656250023,51.06891510624412],[10.3017578125,51.075067449994116],[10.313134765625023,51.07929108280662],[10.326416015625,51.08173248905662],[10.34033203125,51.08258698124412],[10.331787109375,51.08734772343162],[10.302880859375023,51.09547760624412],[10.289794921875,51.09686920780662],[10.287353515625,51.09454987186912],[10.28125,51.09052155155662],[10.27490234375,51.088739324994116],[10.272119140625023,51.09345123905662],[10.27392578125,51.10011627811912],[10.27880859375,51.10468170780662],[10.28564453125,51.107782293744116],[10.293847656250023,51.10993073124412],[10.28466796875,51.11420319218162],[10.267968750000023,51.11493561405662],[10.259033203125,51.11737702030662],[10.253662109375,51.12177155155662],[10.2412109375,51.134881903119116],[10.2373046875,51.137811590619116],[10.220458984375,51.13507721561912],[10.207763671875,51.12836334843162],[10.194482421875023,51.126336981244116],[10.17578125,51.137811590619116],[10.183349609375,51.144647528119116],[10.172753906250023,51.14789459843162],[10.164941406250023,51.15448639530662],[10.162744140625023,51.162958074994116],[10.169677734375,51.17194244999412],[10.152001953125023,51.19037506718162],[10.12255859375,51.19428131718162],[10.059814453125,51.19245026249412],[10.04833984375,51.19684479374412],[10.028710937500023,51.21063873905662],[10.02197265625,51.21356842655662],[10.006494140625023,51.214471746869116],[9.996240234375023,51.218377996869116],[9.992822265625023,51.22662994999412],[9.997802734375,51.240838934369116],[9.994384765625,51.24122955936912],[9.984130859375,51.240838934369116],[9.984130859375,51.247674871869116],[9.99462890625,51.24701569218162],[10.001855468750023,51.24872467655662],[10.006982421875023,51.25324127811912],[10.011376953125023,51.261346746869116],[9.985107421875,51.26979401249412],[9.962158203125,51.30756256718162],[9.943115234375,51.30231354374412],[9.945458984375023,51.30780670780662],[9.945703125000023,51.310663153119116],[9.9462890625,51.31300690311912],[9.949951171875,51.31659577030662],[9.949951171875,51.32282135624412],[9.93408203125,51.32033112186912],[9.8916015625,51.32282135624412],[9.879638671875,51.32904694218162],[9.8740234375,51.34113190311912],[9.867822265625023,51.34918854374412],[9.853759765625,51.34328034061912],[9.843017578125,51.35297272343162],[9.812402343750023,51.36549713749412],[9.805908203125,51.37404205936912],[9.800048828125,51.38544342655662],[9.78564453125,51.38959381718162],[9.751953125,51.39105866093162],[9.736572265625,51.39618561405662],[9.716064453125,51.40949127811912],[9.684326171875,51.41400787968162],[9.657128906250023,51.42255280155662],[9.64208984375,51.42523834843162],[9.636474609375,51.43036530155662],[9.63427734375,51.43561432499412],[9.635986328125,51.44074127811912],[9.64208984375,51.445672918744116],[9.64208984375,51.45314362186912],[9.635986328125,51.45631744999412],[9.63330078125,51.45917389530662],[9.6318359375,51.462518621869116],[9.62841796875,51.467401434369116],[9.64208984375,51.467401434369116],[9.64208984375,51.47365143436912],[9.621484375000023,51.48261139530662],[9.610986328125023,51.49579498905662],[9.602197265625023,51.50995514530662],[9.586816406250023,51.52204010624412],[9.607666015625,51.52472565311912],[9.616943359375,51.53583405155662],[9.615625,51.55109284061912],[9.604248046875,51.56610748905662],[9.596582031250023,51.57416412968162],[9.587158203125,51.589227606244116],[9.579980468750023,51.59650299686912],[9.570703125000023,51.60187409061912],[9.5390625,51.61078522343162],[9.5390625,51.61701080936912],[9.545068359375023,51.62055084843162],[9.55419921875,51.62750885624412],[9.560791015625,51.63629791874412],[9.5595703125,51.64496491093162],[9.552490234375,51.645379949994116],[9.530029296875,51.63429596561912],[9.521728515625,51.63129303593162],[9.50732421875,51.63161041874412],[9.497802734375,51.634149481244116],[9.492333984375023,51.64130280155662],[9.490625,51.65553619999412],[9.484765625000023,51.66083405155662],[9.471435546875,51.65814850468162],[9.457666015625023,51.65143463749412],[9.450341796875023,51.64496491093162],[9.432373046875,51.650751043744116],[9.417626953125023,51.64496491093162],[9.403564453125,51.637323309369116],[9.38818359375,51.63746979374412],[9.375390625000023,51.648553778119116],[9.37451171875,51.66181061405662],[9.38232421875,51.67304108280662],[9.395166015625023,51.67841217655662],[9.391259765625023,51.69000885624412],[9.390283203125023,51.70758698124412],[9.391748046875023,51.72443268436912],[9.395166015625023,51.73371002811912],[9.382568359375,51.74518463749412],[9.377587890625023,51.76141998905662],[9.382226562500023,51.77582428593162],[9.411523437500023,51.78712799686912],[9.42041015625,51.79779694218162],[9.419091796875023,51.80763580936912],[9.402001953125023,51.81000397343162],[9.402001953125023,51.81622955936912],[9.41064453125,51.82111237186912],[9.433251953125023,51.82587311405662],[9.44287109375,51.82990143436912],[9.445068359375,51.84572174686912],[9.457763671875,51.866327215619116],[9.46044921875,51.88434479374412],[9.418359375000023,51.89508698124412],[9.409326171875023,51.90192291874412],[9.408349609375023,51.90871002811912],[9.4189453125,51.91181061405662],[9.470117187500023,51.90558502811912],[9.468652343750023,51.91334869999412],[9.465722656250023,51.91871979374412],[9.461572265625023,51.92243073124412],[9.45654296875,51.92548248905662],[9.466455078125023,51.92951080936912],[9.497314453125,51.93060944218162],[9.511865234375023,51.93292877811912],[9.505761718750023,51.953485418744116],[9.51513671875,51.98292877811912],[9.508056640625,51.99811432499412],[9.495263671875023,52.00092194218162],[9.459863281250023,51.99054596561912],[9.44287109375,51.99440338749412],[9.434326171875,52.00739166874412],[9.42236328125,52.04201080936912],[9.412109375,52.04901764530662],[9.406005859375,52.04950592655662],[9.391845703125,52.05292389530662],[9.384521484375,52.05573151249412]]]}},{"type":"Feature","properties":{"outlineWidth":2,"fillColor":"#00ffff"},"geometry":{"type":"MultiLineString","coordinates":[[[21.12158203125,40.45502350468162],[21.145898437500023,40.48297760624412],[21.15869140625,40.49249909061912],[21.17138671875,40.49616119999412],[21.22607421875,40.502313543744116],[21.231347656250023,40.49713776249412],[21.235595703125,40.485467840619116],[21.242919921875,40.473749090619116],[21.257080078125,40.46820709843162],[21.255029296875023,40.46381256718162],[21.252197265625,40.45221588749412],[21.250244140625,40.44769928593162],[21.266503906250023,40.44330475468162],[21.280419921875023,40.437372137494116],[21.292724609375,40.42987702030662],[21.304931640625,40.42042877811912],[21.304931640625,40.42726471561912],[21.31201171875,40.42316315311912],[21.32568359375,40.417596746869116],[21.332763671875,40.41359284061912],[21.33447265625,40.417596746869116],[21.334619140625023,40.41847565311912],[21.335595703125023,40.418573309369116],[21.339013671875023,40.42042877811912],[21.3447265625,40.41229889530662],[21.351318359375,40.406366278119116],[21.358789062500023,40.40236237186912],[21.366943359375,40.39992096561912],[21.36279296875,40.39227936405662],[21.362060546875,40.38666412968162],[21.366943359375,40.37201569218162],[21.374267578125,40.37201569218162],[21.381738281250023,40.376092840619116],[21.388916015625,40.37311432499412],[21.3955078125,40.36640045780662],[21.401025390625023,40.35895416874412],[21.406005859375,40.34039948124412],[21.48974609375,40.26215241093162],[21.485009765625023,40.257928778119116],[21.480126953125023,40.25177643436912],[21.47607421875,40.24909088749412],[21.4794921875,40.23798248905662],[21.484130859375,40.230585028119116],[21.489990234375,40.229120184369116],[21.49658203125,40.23541901249412],[21.50341796875,40.23541901249412],[21.51123046875,40.22511627811912],[21.521240234375,40.21906159061912],[21.529296875,40.21100494999412],[21.53076171875,40.194452215619116],[21.534570312500023,40.19696686405662],[21.54443359375,40.20070221561912],[21.547607421875,40.19330475468162],[21.550439453125023,40.18891022343162],[21.55810546875,40.18019440311912],[21.55810546875,40.15973541874412],[21.544091796875023,40.159540106244116],[21.53515625,40.155633856244116],[21.53271484375,40.14862702030662],[21.53759765625,40.13922760624412],[21.527734375000023,40.13971588749412],[21.519287109375,40.13849518436912],[21.50341796875,40.13239166874412],[21.51123046875,40.12348053593162],[21.516015625000023,40.11232330936912],[21.523193359375,40.10260651249412],[21.53759765625,40.098260809369116],[21.53759765625,40.09083893436912],[21.53076171875,40.09083893436912],[21.53076171875,40.084588934369116],[21.549218750000023,40.07179596561912],[21.562255859375,40.05609772343162],[21.56982421875,40.03839752811912],[21.572412109375023,40.01947662968162],[21.58203125,40.00433991093162],[21.624414062500023,39.98004791874412],[21.6337890625,39.961053778119116],[21.638330078125023,39.96137116093162],[21.6396484375,39.96210358280662],[21.639794921875023,39.96405670780662],[21.640625,39.967889715619116],[21.65087890625,39.96271393436912],[21.65771484375,39.96552155155662],[21.66455078125,39.97125885624412],[21.6748046875,39.974725653119116],[21.680566406250023,39.97382233280662],[21.696044921875,39.96906159061912],[21.7060546875,39.967889715619116],[21.724853515625,39.96979401249412],[21.746337890625,39.97479889530662],[21.7666015625,39.98236725468162],[21.787255859375023,39.99464752811912],[21.792626953125023,39.99457428593162],[21.798583984375,39.99591705936912],[21.8056640625,40.00270416874412],[21.813720703125,40.01422760624412],[21.815185546875,40.01881744999412],[21.813378906250023,40.02289459843162],[21.808740234375023,40.04596588749412],[21.794677734375,40.06830475468162],[21.79150390625,40.081170965619116],[21.796142578125,40.09870026249412],[21.808251953125023,40.10419342655662],[21.824121093750023,40.10590241093162],[21.840478515625023,40.11188385624412],[21.843017578125,40.11745026249412],[21.846826171875023,40.135370184369116],[21.849755859375023,40.13922760624412],[21.85791015625,40.14069244999412],[21.863525390625,40.14435455936912],[21.868310546875023,40.149042059369116],[21.890771484375023,40.16437409061912],[21.89892578125,40.172723699994116],[21.923730468750023,40.21210358280662],[21.933349609375,40.22218659061912],[21.946044921875,40.23016998905662],[21.96337890625,40.23541901249412],[21.955957031250023,40.23541901249412],[22.020654296875023,40.27338287968162],[22.028222656250023,40.27643463749412],[22.037011718750023,40.27838776249412],[22.047119140625,40.28314850468162],[22.055566406250023,40.28876373905662],[22.058984375000023,40.29347565311912],[22.064453125,40.29591705936912],[22.090722656250023,40.30060455936912],[22.099365234375,40.30372955936912],[22.1025390625,40.30975983280662],[22.109619140625,40.33082916874412],[22.113671875000023,40.33783600468162],[22.142968750000023,40.34918854374412],[22.147705078125,40.35524323124412],[22.153710937500023,40.37062409061912],[22.167724609375,40.38117096561912],[22.18359375,40.38991119999412],[22.195556640625,40.39992096561912],[22.209228515625,40.43410065311912],[22.22705078125,40.45997955936912],[22.235107421875,40.47528717655662],[22.271240234375,40.509149481244116],[22.286279296875023,40.516717840619116],[22.321533203125,40.52997467655662],[22.33642578125,40.54022858280662],[22.342675781250023,40.54852936405662],[22.345117187500023,40.55365631718162],[22.350244140625023,40.556268621869116],[22.371972656250023,40.55812409061912],[22.382226562500023,40.56110260624412],[22.392822265625,40.56537506718162],[22.401611328125,40.57062409061912],[22.41455078125,40.58051178593162],[22.426025390625,40.587030340619116],[22.44140625,40.59064362186912],[22.466455078125023,40.59174225468162],[22.488916015625023,40.58649323124412],[22.505761718750023,40.57428619999412],[22.520898437500023,40.56056549686912],[22.538818359375,40.55072662968162],[22.559716796875023,40.54938385624412],[22.581689453125023,40.551141668744116],[22.599267578125023,40.54840729374412],[22.613183593750023,40.52199127811912],[22.644677734375023,40.489618231244116],[22.654931640625023,40.48187897343162]]]}},{"type":"Feature","properties":{"outlineWidth":2,"fillColor":"#00ffff"},"geometry":{"type":"MultiLineString","coordinates":[[[6.150146484375,46.647577215619116],[6.143310546875,46.66823151249412],[6.146240234375,46.686151434369116],[6.163330078125,46.700067449994116],[6.185791015625,46.71088287968162],[6.222802734375023,46.73317291874412],[6.25830078125,46.74774811405662],[6.285888671875,46.763055731244116],[6.287988281250023,46.77687409061912],[6.2861328125,46.79396393436912],[6.297265625000023,46.80048248905662],[6.338769531250023,46.834588934369116],[6.339990234375023,46.85187409061912],[6.349853515625,46.861932684369116],[6.36279296875,46.86859772343162],[6.372949218750023,46.87555573124412],[6.356689453125,46.91310455936912],[6.352929687500023,46.93353912968162],[6.359277343750023,46.95001862186912],[6.366845703125023,46.94611237186912],[6.375,46.94464752811912],[6.383544921875,46.94550202030662],[6.392480468750023,46.948358465619116]]]}},{"type":"Feature","properties":{"outlineWidth":2,"fillColor":"#00ffff"},"geometry":{"type":"MultiLineString","coordinates":[[[18.721582031250023,51.87018463749412],[18.72705078125,51.88056061405662],[18.77392578125,51.92287018436912],[18.803466796875,51.959588934369116],[18.794921875,51.97089264530662],[18.758935546875023,52.00165436405662],[18.7451171875,52.00807526249412],[18.733154296875,52.01532623905662],[18.7265625,52.03204987186912],[18.721582031250023,52.06268952030662],[18.7138671875,52.07843659061912],[18.704736328125023,52.09083893436912],[18.697021484375,52.10541412968162],[18.691308593750023,52.15094635624412],[18.6845703125,52.16608307499412],[18.674072265625,52.176629949994116],[18.660058593750023,52.186151434369116],[18.642480468750023,52.19452545780662],[18.623779296875,52.19855377811912],[18.569091796875,52.20197174686912],[18.537841796875,52.21124909061912],[18.52294921875,52.21283600468162],[18.478759765625,52.20734284061912],[18.454492187500023,52.20795319218162],[18.422021484375023,52.22609284061912],[18.40380859375,52.226434637494116],[18.364648437500023,52.220331121869116],[18.286523437500023,52.22711823124412],[18.27783203125,52.22626373905662],[18.267578125,52.22394440311912],[18.259033203125,52.220575262494116],[18.25537109375,52.21662018436912],[18.251708984375,52.217401434369116],[18.231347656250023,52.22528717655662],[18.220605468750023,52.22711823124412],[18.203027343750023,52.22382233280662],[18.165771484375,52.209833074994116],[18.149169921875,52.206659246869116],[18.071044921875,52.206659246869116],[17.961669921875,52.18751862186912],[17.926416015625023,52.186151434369116],[17.910546875000023,52.190301824994116],[17.878076171875023,52.20380280155662],[17.8544921875,52.206659246869116],[17.819726562500023,52.206659246869116],[17.805908203125,52.20477936405662],[17.761962890625,52.19362213749412],[17.764062500000023,52.184198309369116],[17.72021484375,52.180047918744116],[17.704003906250023,52.17560455936912],[17.688623046875023,52.159784246869116],[17.675048828125,52.15058014530662],[17.657861328125023,52.14630768436912],[17.50537109375,52.14520905155662],[17.504638671875,52.14113190311912],[17.48828125,52.11793854374412],[17.474267578125023,52.11249420780662],[17.359619140625,52.09650299686912],[17.107421875,52.10419342655662],[17.09716796875,52.10084869999412],[17.086669921875,52.09381744999412],[17.0634765625,52.09320709843162],[17.028222656250023,52.09743073124412],[16.99560546875,52.12282135624412],[16.9951171875,52.15529205936912],[16.999414062500023,52.189569403119116],[16.981103515625023,52.220331121869116],[16.969140625000023,52.21662018436912],[16.919091796875023,52.220331121869116],[16.926513671875,52.22711823124412],[16.923974609375023,52.23090241093162],[16.92138671875,52.23334381718162],[16.919580078125023,52.23615143436912],[16.919091796875023,52.24079010624412],[16.912841796875,52.24079010624412],[16.902734375000023,52.235956121869116],[16.894775390625,52.24269440311912],[16.8818359375,52.26471588749412],[16.87890625,52.27509186405662],[16.881982421875023,52.28859284061912],[16.892333984375,52.30963776249412],[16.89599609375,52.31146881718162],[16.908935546875,52.31403229374412],[16.912841796875,52.31647369999412],[16.914453125000023,52.324823309369116],[16.911865234375,52.33173248905662],[16.907958984375,52.337030340619116],[16.906005859375,52.34076569218162],[16.910058593750023,52.34918854374412],[16.962304687500023,52.43024323124412],[16.970947265625,52.45099518436912],[16.974267578125023,52.47357819218162],[16.9697265625,52.50043366093162],[16.9619140625,52.52631256718162],[16.958398437500023,52.551629949994116],[16.967431640625023,52.57721588749412],[16.926416015625023,52.610711981244116],[16.907470703125,52.61969635624412],[16.733544921875023,52.67311432499412],[16.693115234375,52.68024323124412],[16.680908203125,52.680292059369116],[16.663964843750023,52.67804596561912],[16.652099609375,52.68024323124412],[16.647119140625023,52.684198309369116],[16.640283203125023,52.69118073124412],[16.6318359375,52.69777252811912],[16.61279296875,52.70270416874412],[16.59912109375,52.71173737186912],[16.593505859375,52.713739324994116],[16.4482421875,52.71576569218162],[16.414697265625023,52.722528387494116],[16.39892578125,52.72125885624412],[16.349755859375023,52.70892975468162],[16.3232421875,52.71149323124412],[16.2958984375,52.727411199994116],[16.279931640625023,52.72040436405662],[16.239404296875023,52.71198151249412],[16.223535156250023,52.70380280155662],[16.20849609375,52.69391510624412],[16.19287109375,52.690057684369116],[16.15185546875,52.68707916874412],[16.130029296875023,52.67999909061912],[16.090576171875,52.65717194218162],[16.07275390625,52.65228912968162],[16.05322265625,52.650262762494116],[16.0166015625,52.64130280155662],[15.927490234375,52.63361237186912],[15.91796875,52.62843659061912],[15.900292968750023,52.61403229374412],[15.894921875000023,52.61139557499412],[15.882080078125,52.61017487186912],[15.872802734375,52.608270574994116],[15.863525390625,52.60785553593162],[15.850244140625023,52.61139557499412],[15.829736328125023,52.63185455936912],[15.8212890625,52.63458893436912],[15.752099609375023,52.64284088749412],[15.732421875,52.64118073124412],[15.713623046875,52.63185455936912],[15.706298828125,52.639276434369116],[15.6962890625,52.633905340619116],[15.687158203125023,52.63283112186912],[15.67724609375,52.63312409061912],[15.665771484375,52.63185455936912],[15.632958984375023,52.61945221561912],[15.624267578125,52.617547918744116],[15.599023437500023,52.62941315311912],[15.590234375000023,52.63185455936912],[15.587304687500023,52.63080475468162],[15.555908203125,52.62501862186912],[15.545312500000023,52.62543366093162],[15.5390625,52.62763092655662],[15.532470703125,52.62848541874412],[15.520654296875023,52.62501862186912],[15.515625,52.62037994999412],[15.513916015625,52.61432526249412],[15.510644531250023,52.60834381718162],[15.50146484375,52.603876043744116],[15.478173828125023,52.60419342655662],[15.461181640625,52.61403229374412],[15.409082031250023,52.66583893436912],[15.40087890625,52.68109772343162],[15.397705078125,52.70380280155662],[15.420068359375023,52.724725653119116],[15.423828125,52.73610260624412],[15.401123046875,52.74103424686912],[15.373779296875,52.73346588749412],[15.357177734375,52.726190496869116],[15.347070312500023,52.727899481244116],[15.333154296875023,52.734247137494116],[15.289941406250023,52.72748444218162],[15.267968750000023,52.72662994999412],[15.24755859375,52.734247137494116]]]}},{"type":"Feature","properties":{"outlineWidth":2,"fillColor":"#00ffff"},"geometry":{"type":"MultiLineString","coordinates":[[[6.392480468750023,46.948358465619116],[6.424072265625,46.96869537968162],[6.484130859375,47.022333074994116],[6.50634765625,47.03322174686912],[6.55419921875,47.03322174686912],[6.566308593750023,47.03571198124412],[6.601708984375023,47.05280182499412],[6.60546875,47.05299713749412],[6.61572265625,47.05170319218162],[6.620751953125023,47.05206940311912],[6.627099609375023,47.05463287968162],[6.639062500000023,47.06195709843162],[6.645898437500023,47.06391022343162],[6.644677734375023,47.067743231244116],[6.64892578125,47.07684967655662],[6.65869140625,47.09149811405662],[6.666748046875,47.09613678593162],[6.676513671875,47.099237371869116],[6.69580078125,47.101678778119116],[6.731103515625023,47.09913971561912],[6.745507812500023,47.10426666874412],[6.744140625,47.12128327030662],[6.774169921875,47.12843659061912],[6.839746093750023,47.16974518436912],[6.858789062500023,47.19118073124412],[6.887841796875023,47.211542059369116],[6.955810546875,47.245477606244116],[6.95166015625,47.27033112186912],[6.9580078125,47.29083893436912],[6.976806640625,47.30402252811912],[7.009765625,47.30695221561912],[7.018701171875023,47.30963776249412],[7.029052734375,47.31732819218162],[7.037744140625023,47.32062409061912],[7.042724609375,47.31984284061912],[7.048583984375,47.31696198124412],[7.055810546875023,47.31439850468162],[7.065087890625023,47.31439850468162],[7.133203125000023,47.33490631718162],[7.156640625000023,47.347528387494116],[7.168359375000023,47.35846588749412],[7.16748046875,47.36896393436912],[7.1025390625,47.36151764530662],[7.083740234375,47.356317449994116],[7.0751953125,47.355340887494116],[7.047607421875,47.355340887494116],[6.986230468750023,47.34791901249412],[6.917871093750023,47.34791901249412],[6.89892578125,47.34540436405662],[6.868310546875023,47.33539459843162],[6.859521484375023,47.33490631718162],[6.849365234375,47.32916901249412],[6.832910156250023,47.32672760624412],[6.798095703125,47.32807037968162],[6.778564453125,47.33234284061912],[6.766503906250023,47.33832428593162],[6.759765625,47.34613678593162],[6.756494140625023,47.355340887494116],[6.7568359375,47.363153387494116],[6.760644531250023,47.373651434369116],[6.767724609375023,47.38519928593162],[6.777587890625,47.39630768436912],[6.773193359375,47.40680573124412],[6.778466796875023,47.41522858280662],[6.786523437500023,47.42536041874412],[6.795556640625023,47.455926824994116],[6.807373046875,47.45551178593162],[6.822265625,47.45119049686912],[6.8359375,47.45436432499412],[6.843994140625,47.46674225468162],[6.841943359375023,47.47772858280662],[6.832421875000023,47.48639557499412],[6.818603515625,47.49188873905662],[6.80419921875,47.49220612186912],[6.791894531250023,47.48781159061912],[6.78076171875,47.482049871869116],[6.770166015625023,47.47821686405662],[6.722802734375023,47.47821686405662],[6.715576171875,47.47479889530662],[6.709228515625,47.46950104374412],[6.694482421875023,47.46393463749412],[6.647851562500023,47.45404694218162],[6.625732421875,47.43903229374412],[6.612548828125,47.43732330936912],[6.60498046875,47.44293854374412],[6.597412109375,47.45331452030662],[6.589599609375,47.461542059369116],[6.58203125,47.46120026249412],[6.564697265625,47.44476959843162],[6.555322265625023,47.44684479374412],[6.546044921875023,47.44550202030662],[6.53759765625,47.44196198124412],[6.530517578125,47.43732330936912],[6.546777343750023,47.43214752811912],[6.554931640625,47.43060944218162],[6.564697265625,47.43048737186912],[6.564697265625,47.42365143436912],[6.547753906250023,47.42189362186912],[6.531005859375,47.41828034061912],[6.515625,47.41205475468162],[6.502685546875,47.40253327030662],[6.504638671875,47.39838287968162],[6.508056640625,47.38739655155662],[6.510156250000023,47.38324616093162],[6.490234375,47.37848541874412],[6.438134765625023,47.37579987186912],[6.424462890625023,47.37238190311912],[6.416015625,47.36627838749412],[6.406152343750023,47.36298248905662],[6.3837890625,47.36151764530662],[6.378808593750023,47.35919830936912],[6.351806640625,47.34174225468162],[6.337158203125,47.34357330936912],[6.311767578125,47.33912994999412],[6.287841796875,47.33156159061912],[6.27734375,47.32428619999412],[6.265869140625,47.31447174686912],[6.2109375,47.29645416874412],[6.142578125,47.28974030155662],[6.119873046875,47.28375885624412],[6.098535156250023,47.27338287968162],[6.093164062500023,47.27265045780662],[6.086572265625023,47.27362702030662],[6.0810546875,47.27362702030662],[6.078759765625023,47.26972077030662],[6.078515625000023,47.260370184369116],[6.077050781250023,47.25604889530662],[6.06787109375,47.24860260624412],[6.055322265625023,47.24103424686912],[6.043847656250023,47.24066803593162],[6.0166015625,47.245477606244116],[6.021240234375,47.24091217655662],[6.0263671875,47.23480866093162],[6.030419921875023,47.23187897343162],[5.94775390625,47.19708893436912],[5.958154296875023,47.19745514530662],[5.96142578125,47.19708893436912],[5.96142578125,47.19086334843162],[5.930078125000023,47.17963287968162],[5.91650390625,47.17975494999412],[5.899316406250023,47.19086334843162],[5.89306640625,47.18402741093162],[5.90673828125,47.17658112186912],[5.90673828125,47.16974518436912],[5.898339843750023,47.16456940311912],[5.895751953125,47.159295965619116],[5.894677734375023,47.15326569218162],[5.8896484375,47.14581940311912],[5.882080078125,47.14227936405662],[5.86376953125,47.14227936405662],[5.844628906250023,47.134149481244116],[5.848291015625023,47.16168854374412],[5.84228515625,47.16974518436912],[5.79345703125,47.17182037968162],[5.777099609375,47.16974518436912],[5.731201171875,47.148797918744116],[5.721826171875023,47.142450262494116],[5.715576171875,47.142450262494116],[5.707177734375023,47.15089752811912],[5.6884765625,47.15265534061912],[5.616601562500023,47.143426824994116],[5.585351562500023,47.135614324994116],[5.570703125000023,47.12665436405662],[5.549560546875,47.10407135624412],[5.536865234375,47.09467194218162],[5.520898437500023,47.09259674686912],[5.5,47.09223053593162],[5.485498046875023,47.08795807499412],[5.489160156250023,47.07416412968162],[5.481201171875,47.06788971561912],[5.459130859375023,47.05585358280662],[5.450830078125023,47.05372955936912],[5.45263671875,47.05250885624412],[5.452880859375,47.04913971561912],[5.451904296875,47.04437897343162],[5.449853515625023,47.03864166874412]]]}},{"type":"Feature","properties":{"outlineWidth":2,"fillColor":"#00ffff"},"geometry":{"type":"MultiLineString","coordinates":[[[3.287744140625023,50.23712799686912],[3.319482421875023,50.27924225468162],[3.336816406250023,50.29474518436912],[3.357080078125023,50.30646393436912],[3.381738281250023,50.31574127811912],[3.406005859375,50.31952545780662],[3.44921875,50.31549713749412],[3.47119140625,50.31696198124412],[3.491601562500023,50.32746002811912],[3.506005859375023,50.34552643436912],[3.531396484375023,50.38580963749412],[3.581689453125023,50.43165924686912],[3.586816406250023,50.43891022343162],[3.58349609375,50.44459869999412],[3.572509765625,50.45307037968162],[3.557373046875,50.46161530155662],[3.45263671875,50.50092194218162],[3.438134765625023,50.50905182499412],[3.438134765625023,50.50905182499412],[3.438134765625023,50.50905182499412],[3.438134765625023,50.50905182499412],[3.438134765625023,50.50905182499412],[3.430322265625023,50.521356512494116],[3.429345703125023,50.53583405155662],[3.435791015625,50.56635162968162],[3.434716796875023,50.57965729374412],[3.426513671875,50.58734772343162],[3.403564453125,50.59913971561912],[3.382958984375023,50.61749909061912],[3.367089843750023,50.63654205936912],[3.356103515625023,50.65814850468162],[3.350244140625023,50.684198309369116],[3.367333984375023,50.71735260624412],[3.412744140625023,50.74738190311912],[3.592919921875023,50.83222077030662],[3.60595703125,50.84235260624412],[3.636865234375023,50.87794830936912],[3.646484375,50.88429596561912],[3.667236328125,50.89301178593162],[3.677148437500023,50.89960358280662],[3.683349609375,50.91066315311912],[3.675927734375023,50.91730377811912],[3.663720703125023,50.923456121869116],[3.656005859375,50.93305084843162],[3.6552734375,50.947381903119116],[3.660546875000023,50.95136139530662],[3.670068359375023,50.95192291874412],[3.68212890625,50.95607330936912],[3.707666015625023,50.974237371869116],[3.72802734375,50.99420807499412],[3.743798828125023,51.01735260624412],[3.755273437500023,51.04559967655662],[3.755273437500023,51.04559967655662],[3.755273437500023,51.04559967655662],[3.755273437500023,51.04559967655662],[3.755273437500023,51.04559967655662],[3.779443359375023,51.04254791874412],[3.793212890625,51.03371002811912],[3.804833984375023,51.02155182499412],[3.822900390625023,51.008661199994116],[3.83642578125,51.00348541874412],[3.84716796875,51.00287506718162],[3.873046875,51.00873444218162],[3.989648437500023,51.015008856244116],[4.0107421875,51.01312897343162],[4.020898437500023,51.013544012494116],[4.032617187500023,51.01825592655662],[4.041650390625023,51.026483465619116],[4.054931640625,51.045282293744116],[4.06640625,51.05206940311912],[4.079345703125,51.053827215619116],[4.08935546875,51.05104401249412],[4.098876953125,51.046502996869116],[4.1103515625,51.04315827030662]]]}},{"type":"Feature","properties":{"outlineWidth":2,"fillColor":"#00ffff"},"geometry":{"type":"MultiLineString","coordinates":[[[-3.056396484375,52.74054596561912],[-3.049243164062489,52.74396393436912],[-3.045581054687489,52.745233465619116],[-3.041918945312489,52.74611237186912],[-3.0283203125,52.74677155155662],[-2.969970703125,52.74079010624412],[-2.927734375,52.74098541874412],[-2.9130859375,52.738641668744116],[-2.884765625,52.73090241093162],[-2.870507812499994,52.72853424686912],[-2.850634765624989,52.73029205936912],[-2.811328124999989,52.74103424686912],[-2.791308593749989,52.74225494999412],[-2.789794921875,52.739129949994116],[-2.7900390625,52.72560455936912],[-2.788134765624989,52.72138092655662],[-2.777539062499983,52.71881744999412],[-2.744580078124983,52.721795965619116],[-2.7275390625,52.71857330936912],[-2.720312499999977,52.71405670780662],[-2.716601562499989,52.70746491093162],[-2.7099609375,52.69830963749412],[-2.661865234375,52.65704987186912],[-2.632568359375,52.639764715619116],[-2.606640624999983,52.63324616093162],[-2.514501953124977,52.64765045780662],[-2.482519531249977,52.64130280155662],[-2.465087890625,52.62868073124412],[-2.453417968749989,52.60980866093162],[-2.438867187499994,52.56610748905662],[-2.437255859375,52.55524323124412],[-2.437109374999977,52.53290436405662],[-2.434179687499977,52.52204010624412],[-2.373388671874977,52.42995026249412],[-2.345800781249977,52.398309637494116],[-2.304052734374977,52.36298248905662],[-2.286962890624977,52.34157135624412],[-2.276562499999983,52.33100006718162],[-2.272070312499977,52.32196686405662],[-2.271484375,52.31598541874412],[-2.272558593749977,52.29999420780662],[-2.271386718749994,52.29181549686912],[-2.265429687499989,52.278192449994116],[-2.250903320312489,52.25311920780662],[-2.244970703124977,52.23732330936912],[-2.241015624999989,52.20722077030662],[-2.238574218749989,52.19989655155662],[-2.231982421874989,52.18659088749412],[-2.2294921875,52.17926666874412]]]}},{"type":"Feature","properties":{"outlineWidth":2,"fillColor":"#00ffff"},"geometry":{"type":"MultiLineString","coordinates":[[[-1.834277343749989,52.765985418744116],[-1.794042968749977,52.76496002811912],[-1.73046875,52.75311920780662],[-1.712939453124989,52.75922272343162],[-1.680102539062489,52.78388092655662],[-1.653369140624989,52.79901764530662],[-1.586230468749989,52.853143621869116],[-1.559521484374983,52.865350653119116],[-1.53076171875,52.869745184369116],[-1.408447265625,52.86005280155662],[-1.380859375,52.86354401249412],[-1.295654296875,52.894403387494116],[-1.262866210937489,52.89581940311912],[-1.222119140624983,52.915643621869116],[-1.144482421874983,52.96405670780662],[-1.100537109374983,52.97382233280662],[-1.06396484375,52.96857330936912],[-1.051855468749977,52.96881744999412],[-1.038330078125,52.97492096561912],[-1.02880859375,52.99391510624412],[-0.983984374999977,53.008172918744116],[-0.911962890624977,53.05841705936912],[-0.83056640625,53.09747955936912],[-0.802905273437489,53.125604559369116],[-0.790625,53.157586981244116],[-0.768359374999989,53.278680731244116],[-0.748388671874977,53.31171295780662],[-0.744970703124977,53.32277252811912]]]}},{"type":"Feature","properties":{"outlineWidth":2,"fillColor":"#00ffff"},"geometry":{"type":"MultiLineString","coordinates":[[[19.255273437500023,50.617059637494116],[19.241113281250023,50.62848541874412],[19.234130859375,50.63673737186912],[19.222412109375,50.65802643436912],[19.211328125000023,50.66828034061912],[19.17724609375,50.68903229374412],[19.166650390625023,50.69899323124412],[19.163818359375,50.712762762494116],[19.173486328125023,50.73993561405662],[19.174072265625,50.75421784061912],[19.166162109375023,50.77484772343162],[19.155908203125023,50.78632233280662],[19.126220703125,50.80206940311912],[19.13916015625,50.818963934369116],[19.1552734375,50.82423737186912],[19.19140625,50.821893621869116],[19.276513671875023,50.82936432499412],[19.287011718750023,50.828485418744116],[19.292626953125023,50.82709381718162],[19.298583984375,50.826776434369116],[19.310546875,50.82936432499412],[19.318505859375023,50.83319733280662],[19.323632812500023,50.83795807499412],[19.329833984375,50.84198639530662],[19.341552734375,50.843622137494116],[19.351220703125023,50.84674713749412],[19.358056640625023,50.85358307499412],[19.363525390625,50.86037018436912],[19.368896484375,50.86347077030662],[19.3798828125,50.86481354374412],[19.404052734375,50.87262604374412],[19.414208984375023,50.87714264530662],[19.4326171875,50.88820221561912],[19.440332031250023,50.89801666874412],[19.441552734375023,50.91034577030662],[19.44091796875,50.92865631718162],[19.44970703125,50.974237371869116],[19.45068359375,50.99530670780662],[19.44091796875,51.01496002811912],[19.410791015625023,51.02802155155662],[19.283349609375023,51.03541901249412],[19.246972656250023,51.04323151249412],[19.22900390625,51.04474518436912],[19.215576171875,51.041620184369116],[19.206689453125023,51.04413483280662],[19.192529296875023,51.04340241093162],[19.177490234375,51.04010651249412],[19.166650390625023,51.03541901249412],[19.148193359375,51.05097077030662],[19.08447265625,51.05292389530662],[19.064208984375,51.06268952030662],[19.057373046875,51.06268952030662],[19.033593750000023,51.06007721561912],[18.913330078125,51.10370514530662],[18.906005859375,51.10768463749412],[18.9013671875,51.11176178593162],[18.895751953125,51.11517975468162],[18.885986328125,51.11737702030662],[18.876708984375,51.11517975468162],[18.86474609375,51.110467840619116],[18.852197265625023,51.108270574994116],[18.841064453125,51.11359284061912],[18.826416015625,51.116571356244116],[18.683984375000023,51.09686920780662],[18.662988281250023,51.10138580936912],[18.665283203125,51.111688543744116],[18.680908203125,51.123163153119116],[18.700439453125,51.130975653119116],[18.739160156250023,51.13739655155662],[18.751220703125,51.146600653119116],[18.755615234375,51.16828034061912],[18.762451171875,51.18744537968162],[18.793701171875,51.214960028119116],[18.803466796875,51.23341705936912],[18.789306640625,51.28834869999412],[18.789794921875,51.29608795780662],[18.797753906250023,51.30341217655662],[18.801513671875,51.31122467655662],[18.801025390625,51.31989166874412],[18.796630859375,51.32965729374412],[18.815576171875023,51.341424871869116],[18.816796875000023,51.371210028119116],[18.810302734375,51.42523834843162],[18.817529296875023,51.43427155155662],[18.841064453125,51.45368073124412],[18.851953125000023,51.467401434369116],[18.87060546875,51.50800202030662],[18.879150390625,51.52204010624412],[18.873681640625023,51.52411530155662],[18.870263671875023,51.526239324994116],[18.86572265625,51.52789948124412],[18.858154296875,51.52826569218162],[18.858154296875,51.535028387494116],[18.872314453125,51.535028387494116],[18.872314453125,51.54254791874412],[18.858154296875,51.54567291874412],[18.84521484375,51.55121491093162],[18.833642578125023,51.55414459843162],[18.823876953125023,51.54938385624412],[18.815576171875023,51.56276276249412],[18.808251953125023,51.57831452030662],[18.799560546875,51.59113190311912],[18.740234375,51.61371491093162],[18.733789062500023,51.614862371869116],[18.729394531250023,51.61810944218162],[18.727783203125,51.62750885624412],[18.680566406250023,51.65924713749412],[18.66064453125,51.69435455936912],[18.653564453125,51.71100494999412],[18.653222656250023,51.72003815311912],[18.649169921875,51.743280340619116],[18.660888671875,51.77081940311912],[18.693603515625,51.81622955936912],[18.687890625000023,51.830438543744116],[18.695703125000023,51.847284246869116],[18.70947265625,51.86212799686912],[18.721582031250023,51.87018463749412]]]}},{"type":"Feature","properties":{"outlineWidth":2,"fillColor":"#00ffff"},"geometry":{"type":"MultiLineString","coordinates":[[[24.950097656250023,49.883417059369116],[24.912695312500006,49.89137604374412],[24.786376953125,49.89765045780662],[24.765039062500023,49.902948309369116],[24.721923828125,49.921014715619116],[24.70751953125,49.92499420780662],[24.6875,49.926874090619116],[24.643457031250023,49.93800690311912],[24.628662109375,49.94489166874412]]]}},{"type":"Feature","properties":{"outlineWidth":2,"fillColor":"#00ffff"},"geometry":{"type":"MultiLineString","coordinates":[[[8.319482421875023,51.891961981244116],[8.319482421875023,51.89813873905662],[8.31201171875,51.89813873905662],[8.311669921875023,51.90363190311912],[8.313867187500023,51.904657293744116],[8.31689453125,51.90436432499412],[8.319482421875023,51.90558502811912],[8.2783203125,51.92706940311912],[8.1474609375,51.97389557499412],[8.128320312500023,51.967157293744116],[8.004052734375023,51.95343659061912],[7.99462890625,51.95612213749412],[7.973046875000023,51.96515534061912],[7.857421875,51.972772528119116],[7.808349609375,51.983270574994116],[7.770751953125,52.001825262494116],[7.770263671875,52.006219793744116],[7.771875,52.00739166874412],[7.774658203125,52.00734284061912],[7.778222656250023,52.00807526249412],[7.769189453125023,52.01166412968162],[7.760156250000023,52.01369049686912],[7.739990234375,52.01483795780662],[7.730712890625,52.01759674686912],[7.727441406250023,52.02399323124412],[7.726220703125023,52.03082916874412],[7.722900390625,52.03534577030662],[7.713769531250023,52.03815338749412],[7.708642578125023,52.03786041874412],[7.702783203125023,52.036249090619116],[7.69189453125,52.03534577030662],[7.6826171875,52.03864166874412],[7.66943359375,52.05316803593162],[7.65771484375,52.05646393436912],[7.656152343750023,52.06037018436912],[7.650781250000023,52.07838776249412],[7.647851562500023,52.08375885624412],[7.640039062500023,52.08478424686912],[7.617822265625023,52.08327057499412],[7.613037109375,52.08685944218162],[7.5908203125,52.11481354374412],[7.588134765625,52.12787506718162],[7.613037109375,52.13092682499412],[7.607568359375023,52.14142487186912],[7.610009765625023,52.14996979374412],[7.619140625,52.15582916874412],[7.633544921875,52.15888092655662],[7.633544921875,52.16571686405662],[7.578515625000023,52.17255280155662],[7.5517578125,52.18048737186912],[7.537353515625,52.19977448124412],[7.542138671875023,52.21168854374412],[7.536523437500023,52.22028229374412],[7.52490234375,52.22540924686912],[7.51123046875,52.22711823124412],[7.510644531250023,52.23187897343162],[7.511962890625,52.23334381718162],[7.514404296875,52.23358795780662],[7.517480468750023,52.23456452030662],[7.50927734375,52.24489166874412],[7.49853515625,52.251092840619116],[7.484277343750023,52.25421784061912],[7.466210937500023,52.25507233280662],[7.459619140625023,52.26166412968162],[7.44287109375,52.29298737186912],[7.435546875,52.30348541874412],[7.35888671875,52.33417389530662],[7.352929687500023,52.34442780155662]]]}},{"type":"Feature","properties":{"outlineWidth":2,"fillColor":"#00ffff"},"geometry":{"type":"MultiLineString","coordinates":[[[27.8916015625,68.47016022343162],[27.926513671875,68.48292877811912],[27.95166015625,68.49689362186912],[27.981835937500023,68.52125885624412],[28.00390625,68.52843659061912],[28.035058593750023,68.52655670780662],[28.07587890625001,68.51588776249412],[28.091064453125,68.50787994999412],[28.140380859375,68.49701569218162],[28.19375,68.49164459843162],[28.204980468750023,68.48908112186912],[28.25341796875,68.47492096561912],[28.305273437500006,68.46906159061912],[28.507080078125,68.49506256718162],[28.595117187500023,68.52362702030662],[28.856835937500023,68.55065338749412],[28.927734375,68.56886627811912],[28.952539062500023,68.57111237186912],[28.970703125,68.56769440311912],[29.028076171875,68.54376862186912],[29.079345703125,68.53742096561912],[29.271582031250006,68.56203034061912],[29.398046875,68.59777252811912],[29.7890625,68.66046784061912],[29.905029296875,68.65302155155662],[30.309179687500006,68.70143463749412],[30.362402343750006,68.69843170780662],[30.386962890625,68.69318268436912],[30.41162109375,68.68410065311912],[30.46484375,68.67604401249412],[30.54072265625001,68.70006744999412]]]}},{"type":"Feature","properties":{"outlineWidth":2,"fillColor":"#00ffff"},"geometry":{"type":"MultiLineString","coordinates":[[[17.416015625,60.50958893436912],[17.407617187500023,60.50812409061912],[17.401513671875023,60.50050690311912],[17.406152343750023,60.48639557499412],[17.40966796875,60.47333405155662],[17.39990234375,60.45910065311912],[17.3798828125,60.44484284061912],[17.349267578125023,60.43512604374412],[17.314599609375023,60.42853424686912],[17.291015625,60.42694733280662],[17.272607421875023,60.41632721561912],[17.247949218750023,60.39479401249412],[17.193505859375023,60.37096588749412],[17.1748046875,60.36469147343162],[17.130859375,60.36964752811912],[17.083886718750023,60.36745026249412],[17.052490234375,60.35236237186912],[17.024072265625023,60.33209869999412],[16.994384765625,60.31329987186912],[16.961669921875,60.29950592655662],[16.928369140625023,60.28986237186912],[16.899169921875,60.28327057499412],[16.879541015625023,60.28102448124412],[16.859765625000023,60.27785065311912],[16.843994140625,60.27216217655662],[16.835351562500023,60.26154205936912],[16.831933593750023,60.24542877811912],[16.8232421875,60.23029205936912],[16.812402343750023,60.21974518436912],[16.806884765625,60.20714752811912],[16.795068359375023,60.19122955936912],[16.7578125,60.18541901249412],[16.69140625,60.19220612186912],[16.656396484375023,60.19274323124412],[16.627587890625023,60.18817780155662],[16.615380859375023,60.17951080936912],[16.603173828125023,60.17597077030662],[16.581787109375,60.17780182499412],[16.558349609375,60.17462799686912],[16.524169921875,60.16644928593162],[16.498925781250023,60.16327545780662]]]}},{"type":"Feature","properties":{"outlineWidth":2,"fillColor":"#00ffff"},"geometry":{"type":"MultiLineString","coordinates":[[[7.647460544119287,44.83905709340856],[7.61408392051575,44.82351953237595],[7.56401447329105,44.811955893631726],[7.553534821546346,44.79625867467458],[7.523260272061642,44.783863116322806],[7.498807751323997,44.76815825413638],[7.479012853583999,44.75162220594989],[7.451067115598121,44.73921706404062],[7.448738304099297,44.72101804050896],[7.454560332846356,44.70777879028948],[7.451067115598121,44.68543068746642],[7.444080681101649,44.65810462666275],[7.425450189111063,44.63822303541616],[7.406819697120477,44.632422954303216],[7.381202770633422,44.63325157281229],[7.353257032647543,44.63905157110833],[7.332297729158133,44.652306533163724],[7.300858773924019,44.668042866772055],[7.27407744168755,44.68211912388059],[7.248460515200494,44.686258548784814],[7.21702155996638,44.68377492933595],[7.192569039228735,44.68708639827197],[7.192261507014107,44.687195710921515]]]}},{"type":"Feature","properties":{"outlineWidth":2,"fillColor":"#00ffff"},"geometry":{"type":"MultiLineString","coordinates":[[[7.352929687500023,52.34442780155662],[7.343652343750023,52.35255768436912],[7.340576171875,52.36115143436912],[7.343652343750023,52.36981842655662],[7.352929687500023,52.37799713749412],[7.349853515625,52.37843659061912],[7.33935546875,52.37799713749412],[7.33935546875,52.38544342655662],[7.34619140625,52.38544342655662],[7.34619140625,52.39166901249412],[7.32568359375,52.39166901249412],[7.33251953125,52.41212799686912],[7.3330078125,52.41730377811912],[7.331201171875023,52.41847565311912],[7.328125,52.418329168744116],[7.32568359375,52.419549871869116],[7.330224609375023,52.42108795780662],[7.33935546875,52.426385809369116],[7.33935546875,52.43256256718162],[7.330810546875,52.43903229374412],[7.31201171875,52.46295807499412],[7.296289062500023,52.49127838749412],[7.29345703125,52.50372955936912],[7.297753906250023,52.529413153119116],[7.287109375,52.53229401249412],[7.277001953125023,52.536493231244116],[7.27197265625,52.543817449994116],[7.27734375,52.55670807499412],[7.2734375,52.55805084843162],[7.263671875,52.56293366093162],[7.27734375,52.56293366093162],[7.27734375,52.57037994999412],[7.265527343750023,52.57367584843162],[7.256494140625023,52.57904694218162],[7.252685546875,52.58693268436912],[7.25732421875,52.59772369999412],[7.252587890625023,52.59931061405662],[7.243066406250023,52.603876043744116],[7.253320312500023,52.611200262494116],[7.2578125,52.62103912968162],[7.256738281250023,52.63117096561912],[7.249902343750023,52.639276434369116],[7.249902343750023,52.64545319218162],[7.25732421875,52.64545319218162],[7.25732421875,52.65228912968162],[7.249902343750023,52.65228912968162],[7.249902343750023,52.65912506718162],[7.263427734375,52.66554596561912],[7.27783203125,52.69000885624412],[7.29150390625,52.70070221561912],[7.270751953125,52.715204168744116],[7.263330078125023,52.73871491093162],[7.259667968750023,52.76544830936912],[7.249902343750023,52.78949616093162],[7.259912109375023,52.79518463749412],[7.263085937500023,52.80206940311912],[7.2578125,52.80768463749412],[7.243066406250023,52.80934479374412],[7.251367187500023,52.82081940311912],[7.27880859375,52.83107330936912],[7.284814453125023,52.840692449994116],[7.291015625,52.84442780155662],[7.3037109375,52.86005280155662],[7.312744140625,52.877069403119116],[7.30859375,52.88507721561912],[7.30224609375,52.89191315311912],[7.296777343750023,52.90797760624412],[7.29150390625,52.940301824994116],[7.295312500000023,52.95868561405662],[7.310546875,52.991571356244116],[7.31201171875,53.00116608280662],[7.318359375,53.01166412968162],[7.3193359375,53.02565338749412],[7.316796875000023,53.03961823124412],[7.31201171875,53.050165106244116],[7.30712890625,53.053583074994116],[7.29052734375,53.062127996869116],[7.288232421875023,53.063836981244116],[7.283447265625,53.06818268436912],[7.28515625,53.07789948124412],[7.29150390625,53.09425690311912],[7.306542968750023,53.10443756718162],[7.3623046875,53.118036199994116],[7.359765625000023,53.13209869999412],[7.359765625000023,53.138299871869116],[7.364501953125,53.14264557499412],[7.366455078125,53.14740631718162],[7.366601562500023,53.16278717655662],[7.368408203125,53.17279694218162],[7.373193359375023,53.17750885624412],[7.3798828125,53.18085358280662],[7.38720703125,53.18671295780662],[7.393701171875023,53.19013092655662],[7.400292968750023,53.19037506718162],[7.405517578125,53.19313385624412],[7.407617187500023,53.20412018436912],[7.41015625,53.21027252811912],[7.416406250000023,53.21539948124412],[7.423583984375,53.219110418744116],[7.4287109375,53.22089264530662],[7.4287109375,53.22833893436912],[7.404541015625,53.242792059369116],[7.396728515625,53.25392487186912],[7.392724609375023,53.28883698124412],[7.387939453125,53.29884674686912],[7.377587890625023,53.303094793744116],[7.366601562500023,53.30280182499412]]]}},{"type":"Feature","properties":{"outlineWidth":2,"fillColor":"#00ffff"},"geometry":{"type":"MultiLineString","coordinates":[[[3.9677734375,47.04005768436912],[3.9404296875,47.08783600468162],[3.936767578125,47.10455963749412],[3.935546875,47.11884186405662],[3.929589843750023,47.129510809369116],[3.91259765625,47.135614324994116],[3.878320312500023,47.16974518436912],[3.861230468750023,47.16876862186912],[3.848535156250023,47.17238190311912],[3.82373046875,47.18402741093162],[3.809716796875023,47.18720123905662],[3.77587890625,47.18402741093162]]]}},{"type":"Feature","properties":{"outlineWidth":2,"fillColor":"#00ffff"},"geometry":{"type":"MultiLineString","coordinates":[[[5.859619140625,51.151483465619116],[5.859619140625,51.151483465619116],[5.859619140625,51.151483465619116],[5.859619140625,51.151483465619116],[5.859619140625,51.151483465619116],[5.874755859375,51.15265534061912],[5.8837890625,51.15900299686912],[5.890625,51.16676666874412],[5.899316406250023,51.17194244999412],[5.91650390625,51.171502996869116],[5.932763671875023,51.16701080936912],[5.9462890625,51.16669342655662],[5.95458984375,51.17877838749412],[5.945703125000023,51.180780340619116],[5.941650390625,51.18353912968162],[5.93896484375,51.18732330936912],[5.93408203125,51.19245026249412],[5.953759765625023,51.192010809369116],[5.968994140625,51.19337799686912],[5.97900390625,51.200311590619116],[5.982568359375023,51.21698639530662],[5.990136718750023,51.22894928593162],[6.00537109375,51.239374090619116],[6.015625,51.24970123905662],[6.009179687500023,51.261346746869116],[6.009179687500023,51.26759674686912],[6.031005859375,51.27020905155662],[6.064697265625,51.29596588749412],[6.100488281250023,51.30885651249412],[6.113037109375,51.32440827030662],[6.122802734375,51.34271881718162],[6.13330078125,51.357538153119116],[6.142480468750023,51.362665106244116],[6.15283203125,51.366083074994116],[6.161865234375,51.37184479374412],[6.16748046875,51.38422272343162],[6.166015625,51.39179108280662],[6.15576171875,51.40680573124412],[6.153222656250023,51.41559479374412],[6.15673828125,51.43109772343162],[6.174462890625023,51.46393463749412],[6.18115234375,51.48041412968162],[6.180078125000023,51.48114655155662],[6.180322265625023,51.503290106244116],[6.18115234375,51.50836823124412],[6.172265625000023,51.51271393436912],[6.145751953125,51.51862213749412],[6.140283203125023,51.52509186405662],[6.132568359375,51.54396393436912],[6.114013671875,51.55341217655662],[6.0712890625,51.56300690311912],[6.059228515625023,51.56732819218162],[6.053369140625023,51.57025787968162],[6.04931640625,51.57448151249412],[6.043359375000023,51.58283112186912],[6.031005859375,51.61261627811912],[6.027001953125023,51.61701080936912],[6.025781250000023,51.62055084843162],[6.006103515625,51.64118073124412],[5.9970703125,51.64679596561912],[5.987060546875,51.65065338749412],[5.982080078125023,51.65582916874412],[5.988671875000023,51.665399481244116],[5.97314453125,51.67621491093162],[5.959716796875,51.712274481244116],[5.9443359375,51.72003815311912],[5.903955078125023,51.72260162968162],[5.888085937500023,51.728876043744116],[5.87939453125,51.74115631718162],[5.882470703125023,51.75319244999412],[5.862548828125,51.75929596561912],[5.759765625,51.76246979374412],[5.68994140625,51.792596746869116],[5.670556640625023,51.79572174686912],[5.6611328125,51.80011627811912],[5.648828125000023,51.81935455936912],[5.642968750000023,51.82367584843162],[5.598388671875,51.82990143436912],[5.534423828125,51.82379791874412],[5.519775390625,51.826776434369116],[5.500732421875,51.83490631718162],[5.481347656250023,51.83009674686912],[5.461669921875,51.82099030155662],[5.441308593750023,51.81622955936912],[5.40087890625,51.81813385624412],[5.380859375,51.81154205936912],[5.372460937500023,51.79205963749412],[5.367333984375023,51.775262762494116],[5.354394531250023,51.76246979374412],[5.3369140625,51.75324127811912],[5.317773437500023,51.74733307499412],[5.118798828125023,51.73366119999412]]]}},{"type":"Feature","properties":{"outlineWidth":2,"fillColor":"#00ffff"},"geometry":{"type":"MultiLineString","coordinates":[[[15.438720703125,64.96681549686912],[15.465478515625023,64.93183014530662],[15.483300781250023,64.91779205936912],[15.54931640625,64.90065338749412],[15.56591796875,64.89850494999412],[15.577050781250023,64.90162994999412],[15.600244140625023,64.91522858280662],[15.8291015625,64.94891998905662],[15.89794921875,64.93947174686912]]]}},{"type":"Feature","properties":{"outlineWidth":2,"fillColor":"#00ffff"},"geometry":{"type":"MultiLineString","coordinates":[[[19.488671875000023,50.48676178593162],[19.466796875,50.48163483280662],[19.44921875,50.48488190311912],[19.42041015625,50.50099518436912],[19.3994140625,50.509637762494116],[19.393212890625023,50.514032293744116],[19.387939453125,50.52020905155662],[19.379785156250023,50.53436920780662],[19.37255859375,50.54201080936912],[19.35693359375,50.55255768436912],[19.326171875,50.566278387494116],[19.310546875,50.57550690311912],[19.255273437500023,50.617059637494116]]]}},{"type":"Feature","properties":{"outlineWidth":2,"fillColor":"#00ffff"},"geometry":{"type":"MultiLineString","coordinates":[[[26.2255859375,41.749872137494116],[26.233984375,41.74611237186912],[26.260498046875,41.72333405155662],[26.2734375,41.71515534061912],[26.29443359375,41.710565496869116],[26.35908203125001,41.71515534061912],[26.376953125,41.71088287968162],[26.40390625,41.69215729374412],[26.442285156250023,41.68475983280662],[26.4599609375,41.67902252811912],[26.475683593750006,41.67597077030662],[26.491943359375,41.681024481244116],[26.491455078125,41.67401764530662],[26.49365234375,41.67084381718162],[26.4970703125,41.66937897343162],[26.499414062500023,41.667352606244116],[26.499414062500023,41.667352606244116],[26.499414062500023,41.667352606244116],[26.499414062500023,41.667352606244116],[26.499414062500023,41.667352606244116],[26.534277343750006,41.66657135624412],[26.560791015625,41.65480377811912],[26.580468750000023,41.63568756718162],[26.59492187500001,41.61273834843162],[26.5947265625,41.60524323124412],[26.595800781250006,41.59784577030662],[26.59814453125,41.59108307499412],[26.601806640625,41.58539459843162],[26.59736328125001,41.57350494999412],[26.601171875,41.54755280155662],[26.59492187500001,41.53766510624412],[26.605566406250006,41.52326080936912],[26.610449218750006,41.505975653119116],[26.615478515625,41.46876862186912],[26.631738281250023,41.41998932499412],[26.635839843750006,41.39984772343162],[26.636132812500023,41.37872955936912],[26.63125,41.35773346561912],[26.6220703125,41.34064362186912],[26.609277343750023,41.33100006718162],[26.590722656250023,41.32953522343162],[26.56904296875001,41.33380768436912],[26.550195312500023,41.34198639530662],[26.539648437500006,41.35206940311912],[26.488867187500006,41.31110260624412],[26.478271484375,41.30983307499412],[26.474023437500023,41.30658600468162],[26.471435546875,41.30219147343162],[26.465917968750006,41.29743073124412],[26.437890625000023,41.28375885624412],[26.411523437500023,41.26593659061912],[26.39453125,41.25922272343162],[26.331152343750006,41.25441315311912],[26.320068359375,41.246454168744116],[26.33544921875,41.22919342655662],[26.325097656250023,41.20722077030662],[26.320556640625,41.187860418744116],[26.32373046875,41.17011139530662],[26.33544921875,41.15277741093162],[26.316796875000023,41.13068268436912],[26.316796875000023,41.12250397343162],[26.33173828125001,41.11933014530662],[26.338964843750006,41.11476471561912],[26.321875,41.08881256718162],[26.324609375000023,41.07428619999412],[26.338623046875,41.05177643436912],[26.34716796875,41.04120514530662],[26.373632812500006,41.031366278119116],[26.37451171875,41.019647528119116],[26.367578125000023,41.007928778119116],[26.35908203125001,41.00263092655662],[26.344140625000023,41.00128815311912],[26.33544921875,40.99738190311912],[26.332617187500006,40.99098541874412],[26.33544921875,40.98212311405662],[26.34589843750001,40.97194244999412],[26.355712890625,40.968377996869116],[26.358496093750006,40.96491119999412],[26.3486328125,40.95477936405662],[26.33447265625,40.94647858280662],[26.305908203125,40.93622467655662],[26.2939453125,40.926874090619116]]]}},{"type":"Feature","properties":{"outlineWidth":2,"fillColor":"#00ffff"},"geometry":{"type":"MultiLineString","coordinates":[[[9.182861328125,47.67067291874412],[9.233789062500023,47.65643952030662],[9.272607421875023,47.65033600468162],[9.54931640625,47.53375885624412],[9.55224609375,47.52931549686912],[9.553125,47.52106354374412],[9.552636718750023,47.51496002811912],[9.554345703125023,47.51117584843162]]]}},{"type":"Feature","properties":{"outlineWidth":2,"fillColor":"#00ffff"},"geometry":{"type":"MultiLineString","coordinates":[[[1.278564453125,49.21246979374412],[1.268212890625023,49.21356842655662],[1.243896484375,49.21930573124412],[1.232812500000023,49.223504949994116],[1.235253906250023,49.23285553593162],[1.242822265625023,49.24225494999412],[1.247314453125,49.24660065311912],[1.253808593750023,49.25641510624412],[1.258691406250023,49.260370184369116],[1.26123046875,49.26581452030662],[1.260156250000023,49.29169342655662],[1.258691406250023,49.30048248905662],[1.25390625,49.30609772343162],[1.088525390625023,49.31464264530662],[1.03466796875,49.29738190311912],[1.00625,49.294549871869116],[0.993408203125,49.30805084843162],[1.003320312500023,49.31940338749412],[1.0263671875,49.327997137494116],[1.052734375,49.33344147343162],[1.092431640625023,49.33685944218162],[1.108544921875023,49.342889715619116],[1.119287109375023,49.355340887494116],[1.123779296875,49.37628815311912],[1.11474609375,49.41193268436912],[1.089746093750023,49.44000885624412],[1.05615234375,49.44996979374412],[1.021386718750023,49.43092682499412],[1.000634765625023,49.37201569218162],[0.989990234375,49.362665106244116],[0.952294921875023,49.35621979374412],[0.933007812500023,49.35748932499412],[0.917724609375,49.37013580936912],[0.91357421875,49.38873932499412],[0.919189453125,49.40766022343162],[0.927636718750023,49.42743561405662],[0.932031250000023,49.448602606244116],[0.929101562500023,49.47284577030662],[0.920068359375023,49.48615143436912],[0.905029296875,49.49005768436912],[0.873925781250023,49.48358795780662],[0.866601562500023,49.48097565311912],[0.86083984375,49.47584869999412],[0.856201171875,49.465692449994116],[0.857177734375,49.45844147343162],[0.866601562500023,49.43092682499412],[0.872314453125,49.42560455936912],[0.867919921875,49.41412994999412],[0.8603515625,49.40350983280662],[0.856201171875,49.400506903119116],[0.850976562500023,49.394403387494116],[0.839257812500023,49.399042059369116],[0.8115234375,49.420038153119116],[0.808984375000023,49.42621491093162],[0.808496093750023,49.438348699994116],[0.820214843750023,49.45575592655662],[0.824853515625023,49.46735260624412],[0.8193359375,49.472528387494116],[0.813867187500023,49.47467682499412],[0.799951171875023,49.48407623905662],[0.7802734375,49.488885809369116],[0.777978515625023,49.495721746869116],[0.778222656250023,49.50458405155662],[0.774316406250023,49.51349518436912],[0.759667968750023,49.522088934369116],[0.739892578125023,49.52606842655662],[0.695458984375023,49.52716705936912],[0.68115234375,49.51959869999412],[0.671630859375,49.50189850468162],[0.658349609375023,49.465692449994116],[0.647607421875023,49.45307037968162],[0.6337890625,49.44459869999412],[0.615869140625023,49.43988678593162],[0.592431640625023,49.438348699994116],[0.572900390625023,49.44403717655662],[0.540185546875023,49.47316315311912],[0.520410156250023,49.48615143436912],[0.508056640625,49.492059637494116],[0.501855468750023,49.49359772343162],[0.4931640625,49.49359772343162]]]}},{"type":"Feature","properties":{"outlineWidth":2,"fillColor":"#00ffff"},"geometry":{"type":"MultiLineString","coordinates":[[[3.263671875,49.99054596561912],[3.229736328125,50.007928778119116],[3.2080078125,50.02484772343162],[3.202880859375,50.04567291874412],[3.219140625000023,50.07465241093162],[3.229150390625023,50.08327057499412],[3.238916015625023,50.08954498905662],[3.244384765625,50.096551824994116],[3.241357421875023,50.10724518436912],[3.234619140625,50.10980866093162],[3.197412109375023,50.11798737186912],[3.181298828125023,50.13117096561912],[3.19140625,50.15236237186912],[3.212060546875023,50.173211981244116],[3.27490234375,50.222772528119116],[3.287744140625023,50.23712799686912]]]}},{"type":"Feature","properties":{"outlineWidth":2,"fillColor":"#00ffff"},"geometry":{"type":"MultiLineString","coordinates":[[[-5.077099609374983,42.95575592655662],[-5.094970703125,42.94806549686912],[-5.115576171874977,42.932489324994116],[-5.134326171874989,42.91400787968162],[-5.146337890624977,42.89747955936912],[-5.15185546875,42.88283112186912],[-5.149267578124977,42.876581121869116],[-5.142431640624977,42.87135651249412],[-5.135058593749989,42.85968659061912],[-5.128662109375,42.82648346561912],[-5.131445312499977,42.79230377811912],[-5.140966796874977,42.758661199994116],[-5.154223632812489,42.72687409061912],[-5.184912109374977,42.67816803593162],[-5.221289062499977,42.63483307499412],[-5.277685546874977,42.593377996869116]]]}},{"type":"Feature","properties":{"outlineWidth":2,"fillColor":"#00ffff"},"geometry":{"type":"MultiLineString","coordinates":[[[27.743066406250023,67.82628815311912],[27.754150390625,67.81513092655662],[27.757421875,67.80683014530662],[27.753173828125,67.79645416874412],[27.738867187500006,67.78961823124412],[27.717187500000023,67.78790924686912],[27.677734375,67.78966705936912],[27.644433593750023,67.78283112186912],[27.596289062500006,67.74860260624412],[27.56875,67.73505280155662],[27.514550781250023,67.72247955936912],[27.5,67.72199127811912],[27.495361328125,67.72423737186912],[27.490332031250006,67.73219635624412],[27.486328125,67.73505280155662],[27.449951171875,67.74725983280662],[27.437890625000023,67.74865143436912],[27.423828125,67.75299713749412],[27.40771484375,67.77174713749412],[27.397216796875,67.77599518436912],[27.222070312500023,67.74848053593162],[27.194580078125,67.73163483280662],[27.17988281250001,67.72516510624412],[27.14892578125,67.72064850468162],[27.14306640625,67.71112702030662],[27.145898437500023,67.70275299686912],[27.164160156250006,67.66676666874412],[27.20361328125,67.62714264530662],[27.263085937500023,67.59699127811912],[27.470117187500023,67.53717682499412],[27.4931640625,67.52277252811912],[27.509863281250006,67.50861237186912],[27.52490234375,67.49865143436912],[27.592382812500006,67.47106354374412],[27.650146484375,67.43402741093162],[27.708886718750023,67.40651276249412],[27.725830078125,67.39240143436912],[27.713134765625,67.38805573124412],[27.699804687500006,67.38610260624412],[27.671142578125,67.38556549686912],[27.668554687500006,67.36676666874412],[27.6494140625,67.34376862186912],[27.6240234375,67.32294342655662],[27.60302734375,67.31049225468162],[27.586523437500006,67.30495026249412],[27.569433593750006,67.30226471561912],[27.552832031250006,67.30446198124412],[27.5375,67.31354401249412],[27.522558593750006,67.31984284061912],[27.50068359375001,67.32196686405662],[27.481201171875,67.31818268436912],[27.47265625,67.30683014530662],[27.477929687500023,67.28981354374412],[27.501367187500023,67.25441315311912],[27.506738281250023,67.23131744999412],[27.509765625,67.22540924686912],[27.515869140625,67.21698639530662],[27.520898437500023,67.20641510624412],[27.520410156250023,67.19379303593162],[27.5126953125,67.18256256718162],[27.500390625000023,67.17401764530662],[27.47265625,67.15968659061912],[27.477636718750006,67.15460846561912],[27.478906250000023,67.15001862186912],[27.478613281250006,67.14513580936912],[27.480078125,67.13922760624412]]]}},{"type":"Feature","properties":{"outlineWidth":2,"fillColor":"#00ffff"},"geometry":{"type":"MultiLineString","coordinates":[[[24.628662109375,49.94489166874412],[24.624169921875023,49.95026276249412],[24.613671875000023,49.96771881718162],[24.608154296875,49.97345612186912],[24.599267578125023,49.97609284061912],[24.5791015625,49.97829010624412],[24.561914062500023,49.98725006718162],[24.552148437500023,49.99005768436912],[24.543847656250023,49.994501043744116],[24.536767578125023,50.01703522343162],[24.527490234375023,50.02155182499412],[24.516015625000023,50.02301666874412],[24.505126953125,50.02741119999412],[24.486328125,50.04804108280662],[24.477783203125,50.05475494999412],[24.459228515625,50.05768463749412],[24.448388671875023,50.06220123905662],[24.439111328125023,50.08100006718162],[24.428125,50.07985260624412],[24.41552734375,50.076532293744116],[24.405517578125,50.07892487186912],[24.392968750000023,50.08942291874412],[24.34814453125,50.10993073124412],[24.354150390625023,50.122186590619116],[24.365869140625023,50.12843659061912],[24.395898437500023,50.13727448124412],[24.387939453125,50.14777252811912],[24.389794921875023,50.16083405155662],[24.39794921875,50.172479559369116],[24.408837890625023,50.178827215619116],[24.386962890625,50.19581940311912],[24.353662109375023,50.250116278119116],[24.333886718750023,50.27448151249412],[24.2822265625,50.309198309369116],[24.262451171875,50.31220123905662],[24.249755859375,50.31989166874412],[24.2314453125,50.34271881718162],[24.236083984375,50.35768463749412],[24.2412109375,50.399042059369116],[24.2451171875,50.40480377811912],[24.248046875,50.40619537968162],[24.250732421875,50.40643952030662],[24.250634765625023,50.407586981244116],[24.2451171875,50.41156647343162],[24.262597656250023,50.439081121869116],[24.269287109375,50.45294830936912],[24.272363281250023,50.46625397343162],[24.261621093750023,50.49310944218162],[24.25927734375,50.50763580936912],[24.268945312500023,50.514032293744116],[24.281982421875,50.51837799686912],[24.2900390625,50.52863190311912],[24.296142578125,50.54108307499412],[24.302978515625,50.55158112186912],[24.305566406250023,50.56325104374412],[24.292138671875023,50.57130768436912],[24.258691406250023,50.58295319218162],[24.258691406250023,50.57550690311912],[24.247705078125023,50.581659246869116],[24.22900390625,50.585321356244116],[24.2177734375,50.58917877811912],[24.208740234375,50.59662506718162],[24.2021484375,50.605829168744116],[24.194091796875,50.61371491093162],[24.179833984375023,50.617059637494116],[24.170654296875,50.62135651249412],[24.16455078125,50.64008209843162],[24.152246093750023,50.644403387494116],[24.138427734375,50.64386627811912],[24.125732421875,50.641717840619116],[24.115136718750023,50.637323309369116],[24.10791015625,50.63014557499412],[24.082275390625,50.66937897343162],[24.074462890625,50.69049713749412],[24.08056640625,50.71332428593162],[24.0537109375,50.717401434369116],[24.0263671875,50.72829010624412],[24.012353515625023,50.74359772343162],[24.025390625,50.76105377811912],[24.025390625,50.76727936405662],[23.997460937500023,50.76947662968162],[23.973779296875023,50.77643463749412],[23.958886718750023,50.78912994999412],[23.95703125,50.808221746869116],[23.969384765625023,50.82538483280662],[23.992333984375023,50.83649323124412],[24.019921875000023,50.838739324994116],[24.04638671875,50.82936432499412],[24.066796875000023,50.83502838749412],[24.1,50.83522369999412],[24.13037109375,50.83930084843162],[24.142578125,50.85663483280662],[24.129785156250023,50.869256903119116],[24.04638671875,50.89826080936912],[23.978759765625,50.93776276249412],[23.9638671875,50.953485418744116],[23.958251953125,50.96662018436912],[23.957275390625,50.97565338749412],[23.954492187500023,50.98383209843162],[23.943359375,50.99445221561912],[23.931298828125023,50.99970123905662],[23.918603515625023,51.00299713749412],[23.911279296875023,51.00709869999412],[23.91552734375,51.01496002811912],[23.91552734375,51.021112371869116],[23.903710937500023,51.06293366093162],[23.89501953125,51.07636139530662],[23.868798828125023,51.10199616093162],[23.853906250000023,51.12184479374412],[23.857666015625,51.130975653119116],[23.874267578125,51.13641998905662],[23.863037109375,51.148553778119116],[23.815576171875023,51.179071356244116],[23.764550781250023,51.19928619999412],[23.742089843750023,51.21649811405662],[23.686767578125,51.29266998905662]]]}},{"type":"Feature","properties":{"outlineWidth":2,"fillColor":"#00ffff"},"geometry":{"type":"MultiLineString","coordinates":[[[21.026269531250023,46.17157623905662],[21.013574218750023,46.170038153119116],[21.000146484375023,46.16681549686912],[20.995263671875023,46.16400787968162],[20.98779296875,46.155633856244116],[20.983056640625023,46.152460028119116],[20.978417968750023,46.14801666874412],[20.968017578125,46.13239166874412],[20.963281250000023,46.12750885624412],[20.952294921875023,46.12013580936912],[20.929589843750023,46.09718659061912],[20.90283203125,46.083856512494116],[20.873925781250023,46.08082916874412],[20.84521484375,46.085809637494116],[20.818603515625,46.09650299686912],[20.806640625,46.10529205936912],[20.783447265625,46.128778387494116],[20.772119140625023,46.13678619999412],[20.753076171875023,46.14191315311912],[20.66357421875,46.14557526249412],[20.624267578125,46.139032293744116],[20.6025390625,46.14179108280662],[20.486572265625,46.18109772343162],[20.486572265625,46.18109772343162],[20.486572265625,46.18109772343162],[20.486572265625,46.18109772343162],[20.486572265625,46.18109772343162],[20.40185546875,46.214471746869116],[20.313720703125,46.23541901249412],[20.2431640625,46.234002996869116],[20.20849609375,46.23883698124412],[20.1806640625,46.25934479374412]]]}},{"type":"Feature","properties":{"outlineWidth":2,"fillColor":"#00ffff"},"geometry":{"type":"MultiLineString","coordinates":[[[7.922753906250023,48.69855377811912],[7.922753906250023,48.69855377811912],[7.922753906250023,48.69855377811912],[7.922753906250023,48.69855377811912],[7.922753906250023,48.69855377811912],[7.9345703125,48.70355866093162],[7.947998046875,48.71217682499412],[7.958642578125023,48.72162506718162],[7.963134765625,48.72955963749412],[7.96435546875,48.748651434369116],[7.969628906250023,48.75751373905662],[7.98095703125,48.76002838749412],[8.009033203125,48.760370184369116],[8.016748046875023,48.76203034061912],[8.022363281250023,48.76532623905662],[8.024560546875023,48.77081940311912],[8.026757812500023,48.78034088749412],[8.031396484375023,48.78558991093162],[8.036035156250023,48.78851959843162],[8.038232421875023,48.79103424686912],[8.047021484375023,48.79127838749412],[8.083642578125023,48.80438873905662],[8.089746093750023,48.80780670780662],[8.102197265625023,48.82160065311912],[8.1474609375,48.90399811405662],[8.1787109375,48.94293854374412],[8.19970703125,48.958856512494116],[8.22998046875,48.96539948124412]]]}},{"type":"Feature","properties":{"outlineWidth":2,"fillColor":"#00ffff"},"geometry":{"type":"MultiLineString","coordinates":[[[21.360107421875,44.82667877811912],[21.3779296875,44.81691315311912],[21.395263671875,44.79047272343162],[21.41162109375,44.78510162968162],[21.49658203125,44.77826569218162],[21.557861328125,44.781854559369116],[21.577539062500023,44.77789948124412],[21.594970703125,44.76618073124412],[21.603662109375023,44.75031159061912],[21.609765625000023,44.73219635624412],[21.619140625,44.71417877811912],[21.655664062500023,44.68793366093162],[21.70458984375,44.67726471561912],[21.75625,44.67750885624412],[21.801171875000023,44.68414948124412],[21.837792968750023,44.695428778119116],[21.85498046875,44.69874909061912],[21.871484375000023,44.69623444218162],[21.961816406250023,44.66254303593162],[21.993798828125023,44.658807684369116],[22.003808593750023,44.651727606244116],[22.031640625000023,44.60358307499412],[22.039306640625,44.57709381718162],[22.044677734375,44.56940338749412],[22.05517578125,44.562372137494116],[22.066552734375023,44.557489324994116],[22.07568359375,44.55097077030662],[22.08642578125,44.52204010624412],[22.103759765625,44.509881903119116],[22.126123046875023,44.50294830936912],[22.147705078125,44.50116608280662],[22.171630859375,44.50563385624412],[22.1845703125,44.51539948124412],[22.298486328125023,44.66193268436912],[22.304443359375,44.677606512494116],[22.319238281250023,44.68561432499412],[22.360595703125,44.69232819218162],[22.380029296875023,44.70075104374412],[22.414941406250023,44.72809479374412],[22.425537109375,44.73390534061912],[22.450097656250023,44.73322174686912],[22.468408203125023,44.73041412968162],[22.483154296875,44.724237371869116],[22.552734375,44.66945221561912],[22.5869140625,44.64960358280662],[22.62060546875,44.63771393436912],[22.699462890625,44.63087799686912],[22.714257812500023,44.62335846561912],[22.764794921875023,44.58307526249412],[22.7587890625,44.56488678593162],[22.741113281250023,44.552118231244116],[22.718896484375023,44.54462311405662],[22.699462890625,44.542108465619116],[22.677978515625,44.54572174686912],[22.641503906250023,44.56329987186912],[22.62060546875,44.56940338749412],[22.599755859375023,44.57008698124412],[22.579833984375,44.56574127811912],[22.565087890625023,44.55573151249412],[22.559326171875,44.53900787968162],[22.55615234375,44.52167389530662],[22.5478515625,44.51198151249412],[22.534912109375,44.50775787968162],[22.499902343750023,44.50665924686912],[22.490478515625,44.50446198124412],[22.483544921875023,44.50001862186912],[22.479248046875,44.49066803593162],[22.4765625,44.47724030155662],[22.476464843750023,44.46417877811912],[22.4794921875,44.45607330936912],[22.50048828125,44.44215729374412],[22.5048828125,44.43524811405662],[22.505859375,44.42780182499412],[22.50341796875,44.41193268436912],[22.504638671875,44.40431549686912],[22.522216796875,44.37531159061912],[22.548730468750023,44.349237371869116],[22.582275390625,44.32868073124412],[22.62060546875,44.31622955936912],[22.662011718750023,44.31195709843162],[22.681054687500023,44.305536199994116],[22.68896484375,44.29193756718162],[22.684716796875023,44.24391510624412],[22.690087890625023,44.22919342655662],[22.905908203125023,44.12311432499412],[22.942138671875,44.11176178593162],[22.987548828125,44.10724518436912],[23.030517578125,44.09332916874412],[23.03955078125,44.062616278119116],[23.0224609375,44.031854559369116],[22.987548828125,44.01788971561912],[22.965722656250023,44.015741278119116],[22.926025390625,44.00641510624412],[22.9052734375,44.00421784061912],[22.885400390625023,43.994745184369116],[22.874169921875023,43.972284246869116],[22.85,43.89723541874412],[22.850488281250023,43.87457916874412],[22.862939453125023,43.85565827030662],[22.88818359375,43.83978912968162],[22.919091796875023,43.83449127811912]]]}},{"type":"Feature","properties":{"outlineWidth":2,"fillColor":"#00ffff"},"geometry":{"type":"MultiLineString","coordinates":[[[-7.35986328125,38.44660065311912],[-7.382983398437489,38.42621491093162],[-7.392578125,38.41522858280662],[-7.400195312499989,38.398797918744116],[-7.400146484375,38.36847565311912],[-7.403906249999977,38.36408112186912],[-7.412207031249977,38.36334869999412],[-7.422607421875,38.36127350468162],[-7.43125,38.35822174686912],[-7.434912109374977,38.35443756718162],[-7.435644531249977,38.27980377811912],[-7.438818359374977,38.26178619999412],[-7.446142578124977,38.24725983280662],[-7.474707031249977,38.23554108280662],[-7.491381835937489,38.22186920780662],[-7.504638671875,38.20485260624412],[-7.51513671875,38.169794012494116],[-7.528076171875,38.16327545780662],[-7.585302734374977,38.16632721561912],[-7.602783203125,38.16383698124412],[-7.615234375,38.156366278119116],[-7.6259765625,38.12811920780662],[-7.656201171874983,38.10358307499412],[-7.668310546874977,38.09035065311912],[-7.649584960937489,38.05927155155662],[-7.65673828125,38.01881744999412],[-7.681396484375,37.952508856244116],[-7.674365234374989,37.93268463749412],[-7.647070312499977,37.89838287968162],[-7.641040039062489,37.88117096561912],[-7.634130859374977,37.80231354374412],[-7.641040039062489,37.77443268436912],[-7.641943359374977,37.76557037968162],[-7.641040039062489,37.737176824994116],[-7.643652343749977,37.71662018436912],[-7.656298828124989,37.68483307499412],[-7.660888671875,37.665155340619116],[-7.660253906249977,37.64381744999412],[-7.65380859375,37.62421295780662],[-7.641528320312489,37.60993073124412],[-7.604785156249989,37.59931061405662],[-7.591845703124989,37.58742096561912],[-7.580175781249977,37.573602606244116],[-7.565283203124977,37.56276276249412],[-7.5556640625,37.55902741093162],[-7.546093749999983,37.55646393436912],[-7.535888671875,37.55536530155662],[-7.524267578124977,37.55592682499412],[-7.51904296875,37.54218170780662],[-7.518261718749983,37.53546784061912],[-7.51611328125,37.52960846561912],[-7.506933593749977,37.51837799686912],[-7.499267578125,37.51190827030662],[-7.482031249999977,37.500604559369116],[-7.4765625,37.49445221561912],[-7.469482421875,37.47577545780662],[-7.463525390624994,37.45136139530662],[-7.460693359375,37.42938873905662],[-7.462890625,37.41815827030662],[-7.445605468749989,37.38703034061912],[-7.438085937499977,37.30756256718162],[-7.428076171874977,37.27472565311912],[-7.434863281249989,37.25954010624412],[-7.429980468749989,37.236932684369116],[-7.414404296874977,37.19281647343162]]]}},{"type":"Feature","properties":{"outlineWidth":2,"fillColor":"#00ffff"},"geometry":{"type":"MultiLineString","coordinates":[[[0.075390625000011,47.21820709843162],[0.010009765625,47.24774811405662],[-0.01025390625,47.25165436405662],[-0.032519531249989,47.25324127811912],[-0.053076171874977,47.257684637494116],[-0.071875,47.26459381718162],[-0.089111328125,47.27338287968162],[-0.14404296875,47.31464264530662],[-0.1611328125,47.32062409061912],[-0.180859374999983,47.324335028119116],[-0.249682617187489,47.36225006718162],[-0.267187499999977,47.38324616093162],[-0.274267578124977,47.38910553593162],[-0.291357421874977,47.40009186405662],[-0.298583984375,47.40626862186912],[-0.313574218749977,47.41290924686912],[-0.377124023437489,47.42365143436912],[-0.399511718749977,47.42384674686912],[-0.455981445312489,47.41681549686912],[-0.513037109374977,47.42365143436912],[-0.534765624999977,47.42365143436912],[-0.60986328125,47.41339752811912],[-0.617773437499977,47.40253327030662],[-0.63623046875,47.39113190311912],[-0.671923828124989,47.37579987186912],[-0.687255859375,47.37213776249412],[-0.716894531249977,47.36994049686912],[-0.73125,47.370965887494116]]]}},{"type":"Feature","properties":{"outlineWidth":2,"fillColor":"#00ffff"},"geometry":{"type":"MultiLineString","coordinates":[[[5.118798828125023,51.73366119999412],[5.089013671875023,51.731561590619116],[5.071435546875023,51.72218659061912],[5.060791015625,51.72003815311912],[4.903466796875023,51.71967194218162],[4.87890625,51.72687409061912],[4.866455078125,51.721307684369116],[4.8408203125,51.71771881718162],[4.83056640625,51.712274481244116]]]}},{"type":"Feature","properties":{"outlineWidth":2,"fillColor":"#00ffff"},"geometry":{"type":"MultiLineString","coordinates":[[[23.456787109375,68.02460358280662],[23.484130859375,68.01618073124412],[23.573144531250023,67.97365143436912],[23.642578125,67.96349518436912],[23.66162109375,67.95075104374412],[23.66064453125,67.93322174686912],[23.635498046875,67.91376373905662],[23.602783203125,67.90333893436912],[23.531982421875,67.89350006718162],[23.498291015625,67.88244049686912],[23.480712890625,67.86493561405662],[23.47607421875,67.84162018436912],[23.479248046875,67.81725494999412],[23.484130859375,67.79645416874412],[23.484033203125023,67.73749420780662],[23.48779296875,67.72511627811912],[23.498925781250023,67.70929596561912],[23.51025390625,67.66954987186912],[23.518212890625023,67.65314362186912],[23.5419921875,67.62702057499412],[23.549951171875023,67.61120026249412],[23.552978515625,67.58727448124412],[23.534912109375,67.57733795780662],[23.498925781250023,67.56659577030662],[23.472802734375023,67.55529205936912],[23.484130859375,67.54328034061912],[23.465478515625023,67.52277252811912],[23.44287109375,67.50495026249412],[23.430810546875023,67.48585846561912],[23.443115234375,67.46129791874412],[23.4765625,67.44411041874412],[23.513671875,67.44513580936912],[23.553369140625023,67.45233795780662],[23.593994140625,67.45387604374412],[23.662109375,67.43646881718162],[23.730224609375,67.43170807499412],[23.751953125,67.42755768436912],[23.764550781250023,67.42035553593162],[23.7626953125,67.39782135624412],[23.750732421875,67.36981842655662],[23.750878906250023,67.34650299686912],[23.78515625,67.33783600468162],[23.7626953125,67.30683014530662],[23.73486328125,67.28998444218162],[23.621728515625023,67.26930573124412],[23.602197265625023,67.26056549686912],[23.593994140625,67.24469635624412],[23.5908203125,67.22536041874412],[23.59619140625,67.21828034061912],[23.614404296875023,67.21430084843162],[23.606591796875023,67.20153229374412],[23.597070312500023,67.19049713749412],[23.5859375,67.18117096561912],[23.573486328125,67.17328522343162]]]}},{"type":"Feature","properties":{"outlineWidth":2,"fillColor":"#00ffff"},"geometry":{"type":"MultiLineString","coordinates":[[[21.345947265625,42.24171784061912],[21.348779296875023,42.266717840619116],[21.358154296875,42.29567291874412],[21.366943359375,42.356073309369116],[21.358154296875,42.372186590619116],[21.366113281250023,42.38178131718162],[21.4365234375,42.40058014530662],[21.451806640625023,42.40875885624412],[21.466552734375,42.42091705936912],[21.494384765625,42.43922760624412],[21.554931640625,42.454217840619116]]]}},{"type":"Feature","properties":{"outlineWidth":2,"fillColor":"#00ffff"},"geometry":{"type":"MultiLineString","coordinates":[[[-5.1806640625,39.15912506718162],[-5.20556640625,39.14288971561912],[-5.231640624999983,39.124627996869116],[-5.262939453125,39.11029694218162],[-5.303417968749983,39.09840729374412],[-5.311816406249989,39.09401276249412],[-5.322363281249977,39.08490631718162],[-5.3427734375,39.05592682499412],[-5.356347656249994,39.04901764530662],[-5.384326171874989,39.04120514530662],[-5.409912109375,39.030389715619116],[-5.471362304687489,39.01581452030662],[-5.559375,39.01393463749412]]]}},{"type":"Feature","properties":{"outlineWidth":2,"fillColor":"#00ffff"},"geometry":{"type":"MultiLineString","coordinates":[[[-5.080517578124983,39.27863190311912],[-5.098339843749983,39.26825592655662],[-5.126074218749977,39.255975653119116],[-5.15478515625,39.24030182499412],[-5.169531249999977,39.22370026249412],[-5.177978515625,39.202752996869116],[-5.180712890624989,39.18646881718162],[-5.1806640625,39.15912506718162]]]}},{"type":"Feature","properties":{"outlineWidth":2,"fillColor":"#00ffff"},"geometry":{"type":"MultiLineString","coordinates":[[[18.159814453125023,65.60119049686912],[18.203515625000023,65.56090729374412],[18.250244140625,65.53136627811912],[18.302978515625,65.50910065311912],[18.3583984375,65.49494049686912],[18.464013671875023,65.48200104374412],[18.526611328125,65.45209381718162],[18.561669921875023,65.44391510624412],[18.700927734375,65.44142487186912],[18.719482421875,65.43781159061912],[18.730615234375023,65.43102448124412],[18.759033203125,65.40558502811912],[18.764404296875,65.40197174686912],[18.820214843750023,65.37457916874412],[18.986718750000023,65.34174225468162],[19.040673828125023,65.30846588749412],[19.14599609375,65.29572174686912],[19.202880859375,65.27692291874412],[19.23095703125,65.26178619999412],[19.242919921875,65.24420807499412],[19.250634765625023,65.21373932499412],[19.27099609375,65.20575592655662],[19.299462890625023,65.20607330936912],[19.331689453125023,65.20014069218162],[19.34912109375,65.18573639530662],[19.3818359375,65.14577057499412],[19.403076171875,65.13746979374412],[19.424951171875023,65.13178131718162],[19.488671875000023,65.09027741093162],[19.50732421875,65.08270905155662],[19.564453125,65.07599518436912],[19.57666015625,65.07062409061912],[19.60400390625,65.05316803593162],[19.642724609375023,65.04357330936912],[19.701416015625,65.01647369999412],[19.72900390625,65.00768463749412],[19.786376953125,65.00499909061912],[19.804589843750023,65.00092194218162],[19.817285156250023,64.99391510624412],[19.842041015625,64.97643463749412],[19.869873046875,64.96991608280662],[19.897119140625023,64.95617096561912],[19.91015625,64.95314362186912],[20.02880859375,64.94159577030662],[20.063867187500023,64.93353912968162],[20.096435546875,64.92052643436912],[20.123046875,64.90162994999412]]]}},{"type":"Feature","properties":{"outlineWidth":2,"fillColor":"#00ffff"},"geometry":{"type":"MultiLineString","coordinates":[[[-5.277685546874977,42.593377996869116],[-5.338476562499977,42.54218170780662],[-5.379003906249977,42.51996491093162],[-5.470507812499989,42.488153387494116],[-5.520605468749977,42.459588934369116],[-5.551928710937489,42.41608307499412],[-5.563085937499977,42.364374090619116],[-5.552734375,42.31110260624412],[-5.54541015625,42.30104401249412],[-5.536865234375,42.29364655155662],[-5.531420898437489,42.284784246869116],[-5.533203125,42.27052643436912],[-5.573535156249989,42.15509674686912],[-5.597949218749989,42.02101471561912],[-5.611499023437489,41.99616119999412],[-5.632080078125,41.97394440311912],[-5.774462890624989,41.86981842655662],[-5.780688476562489,41.86212799686912],[-5.784838867187489,41.85285065311912],[-5.793066406249977,41.82228424686912],[-5.797216796874977,41.81549713749412],[-5.813037109374989,41.79755280155662],[-5.8173828125,41.79005768436912],[-5.820239257812489,41.78224518436912],[-5.8212890625,41.77411530155662],[-5.820019531249983,41.76557037968162],[-5.815527343749977,41.75734284061912],[-5.802539062499989,41.74660065311912],[-5.796875,41.74054596561912],[-5.793554687499977,41.72565338749412],[-5.802832031249977,41.71625397343162],[-5.832861328124977,41.70485260624412],[-5.858569335937489,41.69098541874412],[-5.870703124999977,41.68239166874412],[-5.881396484374989,41.672967840619116],[-5.891650390624989,41.65985748905662],[-5.908251953124989,41.63080475468162],[-5.91845703125,41.61762116093162],[-5.931982421874977,41.60932037968162],[-5.962988281249977,41.59747955936912],[-5.972338867187489,41.58612702030662],[-5.973730468749977,41.57623932499412],[-5.968994140625,41.54633209843162],[-5.970019531249989,41.53607819218162],[-5.973559570312489,41.52875397343162],[-5.978125,41.52204010624412],[-5.982519531249977,41.51349518436912],[-6.009033203125,41.50958893436912],[-6.024658203125,41.50385162968162],[-6.035253906249977,41.490838934369116]]]}},{"type":"Feature","properties":{"outlineWidth":2,"fillColor":"#00ffff"},"geometry":{"type":"MultiLineString","coordinates":[[[-8.184741210937489,39.48468659061912],[-8.200927734375,39.47760651249412],[-8.210986328124989,39.47536041874412],[-8.223242187499977,39.474481512494116],[-8.234375,39.47528717655662],[-8.247900390624977,39.47951080936912],[-8.25732421875,39.481317449994116],[-8.354907226562489,39.484247137494116],[-8.416357421874977,39.47138092655662],[-8.439208984375,39.46246979374412],[-8.449145507812489,39.450555731244116],[-8.452880859375,39.43292877811912],[-8.4625,39.414422918744116],[-8.475927734374977,39.39765045780662],[-8.49072265625,39.38507721561912],[-8.613623046874977,39.31622955936912],[-8.624755859375,39.30585358280662],[-8.640625,39.27973053593162],[-8.65185546875,39.26564362186912],[-8.659912109375,39.25905182499412],[-8.67529296875,39.24921295780662],[-8.682543945312489,39.24171784061912],[-8.686621093749977,39.23309967655662],[-8.696142578124977,39.20075104374412],[-8.76513671875,39.09772369999412]]]}},{"type":"Feature","properties":{"outlineWidth":2,"fillColor":"#00ffff"},"geometry":{"type":"MultiLineString","coordinates":[[[11.053466796875,45.92963287968162],[11.038330078125,45.91828034061912],[11.002099609375023,45.87843659061912],[10.994873046875,45.85895416874412],[11.002343750000023,45.83571198124412],[11.013818359375023,45.81232330936912],[11.018798828125,45.79242584843162],[11.009179687500023,45.773065496869116],[10.989990234375,45.75824616093162],[10.950439453125,45.737176824994116],[10.916894531250023,45.70827057499412],[10.888427734375,45.676385809369116],[10.895898437500023,45.66896393436912],[10.848046875000023,45.60809967655662],[10.840576171875,45.59572174686912],[10.835693359375,45.58966705936912],[10.830712890625023,45.58698151249412],[10.821435546875023,45.584344793744116],[10.82080078125,45.57765534061912],[10.822656250000023,45.56867096561912],[10.82080078125,45.55910065311912],[10.802734375,45.52985260624412],[10.802392578125023,45.51532623905662],[10.813378906250023,45.49823639530662],[10.826904296875,45.491083074994116],[10.86328125,45.48383209843162],[10.87548828125,45.47711823124412],[10.888085937500023,45.47955963749412],[10.93359375,45.48175690311912],[10.943603515625,45.480585028119116],[10.951562500000023,45.47072174686912],[10.9697265625,45.45905182499412],[11.005761718750023,45.442987371869116],[11.003076171875023,45.43939850468162],[10.998291015625,45.42999909061912],[11.016357421875,45.43012116093162],[11.0244140625,45.432001043744116],[11.032470703125,45.43622467655662],[11.0283203125,45.41652252811912],[11.03955078125,45.401239324994116],[11.073974609375,45.38153717655662],[11.073974609375,45.39520905155662],[11.1943359375,45.370477606244116],[11.251708984375,45.347528387494116],[11.259033203125,45.31268952030662],[11.272607421875023,45.31268952030662],[11.272607421875023,45.30646393436912],[11.268457031250023,45.305047918744116],[11.259033203125,45.29962799686912],[11.261621093750023,45.294549871869116],[11.262353515625023,45.29144928593162],[11.259667968750023,45.28729889530662],[11.252197265625,45.27912018436912],[11.280029296875,45.26491119999412],[11.276513671875023,45.24806549686912],[11.29248046875,45.22492096561912],[11.3310546875,45.18605377811912],[11.341699218750023,45.178094793744116],[11.382470703125023,45.16181061405662],[11.395751953125,45.151483465619116],[11.406396484375023,45.14057037968162],[11.417871093750023,45.13190338749412],[11.445703125000023,45.12653229374412],[11.478662109375023,45.11652252811912],[11.48828125,45.11127350468162],[11.49658203125,45.11134674686912],[11.53955078125,45.12836334843162],[11.566796875000023,45.12921784061912],[11.6025390625,45.12579987186912],[11.637597656250023,45.11859772343162],[11.6630859375,45.10785553593162],[11.6943359375,45.11085846561912],[11.718652343750023,45.11029694218162],[11.753808593750023,45.09870026249412],[11.77392578125,45.10736725468162],[11.800927734375023,45.12836334843162],[11.839990234375023,45.13886139530662],[12.0810546875,45.14740631718162],[12.114990234375,45.14203522343162],[12.189111328125023,45.11432526249412],[12.228417968750023,45.10883209843162],[12.266357421875,45.12086823124412],[12.280908203125023,45.12824127811912],[12.285302734375023,45.13385651249412],[12.286865234375,45.145379949994116],[12.321435546875023,45.164911199994116]]]}},{"type":"Feature","properties":{"outlineWidth":2,"fillColor":"#00ffff"},"geometry":{"type":"MultiLineString","coordinates":[[[27.991943359375,67.21442291874412],[27.753173828125,67.19379303593162],[27.735595703125,67.18854401249412],[27.687890625000023,67.16383698124412],[27.66796875,67.14826080936912],[27.60302734375,67.12487213749412],[27.570898437500006,67.12306549686912],[27.480078125,67.13922760624412],[27.478515625,67.13561432499412],[27.477929687500023,67.13202545780662],[27.476464843750023,67.12843659061912],[27.47265625,67.12487213749412],[27.48681640625,67.11847565311912],[27.499609375,67.11071198124412],[27.510839843750006,67.10150787968162],[27.520410156250023,67.09076569218162],[27.521386718750023,67.08515045780662],[27.518652343750006,67.07916901249412],[27.516992187500023,67.07208893436912],[27.520410156250023,67.06342194218162],[27.525488281250006,67.06000397343162],[27.541748046875,67.05377838749412],[27.54833984375,67.04982330936912],[27.564843750000023,67.02599518436912],[27.56005859375,67.00563385624412],[27.466699218750023,66.89723541874412],[27.465722656250023,66.89350006718162],[27.465722656250023,66.88593170780662],[27.468164062500023,66.87763092655662],[27.477929687500023,66.86266510624412],[27.480078125,66.85797760624412],[27.473535156250023,66.84113190311912],[27.459228515625,66.83185455936912],[27.441503906250006,66.82550690311912],[27.4248046875,66.81708405155662],[27.41572265625001,66.80812409061912],[27.384765625,66.76476471561912]]]}},{"type":"Feature","properties":{"outlineWidth":2,"fillColor":"#00ffff"},"geometry":{"type":"MultiLineString","coordinates":[[[18.159814453125023,65.60119049686912],[18.142333984375,65.61412994999412],[18.13330078125,65.62006256718162],[18.11865234375,65.63153717655662],[18.116845703125023,65.64513580936912],[18.1298828125,65.66627838749412],[18.137451171875,65.68395416874412],[18.139794921875023,65.70477936405662],[18.134765625,65.72443268436912],[18.11865234375,65.74323151249412],[18.0107421875,65.85499909061912],[17.989990234375,65.87140534061912],[17.968408203125023,65.88600494999412],[17.943603515625,65.89704010624412],[17.92626953125,65.90338776249412],[17.894677734375023,65.92401764530662],[17.870361328125,65.94562409061912],[17.860595703125,65.96437409061912],[17.859130859375,65.99896881718162],[17.871728515625023,66.02301666874412],[17.88037109375,66.06105377811912],[17.8564453125,66.10309479374412],[17.814599609375023,66.12433502811912],[17.548974609375023,66.23981354374412],[17.506591796875,66.26124909061912],[17.474365234375,66.28078034061912],[17.425439453125023,66.29982330936912],[17.37255859375,66.31798737186912],[17.316162109375,66.34003327030662],[17.255859375,66.36022369999412],[17.139306640625023,66.39245026249412],[17.106689453125,66.39960358280662],[17.06103515625,66.41608307499412],[17.01708984375,66.42785065311912],[16.981591796875023,66.42475006718162],[16.945703125000023,66.42450592655662],[16.926513671875,66.42604401249412]]]}},{"type":"Feature","properties":{"outlineWidth":2,"fillColor":"#00ffff"},"geometry":{"type":"MultiLineString","coordinates":[[[8.772851562500023,51.88019440311912],[8.688720703125,51.85719635624412],[8.637841796875023,51.83673737186912],[8.57666015625,51.83673737186912],[8.567138671875,51.83563873905662],[8.549462890625023,51.83100006718162],[8.5419921875,51.82990143436912],[8.538964843750023,51.826776434369116],[8.533447265625,51.81317780155662],[8.528564453125,51.81000397343162],[8.511474609375,51.80780670780662],[8.485107421875,51.79804108280662],[8.442529296875023,51.79462311405662],[8.435449218750023,51.79572174686912],[8.430322265625023,51.80006744999412],[8.425683593750023,51.81251862186912],[8.421875,51.81622955936912],[8.406152343750023,51.81959869999412],[8.3603515625,51.82367584843162],[8.329980468750023,51.83527252811912],[8.30517578125,51.85304596561912],[8.297607421875,51.873163153119116],[8.319482421875023,51.891961981244116]]]}},{"type":"Feature","properties":{"outlineWidth":2,"fillColor":"#00ffff"},"geometry":{"type":"MultiLineString","coordinates":[[[-2.164013671874983,53.040155340619116],[-2.194262695312489,52.99811432499412],[-2.196337890624989,52.97931549686912],[-2.182666015624989,52.95246002811912],[-2.166455078124983,52.93239166874412],[-2.147656249999983,52.91481354374412],[-2.104589843749977,52.88600494999412],[-2.050585937499989,52.86212799686912],[-2.035253906249977,52.85138580936912],[-1.998706054687489,52.814325262494116],[-1.981860351562489,52.80451080936912],[-1.900805664062489,52.76984284061912],[-1.88037109375,52.765497137494116],[-1.834277343749989,52.765985418744116]]]}},{"type":"Feature","properties":{"outlineWidth":2,"fillColor":"#00ffff"},"geometry":{"type":"MultiLineString","coordinates":[[[28.4111328125,68.89948151249412],[28.45576171875001,68.90045807499412],[28.712792968750023,68.96832916874412],[28.8330078125,68.98480866093162],[28.97314453125,69.03454010624412],[29.00751953125001,69.03722565311912],[29.06416015625001,69.03497955936912],[29.119726562500006,69.04718659061912],[29.17236328125,69.06969635624412],[29.220458984375,69.09870026249412],[29.239990234375,69.11535065311912],[29.25048828125,69.13104889530662],[29.268310546875,69.16693756718162],[29.27587890625,69.17621491093162],[29.293847656250023,69.19201080936912],[29.3017578125,69.20111725468162],[29.30488281250001,69.20997955936912],[29.305078125000023,69.21832916874412],[29.314697265625,69.23121979374412]]]}},{"type":"Feature","properties":{"outlineWidth":2,"fillColor":"#00ffff"},"geometry":{"type":"MultiLineString","coordinates":[[[12.032958984375,49.02753327030662],[12.032958984375,49.02753327030662],[12.032958984375,49.02753327030662],[12.032958984375,49.02753327030662],[12.032958984375,49.02753327030662],[12.115869140625023,49.026483465619116],[12.157128906250023,49.02045319218162],[12.190576171875023,49.00641510624412],[12.22021484375,49.01930573124412],[12.265039062500023,49.02179596561912],[12.312255859375,49.01496002811912],[12.348876953125,49.00018952030662],[12.343896484375023,48.99237702030662],[12.332763671875,48.980340887494116],[12.328515625000023,48.97223541874412],[12.413232421875023,48.970819403119116],[12.444726562500023,48.96466705936912],[12.45849609375,48.96608307499412],[12.464990234375023,48.96539948124412],[12.470947265625,48.96173737186912],[12.472558593750023,48.95722077030662],[12.474755859375023,48.95338776249412],[12.482421875,48.951776434369116],[12.502832031250023,48.951776434369116],[12.506591796875,48.95050690311912],[12.511621093750023,48.94782135624412],[12.518310546875,48.94537994999412],[12.527001953125023,48.94489166874412],[12.527001953125023,48.93744537968162],[12.517578125,48.93793366093162],[12.512939453125,48.93483307499412],[12.506591796875,48.92384674686912]]]}},{"type":"Feature","properties":{"outlineWidth":2,"fillColor":"#00ffff"},"geometry":{"type":"MultiLineString","coordinates":[[[-5.556884765625,39.01515534061912],[-5.597753906249977,39.016229559369116],[-5.617846679687489,39.018915106244116],[-5.661425781249989,39.03046295780662],[-5.789257812499983,39.03546784061912],[-5.860888671874989,39.025995184369116],[-5.950366210937489,38.99494049686912],[-6.009033203125,38.95412018436912],[-6.023486328124989,38.94684479374412],[-6.064794921874977,38.94013092655662],[-6.133496093749983,38.96051666874412],[-6.17431640625,38.95436432499412],[-6.184326171875,38.942987371869116],[-6.201757812499977,38.90680573124412],[-6.212207031249989,38.89911530155662],[-6.219775390624989,38.89191315311912],[-6.229541015624989,38.87592194218162],[-6.243505859374977,38.85944244999412],[-6.263671875,38.85065338749412],[-6.302661132812489,38.86037018436912],[-6.333251953125,38.88849518436912],[-6.359667968749989,38.92182037968162],[-6.386572265624977,38.94684479374412],[-6.424169921874977,38.95477936405662],[-6.453662109374989,38.93800690311912],[-6.482421875,38.91188385624412],[-6.517578125,38.89166901249412],[-6.536303710937489,38.887567449994116],[-6.595800781249977,38.88544342655662],[-6.601416015624977,38.88324616093162],[-6.619482421874977,38.873407293744116],[-6.6298828125,38.87116119999412],[-6.642675781249977,38.87299225468162],[-6.673999023437489,38.88544342655662],[-6.728076171874989,38.89374420780662],[-6.742919921875,38.89911530155662],[-6.789160156249977,38.92743561405662],[-6.805615234374983,38.93263580936912],[-6.879638671875,38.924920965619116],[-6.920996093749977,38.91559479374412],[-6.942138671875,38.90595123905662],[-6.95654296875,38.91107819218162],[-6.972216796874989,38.906854559369116],[-6.984716796874977,38.897821356244116],[-6.989941406249983,38.88849518436912],[-7.064892578124983,38.85133698124412],[-7.0771484375,38.84345123905662],[-7.089208984374977,38.83356354374412],[-7.10546875,38.82741119999412],[-7.151660156249989,38.81952545780662],[-7.161230468749977,38.813104559369116],[-7.166796874999989,38.80365631718162],[-7.180346679687489,38.79108307499412],[-7.197119140624977,38.78021881718162],[-7.212158203125,38.77558014530662],[-7.271093749999977,38.73773834843162],[-7.272802734374977,38.73395416874412],[-7.281347656249977,38.72064850468162],[-7.284765624999977,38.713495184369116],[-7.291552734374989,38.67938873905662],[-7.293554687499977,38.65651276249412],[-7.293212890625,38.64630768436912],[-7.291552734374989,38.63844635624412],[-7.286669921874989,38.63214752811912],[-7.280029296875,38.62916901249412],[-7.274121093749983,38.62567780155662],[-7.271093749999977,38.61793854374412],[-7.276464843749977,38.60407135624412],[-7.318212890624977,38.55646393436912],[-7.33642578125,38.50612213749412],[-7.34619140625,38.49440338749412],[-7.334716796875,38.48126862186912],[-7.335791015624977,38.46967194218162],[-7.345458984375,38.45856354374412],[-7.35986328125,38.44660065311912]]]}},{"type":"Feature","properties":{"outlineWidth":2,"fillColor":"#00ffff"},"geometry":{"type":"MultiLineString","coordinates":[[[7.6474609375,44.83905670780662],[7.650537109375023,44.84833405155662],[7.651123046875,44.86078522343162],[7.658447265625,44.86720612186912],[7.669189453125,44.88275787968162],[7.68310546875,44.91432526249412],[7.68310546875,44.92116119999412],[7.671533203125023,44.92853424686912],[7.67236328125,44.938592840619116],[7.689208984375,44.96210358280662],[7.690576171875023,44.960565496869116],[7.693994140625023,44.959588934369116],[7.697167968750023,44.96173737186912],[7.697265625,44.96954987186912],[7.683007812500023,44.99274323124412],[7.670556640625023,45.00739166874412],[7.6669921875,45.031366278119116],[7.666748046875,45.057245184369116],[7.668701171875,45.07343170780662],[7.683837890625,45.09857819218162],[7.704492187500023,45.10993073124412],[7.727929687500023,45.11701080936912],[7.751367187500023,45.129510809369116],[7.755761718750023,45.13764069218162],[7.758203125000023,45.14887116093162],[7.761621093750023,45.15875885624412],[7.768798828125,45.16303131718162],[7.790283203125,45.166864324994116],[7.805078125000023,45.17597077030662],[7.827050781250023,45.19782135624412],[7.87109375,45.22028229374412],[7.90625,45.21979401249412],[7.939355468750023,45.20997955936912],[7.977197265625023,45.20404694218162],[8.063867187500023,45.21828034061912],[8.141748046875023,45.210809637494116],[8.206201171875023,45.22174713749412],[8.215087890625,45.21515534061912],[8.271728515625,45.22101471561912],[8.290185546875023,45.21828034061912],[8.299560546875,45.21100494999412],[8.306640625,45.20221588749412],[8.316796875000023,45.19476959843162],[8.334863281250023,45.19159577030662],[8.341943359375023,45.18915436405662],[8.36474609375,45.17609284061912],[8.375,45.17426178593162],[8.382226562500023,45.17018463749412],[8.387597656250023,45.16579010624412],[8.39208984375,45.16310455936912],[8.454492187500023,45.15058014530662],[8.489648437500023,45.14845612186912],[8.51123046875,45.155633856244116],[8.521240234375,45.15094635624412],[8.55517578125,45.14325592655662],[8.569580078125,45.14203522343162],[8.573144531250023,45.13690827030662],[8.607324218750023,45.10785553593162],[8.631982421875023,45.060907293744116],[8.645410156250023,45.04108307499412],[8.668847656250023,45.02467682499412],[8.68212890625,45.03119537968162],[8.69384765625,45.03046295780662],[8.712890625,45.02467682499412],[8.750878906250023,45.02467682499412],[8.773828125000023,45.027460028119116],[8.833398437500023,45.05324127811912],[8.857421875,45.060419012494116],[8.928857421875023,45.07306549686912],[8.955224609375023,45.073846746869116],[8.966552734375,45.07587311405662],[8.97119140625,45.083612371869116],[8.977783203125,45.08844635624412],[8.99267578125,45.08771393436912],[9.008691406250023,45.083856512494116],[9.018310546875,45.07990143436912],[9.025048828125023,45.08637116093162],[9.03271484375,45.08661530155662],[9.0419921875,45.08539459843162],[9.052978515625,45.08734772343162],[9.060791015625,45.09296295780662],[9.069580078125,45.10541412968162],[9.076416015625,45.10785553593162],[9.099365234375,45.10988190311912],[9.118408203125,45.114862371869116],[9.166894531250023,45.13519928593162],[9.185546875,45.13922760624412],[9.224511718750023,45.140497137494116]]]}},{"type":"Feature","properties":{"outlineWidth":2,"fillColor":"#00ffff"},"geometry":{"type":"MultiLineString","coordinates":[[[23.168115234375023,52.28180573124412],[23.150292968750023,52.281610418744116],[23.118798828125023,52.29328034061912],[23.1005859375,52.296014715619116],[23.087060546875023,52.29242584843162],[23.071923828125023,52.286004949994116],[23.0556640625,52.28290436405662],[23.0390625,52.289178778119116],[23.0419921875,52.293817449994116],[23.047119140625,52.30426666874412],[23.052001953125,52.30963776249412],[23.02392578125,52.33051178593162],[23.005761718750023,52.337030340619116],[22.984521484375023,52.330194403119116],[22.97509765625,52.35285065311912],[22.952050781250023,52.366571356244116],[22.922753906250023,52.37233307499412],[22.844628906250023,52.36566803593162],[22.68896484375,52.38544342655662],[22.63623046875,52.383661199994116],[22.61181640625,52.387323309369116],[22.600244140625023,52.399042059369116],[22.582910156250023,52.39459869999412],[22.562646484375023,52.40412018436912],[22.545800781250023,52.41876862186912],[22.538818359375,52.42946198124412],[22.544824218750023,52.46259186405662],[22.542236328125,52.46735260624412],[22.528222656250023,52.46876862186912],[22.519775390625,52.47340729374412],[22.515039062500023,52.481805731244116],[22.511474609375,52.49464752811912],[22.512353515625023,52.50348541874412],[22.516748046875023,52.511346746869116],[22.520166015625023,52.51959869999412],[22.517578125,52.529413153119116],[22.5107421875,52.53534577030662],[22.488525390625,52.54682037968162],[22.4677734375,52.56439850468162],[22.325341796875023,52.656854559369116],[22.221093750000023,52.69093659061912],[22.2060546875,52.69330475468162],[22.192041015625023,52.70026276249412],[22.181640625,52.70221588749412],[22.162841796875,52.692010809369116],[22.155029296875,52.696161199994116],[22.14794921875,52.70331452030662],[22.140869140625,52.706903387494116],[22.129296875000023,52.70465729374412],[22.103906250000023,52.69537994999412],[22.07861328125,52.69122955936912],[22.05859375,52.682245184369116],[22.048095703125,52.68024323124412],[21.84326171875,52.70070221561912],[21.82080078125,52.69293854374412],[21.7958984375,52.676874090619116],[21.769921875000023,52.664178778119116],[21.74365234375,52.66596100468162],[21.723291015625023,52.64435455936912],[21.71630859375,52.639276434369116],[21.705810546875,52.63751862186912],[21.694482421875023,52.63788483280662],[21.685302734375,52.63617584843162],[21.681640625,52.62843659061912],[21.677148437500023,52.62306549686912],[21.656640625000023,52.60719635624412],[21.650634765625,52.603876043744116],[21.646386718750023,52.60516998905662],[21.634179687500023,52.61163971561912],[21.630029296875023,52.61444733280662],[21.622314453125,52.61786530155662],[21.619775390625023,52.61310455936912],[21.618310546875023,52.60626862186912],[21.61328125,52.603876043744116],[21.603906250000023,52.60858795780662],[21.589013671875023,52.62184479374412],[21.57861328125,52.62501862186912],[21.567773437500023,52.62208893436912],[21.559960937500023,52.61476471561912],[21.5537109375,52.607294012494116],[21.548095703125,52.603876043744116],[21.5068359375,52.60138580936912],[21.463134765625,52.59083893436912],[21.4287109375,52.57623932499412],[21.412109375,52.56598541874412],[21.397607421875023,52.55304596561912],[21.38232421875,52.54347565311912],[21.362695312500023,52.53937409061912],[21.232812500000023,52.53620026249412],[21.21240234375,52.53314850468162],[21.154541015625,52.51515534061912],[21.087646484375,52.51349518436912],[21.0615234375,52.50202057499412],[21.050927734375023,52.47040436405662],[21.031640625000023,52.46002838749412],[20.988037109375,52.46991608280662],[20.91748046875,52.49464752811912],[20.900781250000023,52.49249909061912],[20.868554687500023,52.48317291874412],[20.85302734375,52.48097565311912],[20.808837890625,52.48317291874412],[20.79150390625,52.48097565311912],[20.771728515625,52.47431061405662],[20.761132812500023,52.46632721561912],[20.753662109375,52.45722077030662],[20.7431640625,52.44684479374412],[20.731201171875,52.44074127811912],[20.681640625,52.426385809369116]]]}},{"type":"Feature","properties":{"outlineWidth":2,"fillColor":"#00ffff"},"geometry":{"type":"MultiLineString","coordinates":[[[18.561669921875023,46.75416901249412],[18.579736328125023,46.75294830936912],[18.596435546875,46.74738190311912],[18.612060546875,46.735956121869116],[18.6259765625,46.71730377811912],[18.63232421875,46.69586823124412],[18.629150390625,46.67706940311912],[18.622705078125023,46.65875885624412],[18.6162109375,46.62233307499412],[18.602685546875023,46.58546784061912],[18.5986328125,46.56647369999412],[18.598876953125,46.54523346561912],[18.604248046875,46.52313873905662],[18.6162109375,46.50587799686912],[18.63623046875,46.49884674686912],[18.6484375,46.48883698124412],[18.652099609375,46.46649811405662],[18.653222656250023,46.42987702030662],[18.646484375,46.42743561405662],[18.639794921875023,46.42243073124412],[18.634765625,46.41530182499412],[18.6328125,46.40602448124412],[18.6357421875,46.39801666874412],[18.64306640625,46.39545319218162],[18.663476562500023,46.39642975468162],[18.738671875000023,46.38214752811912],[18.743408203125,46.379266668744116],[18.76123046875,46.36566803593162],[18.769287109375,46.36102936405662],[18.803466796875,46.36102936405662],[18.803466796875,46.359247137494116],[18.807373046875,46.35492584843162],[18.812890625000023,46.350458074994116],[18.817626953125,46.34796784061912],[18.817626953125,46.350458074994116],[18.822412109375023,46.35492584843162],[18.828125,46.35919830936912],[18.831445312500023,46.36102936405662],[18.840478515625023,46.35895416874412],[18.847070312500023,46.356317449994116],[18.850976562500023,46.35114166874412],[18.851953125000023,46.34113190311912],[18.864501953125,46.34577057499412],[18.8779296875,46.34772369999412],[18.906494140625,46.34796784061912]]]}},{"type":"Feature","properties":{"outlineWidth":2,"fillColor":"#00ffff"},"geometry":{"type":"MultiLineString","coordinates":[[[23.686767578125,51.29266998905662],[23.669677734375,51.29962799686912],[23.650390625,51.299920965619116],[23.634521484375,51.30495026249412],[23.628076171875023,51.32623932499412],[23.633544921875,51.33961823124412],[23.647216796875,51.35431549686912],[23.6650390625,51.366083074994116],[23.683349609375,51.37055084843162],[23.677148437500023,51.38410065311912],[23.678369140625023,51.39435455936912],[23.685546875,51.40131256718162],[23.697021484375,51.40473053593162],[23.688867187500023,51.41669342655662],[23.648193359375,51.454217840619116],[23.646484375,51.46046784061912],[23.662255859375023,51.48041412968162],[23.648095703125023,51.48651764530662],[23.6298828125,51.49074127811912],[23.6142578125,51.49750397343162],[23.607568359375023,51.51149323124412],[23.601806640625,51.53107330936912],[23.588037109375023,51.53615143436912],[23.572265625,51.539911199994116],[23.559814453125,51.555536199994116],[23.566650390625,51.55519440311912],[23.573486328125,51.555536199994116],[23.551513671875,51.57904694218162],[23.542724609375,51.59303619999412],[23.539306640625,51.60736725468162],[23.544677734375,51.63434479374412],[23.543359375000023,51.64411041874412],[23.531884765625023,51.651727606244116],[23.531884765625023,51.65924713749412],[23.540917968750023,51.65997955936912],[23.547119140625,51.66229889530662],[23.559814453125,51.672235418744116],[23.554833984375023,51.67653229374412],[23.548828125,51.68353912968162],[23.545556640625023,51.68988678593162],[23.549560546875,51.69269440311912],[23.558740234375023,51.695428778119116],[23.556396484375,51.70172760624412],[23.549707031250023,51.70868561405662],[23.546142578125,51.71381256718162],[23.5517578125,51.73688385624412],[23.555810546875023,51.74762604374412],[23.559814453125,51.754754949994116],[23.57666015625,51.766961981244116],[23.597900390625,51.77496979374412],[23.616943359375,51.786737371869116],[23.628076171875023,51.81000397343162],[23.609765625000023,51.82545807499412],[23.593994140625,51.84357330936912],[23.605224609375,51.85187409061912],[23.609375,51.87355377811912],[23.621240234375023,51.87770416874412],[23.620849609375,51.88226959843162],[23.6201171875,51.883417059369116],[23.618310546875023,51.88349030155662],[23.614404296875023,51.88454010624412],[23.620849609375,51.89581940311912],[23.62158203125,51.92816803593162],[23.628076171875023,51.94660065311912],[23.64697265625,51.97431061405662],[23.66015625,51.98712799686912],[23.675927734375023,51.99440338749412],[23.664453125000023,52.01141998905662],[23.650292968750023,52.04926178593162],[23.641992187500023,52.06171295780662],[23.640869140625,52.07318756718162],[23.636962890625,52.08473541874412],[23.624658203125023,52.089960028119116],[23.615234375,52.09259674686912],[23.609375,52.09894440311912],[23.604248046875,52.107049871869116],[23.59765625,52.11481354374412],[23.578857421875,52.12184479374412],[23.531396484375023,52.12091705936912],[23.511962890625,52.12470123905662],[23.484130859375,52.15888092655662],[23.488037109375,52.16242096561912],[23.491113281250023,52.17438385624412],[23.487060546875,52.18190338749412],[23.470458984375,52.17194244999412],[23.463769531250023,52.176629949994116],[23.453857421875,52.181756903119116],[23.449951171875,52.186151434369116],[23.436181640625023,52.17597077030662],[23.426660156250023,52.17706940311912],[23.417626953125023,52.182733465619116],[23.4052734375,52.186151434369116],[23.390869140625,52.182733465619116],[23.387939453125,52.18439362186912],[23.395263671875,52.19362213749412],[23.395263671875,52.19977448124412],[23.374267578125,52.20123932499412],[23.312158203125023,52.21559479374412],[23.299072265625,52.22370026249412],[23.28369140625,52.22003815311912],[23.211669921875,52.23195221561912],[23.189208984375,52.24079010624412],[23.197167968750023,52.25856354374412],[23.19384765625,52.27174713749412],[23.183007812500023,52.281610418744116],[23.168115234375023,52.289178778119116]]]}},{"type":"Feature","properties":{"outlineWidth":2,"fillColor":"#00ffff"},"geometry":{"type":"MultiLineString","coordinates":[[[19.796533203125023,67.00141022343162],[19.803857421875023,66.99262116093162],[19.825585937500023,66.98187897343162],[19.831933593750023,66.97406647343162],[19.830957031250023,66.96759674686912],[19.825927734375,66.96332428593162],[19.8203125,66.96100494999412],[19.817626953125,66.96039459843162],[19.817626953125,66.93996002811912],[19.8193359375,66.92775299686912],[19.823388671875023,66.92096588749412],[19.828125,66.91510651249412],[19.831933593750023,66.90578034061912],[19.83251953125,66.89557526249412],[19.830810546875,66.87433502811912],[19.831933593750023,66.86420319218162],[19.84326171875,66.84288971561912],[19.861962890625023,66.82721588749412],[19.933349609375,66.78912994999412],[19.996337890625,66.76881744999412],[20.097314453125023,66.74962799686912],[20.139892578125,66.74611237186912],[20.17919921875,66.73712799686912],[20.198486328125,66.73512604374412],[20.227197265625023,66.72858307499412],[20.28466796875,66.70006744999412],[20.337646484375,66.68678619999412],[20.3623046875,66.67067291874412],[20.426513671875,66.61769440311912],[20.49609375,66.57684967655662],[20.494531250000023,66.55958893436912],[20.504150390625,66.54274323124412],[20.520263671875,66.52753327030662],[20.537744140625023,66.51539948124412],[20.573486328125,66.50263092655662],[20.57861328125,66.49799225468162],[20.58447265625,66.49152252811912],[20.59814453125,66.48371002811912],[20.61328125,66.47716705936912],[20.623681640625023,66.47443268436912],[20.641357421875,66.46471588749412],[20.662744140625023,66.42206452030662],[20.67822265625,66.41237213749412],[20.703515625000023,66.40900299686912],[20.738037109375,66.39935944218162],[20.76416015625,66.38429596561912],[20.763671875,66.36456940311912],[20.77099609375,66.35712311405662],[20.763671875,66.35028717655662],[20.774169921875,66.33917877811912],[20.783203125,66.33385651249412],[20.792871093750023,66.33014557499412],[20.80517578125,66.32360260624412],[20.815185546875,66.31569244999412],[20.835595703125023,66.29259674686912],[20.8701171875,66.26525299686912],[20.880126953125,66.25910065311912],[20.906494140625,66.24701569218162],[20.914453125000023,66.24103424686912],[20.917382812500023,66.22589752811912],[20.907617187500023,66.16222565311912],[20.911865234375,66.13893463749412],[20.92236328125,66.12330963749412],[20.948486328125,66.09767487186912],[20.9599609375,66.08295319218162],[20.982080078125023,66.06456940311912]]]}},{"type":"Feature","properties":{"outlineWidth":2,"fillColor":"#00ffff"},"geometry":{"type":"MultiLineString","coordinates":[[[-5.018896484374977,39.36041901249412],[-5.022143554687489,39.34088776249412],[-5.035498046874977,39.31928131718162],[-5.055346679687489,39.29987213749412],[-5.078955078124977,39.27955963749412],[-5.080517578124983,39.27863190311912]]]}},{"type":"Feature","properties":{"outlineWidth":2,"fillColor":"#00ffff"},"geometry":{"type":"MultiLineString","coordinates":[[[26.801025390625,64.56207916874412],[26.7744140625,64.57648346561912],[26.744384765625,64.57482330936912],[26.71142578125,64.56862213749412],[26.683691406250006,64.56952545780662],[26.67578125,64.57409088749412],[26.660400390625,64.59345123905662],[26.648193359375,64.59845612186912],[26.631103515625,64.60162994999412],[26.615820312500006,64.60748932499412],[26.609277343750023,64.62042877811912],[26.605566406250006,64.63080475468162],[26.596582031250023,64.63556549686912],[26.585205078125,64.63869049686912],[26.574462890625,64.64398834843162],[26.567285156250023,64.65333893436912],[26.559326171875,64.67609284061912],[26.553955078125,64.68561432499412],[26.534912109375,64.69879791874412],[26.488037109375,64.71564362186912],[26.41748046875,64.76344635624412],[26.29052734375,64.77760651249412],[26.231835937500023,64.79486725468162],[26.193359375,64.82208893436912],[26.172753906250023,64.83190338749412],[26.14306640625,64.83580963749412],[26.005859375,64.82960846561912],[26.014550781250023,64.81422760624412],[26.019628906250006,64.80914948124412],[25.9990234375,64.80219147343162],[25.975,64.80267975468162],[25.95078125,64.80812409061912],[25.93017578125,64.81593659061912],[25.903564453125,64.83580963749412],[25.893457031250023,64.84069244999412],[25.863183593750023,64.85011627811912],[25.830322265625,64.86486237186912],[25.745214843750006,64.91832916874412],[25.46748046875001,65.01093170780662],[25.423095703125,65.01459381718162]]]}},{"type":"Feature","properties":{"outlineWidth":2,"fillColor":"#00ffff"},"geometry":{"type":"MultiLineString","coordinates":[[[20.057861328125,46.13568756718162],[20.063134765625023,46.12348053593162],[20.058251953125023,46.11188385624412],[20.0478515625,46.10199616093162],[20.036767578125023,46.09474518436912],[20.079736328125023,46.06666901249412],[20.085839843750023,46.05658600468162],[20.081201171875023,46.040887762494116],[20.0693359375,46.03009674686912],[20.053613281250023,46.02472565311912],[20.036767578125023,46.02521393436912],[20.045068359375023,46.01227448124412],[20.056542968750023,46.003778387494116],[20.071044921875,45.99928619999412],[20.0888671875,45.997919012494116],[20.094384765625023,45.99262116093162],[20.097412109375,45.97951080936912],[20.098876953125,45.94733307499412],[20.104248046875,45.93561432499412],[20.128173828125,45.91168854374412],[20.133544921875,45.89887116093162],[20.126123046875023,45.88690827030662],[20.09326171875,45.87323639530662],[20.085839843750023,45.86444733280662],[20.093017578125,45.851678778119116],[20.109619140625,45.842157293744116],[20.1279296875,45.834344793744116],[20.140380859375,45.82660553593162],[20.149169921875,45.81073639530662],[20.148193359375,45.79835846561912],[20.144775390625,45.78473541874412],[20.146630859375023,45.76515534061912],[20.153710937500023,45.75531647343162],[20.16162109375,45.74909088749412],[20.162109375,45.74249909061912],[20.146630859375023,45.73163483280662],[20.134912109375023,45.72809479374412],[20.103271484375,45.722284246869116],[20.092041015625,45.71735260624412],[20.099853515625,45.69513580936912],[20.104882812500023,45.67462799686912],[20.101806640625,45.65314362186912],[20.085839843750023,45.62799713749412],[20.064111328125023,45.61029694218162],[20.062890625000023,45.603387762494116],[20.082177734375023,45.60065338749412],[20.111230468750023,45.601922918744116],[20.121728515625023,45.598260809369116],[20.126123046875023,45.58698151249412],[20.121972656250023,45.58156159061912],[20.112548828125,45.57423737186912],[20.10302734375,45.563836981244116],[20.098876953125,45.54913971561912],[20.10302734375,45.53761627811912],[20.112939453125023,45.52716705936912],[20.206445312500023,45.46564362186912],[20.229736328125,45.442987371869116],[20.201904296875,45.39520905155662],[20.21435546875,45.37958405155662],[20.248291015625,45.355585028119116],[20.263916015625,45.34059479374412],[20.253564453125023,45.33417389530662],[20.2470703125,45.32465241093162],[20.241943359375,45.314569403119116],[20.235986328125023,45.30646393436912],[20.252343750000023,45.286981512494116],[20.301416015625023,45.25856354374412],[20.311767578125,45.23414948124412],[20.318603515625,45.20924713749412],[20.316552734375023,45.195672918744116],[20.288818359375,45.18366119999412],[20.28369140625,45.169549871869116],[20.281494140625,45.15363190311912],[20.277587890625,45.14203522343162]]]}},{"type":"Feature","properties":{"outlineWidth":2,"fillColor":"#00ffff"},"geometry":{"type":"MultiLineString","coordinates":[[[23.675927734375023,42.27753327030662],[23.69091796875,42.289667059369116],[23.724755859375023,42.30963776249412],[23.740966796875,42.321893621869116],[23.756103515625,42.32538483280662],[23.82666015625,42.31842682499412],[23.858056640625023,42.31989166874412],[23.86767578125,42.31842682499412],[23.874169921875023,42.31422760624412],[23.886474609375,42.30084869999412],[23.891845703125,42.297967840619116],[23.901123046875,42.29559967655662],[23.90869140625,42.28974030155662],[23.91357421875,42.28200104374412],[23.917724609375,42.26471588749412],[23.923974609375023,42.25856354374412],[24.003076171875023,42.22536041874412],[24.022216796875,42.22223541874412],[24.035546875000023,42.22357819218162],[24.048095703125,42.22682526249412],[24.070556640625,42.23590729374412]]]}},{"type":"Feature","properties":{"outlineWidth":2,"fillColor":"#00ffff"},"geometry":{"type":"MultiLineString","coordinates":[[[8.710205078125,46.622674871869116],[8.714111328125,46.65065338749412],[8.729394531250023,46.669305731244116],[8.747802734375,46.67572662968162],[8.750878906250023,46.67633698124412],[8.8291015625,46.68768952030662],[8.8681640625,46.71491119999412],[8.892333984375,46.72650787968162],[8.917724609375,46.73432037968162],[8.96484375,46.73956940311912],[9.045556640625023,46.75775787968162]]]}},{"type":"Feature","properties":{"outlineWidth":2,"fillColor":"#00ffff"},"geometry":{"type":"MultiLineString","coordinates":[[[9.40869140625,46.834588934369116],[9.496240234375023,46.86310455936912],[9.5322265625,46.88746979374412],[9.552734375,46.930780340619116],[9.5458984375,46.96137116093162],[9.5458984375,46.96430084843162],[9.540429687500023,46.97467682499412],[9.49560546875,47.026483465619116],[9.484619140625,47.04315827030662],[9.476953125000023,47.05988190311912],[9.475341796875,47.07350494999412],[9.486962890625023,47.08424713749412],[9.502343750000023,47.09498932499412],[9.511865234375023,47.10834381718162],[9.51123046875,47.12965729374412],[9.5029296875,47.145624090619116],[9.4921875,47.16010162968162],[9.484375,47.17658112186912],[9.48681640625,47.21027252811912],[9.50390625,47.24396393436912],[9.552734375,47.30011627811912],[9.586816406250023,47.32807037968162],[9.590722656250023,47.33490631718162],[9.595849609375023,47.35255768436912],[9.600488281250023,47.36151764530662],[9.63916015625,47.39479401249412],[9.64892578125,47.40997955936912],[9.649804687500023,47.452264715619116],[9.62109375,47.46950104374412],[9.583984375,47.48102448124412],[9.554345703125023,47.51117584843162]]]}},{"type":"Feature","properties":{"outlineWidth":2,"fillColor":"#00ffff"},"geometry":{"type":"MultiLineString","coordinates":[[[27.876708984375,44.74408600468162],[27.88427734375,44.72589752811912],[27.8984375,44.70795319218162],[27.916113281250006,44.69435455936912],[27.93505859375,44.68891022343162],[27.960058593750006,44.68629791874412],[27.977783203125,44.67914459843162],[28.030517578125,44.63690827030662],[28.034423828125,44.63080475468162],[28.03339843750001,44.62164948124412],[28.02783203125,44.59808991093162],[28.02109375,44.58783600468162],[28.021240234375,44.55231354374412],[28.015039062500023,44.54315827030662],[28.003662109375,44.53974030155662],[28.006933593750006,44.531854559369116],[28.020117187500006,44.52216217655662],[28.04248046875,44.51337311405662],[28.066796875000023,44.50702545780662],[28.085839843750023,44.504510809369116],[28.093164062500023,44.49664948124412],[28.101953125000023,44.47833893436912],[28.108789062500023,44.45770905155662],[28.109960937500006,44.44245026249412],[28.098535156250023,44.43024323124412],[28.057031250000023,44.40570709843162],[28.047949218750006,44.398065496869116],[27.993261718750006,44.30426666874412],[27.96728515625,44.280389715619116],[27.933837890625,44.26593659061912],[27.78857421875,44.23969147343162],[27.753027343750006,44.21869537968162],[27.732666015625,44.20973541874412],[27.691650390625,44.20441315311912],[27.607812500000023,44.20534088749412],[27.56875,44.195428778119116],[27.515869140625,44.17255280155662],[27.506738281250023,44.16535065311912],[27.499267578125,44.15578034061912],[27.48164062500001,44.14569733280662],[27.461035156250006,44.13764069218162],[27.444726562500023,44.13397858280662],[27.292236328125,44.15143463749412],[27.2666015625,44.13776276249412]]]}},{"type":"Feature","properties":{"outlineWidth":2,"fillColor":"#00ffff"},"geometry":{"type":"MultiLineString","coordinates":[[[21.71630859375,61.51947662968162],[21.733056640625023,61.50726959843162],[21.75244140625,61.49750397343162],[21.774169921875,61.49017975468162],[21.828759765625023,61.48024323124412],[21.839013671875023,61.47431061405662],[21.846093750000023,61.43695709843162],[21.863916015625023,61.41693756718162],[21.8994140625,61.39203522343162],[21.940185546875,61.37079498905662],[22.039453125000023,61.33905670780662],[22.075927734375,61.32106354374412],[22.125878906250023,61.30829498905662],[22.16455078125,61.28558991093162],[22.194238281250023,61.27809479374412],[22.25048828125,61.27306549686912],[22.275146484375,61.26808502811912],[22.3212890625,61.24787018436912],[22.346923828125,61.24572174686912],[22.342041015625,61.25060455936912],[22.333398437500023,61.26564362186912],[22.341552734375,61.26483795780662],[22.359033203125023,61.26605866093162],[22.367431640625,61.26564362186912],[22.358544921875023,61.27631256718162],[22.343505859375,61.29071686405662],[22.33349609375,61.30641510624412],[22.339599609375,61.32086823124412],[22.352441406250023,61.31823151249412],[22.401611328125,61.27306549686912],[22.4267578125,61.26515534061912],[22.4794921875,61.25543854374412],[22.565332031250023,61.21613190311912],[22.5791015625,61.21100494999412]]]}},{"type":"Feature","properties":{"outlineWidth":2,"fillColor":"#00ffff"},"geometry":{"type":"MultiLineString","coordinates":[[[15.438720703125,64.96681549686912],[15.426513671875,64.97145416874412],[15.416259765625,64.97357819218162],[15.370263671875023,64.97736237186912],[15.337646484375,64.98121979374412],[15.310693359375023,64.98602936405662],[15.286767578125023,64.99408600468162],[15.204003906250023,65.01703522343162],[15.192285156250023,65.03522369999412],[15.185302734375,65.06544830936912],[15.166015625,65.08483307499412],[15.1513671875,65.09027741093162]]]}},{"type":"Feature","properties":{"outlineWidth":2,"fillColor":"#00ffff"},"geometry":{"type":"MultiLineString","coordinates":[[[31.758886718750006,68.62396881718162],[31.7880859375,68.62311432499412],[31.82578125,68.62951080936912],[31.876855468750023,68.63512604374412],[31.8994140625,68.65338776249412],[31.916015625,68.68573639530662],[31.955322265625,68.69323151249412],[32.03857421875,68.69220612186912],[32.589111328125,68.82257721561912],[32.60878906250002,68.82496979374412],[32.690527343750006,68.82233307499412],[32.75283203125002,68.83922760624412],[32.834716796875,68.84967682499412],[32.951904296875,68.89093659061912],[32.99648437500002,68.89887116093162],[33.0400390625,68.90009186405662]]]}},{"type":"Feature","properties":{"outlineWidth":2,"fillColor":"#00ffff"},"geometry":{"type":"MultiLineString","coordinates":[[[8.81591796875,45.42189362186912],[8.86474609375,45.35932037968162],[8.940576171875023,45.30421784061912],[8.990234375,45.25775787968162],[9.02783203125,45.23224518436912],[9.0673828125,45.21161530155662],[9.17236328125,45.17799713749412],[9.205810546875,45.16217682499412],[9.22412109375,45.14057037968162]]]}},{"type":"Feature","properties":{"outlineWidth":2,"fillColor":"#00ffff"},"geometry":{"type":"MultiLineString","coordinates":[[[24.070556640625,42.23590729374412],[24.088623046875,42.24237702030662],[24.094140625000023,42.24335358280662],[24.108544921875023,42.24201080936912],[24.134033203125,42.23212311405662],[24.145751953125,42.22975494999412],[24.207421875000023,42.22975494999412],[24.230712890625,42.22540924686912],[24.377197265625,42.16644928593162],[24.388427734375,42.15741608280662],[24.404687500000023,42.15009186405662],[24.480712890625,42.15070221561912],[24.505126953125,42.14655182499412],[24.535546875000023,42.15944244999412],[24.933349609375,42.16083405155662],[24.9365234375,42.161737371869116],[24.938378906250023,42.16388580936912],[24.941015625,42.16608307499412],[24.94677734375,42.16705963749412],[24.952392578125,42.16498444218162],[24.958251953125,42.16046784061912],[24.962792968750023,42.15602448124412],[24.963769531250023,42.15399811405662],[24.973535156250023,42.15485260624412],[24.98681640625,42.16017487186912],[24.997949218750023,42.16083405155662],[25.010351562500006,42.15692780155662],[25.019775390625,42.15106842655662],[25.029687500000023,42.14923737186912],[25.0595703125,42.16657135624412],[25.095703125,42.17255280155662],[25.115234375,42.181268621869116],[25.126074218750006,42.17206452030662],[25.141992187500023,42.16705963749412],[25.152929687500006,42.16046784061912],[25.1494140625,42.14655182499412],[25.167382812500023,42.14406159061912],[25.193261718750023,42.12457916874412],[25.214453125,42.11989166874412],[25.225488281250023,42.12372467655662],[25.241943359375,42.13776276249412],[25.248779296875,42.136590887494116],[25.257421875,42.13275787968162],[25.293359375000023,42.13349030155662],[25.308496093750023,42.13141510624412],[25.365136718750023,42.11305573124412],[25.386816406250006,42.11408112186912],[25.398193359375,42.11310455936912],[25.406005859375,42.10932037968162],[25.417089843750006,42.10162994999412],[25.428613281250023,42.09967682499412],[25.439550781250006,42.099969793744116],[25.449804687500006,42.098749090619116],[25.5015625,42.06935455936912],[25.522705078125,42.06525299686912],[25.601171875,42.07208893436912],[25.63427734375,42.06732819218162],[25.739013671875,42.02362702030662],[25.755957031250006,42.02167389530662],[25.810791015625,42.02362702030662],[25.820214843750023,42.02687409061912],[25.841064453125,42.04096100468162],[25.85205078125,42.04413483280662],[25.8623046875,42.04083893436912],[25.8740234375,42.033075262494116],[25.884033203125,42.02399323124412],[25.889746093750006,42.01679108280662],[25.8955078125,41.99757721561912],[25.89892578125,41.97755768436912],[25.905371093750006,41.961786199994116],[25.920654296875,41.95538971561912],[25.92919921875,41.947870184369116],[25.956933593750023,41.91242096561912],[25.971777343750006,41.900751043744116],[25.99072265625,41.89484284061912],[26.006445312500006,41.89284088749412],[26.04345703125,41.89332916874412],[26.062255859375,41.88764069218162],[26.077880859375,41.87433502811912],[26.10205078125,41.84552643436912],[26.10888671875,41.84083893436912],[26.1265625,41.83173248905662],[26.136328125,41.82440827030662],[26.141503906250023,41.82172272343162],[26.15283203125,41.820428778119116],[26.15673828125,41.81879303593162],[26.15839843750001,41.81373932499412],[26.157324218750006,41.79982330936912],[26.16015625,41.79401276249412],[26.190527343750006,41.77374909061912],[26.1982421875,41.76642487186912],[26.203027343750023,41.75807526249412],[26.211328125000023,41.75079987186912],[26.2255859375,41.749872137494116]]]}},{"type":"Feature","properties":{"outlineWidth":2,"fillColor":"#00ffff"},"geometry":{"type":"MultiLineString","coordinates":[[[-18.172949218749977,64.91376373905662],[-18.195410156249977,64.90778229374412],[-18.21044921875,64.89581940311912],[-18.215087890625,64.87536041874412],[-18.21630859375,64.85167877811912],[-18.222900390625,64.83185455936912],[-18.236669921874977,64.81847565311912],[-18.275390625,64.80358307499412],[-18.312841796874977,64.78363678593162],[-18.356689453125,64.77301666874412],[-18.372314453125,64.76654694218162],[-18.384521484375,64.75385162968162],[-18.396875,64.73615143436912]]]}},{"type":"Feature","properties":{"outlineWidth":2,"fillColor":"#00ffff"},"geometry":{"type":"MultiLineString","coordinates":[[[30.54072265625001,68.70006744999412],[30.609375,68.69342682499412],[30.68125,68.69232819218162],[30.710693359375,68.69696686405662],[30.735253906250023,68.68866608280662],[30.763671875,68.68366119999412],[30.79638671875,68.66669342655662],[30.816162109375,68.65871002811912],[30.908203125,68.65631744999412],[30.9609375,68.65045807499412],[30.992285156250006,68.65631744999412],[31.014892578125,68.64618561405662],[31.030029296875,68.63385651249412],[31.0400390625,68.62811920780662],[31.052978515625,68.62575104374412],[31.083251953125,68.62665436405662],[31.097900390625,68.62501862186912],[31.12353515625,68.61603424686912],[31.15576171875,68.60729401249412],[31.174218750000023,68.60333893436912],[31.228759765625,68.60712311405662],[31.262792968750006,68.61334869999412],[31.294824218750023,68.61481354374412],[31.339941406250006,68.61933014530662],[31.38427734375,68.61359284061912],[31.4599609375,68.60358307499412],[31.525781250000023,68.61852448124412],[31.584082031250006,68.62848541874412],[31.629150390625,68.63251373905662],[31.676025390625,68.63463776249412],[31.70859375,68.63112213749412],[31.758886718750006,68.62396881718162]]]}},{"type":"Feature","properties":{"outlineWidth":2,"fillColor":"#00ffff"},"geometry":{"type":"MultiLineString","coordinates":[[[29.314550781250006,69.31903717655662],[29.337646484375,69.32086823124412],[29.391992187500023,69.32897369999412],[29.52587890625,69.33654205936912],[29.547460937500006,69.33466217655662],[29.570898437500006,69.33539459843162],[29.685449218750023,69.37330963749412],[29.724853515625,69.39577057499412],[29.82470703125,69.42108795780662],[29.873144531250006,69.42206452030662],[29.914941406250023,69.41393463749412],[29.943945312500006,69.42059967655662],[29.976171875,69.42621491093162],[30.009765625,69.43756744999412],[30.0390625,69.45123932499412],[30.091796875,69.46686432499412],[30.109960937500006,69.48912994999412],[30.1171875,69.50636627811912],[30.126220703125,69.52667877811912],[30.14423828125001,69.53820221561912],[30.1640625,69.54689362186912],[30.17724609375,69.56041901249412],[30.17529296875,69.58253815311912],[30.15869140625,69.61183502811912],[30.139550781250023,69.63991119999412],[30.1279296875,69.67084381718162],[30.118896484375,69.68126862186912],[30.114501953125,69.70617096561912]]]}},{"type":"Feature","properties":{"outlineWidth":2,"fillColor":"#00ffff"},"geometry":{"type":"MultiLineString","coordinates":[[[29.314697265625,69.23121979374412],[29.3115234375,69.24713776249412],[29.29296875,69.26703522343162],[29.28515625,69.28717682499412],[29.2939453125,69.30548737186912],[29.314550781250006,69.31903717655662]]]}},{"type":"Feature","properties":{"outlineWidth":2,"fillColor":"#00ffff"},"geometry":{"type":"MultiLineString","coordinates":[[[12.252685546875,43.366815496869116],[12.261376953125023,43.361932684369116],[12.298583984375,43.348504949994116],[12.314208984375,43.34638092655662],[12.309814453125,43.324823309369116],[12.323974609375,43.310907293744116],[12.362548828125,43.29169342655662],[12.409423828125,43.214960028119116],[12.42529296875,43.19708893436912],[12.4384765625,43.17409088749412],[12.4580078125,43.16400787968162],[12.455712890625023,43.15326569218162],[12.444580078125,43.13746979374412],[12.444580078125,43.11696198124412],[12.447656250000023,43.113153387494116],[12.461816406250023,43.10663483280662],[12.464990234375023,43.10297272343162],[12.459863281250023,43.09418366093162],[12.434228515625023,43.070917059369116],[12.423974609375023,43.058954168744116],[12.429345703125023,43.051874090619116],[12.429345703125023,43.044061590619116],[12.424951171875023,43.036737371869116],[12.417138671875023,43.03102448124412],[12.421044921875023,43.02875397343162],[12.423730468750023,43.02680084843162],[12.426513671875,43.025262762494116],[12.430908203125,43.02418854374412],[12.4169921875,43.00954010624412],[12.413476562500023,43.00123932499412],[12.417138671875023,42.99005768436912],[12.408837890625023,42.98822662968162],[12.404199218750023,42.98541901249412],[12.396728515625,42.97638580936912],[12.3994140625,42.972528387494116],[12.403564453125,42.96954987186912],[12.3994140625,42.96417877811912],[12.39404296875,42.954217840619116],[12.389892578125,42.949090887494116],[12.3955078125,42.94037506718162],[12.39501953125,42.93048737186912],[12.390380859375,42.92121002811912],[12.383056640625,42.91432526249412],[12.383056640625,42.90814850468162],[12.390380859375,42.89594147343162],[12.38671875,42.884637762494116],[12.3779296875,42.87482330936912],[12.368798828125023,42.86713287968162],[12.390039062500023,42.85670807499412],[12.39794921875,42.84979889530662],[12.403564453125,42.839227606244116],[12.387109375000023,42.83375885624412],[12.378564453125023,42.83229401249412],[12.368798828125023,42.832391668744116],[12.368798828125023,42.82619049686912],[12.376855468750023,42.81769440311912],[12.38818359375,42.81220123905662],[12.398583984375023,42.80495026249412],[12.403564453125,42.79083893436912],[12.388330078125023,42.78883698124412],[12.370263671875023,42.78119537968162],[12.321679687500023,42.74860260624412],[12.308349609375,42.74347565311912],[12.273193359375,42.736200262494116],[12.232177734375,42.702020574994116],[12.197412109375023,42.702020574994116],[12.202539062500023,42.683954168744116],[12.210351562500023,42.66627838749412],[12.221337890625023,42.65277741093162],[12.235595703125,42.64740631718162],[12.240478515625,42.63898346561912],[12.2451171875,42.61969635624412],[12.247314453125,42.59870026249412],[12.245263671875023,42.58539459843162],[12.258935546875023,42.56549713749412],[12.26220703125,42.56415436405662],[12.26708984375,42.565545965619116],[12.271386718750023,42.56598541874412],[12.273193359375,42.56178619999412],[12.2724609375,42.548211981244116],[12.275390625,42.53590729374412],[12.277246093750023,42.51886627811912],[12.280029296875,42.51027252811912],[12.283593750000023,42.50612213749412],[12.295068359375023,42.49684479374412],[12.300439453125023,42.48981354374412],[12.31884765625,42.49787018436912],[12.342675781250023,42.49176666874412],[12.393310546875,42.46234772343162],[12.417138671875023,42.44135162968162],[12.417724609375,42.43898346561912],[12.41650390625,42.43060944218162],[12.417138671875023,42.42829010624412],[12.420166015625,42.42799713749412],[12.428125,42.42902252811912],[12.430908203125,42.42829010624412],[12.435449218750023,42.42584869999412],[12.446679687500023,42.42340729374412],[12.451416015625,42.42084381718162],[12.451416015625,42.414667059369116],[12.445214843750023,42.411004949994116],[12.440576171875023,42.406610418744116],[12.430908203125,42.392938543744116],[12.4384765625,42.38893463749412],[12.446679687500023,42.38776276249412],[12.455468750000023,42.38922760624412],[12.464990234375023,42.392938543744116],[12.464990234375023,42.38673737186912],[12.453369140625,42.37213776249412],[12.45458984375,42.35285065311912],[12.466210937500023,42.33522369999412],[12.486083984375,42.32526276249412],[12.472412109375,42.31842682499412],[12.490966796875,42.29828522343162],[12.546875,42.29352448124412],[12.560546875,42.270624090619116],[12.569482421875023,42.27826569218162],[12.572265625,42.282586981244116],[12.57421875,42.291131903119116],[12.581689453125023,42.291131903119116],[12.5810546875,42.278924871869116],[12.584619140625023,42.27223541874412],[12.591699218750023,42.27155182499412],[12.602197265625023,42.27753327030662],[12.611718750000023,42.26515534061912],[12.622314453125,42.25433991093162],[12.629785156250023,42.24140045780662],[12.62939453125,42.22223541874412],[12.611083984375,42.23773834843162],[12.605712890625,42.22614166874412],[12.60791015625,42.20582916874412],[12.612060546875,42.194940496869116],[12.606103515625023,42.191766668744116],[12.612939453125023,42.18475983280662],[12.62939453125,42.17450592655662],[12.63525390625,42.16334869999412],[12.637841796875023,42.15631744999412],[12.637939453125,42.14972565311912],[12.63623046875,42.13971588749412],[12.62939453125,42.12067291874412],[12.618798828125023,42.10980866093162],[12.58154296875,42.08136627811912],[12.5732421875,42.07977936405662],[12.566308593750023,42.08014557499412],[12.560546875,42.07887604374412],[12.54296875,42.06903717655662],[12.5419921875,42.06391022343162],[12.5537109375,42.05780670780662],[12.5537109375,42.05158112186912],[12.530664062500023,42.050165106244116],[12.515380859375,42.03864166874412],[12.509179687500023,42.02155182499412],[12.5126953125,42.00319244999412],[12.505126953125,41.997430731244116],[12.499658203125023,41.98993561405662],[12.492919921875,41.975213934369116],[12.494287109375023,41.95892975468162],[12.4921875,41.944208074994116],[12.481689453125,41.93475983280662],[12.458154296875023,41.93427155155662],[12.458154296875023,41.92804596561912],[12.466699218750023,41.92450592655662],[12.47119140625,41.91840241093162],[12.470947265625,41.91034577030662],[12.464990234375023,41.900751043744116],[12.474853515625,41.89154694218162],[12.473779296875023,41.87982819218162],[12.46826171875,41.86554596561912],[12.464990234375023,41.84894440311912],[12.45947265625,41.83612702030662],[12.446044921875,41.833612371869116],[12.430322265625023,41.83441803593162],[12.417138671875023,41.83185455936912],[12.415283203125,41.82672760624412],[12.416259765625,41.81891510624412],[12.415917968750023,41.81080963749412],[12.410302734375023,41.80451080936912],[12.40380859375,41.80316803593162],[12.363427734375023,41.806512762494116],[12.350488281250023,41.809198309369116],[12.33935546875,41.807733465619116],[12.328515625000023,41.79706452030662],[12.311669921875023,41.804315496869116],[12.29736328125,41.79901764530662],[12.273193359375,41.777215887494116],[12.279296875,41.761346746869116],[12.267822265625,41.75221588749412],[12.232177734375,41.74249909061912]]]}},{"type":"Feature","properties":{"outlineWidth":2,"fillColor":"#00ffff"},"geometry":{"type":"MultiLineString","coordinates":[[[13.718017578125,61.41334869999412],[13.728662109375023,61.38947174686912],[13.735595703125,61.35712311405662],[13.736083984375,61.32555573124412],[13.726220703125023,61.30719635624412],[13.782373046875023,61.27667877811912],[13.847314453125023,61.27338287968162],[13.915283203125,61.27838776249412],[13.97998046875,61.27306549686912],[14.004052734375023,61.26452057499412],[14.028222656250023,61.25084869999412],[14.047021484375023,61.23187897343162],[14.054589843750023,61.20758698124412],[14.12353515625,61.15578034061912],[14.55224609375,60.99743073124412]]]}},{"type":"Feature","properties":{"outlineWidth":2,"fillColor":"#00ffff"},"geometry":{"type":"MultiLineString","coordinates":[[[26.2939453125,40.926874090619116],[26.296777343750023,40.92262604374412],[26.302832031250006,40.91571686405662],[26.303466796875,40.909295965619116],[26.290136718750006,40.906366278119116],[26.281640625000023,40.90748932499412],[26.274658203125,40.910516668744116],[26.26953125,40.91505768436912],[26.266015625000023,40.92067291874412],[26.259765625,40.92067291874412],[26.251708984375,40.90082428593162],[26.245849609375,40.89166901249412],[26.23876953125,40.88593170780662],[26.231835937500023,40.88593170780662],[26.230566406250006,40.890008856244116],[26.2255859375,40.89960358280662],[26.225830078125,40.889032293744116],[26.224609375,40.88385651249412],[26.220458984375,40.88153717655662],[26.211328125000023,40.87970612186912],[26.210693359375,40.87494537968162],[26.2119140625,40.87335846561912],[26.214746093750023,40.87311432499412],[26.218164062500023,40.87225983280662],[26.208251953125,40.86859772343162],[26.205322265625,40.86525299686912],[26.204492187500023,40.85858795780662],[26.21142578125,40.84772369999412],[26.15771484375,40.812372137494116],[26.142480468750023,40.79401276249412],[26.134033203125,40.76735260624412],[26.11181640625,40.74725983280662],[26.0810546875,40.73578522343162],[26.0439453125,40.73847077030662]]]}},{"type":"Feature","properties":{"outlineWidth":2,"fillColor":"#00ffff"},"geometry":{"type":"MultiLineString","coordinates":[[[17.378076171875023,67.63886139530662],[17.378173828125,67.63917877811912],[17.37841796875,67.63947174686912],[17.387109375000023,67.64935944218162],[17.417236328125,67.66491119999412],[17.47509765625,67.67890045780662],[17.526513671875023,67.67980377811912],[17.5654296875,67.66242096561912],[17.610986328125023,67.64874909061912],[17.670312500000023,67.64098541874412],[17.828125,67.61403229374412],[17.86962890625,67.60224030155662],[18.037988281250023,67.56561920780662],[18.101806640625,67.55829498905662],[18.16455078125,67.54450104374412],[18.193603515625,67.52460358280662],[18.225488281250023,67.50849030155662],[18.406396484375023,67.44562409061912],[18.45263671875,67.42653229374412],[18.477783203125,67.41290924686912],[18.527099609375,67.40294830936912],[18.59912109375,67.40668366093162],[18.634765625,67.39923737186912],[18.664941406250023,67.39552643436912],[18.69287109375,67.39953034061912],[18.720703125,67.40172760624412],[18.763427734375,67.39367096561912],[18.812646484375023,67.37819244999412],[18.851318359375,67.36322662968162],[18.89208984375,67.34459869999412],[18.92431640625,67.31964752811912],[18.95654296875,67.30487702030662],[19.026269531250023,67.29340241093162],[19.08935546875,67.27638580936912],[19.112207031250023,67.25538971561912],[19.147851562500023,67.23163483280662],[19.210107421875023,67.20636627811912],[19.316552734375023,67.15392487186912],[19.366357421875023,67.13983795780662],[19.476806640625,67.12982819218162],[19.5439453125,67.11852448124412],[19.74365234375,67.06408112186912],[19.76806640625,67.05104401249412],[19.783447265625,67.03803131718162],[19.791162109375023,67.01842682499412],[19.796533203125023,67.00141022343162]]]}},{"type":"Feature","properties":{"outlineWidth":2,"fillColor":"#00ffff"},"geometry":{"type":"MultiLineString","coordinates":[[[11.170166015625,59.38861725468162],[11.142480468750023,59.33527252811912],[11.135498046875,59.30524323124412],[11.155908203125023,59.29303619999412],[11.1318359375,59.27028229374412],[11.0595703125,59.26740143436912],[11.029296875,59.25519440311912],[10.984765625000023,59.21723053593162],[10.9580078125,59.19904205936912],[10.936181640625023,59.18317291874412]]]}},{"type":"Feature","properties":{"outlineWidth":2,"fillColor":"#00ffff"},"geometry":{"type":"MultiLineString","coordinates":[[[-4.968994140625,56.92816803593162],[-4.98583984375,56.91188385624412],[-5.028173828124977,56.88983795780662],[-5.107324218749994,56.83356354374412],[-5.119775390624994,56.81842682499412]]]}},{"type":"Feature","properties":{"outlineWidth":2,"fillColor":"#00ffff"},"geometry":{"type":"MultiLineString","coordinates":[[[0.924462890625023,42.646112371869116],[0.919677734375,42.675409246869116],[0.902587890625,42.69899323124412],[0.864501953125,42.70778229374412],[0.8212890625,42.71193268436912],[0.791894531250023,42.72418854374412],[0.768945312500023,42.73805573124412],[0.726318359375,42.75055573124412]]]}},{"type":"Feature","properties":{"outlineWidth":2,"fillColor":"#00ffff"},"geometry":{"type":"MultiLineString","coordinates":[[[3.585205078125,44.219110418744116],[3.5810546875,44.246454168744116],[3.583886718750023,44.269891668744116],[3.595849609375023,44.29640534061912],[3.597900390625,44.31276276249412],[3.589990234375023,44.334344793744116],[3.571533203125,44.35883209843162],[3.5634765625,44.36281159061912],[3.557031250000023,44.37287018436912],[3.539941406250023,44.37501862186912],[3.528222656250023,44.37457916874412],[3.514550781250023,44.370477606244116],[3.506005859375023,44.364374090619116],[3.498437500000023,44.35651276249412],[3.48974609375,44.34967682499412],[3.477685546875023,44.34686920780662],[3.46728515625,44.34938385624412],[3.434814453125,44.36615631718162],[3.421044921875023,44.36786530155662],[3.409082031250023,44.36554596561912],[3.312744140625,44.32448151249412],[3.251611328125023,44.32306549686912],[3.2392578125,44.314813543744116],[3.229638671875023,44.25238678593162],[3.22509765625,44.24005768436912],[3.21923828125,44.23139069218162],[3.2119140625,44.22536041874412]]]}},{"type":"Feature","properties":{"outlineWidth":2,"fillColor":"#00ffff"},"geometry":{"type":"MultiLineString","coordinates":[[[9.745996093750023,46.403192449994116],[9.744384765625,46.424676824994116],[9.755517578125023,46.43825104374412],[9.782958984375,46.45502350468162],[9.799072265625,46.46405670780662],[9.805566406250023,46.47536041874412],[9.815820312500023,46.482782293744116],[9.827050781250023,46.48871491093162],[9.836669921875,46.49542877811912],[9.870849609375,46.53632233280662],[9.90478515625,46.56598541874412],[10.010498046875,46.63837311405662]]]}},{"type":"Feature","properties":{"outlineWidth":2,"fillColor":"#00ffff"},"geometry":{"type":"MultiLineString","coordinates":[[[-8.068457031249977,54.06391022343162],[-8.08154296875,54.05805084843162],[-8.08935546875,54.050165106244116],[-8.090625,54.038934637494116],[-8.083740234375,54.00929596561912],[-8.0810546875,54.004266668744116],[-8.065380859374983,53.99848053593162],[-8.067724609374977,53.99005768436912],[-8.075048828124977,53.981805731244116],[-8.079199218749977,53.978387762494116],[-8.086230468749989,53.975213934369116],[-8.099462890624977,53.96417877811912],[-8.10693359375,53.952508856244116],[-8.096606445312489,53.94708893436912],[-8.092333984374989,53.94367096561912],[-8.094165039062489,53.92670319218162],[-8.092871093749977,53.92035553593162],[-8.085009765624989,53.91705963749412],[-8.066992187499977,53.91791412968162],[-8.059326171875,53.91290924686912],[-8.046972656249977,53.91852448124412],[-8.036547851562489,53.92536041874412],[-8.028613281249989,53.93292877811912],[-8.023974609374989,53.94086334843162],[-7.994970703124977,53.91505768436912],[-7.985693359374977,53.90021393436912],[-7.983007812499977,53.87941315311912]]]}},{"type":"Feature","properties":{"outlineWidth":2,"fillColor":"#00ffff"},"geometry":{"type":"MultiLineString","coordinates":[[[3.2119140625,44.22536041874412],[3.202880859375,44.22101471561912],[3.163818359375,44.20831940311912],[3.123681640625023,44.17841217655662],[3.102197265625023,44.14088776249412],[3.07666015625,44.10944244999412],[3.024658203125,44.09791901249412],[2.971435546875,44.096795965619116],[2.918847656250023,44.08881256718162],[2.916259765625,44.08637116093162],[2.914208984375023,44.08209869999412],[2.910888671875,44.07758209843162],[2.905175781250023,44.07489655155662],[2.883447265625023,44.07599518436912],[2.841455078125023,44.088251043744116],[2.820214843750023,44.08746979374412],[2.814355468750023,44.084344793744116],[2.803369140625023,44.074335028119116],[2.797753906250023,44.070428778119116],[2.788232421875023,44.06715729374412],[2.7685546875,44.062860418744116],[2.75927734375,44.05910065311912],[2.747705078125023,44.05031159061912],[2.726708984375023,44.02863190311912],[2.715087890625,44.01935455936912],[2.681542968750023,44.00958893436912],[2.609375,44.01581452030662],[2.575927734375,44.01093170780662],[2.554443359375,43.998895574994116],[2.516015625000023,43.96876862186912],[2.495019531250023,43.95709869999412],[2.466552734375,43.95062897343162],[2.11572265625,43.93610260624412],[2.066162109375,43.92609284061912],[1.986474609375023,43.91864655155662],[1.961083984375023,43.91315338749412],[1.906640625000023,43.89166901249412],[1.81884765625,43.87457916874412],[1.808740234375023,43.869256903119116],[1.792236328125,43.85382721561912],[1.786035156250023,43.84943268436912],[1.764404296875,43.83864166874412],[1.727197265625023,43.80885651249412],[1.70654296875,43.79730866093162],[1.675537109375,43.79059479374412],[1.643798828125,43.79242584843162],[1.611718750000023,43.80097077030662],[1.580322265625,43.814325262494116]]]}},{"type":"Feature","properties":{"outlineWidth":2,"fillColor":"#00ffff"},"geometry":{"type":"MultiLineString","coordinates":[[[9.524804687500023,61.76654694218162],[9.530029296875,61.75470612186912],[9.532470703125,61.74225494999412],[9.531152343750023,61.72975494999412],[9.524804687500023,61.71808502811912],[9.535302734375023,61.69586823124412],[9.539697265625023,61.67621491093162],[9.550537109375,61.67467682499412],[9.579980468750023,61.66930573124412],[9.6689453125,61.67628815311912],[9.6982421875,61.67121002811912],[9.71484375,61.66351959843162],[9.733789062500023,61.62055084843162]]]}},{"type":"Feature","properties":{"outlineWidth":2,"fillColor":"#00ffff"},"geometry":{"type":"MultiLineString","coordinates":[[[16.076171875,66.80958893436912],[16.05859375,66.79462311405662],[16.05419921875,66.78314850468162],[16.0625,66.77301666874412],[16.145751953125,66.72626373905662],[16.176171875000023,66.71466705936912],[16.28662109375,66.64074127811912],[16.302734375,66.62526276249412]]]}},{"type":"Feature","properties":{"outlineWidth":2,"fillColor":"#00ffff"},"geometry":{"type":"MultiLineString","coordinates":[[[15.91796875,50.36383698124412],[15.91796875,50.37067291874412],[15.911767578125023,50.36383698124412],[15.924560546875,50.35809967655662],[15.93212890625,50.35639069218162],[15.93212890625,50.35016510624412],[15.92333984375,50.34418366093162],[15.891748046875023,50.32843659061912],[15.882080078125,50.31964752811912],[15.864501953125,50.29494049686912],[15.830468750000023,50.26264069218162],[15.820458984375023,50.24140045780662],[15.829736328125023,50.21979401249412],[15.815332031250023,50.19135162968162],[15.811425781250023,50.17804596561912],[15.809960937500023,50.15839264530662],[15.811279296875,50.13722565311912],[15.807373046875,50.12518952030662],[15.795654296875,50.10993073124412],[15.843994140625,50.08270905155662],[15.843994140625,50.07521393436912],[15.816162109375,50.06220123905662],[15.781494140625,50.05036041874412],[15.778222656250023,50.04852936405662],[15.67724609375,50.04877350468162],[15.620849609375,50.04108307499412],[15.3837890625,50.04791901249412],[15.36328125,50.04462311405662],[15.344970703125,50.03883698124412],[15.3369140625,50.03082916874412],[15.26123046875,50.02118561405662],[15.243896484375,50.02326080936912],[15.215234375000023,50.03224518436912],[15.202880859375,50.03424713749412],[15.190332031250023,50.03981354374412],[15.170312500000023,50.06622955936912],[15.158837890625023,50.07521393436912]]]}},{"type":"Feature","properties":{"outlineWidth":2,"fillColor":"#00ffff"},"geometry":{"type":"MultiLineString","coordinates":[[[9.224511718750023,45.140497137494116],[9.3056640625,45.12836334843162],[9.326318359375023,45.12184479374412],[9.364501953125,45.10455963749412],[9.384521484375,45.10101959843162],[9.470117187500023,45.10101959843162],[9.49169921875,45.10346100468162],[9.50048828125,45.10297272343162],[9.511865234375023,45.10101959843162],[9.531884765625023,45.08808014530662],[9.541650390625023,45.08588287968162],[9.5458984375,45.097284246869116],[9.5439453125,45.10675690311912],[9.540429687500023,45.11574127811912],[9.538818359375,45.12404205936912],[9.54248046875,45.13141510624412],[9.552490234375,45.13471100468162],[9.56103515625,45.12885162968162],[9.5732421875,45.11469147343162],[9.590087890625,45.112420965619116],[9.602783203125,45.11810944218162],[9.6142578125,45.125360418744116],[9.62841796875,45.12836334843162],[9.640283203125023,45.12592194218162],[9.641259765625023,45.121942449994116],[9.63720703125,45.11696198124412],[9.634667968750023,45.11127350468162],[9.635009765625,45.098504949994116],[9.636621093750023,45.09381744999412],[9.64892578125,45.08734772343162],[9.681298828125023,45.07521393436912],[9.72216796875,45.072137762494116],[9.752343750000023,45.081903387494116],[9.751953125,45.10785553593162],[9.754785156250023,45.10932037968162],[9.756591796875,45.10907623905662],[9.757714843750023,45.10993073124412],[9.758203125000023,45.11469147343162],[9.764404296875,45.11469147343162],[9.77490234375,45.10138580936912],[9.811669921875023,45.08454010624412],[9.819580078125,45.07648346561912],[9.82421875,45.06854889530662],[9.83349609375,45.06813385624412],[9.840087890625,45.07367584843162],[9.836669921875,45.083612371869116],[9.830078125,45.09613678593162],[9.838623046875,45.09840729374412],[9.880615234375,45.091424871869116],[9.895654296875023,45.09174225468162],[9.8994140625,45.098993231244116],[9.884765625,45.11774323124412],[9.882714843750023,45.13397858280662],[9.903710937500023,45.138299871869116],[9.922998046875023,45.12990143436912],[9.915771484375,45.10785553593162],[9.986328125,45.128534246869116],[9.997802734375,45.12457916874412],[10.002099609375023,45.119501043744116],[10.021386718750023,45.10993073124412],[10.025634765625,45.10443756718162],[10.028076171875,45.09699127811912],[10.046142578125,45.06561920780662],[10.071679687500023,45.03742096561912],[10.104736328125,45.03510162968162],[10.142822265625,45.04315827030662],[10.183349609375,45.04640534061912],[10.223535156250023,45.03803131718162],[10.326806640625023,44.99115631718162],[10.350244140625023,44.98390534061912],[10.365136718750023,44.98468659061912],[10.37890625,44.98871491093162],[10.39892578125,44.99115631718162],[10.413818359375,44.98468659061912],[10.429931640625,44.95123932499412],[10.443359375,44.93654205936912],[10.477685546875023,44.923211981244116],[10.521142578125023,44.91603424686912],[10.565332031250023,44.91547272343162],[10.60107421875,44.92230866093162],[10.632470703125023,44.939325262494116],[10.663232421875023,44.96510651249412],[10.685205078125023,44.993524481244116],[10.6904296875,45.018426824994116],[10.685205078125023,45.024286199994116],[10.6767578125,45.028680731244116],[10.669921875,45.03497955936912],[10.669335937500023,45.04640534061912],[10.674218750000023,45.04926178593162],[10.70068359375,45.05939362186912],[10.78662109375,45.04640534061912],[10.817529296875023,45.04523346561912],[10.826904296875,45.04640534061912],[10.837548828125023,45.05084869999412],[10.85498046875,45.063104559369116],[10.864892578125023,45.06561920780662],[10.874169921875023,45.06354401249412],[10.884667968750023,45.05983307499412],[10.895410156250023,45.05817291874412],[10.905517578125,45.06251862186912],[10.912988281250023,45.07099030155662],[10.915917968750023,45.07562897343162],[10.921533203125023,45.07814362186912],[10.936181640625023,45.07990143436912],[10.94873046875,45.07807037968162],[10.96142578125,45.07391998905662],[10.9736328125,45.07277252811912],[10.984619140625,45.07990143436912],[11.040429687500023,45.05609772343162],[11.0634765625,45.05324127811912],[11.080322265625,45.05621979374412],[11.120751953125023,45.06837799686912],[11.128662109375,45.06935455936912],[11.149658203125,45.05878327030662],[11.272607421875023,45.05939362186912],[11.2724609375,45.03371002811912],[11.304931640625,45.012811590619116],[11.388671875,44.97345612186912],[11.405664062500023,44.97223541874412],[11.418847656250023,44.96674225468162],[11.424072265625,44.94647858280662],[11.431640625,44.93756744999412],[11.44970703125,44.937372137494116],[11.48828125,44.94337799686912],[11.50927734375,44.94245026249412],[11.524658203125,44.939813543744116],[11.55322265625,44.929071356244116],[11.606201171875,44.89862702030662],[11.6220703125,44.89496491093162],[11.64013671875,44.89813873905662],[11.65380859375,44.90570709843162],[11.677392578125023,44.92230866093162],[11.718017578125,44.931756903119116],[11.735595703125,44.93842194218162],[11.73876953125,44.94953034061912],[11.747314453125,44.95661041874412],[11.75625,44.96100494999412],[11.767578125,44.96320221561912],[11.783447265625,44.96381256718162],[11.7875,44.96600983280662],[11.79345703125,44.97536041874412],[11.797119140625,44.97748444218162],[11.8212890625,44.97748444218162],[11.869531250000023,44.985223699994116]]]}},{"type":"Feature","properties":{"outlineWidth":2,"fillColor":"#00ffff"},"geometry":{"type":"MultiLineString","coordinates":[[[15.28173828125,58.55939362186912],[15.32958984375,58.54621002811912],[15.39697265625,58.53986237186912],[15.528710937500023,58.50079987186912]]]}},{"type":"Feature","properties":{"outlineWidth":2,"fillColor":"#00ffff"},"geometry":{"type":"MultiLineString","coordinates":[[[8.489990234375,47.93073151249412],[8.50830078125,47.93878815311912],[8.519677734375023,47.94777252811912],[8.530908203125023,47.949090887494116],[8.548730468750023,47.934442449994116],[8.562744140625,47.92653229374412],[8.59716796875,47.923700262494116],[8.6142578125,47.91705963749412],[8.639062500000023,47.927362371869116],[8.764404296875,47.93817780155662],[8.764062500000023,47.95783112186912],[8.78173828125,47.971551824994116],[8.8447265625,48.00197174686912],[8.894775390625,48.04059479374412],[8.9189453125,48.03546784061912],[8.927001953125,48.02997467655662],[8.91455078125,48.02008698124412],[8.91455078125,48.01264069218162],[8.942285156250023,48.01850006718162],[8.956787109375,48.02326080936912],[8.963134765625,48.03004791874412],[8.961572265625023,48.03681061405662],[8.959228515625,48.039911199994116],[8.9599609375,48.04315827030662],[8.967187500000023,48.05048248905662],[8.974365234375,48.05304596561912],[8.993310546875023,48.05470612186912],[8.997216796875023,48.05763580936912],[9.013671875,48.077997137494116],[9.050048828125,48.09088776249412],[9.087646484375,48.093133856244116],[9.107080078125023,48.08156159061912],[9.114501953125,48.08156159061912],[9.123681640625023,48.08771393436912],[9.138574218750023,48.08698151249412],[9.172607421875,48.08156159061912],[9.180908203125,48.08270905155662],[9.20263671875,48.088983465619116],[9.210839843750023,48.08820221561912],[9.214501953125023,48.08624909061912],[9.21728515625,48.08380768436912],[9.22314453125,48.08156159061912],[9.3466796875,48.06732819218162],[9.377099609375023,48.07306549686912],[9.402587890625,48.08734772343162],[9.462646484375,48.141961981244116],[9.511865234375023,48.20509674686912],[9.5185546875,48.21185944218162],[9.524560546875023,48.22345612186912],[9.530419921875023,48.23212311405662],[9.538964843750023,48.23908112186912],[9.552734375,48.24542877811912],[9.568115234375,48.24848053593162],[9.584863281250023,48.24848053593162],[9.60791015625,48.24542877811912],[9.63125,48.23927643436912],[9.64013671875,48.23854401249412],[9.670312500000023,48.23993561405662],[9.683740234375023,48.23878815311912],[9.696679687500023,48.23956940311912],[9.710351562500023,48.24542877811912],[9.74365234375,48.27277252811912],[9.758203125000023,48.28078034061912],[9.772851562500023,48.28461334843162],[9.819580078125,48.28705475468162],[9.833984375,48.29193756718162],[9.855126953125023,48.30731842655662],[9.867431640625,48.31427643436912],[9.909570312500023,48.32667877811912],[9.915771484375,48.32794830936912],[9.943115234375,48.34650299686912],[10.036376953125,48.43329498905662],[10.046142578125,48.43781159061912],[10.068017578125023,48.44293854374412],[10.17578125,48.45148346561912],[10.196533203125,48.45600006718162],[10.234375,48.46974518436912],[10.31396484375,48.48029205936912],[10.3701171875,48.498163153119116],[10.387451171875,48.50873444218162],[10.394921875000023,48.52321198124412],[10.399658203125,48.54645416874412],[10.412011718750023,48.56146881718162],[10.429589843750023,48.57037994999412],[10.57080078125,48.60084869999412],[10.608544921875023,48.61591217655662],[10.656152343750023,48.64581940311912],[10.69482421875,48.65473053593162],[10.709228515625,48.66596100468162],[10.721923828125,48.67951080936912],[10.738183593750023,48.69110748905662],[10.805566406250023,48.71576569218162],[10.884033203125,48.73309967655662],[11.380273437500023,48.747430731244116],[11.395751953125,48.75043366093162],[11.403564453125,48.75311920780662],[11.430908203125,48.77167389530662],[11.440576171875023,48.77423737186912],[11.51904296875,48.76740143436912],[11.605371093750023,48.77374909061912],[11.648193359375,48.78200104374412],[11.68359375,48.79413483280662]]]}},{"type":"Feature","properties":{"outlineWidth":2,"fillColor":"#00ffff"},"geometry":{"type":"MultiLineString","coordinates":[[[-2.3857421875,40.04005768436912],[-2.426562499999989,40.032098699994116],[-2.462597656249983,40.01588776249412],[-2.488378906249977,39.97560455936912],[-2.502294921874977,39.96198151249412],[-2.513232421874989,39.92335846561912],[-2.526025390624994,39.91364166874412],[-2.541918945312489,39.90778229374412],[-2.556396484375,39.89899323124412],[-2.564794921874977,39.88576080936912],[-2.568530273437489,39.86933014530662],[-2.569384765624989,39.82765534061912],[-2.577099609374983,39.81691315311912],[-2.613085937499989,39.78388092655662],[-2.624609374999977,39.76930573124412],[-2.628271484374977,39.75221588749412],[-2.620410156249989,39.72028229374412],[-2.617773437499977,39.69733307499412]]]}},{"type":"Feature","properties":{"outlineWidth":2,"fillColor":"#00ffff"},"geometry":{"type":"MultiLineString","coordinates":[[[20.123046875,64.90162994999412],[20.188232421875,64.84320709843162],[20.252343750000023,64.81403229374412],[20.4755859375,64.77435944218162],[20.526757812500023,64.75726959843162],[20.544580078125023,64.75385162968162],[20.607666015625,64.75036041874412],[20.662744140625023,64.73493073124412],[20.702880859375,64.73871491093162],[20.777246093750023,64.75385162968162],[20.935449218750023,64.75983307499412],[21.012353515625023,64.75299713749412],[21.111328125,64.72907135624412],[21.119873046875,64.72589752811912]]]}},{"type":"Feature","properties":{"outlineWidth":2,"fillColor":"#00ffff"},"geometry":{"type":"MultiLineString","coordinates":[[[4.190603060812919,44.8273786479107],[4.183360222271261,44.8002790385357],[4.172618034771261,44.78286367395236],[4.148285352479576,44.78164297082736],[4.108409050396261,44.7934431010357],[4.067149284771261,44.81439850468153],[4.012705925396261,44.85187409061903],[3.938731316021261,44.87734609582736],[3.923513217062919,44.89472077030653],[3.919606967062919,44.9138044291607],[3.908864779562919,44.9445661479107],[3.916758659771261,44.96625397343153],[3.908050977479576,44.9763044291607],[3.895762566021261,44.98639557499403],[3.889984571229576,44.99648672082736],[3.894053581646261,45.00372955936903],[3.919200066021261,45.01337311405653],[3.929209831646261,45.02777741093153],[3.929209831646261,45.04669830936903],[3.907562696229576,45.0781110697857],[3.906504753521261,45.0903181010357],[3.908539258729576,45.1017927104107],[3.903493685812919,45.12506744999403],[3.917816602479576,45.1384138041607],[3.926036003521261,45.15444570520236],[3.930023633729576,45.17413971561903],[3.929209831646261,45.19098541874403],[3.937510612896261,45.2033552104107],[3.963145378521261,45.2121442729107],[3.995860222271261,45.21515534061903],[4.021006706646261,45.21328359582736],[4.049652539979576,45.2184919291607],[4.091481967062919,45.23871491093153],[4.124034050396261,45.26528554895236],[4.130625847271261,45.2858747416607],[4.127940300396261,45.30341217655653],[4.137543164979576,45.32245514530653],[4.154063347271261,45.33637116093153],[4.178396029562919,45.3466657572857],[4.200694206646261,45.38027578332736],[4.221853060812919,45.39931875207736],[4.240082227479576,45.4223493510357],[4.246755404562919,45.45180898645236],[4.247243685812919,45.47793203332736],[4.252126498312919,45.50568268436903],[4.248301628521261,45.52553945520236],[4.247894727479576,45.54559967655653],[4.262543164979576,45.56972890832736],[4.238291862896261,45.5986188822857],[4.235606316021261,45.6113141947857],[4.237071159771261,45.62384674686903],[4.232920769146261,45.63837311405653],[4.222015821229576,45.6520856791607],[4.197032097271261,45.67177968957736],[4.198496941021261,45.68134186405653],[4.203949414979576,45.69424062707736],[4.202484571229576,45.72817617395236],[4.205902539979576,45.75429922082736],[4.190765821229576,45.7851423197857],[4.185231967062919,45.8146833354107],[4.164073112896261,45.8285993510357],[4.133555534771261,45.86762116093153],[4.112640821229576,45.87929922082736],[4.107269727479576,45.88959381718153],[4.094248894146261,45.9055036479107],[4.040049675396261,45.94204336145236],[4.027354362896261,45.9616559916607],[4.028086784771261,45.9802106791607],[4.033702019146261,45.99673086145236],[4.051117383729576,46.01618073124403],[4.103282097271261,46.0656598979107],[4.105723503521261,46.0788434916607],[4.098887566021261,46.09121328332736],[4.099864128521261,46.14227936405653],[4.093028191021261,46.17373281457736],[4.076914909771261,46.20160553593153],[4.035004102479576,46.24184804895236],[4.021983269146261,46.26601797082736],[4.018321159771261,46.28652578332736],[4.021006706646261,46.29726797082736],[4.019786003521261,46.30947500207736],[4.016123894146261,46.31671784061903],[4.000824414979576,46.32925039270236],[4.001475456646261,46.33234284061903],[4.001231316021261,46.33539459843153],[4.000010612896261,46.33755117395236],[3.998220248312919,46.33942291874403],[3.995127800396261,46.34194570520236],[3.991465691021261,46.3456891947857],[3.988942904562919,46.3491071635357],[3.987071159771261,46.35260651249403],[3.986013217062919,46.35626862186903],[3.986013217062919,46.36066315311903],[3.987152539979576,46.36635976770236],[3.987640821229576,46.37091705936903],[3.986338737896261,46.3744977885357],[3.984385612896261,46.37750885624403],[3.981944206646261,46.38027578332736],[3.979828321229576,46.38320547082736],[3.979014519146261,46.3881696635357],[3.979177279562919,46.39492422082736],[3.988780144146261,46.42255280155653],[3.989512566021261,46.4272321635357],[3.989105664979576,46.43178945520236],[3.986664258729576,46.43634674686903],[3.984222852479576,46.43976471561903],[3.982106967062919,46.44342682499403],[3.980723503521261,46.44818756718153],[3.980235222271261,46.45502350468153],[3.978770378521261,46.4626325541607],[3.976817253521261,46.46686432499403],[3.974375847271261,46.46942780155653],[3.971853060812919,46.47060781457736],[3.958669467062919,46.47528717655653],[3.946625196229576,46.48126862186903],[3.936778191021261,46.48407623905653],[3.906586133729576,46.48720937707736],[3.878184441021261,46.49286530155653],[3.873871289979576,46.4946149760357],[3.870616081646261,46.49673086145236],[3.866547071229576,46.50112539270236],[3.864756706646261,46.50263092655653],[3.849864128521261,46.50918203332736],[3.839040560812919,46.51898834843153],[3.834808789979576,46.52187734582736],[3.830088737896261,46.52289459843153],[3.824880404562919,46.52301666874403],[3.809906446229576,46.52187734582736],[3.805430534771261,46.52313873905653],[3.802012566021261,46.52509186405653],[3.799001498312919,46.52765534061903],[3.795664909771261,46.5297712260357],[3.790863477479576,46.5312360697857],[3.780528191021261,46.53302643436903],[3.776215039979576,46.53473541874403],[3.767344597271261,46.54059479374403],[3.764821810812919,46.54181549686903],[3.748545769146261,46.54572174686903],[3.740977409771261,46.5493024760357],[3.738942904562919,46.5529645854107],[3.739431185812919,46.55658600468153],[3.743418816021261,46.56354401249403],[3.744639519146261,46.56757233280653],[3.745616081646261,46.59332916874403],[3.742930534771261,46.61017487186903],[3.740000847271261,46.61542389530653],[3.736338737896261,46.61859772343153],[3.724375847271261,46.62270742395236],[3.707774284771261,46.63996002811903],[3.702810092062919,46.65155670780653],[3.698741081646261,46.65713125207736],[3.693858269146261,46.66022369999403],[3.688731316021261,46.66176992395236],[3.684906446229576,46.66376373905653],[3.673513217062919,46.67389557499403],[3.670746289979576,46.67666250207736],[3.657888217062919,46.68593984582736],[3.655772331646261,46.6906598979107],[3.652598503521261,46.70123932499403],[3.649668816021261,46.70758698124403],[3.624847852479576,46.7392438822857],[3.620616081646261,46.75470612186903],[3.610606316021261,46.7609723979107],[3.599945508729576,46.76186758020236],[3.537445508729576,46.80023834843153],[3.465993685812919,46.8351911479107],[3.431651237896261,46.8432477885357],[3.365570508729576,46.8422712260357],[3.346690300396261,46.84853750207736],[3.331065300396261,46.86025625207736],[3.309092644146261,46.87287018436903],[3.286306185812919,46.8906110697857],[3.251475456646261,46.94074127811903],[3.229014519146261,46.96295807499403],[3.202810092062919,46.9780134135357],[3.176036003521261,46.9868024760357],[3.153086784771261,46.98672109582736],[3.120290560812919,46.97280508020236],[3.101328972271261,46.96930573124403],[3.084157748312919,46.97280508020236],[3.078236355732054,46.985166142041514]]]}},{"type":"Feature","properties":{"outlineWidth":2,"fillColor":"#00ffff"},"geometry":{"type":"MultiLineString","coordinates":[[[12.03125,47.50653717655662],[12.04443359375,47.51149323124412],[12.054443359375,47.51808502811912],[12.072656250000023,47.53546784061912],[12.084716796875,47.54462311405662],[12.141259765625023,47.57782623905662],[12.201562500000023,47.63007233280662],[12.205322265625,47.63649323124412],[12.206201171875023,47.64581940311912],[12.20458984375,47.67255280155662],[12.201904296875,47.67804596561912],[12.196679687500023,47.68036530155662],[12.188623046875023,47.68585846561912],[12.18115234375,47.69240143436912],[12.177880859375023,47.69794342655662],[12.174707031250023,47.711542059369116],[12.1669921875,47.717157293744116],[12.157470703125,47.719842840619116],[12.149072265625023,47.72467682499412],[12.141748046875023,47.73749420780662],[12.135400390625023,47.75678131718162],[12.130859375,47.77814362186912],[12.129150390625,47.79730866093162],[12.13125,47.80524323124412],[12.141748046875023,47.82941315311912],[12.14599609375,47.83449127811912],[12.156152343750023,47.83893463749412],[12.153955078125023,47.84918854374412],[12.142822265625,47.869256903119116],[12.14453125,47.91083405155662],[12.150537109375023,47.95038483280662],[12.163232421875023,47.98700592655662],[12.184326171875,48.02008698124412],[12.207275390625,48.04645416874412],[12.222412109375,48.05934479374412],[12.239013671875,48.06732819218162],[12.239013671875,48.07477448124412],[12.218652343750023,48.07477448124412],[12.235253906250023,48.10382721561912],[12.24853515625,48.11745026249412],[12.266357421875,48.12250397343162],[12.266357421875,48.12995026249412],[12.260400390625023,48.133172918744116],[12.2578125,48.135858465619116],[12.256005859375023,48.139032293744116],[12.252685546875,48.14362213749412],[12.265283203125023,48.14362213749412],[12.27294921875,48.14716217655662],[12.279052734375,48.15211823124412],[12.286865234375,48.15668366093162],[12.302978515625,48.15900299686912],[12.312158203125023,48.16229889530662],[12.321044921875,48.17096588749412],[12.334716796875,48.163446356244116],[12.330957031250023,48.17328522343162],[12.328515625000023,48.17719147343162],[12.331787109375,48.17824127811912],[12.333886718750023,48.17841217655662],[12.334716796875,48.179803778119116],[12.348388671875,48.17926666874412],[12.390380859375,48.17658112186912],[12.403564453125,48.17719147343162],[12.409570312500023,48.17963287968162],[12.41552734375,48.18427155155662],[12.423095703125,48.18878815311912],[12.4345703125,48.190790106244116],[12.439208984375,48.19452545780662],[12.441308593750023,48.201288153119116],[12.445947265625023,48.204706121869116],[12.458154296875023,48.19826080936912],[12.474023437500023,48.21002838749412],[12.482080078125023,48.21417877811912],[12.492919921875,48.21808502811912],[12.485253906250023,48.22272369999412],[12.480224609375,48.22772858280662],[12.472412109375,48.23981354374412],[12.650048828125023,48.25287506718162],[12.71484375,48.26654694218162],[12.777246093750023,48.25910065311912],[12.787841796875,48.263055731244116],[12.802490234375,48.27052643436912],[12.818115234375,48.275018621869116],[12.832177734375023,48.269891668744116],[12.843994140625,48.259637762494116],[12.854736328125,48.25465729374412],[12.867919921875,48.25299713749412],[12.88671875,48.25287506718162],[12.8955078125,48.24762604374412],[12.93115234375,48.21185944218162],[12.946679687500023,48.22028229374412],[12.978906250000023,48.23224518436912],[13.016015625000023,48.25612213749412],[13.0322265625,48.26386139530662],[13.135986328125,48.29132721561912],[13.273681640625,48.30731842655662],[13.307275390625023,48.31989166874412],[13.405029296875,48.376825262494116],[13.4189453125,48.39240143436912],[13.424560546875,48.41364166874412],[13.426660156250023,48.41876862186912],[13.431054687500023,48.423944403119116],[13.435546875,48.43085358280662],[13.437646484375023,48.44122955936912],[13.435693359375023,48.46954987186912],[13.437646484375023,48.47882721561912],[13.442285156250023,48.48798248905662],[13.455957031250023,48.50690338749412],[13.458740234375,48.51666901249412],[13.45654296875,48.52545807499412],[13.447265625,48.535028387494116],[13.443261718750023,48.55316803593162],[13.440185546875,48.55763580936912],[13.439453125,48.561151434369116],[13.445068359375,48.56818268436912],[13.454003906250023,48.57367584843162],[13.486572265625,48.58185455936912]]]}},{"type":"Feature","properties":{"outlineWidth":2,"fillColor":"#00ffff"},"geometry":{"type":"MultiLineString","coordinates":[[[6.13330078125,46.20460846561912],[6.122314453125,46.20526764530662],[6.108544921875023,46.207635809369116],[6.098535156250023,46.210809637494116],[6.093408203125023,46.21193268436912],[6.092187500000023,46.21295807499412],[6.08203125,46.211053778119116],[6.072021484375,46.20868561405662],[6.061767578125,46.20753815311912],[6.05078125,46.20460846561912],[6.02001953125,46.183465887494116],[6.001708984375,46.17560455936912],[5.967675781250023,46.13917877811912],[5.95458984375,46.12824127811912],[5.94482421875,46.12714264530662],[5.92333984375,46.12958405155662],[5.913720703125023,46.12824127811912],[5.905517578125,46.12262604374412],[5.892968750000023,46.10590241093162],[5.88623046875,46.09931061405662],[5.87158203125,46.09332916874412],[5.863671875000023,46.09723541874412],[5.85693359375,46.10504791874412],[5.845947265625,46.11102936405662],[5.8251953125,46.09528229374412],[5.82421875,46.05023834843162],[5.839111328125,45.970575262494116],[5.840576171875,45.93292877811912],[5.831933593750023,45.89821198124412],[5.799560546875,45.83185455936912],[5.7919921875,45.81110260624412],[5.788818359375,45.79694244999412],[5.775390625,45.79547760624412],[5.75830078125,45.79547760624412],[5.73583984375,45.79254791874412],[5.720458984375,45.77741119999412],[5.7080078125,45.75709869999412],[5.708642578125023,45.73407623905662],[5.71337890625,45.71320221561912],[5.712890625,45.70014069218162],[5.694091796875,45.68707916874412],[5.660546875000023,45.65704987186912],[5.640869140625,45.64577057499412],[5.619873046875,45.64374420780662],[5.600488281250023,45.65558502811912],[5.56591796875,45.70136139530662],[5.547021484375023,45.71954987186912],[5.477685546875023,45.76410553593162],[5.4501953125,45.79298737186912],[5.433007812500023,45.83107330936912],[5.434326171875,45.83197662968162],[5.4375,45.83283112186912],[5.43896484375,45.83368561405662],[5.434960937500023,45.839227606244116],[5.43017578125,45.84425690311912],[5.384912109375023,45.873895574994116],[5.369042968750023,45.87995026249412],[5.361962890625023,45.87921784061912],[5.357080078125023,45.87592194218162],[5.347070312500023,45.873895574994116],[5.33349609375,45.86798737186912],[5.31875,45.85402252811912],[5.272851562500023,45.79982330936912],[5.25732421875,45.78974030155662],[5.239160156250023,45.78566315311912],[5.219873046875023,45.78883698124412],[5.191064453125023,45.80292389530662],[5.166894531250023,45.80902741093162],[5.1337890625,45.82269928593162],[5.118408203125,45.82660553593162],[5.102441406250023,45.82619049686912],[5.0673828125,45.820672918744116],[5.05029296875,45.81976959843162],[4.9921875,45.82660553593162],[4.9755859375,45.824579168744116],[4.946923828125023,45.81561920780662],[4.916894531250023,45.81134674686912],[4.877343750000023,45.799188543744116],[4.865234375,45.79242584843162],[4.861474609375023,45.77826569218162],[4.861083984375,45.76019928593162],[4.85595703125,45.74994537968162],[4.838037109375023,45.758905340619116],[4.83056640625,45.75238678593162],[4.824365234375023,45.74464752811912],[4.843652343750023,45.71735260624412],[4.840478515625023,45.68317291874412],[4.823144531250023,45.64813873905662],[4.7998046875,45.618036199994116],[4.802392578125023,45.59296295780662],[4.839257812500023,45.57294342655662],[4.870019531250023,45.549676824994116],[4.854736328125,45.515008856244116],[4.786376953125,45.47308991093162],[4.760009765625,45.444452215619116],[4.75537109375,45.40204498905662],[4.7734375,45.35663483280662],[4.77587890625,45.33717682499412],[4.783447265625,45.32489655155662],[4.798974609375023,45.31342194218162],[4.8115234375,45.29933502811912],[4.810693359375023,45.27912018436912],[4.81689453125,45.27912018436912],[4.8125,45.26019928593162],[4.8115234375,45.22870514530662],[4.814111328125023,45.197381903119116],[4.827294921875023,45.15790436405662],[4.822412109375023,45.13275787968162],[4.82275390625,45.111200262494116],[4.8447265625,45.10101959843162],[4.841064453125,45.08832428593162],[4.845849609375023,45.08075592655662],[4.853417968750023,45.07448151249412],[4.8583984375,45.06561920780662],[4.858544921875023,45.053827215619116],[4.8525390625,45.03327057499412],[4.850976562500023,45.02155182499412],[4.857421875,45.002313543744116],[4.885888671875023,44.96674225468162],[4.892578125,44.94953034061912],[4.888574218750023,44.932245184369116],[4.868554687500023,44.88483307499412],[4.86181640625,44.87506744999412],[4.858056640625023,44.87111237186912],[4.835839843750023,44.85407135624412],[4.83056640625,44.85089752811912],[4.828271484375023,44.837030340619116],[4.822265625,44.83075592655662],[4.813623046875023,44.82692291874412],[4.80322265625,44.82050202030662],[4.788232421875023,44.80763580936912],[4.777587890625,44.79542877811912],[4.771240234375,44.77936432499412],[4.76904296875,44.75470612186912],[4.77294921875,44.74147369999412],[4.791162109375023,44.712762762494116],[4.79638671875,44.69635651249412],[4.789453125000023,44.65846588749412],[4.7666015625,44.631463934369116],[4.739990234375,44.60626862186912],[4.721337890625023,44.57343170780662]]]}},{"type":"Feature","properties":{"outlineWidth":2,"fillColor":"#00ffff"},"geometry":{"type":"MultiLineString","coordinates":[[[12.16796875,63.24249909061912],[12.22021484375,63.26124909061912],[12.234619140625,63.27142975468162],[12.23779296875,63.28014557499412],[12.2509765625,63.29157135624412],[12.28857421875,63.29706452030662],[12.419921875,63.28607819218162],[12.48583984375,63.28307526249412],[12.51953125,63.28327057499412],[12.546875,63.29108307499412],[12.591796875,63.30866119999412],[12.602197265625023,63.32880280155662],[12.607080078125023,63.33483307499412],[12.606591796875023,63.34174225468162],[12.602197265625023,63.34918854374412],[12.5947265625,63.35670807499412],[12.604248046875,63.36183502811912],[12.6083984375,63.36876862186912],[12.607666015625,63.37641022343162],[12.602197265625023,63.38336823124412],[12.6328125,63.41474030155662],[12.63818359375,63.42287018436912],[12.639892578125,63.43024323124412],[12.642333984375,63.43737213749412],[12.650048828125023,63.44489166874412],[12.677734375,63.45123932499412],[12.721337890625023,63.45136139530662],[12.764404296875,63.44574616093162],[12.79052734375,63.43488190311912],[12.815185546875,63.40741608280662],[12.835205078125,63.38966705936912],[12.859619140625,63.38161041874412],[12.98193359375,63.38161041874412],[13.01953125,63.36989166874412],[13.035546875000023,63.36793854374412],[13.085595703125023,63.36950104374412],[13.1015625,63.36530182499412],[13.1416015625,63.34303619999412],[13.157861328125023,63.33839752811912],[13.378564453125023,63.33222077030662],[13.441162109375,63.35236237186912]]]}},{"type":"Feature","properties":{"outlineWidth":2,"fillColor":"#00ffff"},"geometry":{"type":"MultiLineString","coordinates":[[[11.869531250000023,44.985223699994116],[11.902587890625,44.98590729374412],[11.917871093750023,44.98317291874412],[11.93115234375,44.97748444218162],[11.968408203125023,44.98292877811912],[12.052148437500023,44.97980377811912],[12.088134765625,44.99115631718162],[12.088134765625,44.99799225468162],[12.079248046875023,45.00001862186912],[12.072167968750023,45.002557684369116],[12.066162109375,45.00617096561912],[12.060302734375,45.01100494999412],[12.060302734375,45.018426824994116],[12.0751953125,45.02094147343162],[12.125732421875,45.02155182499412],[12.141357421875,45.03034088749412],[12.15673828125,45.03143952030662],[12.184326171875,45.02467682499412],[12.231689453125,45.00734284061912],[12.2421875,45.00482819218162],[12.279931640625023,44.97267487186912],[12.294189453125,44.96381256718162],[12.324951171875,44.95758698124412],[12.445947265625023,44.95575592655662],[12.533837890625023,44.97003815311912]]]}},{"type":"Feature","properties":{"outlineWidth":2,"fillColor":"#00ffff"},"geometry":{"type":"MultiLineString","coordinates":[[[8.93408203125,46.39118073124412],[8.962548828125023,46.36525299686912],[8.98486328125,46.33595612186912],[9.025390625,46.26630280155662],[9.043115234375023,46.25001862186912],[9.048095703125,46.24066803593162],[9.041162109375023,46.23090241093162],[9.0322265625,46.22308991093162],[9.0185546875,46.20502350468162],[9.0107421875,46.19843170780662],[8.984130859375,46.18915436405662],[8.843164062500023,46.17169830936912]]]}},{"type":"Feature","properties":{"outlineWidth":2,"fillColor":"#00ffff"},"geometry":{"type":"MultiLineString","coordinates":[[[28.21240234375,45.45045807499412],[28.237060546875,45.45233795780662],[28.266357421875,45.44074127811912],[28.28583984375001,45.421991278119116],[28.28076171875,45.40204498905662],[28.310302734375,45.34808991093162],[28.3296875,45.323114324994116],[28.352636718750006,45.31268952030662],[28.369726562500006,45.30951569218162],[28.404687500000023,45.29535553593162],[28.49365234375,45.27912018436912],[28.576562500000023,45.24835846561912],[28.70947265625,45.22724030155662],[28.746972656250023,45.23073151249412]]]}},{"type":"Feature","properties":{"outlineWidth":2,"fillColor":"#00ffff"},"geometry":{"type":"MultiLineString","coordinates":[[[12.220605468750023,63.09704010624412],[12.158105468750023,63.12609284061912],[12.0986328125,63.15033600468162],[12.087646484375,63.16017487186912],[12.091796875,63.16871979374412],[12.10302734375,63.17653229374412],[12.110595703125,63.18598053593162],[12.099755859375023,63.21076080936912],[12.106835937500023,63.22057526249412],[12.16796875,63.24249909061912]]]}},{"type":"Feature","properties":{"outlineWidth":2,"fillColor":"#00ffff"},"geometry":{"type":"MultiLineString","coordinates":[[[8.22998046875,48.96539948124412],[8.262353515625023,48.98834869999412],[8.283447265625,49.00983307499412],[8.35693359375,49.10944244999412],[8.361328125,49.11945221561912],[8.380517578125023,49.214715887494116],[8.387109375000023,49.23187897343162],[8.39794921875,49.239129949994116],[8.41064453125,49.243524481244116],[8.479736328125,49.29682037968162],[8.483300781250023,49.30939362186912],[8.459716796875,49.31488678593162],[8.461669921875,49.32330963749412],[8.49755859375,49.37628815311912],[8.497460937500023,49.386346746869116],[8.490966796875,49.40289948124412],[8.489990234375,49.41107819218162],[8.491845703125023,49.41303131718162],[8.501367187500023,49.42902252811912],[8.50439453125,49.43092682499412],[8.49365234375,49.442499090619116],[8.477685546875023,49.44623444218162],[8.459375,49.447626043744116],[8.442285156250023,49.452020574994116],[8.442285156250023,49.458856512494116],[8.46337890625,49.465692449994116],[8.46337890625,49.472528387494116],[8.449951171875,49.491083074994116],[8.427490234375,49.534051824994116],[8.408203125,49.555047918744116],[8.416650390625023,49.57929108280662],[8.399804687500023,49.610223699994116],[8.375244140625,49.64093659061912],[8.3603515625,49.66432526249412],[8.362060546875,49.69074127811912],[8.37890625,49.71027252811912],[8.40625,49.722284246869116],[8.438867187500023,49.72638580936912],[8.460595703125023,49.74359772343162],[8.4736328125,49.75726959843162],[8.476464843750023,49.76735260624412],[8.46240234375,49.77094147343162],[8.442041015625023,49.76788971561912],[8.423583984375,49.76715729374412],[8.415673828125023,49.77760651249412],[8.41357421875,49.784540106244116],[8.408447265625,49.79254791874412],[8.3896484375,49.81513092655662],[8.38623046875,49.82367584843162],[8.384033203125,49.832147528119116],[8.380126953125,49.842401434369116],[8.370263671875023,49.85646393436912],[8.347412109375,49.87836334843162],[8.33984375,49.89088776249412],[8.35498046875,49.92548248905662],[8.335205078125,49.95949127811912],[8.227929687500023,50.03803131718162],[8.212792968750023,50.04425690311912],[8.200585937500023,50.04616119999412],[8.173583984375,50.04567291874412],[8.04833984375,50.01825592655662],[8.009521484375,49.999139715619116],[7.961669921875,49.98297760624412],[7.91845703125,49.973749090619116],[7.8779296875,49.97284577030662],[7.860107421875,49.989862371869116],[7.857177734375,50.00246002811912],[7.849609375,50.01056549686912],[7.784912109375,50.04835846561912],[7.76513671875,50.06366608280662],[7.757080078125,50.08612702030662],[7.752343750000023,50.09296295780662],[7.730126953125023,50.11334869999412],[7.722900390625,50.12360260624412],[7.724267578125023,50.144647528119116],[7.719873046875023,50.15839264530662],[7.7060546875,50.16461823124412],[7.693017578125023,50.166864324994116],[7.651269531250023,50.178827215619116],[7.642968750000023,50.184686590619116],[7.624267578125,50.21393463749412],[7.613037109375,50.22601959843162],[7.588134765625,50.24091217655662],[7.579248046875023,50.24994537968162],[7.588525390625023,50.25397369999412],[7.621826171875,50.25385162968162],[7.636474609375,50.255731512494116],[7.647851562500023,50.26080963749412],[7.647851562500023,50.26764557499412],[7.615869140625023,50.28688385624412],[7.600976562500023,50.30048248905662],[7.591943359375023,50.31544830936912],[7.591210937500023,50.33222077030662],[7.59716796875,50.34796784061912],[7.60595703125,50.364374090619116],[7.613037109375,50.383661199994116],[7.580810546875,50.41115143436912],[7.543603515625023,50.41754791874412],[7.50341796875,50.41749909061912],[7.462792968750023,50.42531159061912],[7.3984375,50.44977448124412],[7.38720703125,50.44916412968162],[7.33251953125,50.48676178593162],[7.269287109375,50.56683991093162],[7.243066406250023,50.58295319218162],[7.223291015625023,50.58917877811912],[7.213281250000023,50.595819403119116],[7.20947265625,50.60871002811912],[7.208984375,50.63380768436912],[7.205468750000023,50.65106842655662],[7.196533203125,50.66962311405662],[7.185302734375,50.68659088749412],[7.174951171875023,50.69899323124412],[7.159082031250023,50.71015045780662],[7.120996093750023,50.72870514530662],[7.10595703125,50.73993561405662],[7.088623046875,50.76373932499412],[7.08203125,50.76727936405662],[7.071191406250023,50.76947662968162],[7.043359375000023,50.780389715619116],[7.037744140625023,50.78468659061912],[7.028076171875,50.805536199994116],[7.006591796875,50.81989166874412],[6.9853515625,50.83051178593162],[6.9755859375,50.83991119999412],[6.986230468750023,50.85541412968162],[7.035546875000023,50.87494537968162],[7.051416015625023,50.89081452030662],[6.985595703125,50.901727606244116],[6.9755859375,50.90846588749412],[6.973535156250023,50.91840241093162],[6.964599609375,50.93402741093162],[6.962646484375,50.94264557499412],[6.96630859375,50.95282623905662],[6.98388671875,50.96242096561912],[6.9892578125,50.97272369999412],[6.986230468750023,50.98016998905662],[6.9775390625,50.98561432499412],[6.968017578125,50.99000885624412],[6.962646484375,50.99445221561912],[6.962646484375,51.00397369999412],[6.968652343750023,51.02418854374412],[6.966064453125,51.027948309369116],[6.950585937500023,51.03322174686912],[6.894287109375,51.06891510624412],[6.860009765625023,51.07277252811912],[6.852783203125,51.07636139530662],[6.851318359375,51.086786199994116],[6.859130859375,51.09303619999412],[6.868896484375,51.096795965619116],[6.873779296875,51.10028717655662],[6.878076171875023,51.113885809369116],[6.875634765625023,51.12067291874412],[6.849365234375,51.127557684369116],[6.847900390625,51.13654205936912],[6.852783203125,51.151483465619116],[6.845703125,51.15968659061912],[6.843408203125023,51.16083405155662],[6.8388671875,51.15900299686912],[6.825439453125,51.158319403119116],[6.81103515625,51.15114166874412],[6.802148437500023,51.15106842655662],[6.798095703125,51.16144440311912],[6.793115234375023,51.18353912968162],[6.779687500000023,51.18524811405662],[6.759765625,51.181268621869116],[6.736083984375,51.18622467655662],[6.72802734375,51.19647858280662],[6.723388671875,51.21234772343162],[6.724267578125023,51.22699616093162],[6.73291015625,51.23341705936912],[6.740869140625023,51.231317449994116],[6.74951171875,51.22772858280662],[6.75830078125,51.22614166874412],[6.76708984375,51.23029205936912],[6.770263671875,51.23756744999412],[6.76611328125,51.24262116093162],[6.759765625,51.24677155155662],[6.756494140625023,51.251092840619116],[6.745361328125,51.25641510624412],[6.722412109375,51.26215241093162],[6.703857421875,51.270868231244116],[6.705322265625,51.28558991093162],[6.724755859375023,51.30292389530662],[6.728759765625,51.31061432499412],[6.729882812500023,51.32623932499412],[6.711328125000023,51.33710358280662],[6.675927734375023,51.34760162968162],[6.653710937500023,51.36012604374412],[6.674560546875,51.37746002811912],[6.69091796875,51.38043854374412],[6.708984375,51.38087799686912],[6.725,51.38287994999412],[6.736083984375,51.39105866093162],[6.7392578125,51.40680573124412],[6.732421875,51.41986725468162],[6.708740234375,51.43952057499412],[6.708740234375,51.445672918744116],[6.71728515625,51.45338776249412],[6.720605468750023,51.46259186405662],[6.716943359375023,51.470331121869116],[6.705322265625,51.47365143436912],[6.688867187500023,51.47540924686912],[6.684814453125,51.48004791874412],[6.6884765625,51.48663971561912],[6.695068359375,51.49408600468162],[6.704736328125023,51.49994537968162],[6.71484375,51.502557684369116],[6.71923828125,51.506952215619116],[6.712158203125,51.51832916874412],[6.70263671875,51.525751043744116],[6.692285156250023,51.53143952030662],[6.682275390625023,51.53827545780662],[6.674560546875,51.54938385624412],[6.685693359375023,51.56496002811912],[6.655908203125023,51.57204010624412],[6.592041015625,51.57667877811912],[6.592041015625,51.58283112186912],[6.593994140625,51.59418366093162],[6.589257812500023,51.61261627811912],[6.586669921875,51.62990143436912],[6.595849609375023,51.63746979374412]]]}},{"type":"Feature","properties":{"outlineWidth":2,"fillColor":"#00ffff"},"geometry":{"type":"MultiLineString","coordinates":[[[15.953759765625023,58.51427643436912],[16.015283203125023,58.51264069218162],[16.077783203125023,58.50592682499412],[16.17529296875,58.49879791874412],[16.296777343750023,58.49689362186912],[16.41259765625,58.47748444218162]]]}},{"type":"Feature","properties":{"outlineWidth":2,"fillColor":"#00ffff"},"geometry":{"type":"MultiLineString","coordinates":[[[4.177148437500023,51.68600494999412],[4.191552734375023,51.67999909061912],[4.217724609375011,51.664422918744116],[4.250781250000017,51.65382721561912],[4.280175781250023,51.64823639530662],[4.333691406250011,51.65690338749412],[4.372753906250011,51.67355377811912],[4.403125,51.70827057499412]]]}},{"type":"Feature","properties":{"outlineWidth":2,"fillColor":"#00ffff"},"geometry":{"type":"MultiLineString","coordinates":[[[11.230224609375,60.41400787968162],[11.248291015625,60.40094635624412],[11.253320312500023,60.38825104374412],[11.2529296875,60.37462799686912],[11.24951171875,60.34735748905662],[11.252197265625,60.33392975468162],[11.259423828125023,60.32350494999412],[11.268798828125,60.31757233280662],[11.278564453125,60.31300690311912],[11.286279296875023,60.30665924686912],[11.3310546875,60.22716705936912],[11.362060546875,60.19061920780662],[11.38037109375,60.17853424686912],[11.454980468750023,60.15954010624412]]]}},{"type":"Feature","properties":{"outlineWidth":2,"fillColor":"#00ffff"},"geometry":{"type":"MultiLineString","coordinates":[[[24.3095703125,45.38532135624412],[24.310449218750023,45.377557684369116],[24.306787109375023,45.367303778119116],[24.301025390625,45.35817291874412],[24.2958984375,45.35426666874412],[24.282958984375,45.35304596561912],[24.278076171875,45.349725653119116],[24.277978515625023,45.345331121869116],[24.28271484375,45.321405340619116],[24.302148437500023,45.289178778119116],[24.306396484375,45.27545807499412],[24.309716796875023,45.26979401249412],[24.323876953125023,45.260126043744116],[24.327050781250023,45.25465729374412],[24.340722656250023,45.22394440311912],[24.345947265625,45.21771881718162],[24.35107421875,45.21295807499412],[24.356201171875,45.206903387494116],[24.361083984375,45.19660065311912],[24.361083984375,45.19037506718162],[24.3583984375,45.18385651249412],[24.35546875,45.17841217655662],[24.354248046875,45.17548248905662],[24.357421875,45.17035553593162],[24.3662109375,45.16163971561912],[24.367919921875,45.15875885624412],[24.369287109375023,45.15448639530662],[24.375732421875,45.14406159061912],[24.378173828125,45.14203522343162],[24.381982421875023,45.13983795780662],[24.380517578125023,45.13478424686912],[24.376708984375,45.12897369999412],[24.374755859375,45.12457916874412],[24.3759765625,45.11286041874412],[24.378173828125,45.10639069218162],[24.378564453125023,45.10126373905662],[24.374755859375,45.09357330936912],[24.368896484375,45.08869049686912],[24.353759765625,45.083856512494116],[24.34814453125,45.07990143436912],[24.344140625000023,45.06989166874412],[24.343017578125,45.05890534061912],[24.339990234375023,45.05006744999412],[24.330468750000023,45.04640534061912],[24.322509765625,45.04518463749412],[24.314843750000023,45.04157135624412],[24.308984375000023,45.03590729374412],[24.306396484375,45.02838776249412],[24.3046875,45.01361725468162],[24.299951171875023,45.00849030155662],[24.293359375000023,45.005731512494116],[24.286035156250023,44.99799225468162],[24.278222656250023,44.979852606244116],[24.26806640625,44.94411041874412],[24.258691406250023,44.929071356244116],[24.2451171875,44.915399481244116],[24.260498046875,44.89386627811912],[24.261962890625,44.88356354374412],[24.255615234375,44.87140534061912],[24.253662109375,44.86066315311912],[24.26171875,44.85084869999412],[24.2744140625,44.84352448124412],[24.286035156250023,44.84027741093162],[24.284912109375,44.835809637494116],[24.283837890625023,44.83295319218162],[24.278564453125,44.82667877811912],[24.284912109375,44.80731842655662],[24.286865234375,44.78571198124412],[24.286035156250023,44.73732330936912],[24.290283203125,44.715692449994116],[24.304345703125023,44.67243073124412],[24.299560546875,44.65534088749412],[24.311767578125,44.642938543744116],[24.32275390625,44.62428619999412],[24.330712890625023,44.60138580936912],[24.333886718750023,44.57648346561912],[24.332910156250023,44.562860418744116],[24.330468750000023,44.549432684369116],[24.326416015625,44.53668854374412],[24.320703125000023,44.525018621869116],[24.313623046875023,44.51911041874412],[24.304931640625,44.51508209843162],[24.298974609375023,44.50751373905662],[24.299560546875,44.49091217655662],[24.30615234375,44.47858307499412],[24.323388671875023,44.46417877811912],[24.332275390625,44.439813543744116],[24.355712890625,44.42304108280662],[24.361083984375,44.41205475468162],[24.35791015625,44.39142487186912],[24.357568359375023,44.38112213749412],[24.361083984375,44.36737702030662],[24.3662109375,44.36061432499412],[24.379052734375023,44.35280182499412],[24.381591796875,44.34686920780662],[24.381982421875023,44.33856842655662],[24.383935546875023,44.333612371869116],[24.388330078125023,44.33014557499412],[24.395898437500023,44.32636139530662],[24.388427734375,44.31959869999412],[24.395898437500023,44.31276276249412],[24.387841796875023,44.29389069218162],[24.403222656250023,44.271356512494116],[24.425048828125,44.24977448124412],[24.449853515625023,44.21120026249412],[24.475830078125,44.19777252811912],[24.492431640625,44.181024481244116],[24.477783203125,44.14826080936912],[24.494287109375023,44.14142487186912],[24.515039062500023,44.125604559369116],[24.532861328125023,44.10639069218162],[24.540429687500023,44.08930084843162],[24.547607421875,44.08229401249412],[24.587646484375,44.03156159061912],[24.580224609375023,44.02540924686912],[24.58837890625,44.02033112186912],[24.59130859375,44.013544012494116],[24.588769531250023,44.00568268436912],[24.580224609375023,43.99738190311912],[24.623046875,43.94464752811912],[24.628662109375,43.925409246869116],[24.63134765625,43.904657293744116],[24.638818359375023,43.890497137494116],[24.662744140625023,43.86029694218162],[24.671533203125023,43.83961823124412],[24.677880859375023,43.82965729374412],[24.68701171875,43.82550690311912],[24.695214843750023,43.82465241093162],[24.703271484375023,43.82252838749412],[24.730712890625,43.80988190311912],[24.734033203125023,43.80683014530662],[24.736572265625,43.80292389530662],[24.742919921875,43.789422918744116],[24.754296875000023,43.77704498905662],[24.756738281250023,43.77272369999412],[24.76220703125,43.759393621869116],[24.774316406250023,43.74049713749412]]]}},{"type":"Feature","properties":{"outlineWidth":2,"fillColor":"#00ffff"},"geometry":{"type":"MultiLineString","coordinates":[[[14.973046875000023,60.72809479374412],[14.979394531250023,60.72496979374412],[14.979394531250023,60.72496979374412],[14.979394531250023,60.72496979374412],[14.979394531250023,60.72496979374412],[15.040917968750023,60.71564362186912],[15.071923828125023,60.70470612186912],[15.0830078125,60.69020416874412],[15.072656250000023,60.67963287968162],[15.0283203125,60.64838287968162],[15.01416015625,60.63561432499412],[15.0302734375,60.62799713749412],[15.028222656250023,60.61969635624412],[15.01416015625,60.60827057499412],[15.0185546875,60.59906647343162],[15.026025390625023,60.59406159061912],[15.097900390625,60.57916901249412],[15.1103515625,60.57416412968162],[15.118408203125,60.56635162968162],[15.128173828125,60.54699127811912],[15.1376953125,60.53937409061912],[15.150390625,60.53681061405662],[15.243896484375,60.54186432499412],[15.350732421875023,60.51759674686912],[15.376708984375,60.51891510624412],[15.364404296875023,60.53449127811912],[15.38330078125,60.54406159061912],[15.410888671875,60.54186432499412],[15.435546875,60.50787994999412],[15.460205078125,60.49213287968162],[15.507568359375,60.47113678593162],[15.53515625,60.46300690311912],[15.545654296875,60.45807526249412],[15.555908203125,60.45062897343162],[15.565576171875023,60.43956940311912],[15.570214843750023,60.43085358280662],[15.578125,60.42536041874412],[15.627343750000023,60.41742584843162],[15.67822265625,60.39533112186912],[15.706298828125,60.39601471561912],[15.716796875,60.40082428593162],[15.73388671875,60.41246979374412],[15.747802734375,60.41652252811912],[15.763818359375023,60.41564362186912],[15.797021484375023,60.40497467655662],[15.81298828125,60.40216705936912],[15.84326171875,60.40106842655662],[15.857421875,60.39813873905662],[15.871337890625,60.39227936405662],[15.88125,60.39284088749412],[15.951416015625,60.41920807499412],[15.964013671875023,60.41994049686912],[15.97998046875,60.41652252811912],[15.990478515625,60.41002838749412],[16.007568359375,60.39220612186912],[16.017724609375023,60.38854401249412],[16.047021484375023,60.38527252811912],[16.062255859375,60.37462799686912],[16.068261718750023,60.35558502811912],[16.0693359375,60.32709381718162],[16.079736328125023,60.31618073124412],[16.083984375,60.30963776249412],[16.07958984375,60.30665924686912],[16.074462890625,60.30512116093162],[16.059814453125,60.29694244999412],[16.0556640625,60.29298737186912],[16.050927734375023,60.27941315311912],[16.048730468750023,60.25885651249412],[16.0419921875,60.24518463749412],[16.03125,60.23620026249412],[16.021386718750023,60.23317291874412],[16.016845703125,60.22760651249412],[16.021630859375023,60.21105377811912],[16.029199218750023,60.20026276249412],[16.040917968750023,60.18988678593162],[16.053369140625023,60.18141510624412],[16.063134765625023,60.17633698124412],[16.080322265625,60.17150299686912],[16.115234375,60.16676666874412],[16.131494140625023,60.16266510624412],[16.167138671875023,60.14064362186912],[16.17919921875,60.13532135624412],[16.197412109375023,60.13317291874412],[16.2548828125,60.13532135624412],[16.305322265625023,60.12160065311912],[16.323144531250023,60.12164948124412]]]}},{"type":"Feature","properties":{"outlineWidth":2,"fillColor":"#00ffff"},"geometry":{"type":"MultiLineString","coordinates":[[[11.229736328125,60.41449616093162],[11.21533203125,60.42890045780662],[11.206689453125023,60.47365143436912],[11.205957031250023,60.51007721561912],[11.211669921875,60.54933502811912],[11.195458984375023,60.57770416874412],[11.163330078125,60.59772369999412],[11.094970703125,60.65607330936912],[11.008056640625,60.70079987186912],[10.969482421875,60.71259186405662],[10.93359375,60.72064850468162],[10.85791015625,60.74542877811912],[10.77587890625,60.76654694218162],[10.739990234375,60.78412506718162],[10.707666015625023,60.80634186405662],[10.699609375000023,60.83283112186912],[10.710205078125,60.86591217655662],[10.708984375,60.88634674686912],[10.69287109375,60.89569733280662],[10.62939453125,60.94660065311912],[10.562402343750023,60.98505280155662],[10.492919921875,61.00983307499412],[10.444482421875023,61.03717682499412],[10.435205078125023,61.05609772343162],[10.440673828125,61.08441803593162],[10.436425781250023,61.11163971561912],[10.42919921875,61.12218659061912]]]}},{"type":"Feature","properties":{"outlineWidth":2,"fillColor":"#00ffff"},"geometry":{"type":"MultiLineString","coordinates":[[[10.010498046875,46.63837311405662],[10.0869140625,46.69769928593162],[10.095605468750023,46.70624420780662],[10.09716796875,46.71662018436912],[10.08837890625,46.73712799686912],[10.089746093750023,46.74762604374412],[10.096923828125,46.758905340619116],[10.105224609375,46.768182684369116],[10.11572265625,46.77509186405662],[10.1298828125,46.779169012494116],[10.18994140625,46.78131744999412],[10.299218750000023,46.80683014530662],[10.391748046875023,46.84100983280662],[10.428857421875023,46.86212799686912],[10.460693359375,46.88983795780662],[10.514306640625023,46.95997955936912],[10.653564453125,47.06183502811912],[10.6591796875,47.06952545780662],[10.66064453125,47.07912018436912],[10.65771484375,47.08942291874412],[10.647119140625023,47.10792877811912],[10.638818359375023,47.11652252811912],[10.62744140625,47.12274811405662],[10.603173828125023,47.12995026249412],[10.586669921875,47.13161041874412],[10.578759765625023,47.13356354374412],[10.572265625,47.13844635624412],[10.570068359375,47.15839264530662],[10.58837890625,47.17433502811912],[10.703125,47.21942780155662],[10.80517578125,47.229364324994116],[10.829736328125023,47.23659088749412],[10.843164062500023,47.24433014530662],[10.863916015625023,47.26246979374412],[10.876123046875023,47.268915106244116],[11.026513671875023,47.31098053593162],[11.117089843750023,47.30951569218162],[11.224609375,47.28290436405662],[11.317626953125,47.28278229374412],[11.369042968750023,47.27484772343162],[11.38427734375,47.27667877811912],[11.431542968750023,47.290643621869116],[11.536523437500023,47.30153229374412],[11.609033203125023,47.31842682499412],[11.677001953125,47.34547760624412],[11.762841796875023,47.39899323124412],[11.77392578125,47.40375397343162],[11.822265625,47.41681549686912],[11.843994140625,47.42963287968162],[11.88134765625,47.45917389530662],[11.904199218750023,47.47199127811912],[12.03125,47.50653717655662]]]}},{"type":"Feature","properties":{"outlineWidth":2,"fillColor":"#00ffff"},"geometry":{"type":"MultiLineString","coordinates":[[[12.547021484375023,60.94469635624412],[12.546777343750023,60.93329498905662],[12.549560546875,60.92340729374412],[12.554443359375,60.91547272343162],[12.560546875,60.90997955936912],[12.625732421875,60.89569733280662],[12.643701171875023,60.88739655155662],[12.653076171875,60.86798737186912],[12.659912109375,60.84533112186912],[12.67041015625,60.82741119999412],[12.681884765625,60.82123444218162],[12.711572265625023,60.81373932499412],[12.7255859375,60.80695221561912],[12.733789062500023,60.79821198124412],[12.743408203125,60.77819244999412],[12.749267578125,60.76964752811912],[12.774169921875,60.75392487186912],[12.8349609375,60.73707916874412],[12.862207031250023,60.72496979374412],[12.92041015625,60.67145416874412],[12.934814453125,60.66290924686912],[12.9892578125,60.64618561405662],[13.061425781250023,60.58038971561912],[13.076904296875,60.55919830936912],[13.086572265625023,60.55040924686912],[13.09912109375,60.54682037968162],[13.113183593750023,60.53974030155662],[13.163818359375,60.49225494999412],[13.192626953125,60.44977448124412],[13.201416015625,60.44379303593162],[13.219384765625023,60.43891022343162],[13.22802734375,60.42706940311912],[13.233789062500023,60.41242096561912],[13.242431640625,60.39911530155662],[13.267724609375023,60.38007233280662],[13.323388671875023,60.34662506718162],[13.348876953125,60.32709381718162],[13.36474609375,60.30634186405662],[13.375244140625,60.29694244999412],[13.407617187500023,60.28986237186912],[13.422753906250023,60.28156159061912],[13.433496093750023,60.26947662968162],[13.440332031250023,60.24591705936912],[13.446923828125023,60.24152252811912],[13.454980468750023,60.23908112186912],[13.462158203125,60.23529694218162],[13.464599609375,60.23212311405662],[13.465576171875,60.22882721561912],[13.465576171875,60.22096588749412],[13.468408203125023,60.21674225468162],[13.474853515625,60.21735260624412],[13.48193359375,60.21886627811912],[13.486572265625,60.21723053593162],[13.490478515625,60.20111725468162],[13.489648437500023,60.18524811405662],[13.492431640625,60.17011139530662],[13.507080078125,60.15582916874412],[13.5029296875,60.15009186405662],[13.500390625000023,60.14332916874412],[13.501855468750023,60.13764069218162],[13.51025390625,60.13532135624412],[13.523681640625,60.13307526249412],[13.526025390625023,60.12731354374412],[13.520751953125,60.11110260624412],[13.523583984375023,60.09816315311912],[13.530419921875023,60.08490631718162],[13.5390625,60.07360260624412],[13.54736328125,60.06647369999412],[13.529931640625023,60.06146881718162],[13.494873046875,60.05951569218162],[13.479248046875,60.05280182499412],[13.5419921875,60.02289459843162],[13.565332031250023,60.00385162968162],[13.54736328125,59.99132721561912],[13.549218750000023,59.98773834843162],[13.550048828125,59.98468659061912],[13.551513671875,59.98146393436912],[13.554931640625,59.97765534061912],[13.541894531250023,59.96930573124412],[13.513671875,59.96217682499412],[13.499658203125023,59.95661041874412],[13.530908203125023,59.94757721561912],[13.5439453125,59.94086334843162],[13.554931640625,59.92987702030662],[13.5439453125,59.91017487186912],[13.53662109375,59.90204498905662],[13.527587890625,59.89630768436912],[13.537255859375023,59.89049713749412],[13.541259765625,59.88893463749412],[13.541015625,59.87799713749412],[13.543847656250023,59.86193268436912],[13.542724609375,59.84743073124412],[13.518310546875,59.83546784061912],[13.51171875,59.82196686405662],[13.510156250000023,59.80597565311912],[13.513330078125023,59.79266998905662],[13.493554687500023,59.78253815311912],[13.451171875,59.76891510624412],[13.431396484375,59.75861237186912],[13.438623046875023,59.74391510624412],[13.4482421875,59.73766510624412],[13.4599609375,59.73322174686912],[13.473046875000023,59.72382233280662],[13.477294921875,59.71588776249412],[13.482421875,59.69379303593162],[13.486572265625,59.68287994999412],[13.449462890625,59.67523834843162],[13.439843750000023,59.65680573124412],[13.45166015625,59.63434479374412],[13.479248046875,59.61456940311912],[13.509521484375,59.60695221561912],[13.519433593750023,59.59918854374412],[13.520751953125,59.58043854374412],[13.512939453125,59.56622955936912],[13.5009765625,59.55634186405662],[13.493554687500023,59.54640534061912],[13.499658203125023,59.53204987186912],[13.485107421875,59.52777741093162],[13.454345703125,59.52240631718162],[13.44140625,59.51496002811912],[13.432861328125,59.50177643436912],[13.432519531250023,59.48798248905662],[13.437646484375023,59.46002838749412],[13.441796875000023,59.44904205936912],[13.45166015625,59.43898346561912],[13.473046875000023,59.42218659061912],[13.4873046875,59.40675690311912],[13.49267578125,59.39594147343162],[13.489648437500023,59.38471100468162],[13.474609375,59.36012604374412]]]}},{"type":"Feature","properties":{"outlineWidth":2,"fillColor":"#00ffff"},"geometry":{"type":"MultiLineString","coordinates":[[[24.234277343750023,48.08278229374412],[24.204003906250023,48.06110260624412],[24.1904296875,48.04816315311912],[24.181884765625,48.034784246869116],[24.177880859375023,48.01813385624412],[24.1767578125,47.99562409061912],[24.178955078125,47.99017975468162],[24.18359375,47.98541901249412],[24.188232421875,47.978876043744116],[24.1904296875,47.96828034061912],[24.187890625000023,47.95875885624412],[24.1748046875,47.94745514530662],[24.169335937500023,47.93817780155662],[24.168847656250023,47.93488190311912],[24.169335937500023,47.92389557499412],[24.148193359375,47.91237213749412]]]}},{"type":"Feature","properties":{"outlineWidth":2,"fillColor":"#00ffff"},"geometry":{"type":"MultiLineString","coordinates":[[[-2.733642578125,40.52826569218162],[-2.732714843749989,40.52838776249412],[-2.721484374999989,40.536737371869116],[-2.707324218749989,40.551874090619116],[-2.704760742187489,40.56574127811912],[-2.7099609375,40.58449127811912],[-2.70947265625,40.60138580936912],[-2.679980468749989,40.634149481244116],[-2.669531249999977,40.64704010624412],[-2.662768554687489,40.65973541874412],[-2.65,40.67438385624412],[-2.61875,40.70172760624412],[-2.591894531249977,40.718377996869116],[-2.576855468749983,40.72438385624412],[-2.576855468749983,40.72438385624412],[-2.576855468749983,40.72438385624412]]]}},{"type":"Feature","properties":{"outlineWidth":2,"fillColor":"#00ffff"},"geometry":{"type":"MultiLineString","coordinates":[[[-6.192236328124977,41.586297918744116],[-6.254321289062489,41.517694403119116],[-6.280126953124977,41.497186590619116],[-6.286474609374977,41.48707916874412],[-6.285839843749983,41.47919342655662],[-6.283129882812489,41.47247955936912],[-6.283544921874977,41.46588776249412],[-6.321630859374977,41.419794012494116],[-6.321704101562489,41.411249090619116],[-6.352978515624983,41.40949127811912],[-6.366943359375,41.40546295780662],[-6.379736328124977,41.397577215619116],[-6.376806640624977,41.397088934369116],[-6.376147460937489,41.390985418744116],[-6.377368164062489,41.38324616093162],[-6.379736328124977,41.37775299686912],[-6.383837890624989,41.37677643436912],[-6.396093749999977,41.37868073124412],[-6.400244140624977,41.37775299686912],[-6.431567382812489,41.339227606244116],[-6.463818359374983,41.314325262494116],[-6.496435546874977,41.29518463749412],[-6.555029296874977,41.27589752811912],[-6.564160156249983,41.27094147343162],[-6.629565429687489,41.27020905155662],[-6.647314453124977,41.26788971561912],[-6.658862304687489,41.25807526249412],[-6.694384765624989,41.217645574994116],[-6.701904296875,41.20270416874412],[-6.707568359374989,41.19452545780662],[-6.742919921875,41.17169830936912],[-6.755859375,41.15900299686912],[-6.759619140624977,41.15204498905662],[-6.757128906249989,41.12726471561912],[-6.765429687499989,41.10914948124412],[-6.804980468749989,41.06464264530662],[-6.818603515625,41.054315496869116],[-6.845947265625,41.052118231244116],[-6.907470703125,41.05634186405662],[-6.928466796875,41.04816315311912],[-6.944677734374977,41.05104401249412],[-6.9873046875,41.052606512494116],[-7.075488281249989,41.08661530155662],[-7.086279296874977,41.09718659061912],[-7.094091796874977,41.11078522343162],[-7.09912109375,41.12384674686912],[-7.097900390625,41.13283112186912],[-7.093603515624977,41.14191315311912],[-7.092871093749977,41.14899323124412],[-7.1025390625,41.15180084843162],[-7.109667968749989,41.15302155155662],[-7.1162109375,41.15607330936912],[-7.121923828124977,41.16010162968162],[-7.12646484375,41.164178778119116],[-7.121875,41.17084381718162],[-7.11279296875,41.19215729374412],[-7.122900390624977,41.188348699994116],[-7.161230468749977,41.16791412968162],[-7.170263671874977,41.15753815311912],[-7.190527343749977,41.15717194218162],[-7.22265625,41.164178778119116],[-7.326416015625,41.15766022343162],[-7.35986328125,41.16596100468162],[-7.372485351562489,41.17450592655662],[-7.40234375,41.207391668744116],[-7.417578124999977,41.21564362186912],[-7.432470703124977,41.21588776249412],[-7.55029296875,41.18268463749412],[-7.596923828125,41.17775299686912],[-7.638964843749989,41.18121979374412]]]}},{"type":"Feature","properties":{"outlineWidth":2,"fillColor":"#00ffff"},"geometry":{"type":"MultiLineString","coordinates":[[[28.201904296875,46.35419342655662],[28.189843750000023,46.35138580936912],[28.187402343750023,46.34406159061912],[28.19140625,46.32379791874412],[28.1923828125,46.31146881718162],[28.190820312500023,46.30805084843162],[28.17724609375,46.28729889530662],[28.165283203125,46.27912018436912],[28.15576171875,46.27565338749412],[28.14423828125001,46.27321198124412],[28.134667968750023,46.26959869999412],[28.13046875,46.26264069218162],[28.133886718750006,46.24555084843162],[28.131591796875,46.240106512494116],[28.120214843750006,46.23810455936912],[28.108496093750006,46.23439362186912],[28.110595703125,46.22589752811912],[28.128808593750023,46.20490143436912],[28.135156250000023,46.199090887494116],[28.141015625000023,46.192254949994116],[28.14423828125001,46.183465887494116],[28.132714843750023,46.16022369999412],[28.126855468750023,46.13556549686912],[28.100341796875,46.08222077030662],[28.09228515625,46.07855866093162],[28.089599609375,46.073602606244116],[28.08984375,46.06830475468162],[28.09589843750001,46.065301824994116],[28.096435546875,46.06000397343162],[28.083886718750023,46.02484772343162],[28.082128906250006,46.01496002811912],[28.085693359375,46.00079987186912],[28.109960937500006,45.95075104374412],[28.111914062500006,45.93947174686912],[28.1142578125,45.933465887494116],[28.120214843750006,45.92653229374412],[28.12451171875,45.91864655155662],[28.122314453125,45.91107819218162],[28.118261718750006,45.90338776249412],[28.116796875,45.89552643436912],[28.11962890625,45.88812897343162],[28.128662109375,45.875360418744116],[28.13046875,45.87164948124412],[28.127685546875,45.86664459843162],[28.114355468750006,45.859979559369116],[28.109960937500006,45.85451080936912],[28.11279296875,45.825555731244116],[28.128320312500023,45.79523346561912],[28.145898437500023,45.77142975468162],[28.154541015625,45.76203034061912],[28.163183593750006,45.661737371869116],[28.161230468750006,45.64569733280662],[28.16748046875,45.632684637494116],[28.153222656250023,45.62775299686912],[28.120214843750006,45.62799713749412],[28.107177734375,45.624627996869116],[28.090722656250023,45.61622955936912],[28.07421875,45.605096746869116],[28.061621093750006,45.593866278119116],[28.117431640625,45.57294342655662],[28.140380859375,45.56049225468162],[28.1572265625,45.53925202030662],[28.161035156250023,45.53297760624412],[28.163476562500023,45.53082916874412],[28.164941406250023,45.52850983280662],[28.165429687500023,45.49481842655662],[28.172460937500006,45.48463776249412],[28.21240234375,45.45045807499412]]]}},{"type":"Feature","properties":{"outlineWidth":2,"fillColor":"#00ffff"},"geometry":{"type":"MultiLineString","coordinates":[[[8.403955078125023,46.495965887494116],[8.42724609375,46.48908112186912],[8.452392578125,46.48871491093162],[8.480224609375,46.49757721561912],[8.514404296875,46.511835028119116],[8.527246093750023,46.522821356244116],[8.569580078125,46.53510162968162],[8.614013671875,46.54303619999412],[8.676025390625,46.54169342655662],[8.709716796875,46.53541901249412],[8.734375,46.524042059369116],[8.7568359375,46.51056549686912],[8.806298828125023,46.49176666874412],[8.829736328125023,46.47601959843162],[8.87939453125,46.42531159061912],[8.93408203125,46.39118073124412]]]}},{"type":"Feature","properties":{"outlineWidth":2,"fillColor":"#00ffff"},"geometry":{"type":"MultiLineString","coordinates":[[[16.433984375000023,60.15626862186912],[16.487548828125,60.17670319218162]]]}},{"type":"Feature","properties":{"outlineWidth":2,"fillColor":"#00ffff"},"geometry":{"type":"MultiLineString","coordinates":[[[5.146240234375,48.33356354374412],[5.153955078125023,48.34821198124412],[5.159912109375,48.364129949994116],[5.163330078125,48.379266668744116],[5.163330078125,48.39162018436912],[5.152978515625023,48.43732330936912],[5.15380859375,48.44293854374412],[5.161376953125,48.45209381718162],[5.162109375,48.456415106244116],[5.15625,48.46234772343162],[5.133203125000023,48.48121979374412],[5.11328125,48.511346746869116],[5.059716796875023,48.56268952030662],[5.042236328125,48.588739324994116],[5.04150390625,48.59369537968162],[5.044091796875023,48.60573151249412],[5.043359375000023,48.60963776249412],[5.036279296875023,48.61334869999412],[5.029443359375023,48.61237213749412],[5.0224609375,48.610467840619116],[5.015771484375023,48.61139557499412],[4.992089843750023,48.62250397343162],[4.970605468750023,48.62892487186912],[4.9482421875,48.63141510624412],[4.900634765625,48.63129303593162],[4.83740234375,48.64459869999412],[4.795166015625,48.64581940311912],[4.71142578125,48.63861725468162],[4.6689453125,48.64691803593162],[4.644775390625,48.65839264530662],[4.584228515625,48.70294830936912],[4.58056640625,48.71027252811912],[4.57421875,48.74635651249412],[4.568261718750023,48.756708074994116],[4.56005859375,48.76605866093162],[4.550683593750023,48.77411530155662],[4.540673828125023,48.78058502811912],[4.533203125,48.78900787968162],[4.512451171875,48.82838776249412],[4.493896484375,48.846307684369116],[4.473388671875,48.86163971561912],[4.463769531250023,48.86525299686912],[4.441162109375,48.87018463749412],[4.433740234375023,48.87518952030662],[4.418603515625023,48.89557526249412],[4.410791015625023,48.90375397343162],[4.400292968750023,48.91242096561912],[4.36865234375,48.93190338749412],[4.35888671875,48.94069244999412],[4.340087890625,48.969598699994116],[4.329833984375,48.97785065311912],[4.311767578125,48.98505280155662],[4.2490234375,48.99970123905662],[4.167626953125023,49.03937409061912],[4.136621093750023,49.045282293744116],[4.033935546875,49.04669830936912],[4.019677734375023,49.04938385624412],[4.014794921875023,49.05487702030662],[4.012353515625023,49.06195709843162],[4.005029296875023,49.06915924686912],[3.994873046875,49.07269928593162],[3.959619140625023,49.075799871869116],[3.89453125,49.08856842655662],[3.80615234375,49.082635809369116],[3.7568359375,49.09027741093162],[3.540673828125023,49.08888580936912],[3.513818359375023,49.08112213749412],[3.463623046875,49.05548737186912],[3.435937500000023,49.048944403119116],[3.413818359375,49.04743073124412],[3.403222656250023,49.04498932499412],[3.393457031250023,49.03998444218162],[3.38916015625,49.03497955936912],[3.3837890625,49.02142975468162],[3.380126953125,49.01557037968162],[3.373291015625,49.010126043744116],[3.34619140625,48.99579498905662],[3.329736328125023,48.990106512494116],[3.279931640625023,48.98146393436912]]]}},{"type":"Feature","properties":{"outlineWidth":2,"fillColor":"#00ffff"},"geometry":{"type":"MultiLineString","coordinates":[[[11.483544921875023,62.68695709843162],[11.45654296875,62.68444244999412],[11.42626953125,62.68402741093162],[11.414697265625023,62.68078034061912],[11.407958984375,62.67150299686912],[11.404199218750023,62.65021393436912],[11.39794921875,62.64601471561912],[11.374414062500023,62.64098541874412],[11.349365234375,62.62860748905662],[11.327294921875023,62.61298248905662],[11.312255859375,62.59821198124412],[11.3076171875,62.58864166874412],[11.309960937500023,62.57489655155662],[11.304833984375023,62.56349518436912],[11.298974609375023,62.55836823124412],[11.284814453125023,62.55407135624412],[11.278222656250023,62.54982330936912],[11.273828125000023,62.54364655155662],[11.270751953125,62.53200104374412],[11.267236328125023,62.52619049686912],[11.24560546875,62.51354401249412],[11.186669921875023,62.50250885624412],[11.160791015625023,62.49408600468162],[11.119873046875,62.46735260624412],[11.095458984375,62.43678619999412],[11.089111328125,62.43200104374412],[11.019287109375,62.42418854374412],[10.908447265625,62.38739655155662],[10.884033203125,62.37453034061912],[10.873437500000023,62.36061432499412],[10.865234375,62.34625885624412],[10.825341796875023,62.31163971561912],[10.811425781250023,62.30226471561912],[10.781494140625,62.29108307499412],[10.67529296875,62.27086823124412],[10.667236328125,62.26740143436912],[10.661376953125,62.26080963749412],[10.654296875,62.24762604374412],[10.653710937500023,62.24279205936912],[10.655419921875023,62.23114655155662],[10.654296875,62.22650787968162],[10.640771484375023,62.21290924686912],[10.624169921875023,62.19069244999412],[10.61962890625,62.17872955936912],[10.614501953125,62.15602448124412],[10.61279296875,62.13209869999412],[10.620361328125,62.10670807499412],[10.638427734375,62.08978912968162],[10.663476562500023,62.08038971561912],[10.69189453125,62.07746002811912],[10.71923828125,62.04645416874412],[10.729736328125,62.03795807499412],[10.808740234375023,62.01076080936912],[10.821923828125023,62.00922272343162],[10.83349609375,62.00580475468162],[10.858642578125,61.99091217655662],[10.869775390625023,61.98749420780662],[10.8818359375,61.97846100468162],[10.886962890625,61.95746491093162],[10.885400390625023,61.93361237186912],[10.876855468750023,61.91579010624412],[10.862695312500023,61.90326569218162],[10.865478515625,61.89879791874412],[10.906982421875,61.86456940311912],[10.888574218750023,61.84938385624412],[10.863671875000023,61.83588287968162],[10.841796875,61.82037994999412],[10.83251953125,61.79938385624412],[10.825341796875023,61.77619049686912],[10.813378906250023,61.76032135624412],[10.810937500000023,61.74611237186912],[10.83251953125,61.72804596561912],[10.875146484375023,61.70722077030662],[10.893212890625023,61.69215729374412],[10.890283203125023,61.67645905155662],[10.879150390625,61.65431549686912],[10.89111328125,61.63414948124412],[10.913720703125023,61.61896393436912],[10.934228515625023,61.61134674686912],[10.964257812500023,61.60382721561912],[10.9833984375,61.59401276249412],[11.0205078125,61.56012604374412],[11.03564453125,61.53844635624412],[11.034570312500023,61.51947662968162],[11.016845703125,61.48163483280662],[11.017578125,61.46381256718162],[11.028955078125023,61.44818756718162],[11.047998046875023,61.43451569218162],[11.072265625,61.42279694218162]]]}},{"type":"Feature","properties":{"outlineWidth":2,"fillColor":"#00ffff"},"geometry":{"type":"MultiLineString","coordinates":[[[8.378564453125023,46.57880280155662],[8.369140625,46.56452057499412],[8.356689453125,46.55641510624412],[8.34814453125,46.54347565311912],[8.325439453125,46.527215887494116],[8.292626953125023,46.508661199994116],[8.261132812500023,46.48883698124412],[8.25048828125,46.48224518436912],[8.1064453125,46.39350006718162],[8.038232421875023,46.36249420780662],[8.029052734375,46.34906647343162],[8.007470703125023,46.33808014530662],[7.963134765625,46.32465241093162],[7.92431640625,46.31891510624412],[7.798583984375,46.32465241093162]]]}},{"type":"Feature","properties":{"outlineWidth":2,"fillColor":"#00ffff"},"geometry":{"type":"MultiLineString","coordinates":[[[12.547021484375023,60.94469635624412],[12.534912109375,60.97016022343162],[12.532470703125,60.97951080936912],[12.530029296875,60.99621002811912],[12.543603515625023,61.00971100468162],[12.5634765625,61.01862213749412],[12.582421875000023,61.02399323124412],[12.5947265625,61.02662994999412]]]}},{"type":"Feature","properties":{"outlineWidth":2,"fillColor":"#00ffff"},"geometry":{"type":"MultiLineString","coordinates":[[[33.291748046875,68.08173248905662],[33.305419921875,68.05548737186912],[33.308203125,68.02094147343162],[33.286376953125,67.99000885624412],[33.249267578125,67.95636627811912],[33.22314453125,67.93793366093162],[33.205078125,67.91950104374412],[33.19189453125,67.90082428593162],[33.182861328125,67.88073151249412],[33.16103515625002,67.83790924686912],[33.12939453125,67.80329010624412],[33.10537109375002,67.78461334843162],[33.103515625,67.75910065311912],[33.1123046875,67.73029205936912],[33.10732421875002,67.70558502811912],[33.077734375,67.68768952030662],[33.053808593750006,67.65582916874412],[33.054296875,67.61554596561912],[33.052001953125,67.59313385624412],[33.0107421875,67.57489655155662],[32.94326171875002,67.57465241093162],[32.88330078125,67.58710358280662],[32.839941406250006,67.59125397343162],[32.809179687500006,67.58942291874412],[32.78828125000001,67.57653229374412],[32.767333984375,67.55255768436912],[32.731201171875,67.54518463749412],[32.680419921875,67.54840729374412],[32.640869140625,67.54332916874412],[32.60439453125002,67.53131744999412],[32.576171875,67.51386139530662],[32.558349609375,67.48822662968162],[32.543066406250006,67.46954987186912],[32.54150390625,67.45275299686912],[32.54677734375002,67.43451569218162],[32.548583984375,67.41901276249412],[32.544677734375,67.41041901249412]]]}},{"type":"Feature","properties":{"outlineWidth":2,"fillColor":"#00ffff"},"geometry":{"type":"MultiLineString","coordinates":[[[23.332666015625023,41.05683014530662],[23.475830078125,40.98737213749412],[23.51171875,40.97711823124412],[23.59375,40.973260809369116],[23.7587890625,40.93671295780662],[23.799951171875023,40.91644928593162],[23.814111328125023,40.90216705936912],[23.824121093750023,40.885858465619116],[23.83056640625,40.868036199994116],[23.834619140625023,40.84913971561912],[23.833740234375,40.81788971561912],[23.840966796875023,40.80885651249412],[23.848779296875023,40.802850653119116],[23.852294921875,40.79669830936912],[23.846435546875,40.78290436405662]]]}},{"type":"Feature","properties":{"outlineWidth":2,"fillColor":"#00ffff"},"geometry":{"type":"MultiLineString","coordinates":[[[-18.396875,64.73615143436912],[-18.413427734374977,64.71251862186912],[-18.43278808593749,64.69476959843162],[-18.467382812499977,64.67792389530662],[-18.57426757812499,64.63722565311912],[-18.6376953125,64.60028717655662],[-18.682958984374977,64.58454010624412],[-18.693945312499977,64.57489655155662],[-18.701513671874977,64.56513092655662],[-18.712744140624977,64.55805084843162],[-18.76982421874999,64.55114166874412],[-18.814062499999977,64.53021881718162],[-18.861083984375,64.51813385624412],[-18.86962890625,64.51056549686912],[-18.874853515624977,64.49957916874412],[-18.887548828124977,64.48610260624412],[-18.91118164062499,64.47296784061912],[-18.9755859375,64.45331452030662],[-19.02421874999999,64.43134186405662],[-19.052734375,64.42182037968162],[-19.091650390624977,64.40455963749412],[-19.154296875,64.36725494999412],[-19.20703125,64.35553619999412],[-19.251953125,64.34381744999412],[-19.28398437499999,64.32350494999412],[-19.310546875,64.29975006718162],[-19.331298828125,64.28395416874412],[-19.3447265625,64.26898834843162],[-19.361328125,64.25514557499412],[-19.383056640625,64.24506256718162],[-19.438232421875,64.23334381718162],[-19.513671875,64.21100494999412],[-19.55144042968749,64.18585846561912]]]}},{"type":"Feature","properties":{"outlineWidth":2,"fillColor":"#00ffff"},"geometry":{"type":"MultiLineString","coordinates":[[[2.686669921875023,48.49245026249412],[2.677978515625,48.50214264530662],[2.677001953125,48.51222565311912],[2.677392578125023,48.52289459843162],[2.671777343750023,48.53400299686912],[2.660302734375023,48.54035065311912],[2.649658203125,48.53766510624412],[2.63134765625,48.52662994999412],[2.6142578125,48.52321198124412],[2.60498046875,48.52435944218162],[2.5830078125,48.53400299686912],[2.547119140625,48.54242584843162],[2.53515625,48.54706452030662],[2.53515625,48.55451080936912],[2.54833984375,48.56105377811912],[2.544091796875023,48.56671784061912],[2.515380859375,48.57501862186912],[2.49169921875,48.57587311405662],[2.488525390625,48.58283112186912],[2.488037109375,48.60541412968162],[2.475732421875023,48.62946198124412],[2.447265625,48.65228912968162],[2.391845703125,48.68488190311912],[2.426025390625,48.71491119999412],[2.44091796875,48.73151276249412],[2.443115234375,48.74293854374412],[2.427734375,48.75678131718162],[2.422021484375023,48.76369049686912],[2.419677734375,48.77081940311912],[2.420312500000023,48.79176666874412],[2.418212890625,48.796747137494116],[2.412255859375023,48.80780670780662],[2.390869140625,48.833856512494116],[2.358789062500023,48.85541412968162],[2.322509765625,48.866815496869116],[2.288818359375,48.86237213749412],[2.254785156250023,48.838495184369116],[2.2353515625,48.83380768436912],[2.226806640625,48.85280182499412],[2.233154296875,48.86908600468162],[2.248437500000023,48.88624909061912],[2.2666015625,48.90114166874412],[2.281982421875,48.91083405155662],[2.319091796875,48.923456121869116],[2.327294921875023,48.93073151249412],[2.329833984375,48.94830963749412],[2.31884765625,48.958124090619116],[2.294677734375,48.95673248905662],[2.254638671875,48.94489166874412],[2.229248046875,48.92829010624412],[2.2138671875,48.920770574994116],[2.1962890625,48.91766998905662],[2.183740234375023,48.91290924686912],[2.162841796875,48.890497137494116],[2.151611328125,48.88287994999412],[2.124902343750023,48.88617584843162],[2.121728515625023,48.91071198124412],[2.13623046875,48.93854401249412],[2.16650390625,48.95412018436912],[2.172265625000023,48.96002838749412],[2.177001953125,48.96784088749412],[2.178955078125,48.97565338749412],[2.177392578125023,48.984979559369116],[2.173095703125,48.98859284061912],[2.166650390625023,48.99005768436912],[2.145263671875,48.997186590619116],[2.09326171875,49.00018952030662],[2.07275390625,48.99518463749412],[2.060937500000023,48.98297760624412],[2.041748046875,48.951776434369116],[2.0244140625,48.94281647343162],[2.00830078125,48.946649481244116],[2.000244140625,48.959833074994116],[2.007714843750023,48.97907135624412],[1.989990234375,49.00141022343162],[1.977929687500023,49.00954010624412],[1.959863281250023,49.01386139530662],[1.941064453125023,49.01361725468162],[1.813867187500023,48.98126862186912],[1.798828125,48.97931549686912],[1.7646484375,48.97907135624412],[1.751123046875023,48.98224518436912],[1.73388671875,48.99005768436912],[1.719140625000023,49.000116278119116],[1.712792968750023,49.01007721561912],[1.704003906250023,49.013544012494116],[1.647851562500023,49.01386139530662],[1.619287109375023,49.02020905155662],[1.636865234375023,49.035516668744116],[1.699121093750023,49.06903717655662],[1.674707031250023,49.07636139530662],[1.653466796875023,49.07819244999412],[1.633056640625,49.073602606244116],[1.589111328125,49.047479559369116],[1.577539062500023,49.042840887494116],[1.56201171875,49.041131903119116],[1.547021484375023,49.04640534061912],[1.534814453125023,49.05792877811912],[1.525146484375,49.06940338749412],[1.513818359375023,49.07746002811912],[1.509667968750023,49.09100983280662],[1.50732421875,49.09577057499412],[1.501953125,49.09784577030662],[1.485498046875023,49.10053131718162],[1.479394531250023,49.10260651249412],[1.45703125,49.12616608280662],[1.448974609375,49.12995026249412],[1.43896484375,49.13300202030662],[1.432031250000023,49.14032623905662],[1.425927734375023,49.14935944218162],[1.418603515625023,49.15717194218162],[1.387109375000023,49.17426178593162],[1.384423828125023,49.17829010624412],[1.358789062500023,49.18329498905662],[1.346435546875,49.19752838749412],[1.3505859375,49.21242096561912],[1.374267578125,49.21930573124412],[1.389892578125,49.226434637494116],[1.3896484375,49.24115631718162],[1.37548828125,49.25343659061912],[1.349755859375023,49.25343659061912],[1.333398437500023,49.24457428593162],[1.295556640625023,49.21803619999412],[1.278564453125,49.21246979374412]]]}},{"type":"Feature","properties":{"outlineWidth":2,"fillColor":"#00ffff"},"geometry":{"type":"MultiLineString","coordinates":[[[20.811425781250023,67.78966705936912],[20.828125,67.78278229374412],[20.887109375000023,67.78283112186912],[20.906396484375023,67.78034088749412],[20.920654296875,67.77594635624412],[20.932763671875023,67.76906159061912],[20.94482421875,67.75890534061912],[20.9765625,67.73993561405662],[21.013818359375023,67.73090241093162],[21.2021484375,67.72609284061912],[21.241943359375,67.71666901249412],[21.300195312500023,67.71027252811912],[21.380273437500023,67.69152252811912],[21.606835937500023,67.68512604374412],[21.647216796875,67.67572662968162],[21.76416015625,67.67360260624412],[21.846093750000023,67.65936920780662],[21.8740234375,67.64569733280662],[21.90234375,67.64032623905662]]]}},{"type":"Feature","properties":{"outlineWidth":2,"fillColor":"#00ffff"},"geometry":{"type":"MultiLineString","coordinates":[[[15.529687500000023,58.50026276249412],[15.567626953125,58.49774811405662],[15.622216796875023,58.50275299686912],[15.690087890625023,58.51515534061912],[15.761132812500023,58.52423737186912],[15.853759765625,58.52008698124412],[15.953759765625023,58.51427643436912]]]}},{"type":"Feature","properties":{"outlineWidth":2,"fillColor":"#00ffff"},"geometry":{"type":"MultiLineString","coordinates":[[[13.363183593750023,63.41132233280662],[13.408105468750023,63.36793854374412],[13.4697265625,63.33966705936912],[13.539697265625023,63.32318756718162],[13.668701171875,63.30670807499412],[13.729248046875,63.28429596561912],[13.9248046875,63.27477448124412]]]}},{"type":"Feature","properties":{"outlineWidth":2,"fillColor":"#00ffff"},"geometry":{"type":"MultiLineString","coordinates":[[[15.582763671875,50.69281647343162],[15.59033203125,50.68463776249412],[15.61279296875,50.65016510624412],[15.617431640625,50.64093659061912],[15.61767578125,50.61818268436912],[15.619775390625023,50.60114166874412],[15.625732421875,50.58766510624412],[15.637939453125,50.57550690311912],[15.665283203125,50.56439850468162],[15.701318359375023,50.55536530155662],[15.733056640625023,50.54108307499412],[15.747802734375,50.514032293744116],[15.743408203125,50.49835846561912],[15.73583984375,50.48041412968162],[15.737060546875,50.46552155155662],[15.766357421875,50.45783112186912],[15.787988281250023,50.44977448124412],[15.809960937500023,50.43829987186912],[15.811181640625023,50.43605377811912],[15.814843750000023,50.42743561405662],[15.816162109375,50.42531159061912],[15.88427734375,50.404413153119116],[15.91650390625,50.38690827030662],[15.91796875,50.36383698124412]]]}},{"type":"Feature","properties":{"outlineWidth":2,"fillColor":"#00ffff"},"geometry":{"type":"MultiLineString","coordinates":[[[17.206445312500023,48.06110260624412],[17.242919921875,48.04132721561912],[17.256494140625023,48.02809479374412],[17.26171875,48.00929596561912],[17.272216796875,48.00556061405662],[17.33740234375,47.99896881718162],[17.369042968750023,47.98146393436912],[17.471435546875,47.88910553593162],[17.4814453125,47.882928778119116],[17.49169921875,47.88007233280662],[17.516845703125,47.87653229374412],[17.526123046875,47.87238190311912],[17.559814453125,47.838251043744116],[17.572021484375,47.82977936405662],[17.582421875000023,47.83002350468162],[17.592529296875,47.83344147343162],[17.603759765625,47.83449127811912],[17.618554687500023,47.82953522343162],[17.639404296875,47.819452215619116],[17.657861328125023,47.80756256718162],[17.665771484375,47.79730866093162],[17.676025390625,47.789422918744116],[17.741455078125,47.76564362186912],[17.8251953125,47.75026276249412],[18.112207031250023,47.76271393436912],[18.2353515625,47.75416901249412],[18.2724609375,47.756463934369116],[18.347314453125023,47.776971746869116],[18.552001953125,47.79315827030662],[18.596923828125,47.790887762494116],[18.63330078125,47.78009674686912],[18.6630859375,47.77619049686912],[18.6923828125,47.778192449994116],[18.716699218750023,47.78834869999412],[18.749755859375,47.813836981244116],[18.76708984375,47.82257721561912],[18.789794921875,47.82660553593162],[18.882226562500023,47.82594635624412],[18.898095703125023,47.82379791874412],[18.9111328125,47.81959869999412],[18.915283203125,47.81586334843162],[18.922753906250023,47.80597565311912],[18.927880859375023,47.80280182499412],[18.948486328125,47.803094793744116],[19.013818359375023,47.828973699994116],[19.0390625,47.830438543744116],[19.063232421875,47.82648346561912],[19.0859375,47.81720612186912],[19.106835937500023,47.802850653119116],[19.123046875,47.77545807499412],[19.128320312500023,47.73639557499412],[19.1240234375,47.69342682499412],[19.111962890625023,47.65412018436912],[19.054443359375,47.540399481244116],[19.050537109375,47.50617096561912],[19.0537109375,47.496698309369116],[19.062255859375,47.48541901249412],[19.064208984375,47.47821686405662],[19.062255859375,47.46845123905662],[19.052734375,47.45404694218162],[19.050537109375,47.44782135624412],[19.046777343750023,47.42555573124412],[19.036376953125,47.41254303593162],[19.002099609375023,47.39630768436912],[18.974365234375,47.37946198124412],[18.952539062500023,47.35700104374412],[18.934960937500023,47.328485418744116],[18.920166015625,47.29328034061912],[18.907617187500023,47.23749420780662],[18.886962890625,47.20819733280662],[18.88134765625,47.18964264530662],[18.87890625,47.16901276249412],[18.879150390625,47.14923737186912],[18.88916015625,47.11041901249412],[18.896875,47.09027741093162],[18.903076171875,47.08161041874412],[18.918701171875,47.07404205936912],[18.968017578125,47.03322174686912],[18.966699218750023,47.02374909061912],[18.962060546875023,47.017206121869116],[18.956933593750023,47.01173737186912],[18.954345703125,47.00531647343162],[18.955078125,46.994745184369116],[18.96044921875,46.97748444218162],[18.966943359375023,46.93585846561912],[18.966552734375,46.91730377811912],[18.9580078125,46.909051824994116],[18.948876953125023,46.903924871869116],[18.93896484375,46.89179108280662],[18.930908203125,46.87721588749412],[18.927490234375,46.86500885624412],[18.926025390625,46.83527252811912],[18.927490234375,46.82716705936912],[18.93310546875,46.82057526249412],[18.950585937500023,46.80714752811912],[18.954345703125,46.80353424686912],[18.958398437500023,46.80084869999412],[18.975341796875,46.78400299686912],[18.978515625,46.77997467655662],[18.984765625000023,46.77565338749412],[18.98681640625,46.765497137494116],[18.987548828125,46.75397369999412],[18.989013671875,46.74518463749412],[18.998925781250023,46.72321198124412],[19.001708984375,46.70851471561912],[18.996337890625,46.69489166874412],[18.981591796875023,46.67633698124412],[18.952880859375,46.65619537968162],[18.88525390625,46.63532135624412],[18.858154296875,46.614862371869116],[18.877197265625,46.591180731244116],[18.907617187500023,46.53180573124412],[18.920166015625,46.49884674686912],[18.922753906250023,46.46869537968162],[18.89892578125,46.41437409061912],[18.892236328125023,46.37843659061912],[18.8955078125,46.362909246869116],[18.910058593750023,46.34296295780662],[18.913330078125,46.33063385624412],[18.914941406250023,46.19525787968162],[18.903564453125,46.17304108280662],[18.872314453125,46.183465887494116],[18.8251953125,46.14154694218162],[18.813378906250023,46.12616608280662],[18.794091796875023,46.11671784061912],[18.789794921875,46.11151764530662],[18.78515625,46.11225006718162],[18.775146484375,46.10297272343162],[18.762451171875,46.087274481244116],[18.700341796875023,46.044794012494116],[18.691650390625,46.01850006718162],[18.721582031250023,45.98493073124412],[18.80615234375,45.92360260624412],[18.831445312500023,45.89552643436912],[18.832421875000023,45.89105866093162],[18.83056640625,45.879510809369116],[18.831445312500023,45.87506744999412],[18.835205078125,45.87348053593162],[18.84130859375,45.87396881718162],[18.847412109375,45.873163153119116],[18.851953125000023,45.86818268436912],[18.853906250000023,45.859247137494116],[18.851953125000023,45.83034088749412],[18.849853515625,45.82448151249412],[18.84619140625,45.82025787968162],[18.844482421875,45.81593659061912],[18.84814453125,45.80983307499412],[18.863525390625,45.79877350468162],[18.87060546875,45.79022858280662],[18.899658203125,45.76515534061912],[18.904296875,45.75006744999412],[18.908447265625,45.71967194218162],[18.916748046875,45.70685455936912],[18.930419921875,45.699090887494116],[18.947656250000023,45.69232819218162],[18.962060546875023,45.68329498905662],[18.968017578125,45.66896393436912],[18.96240234375,45.66034577030662],[18.934814453125,45.63361237186912],[18.923828125,45.62799713749412],[18.911865234375,45.61945221561912],[18.90771484375,45.60065338749412],[18.906494140625,45.581903387494116],[18.903076171875,45.57330963749412],[18.911523437500023,45.56842682499412],[18.931542968750023,45.545770574994116],[18.941308593750023,45.53925202030662],[18.959619140625023,45.53937409061912],[18.97265625,45.546502996869116],[18.982666015625,45.55499909061912],[19.000146484375023,45.56146881718162],[19.008691406250023,45.56574127811912],[19.017578125,45.56757233280662],[19.026611328125,45.56281159061912],[19.03271484375,45.55487702030662],[19.035888671875,45.54975006718162],[19.040283203125,45.545282293744116],[19.050537109375,45.53925202030662],[19.067285156250023,45.53363678593162],[19.081787109375,45.53143952030662],[19.094482421875,45.52631256718162],[19.105712890625,45.51190827030662],[19.076562500000023,45.49188873905662],[19.009033203125,45.498895574994116],[18.995849609375,45.47406647343162],[19.00244140625,45.45558502811912],[19.031005859375,45.434198309369116],[19.036767578125023,45.42255280155662],[19.028076171875,45.41242096561912],[18.975341796875,45.39520905155662],[18.98828125,45.37946198124412],[19.003173828125,45.36640045780662],[19.0205078125,45.35748932499412],[19.040185546875023,45.35426666874412],[19.08154296875,45.35426666874412],[19.09130859375,45.35028717655662],[19.0947265625,45.34076569218162],[19.095703125,45.32941315311912],[19.098291015625023,45.32013580936912],[19.124267578125,45.29840729374412],[19.161523437500023,45.285272528119116],[19.362695312500023,45.24848053593162],[19.40673828125,45.24896881718162],[19.490869140625023,45.264276434369116],[19.529541015625,45.26686432499412],[19.5576171875,45.25580475468162],[19.571679687500023,45.23659088749412],[19.580468750000023,45.23078034061912],[19.598535156250023,45.22785065311912],[19.658105468750023,45.23444244999412],[19.698486328125,45.246698309369116],[19.741943359375,45.24506256718162],[19.784912109375,45.23749420780662],[19.810791015625,45.22785065311912],[19.817041015625023,45.23170807499412],[19.831689453125023,45.238153387494116],[19.838134765625,45.24213287968162],[19.846582031250023,45.25055573124412],[19.855615234375023,45.26508209843162],[19.862451171875023,45.272821356244116],[19.880859375,45.28229401249412],[19.898583984375023,45.27936432499412],[19.914306640625,45.268915106244116],[19.927490234375,45.25580475468162],[19.949365234375023,45.21869537968162],[19.965576171875,45.19855377811912],[19.985595703125,45.18976471561912],[20.042382812500023,45.17775299686912],[20.064697265625,45.17548248905662],[20.184960937500023,45.18500397343162],[20.222412109375,45.17548248905662],[20.256982421875023,45.15675690311912],[20.289453125000023,45.13226959843162],[20.345849609375023,45.07306549686912],[20.35693359375,45.03449127811912],[20.333251953125,45.01056549686912],[20.303955078125,44.99396393436912],[20.298095703125,44.97748444218162],[20.290673828125023,44.97748444218162],[20.30322265625,44.95465729374412],[20.31884765625,44.93439362186912],[20.396875,44.86456940311912],[20.408447265625,44.857049871869116],[20.455078125,44.84027741093162],[20.455078125,44.84027741093162],[20.455078125,44.84027741093162],[20.455078125,44.84027741093162],[20.455078125,44.84027741093162],[20.51416015625,44.83685944218162],[20.5458984375,44.83978912968162],[20.580322265625,44.85736725468162],[20.594970703125,44.85797760624412],[20.623681640625023,44.854608465619116],[20.636376953125023,44.84943268436912],[20.638574218750023,44.83734772343162],[20.628173828125,44.78859284061912],[20.6279296875,44.77704498905662],[20.63330078125,44.76520416874412],[20.644433593750023,44.75580475468162],[20.671875,44.74396393436912],[20.684814453125,44.733514715619116],[20.720361328125023,44.69623444218162],[20.741943359375,44.67921784061912],[20.763671875,44.66840241093162],[20.826416015625,44.66095612186912],[20.883203125000023,44.67267487186912],[20.989501953125,44.71681549686912],[21.077783203125023,44.72650787968162],[21.102783203125,44.74066803593162],[21.112207031250023,44.74481842655662],[21.125634765625023,44.74562409061912],[21.15087890625,44.74408600468162],[21.163818359375,44.74787018436912],[21.172265625000023,44.75690338749412],[21.179443359375,44.76808502811912],[21.188867187500023,44.77826569218162],[21.222412109375,44.79669830936912],[21.269433593750023,44.81366608280662],[21.319091796875,44.825067449994116],[21.360107421875,44.82667877811912]]]}},{"type":"Feature","properties":{"outlineWidth":2,"fillColor":"#00ffff"},"geometry":{"type":"MultiLineString","coordinates":[[[7.338134765625,45.74855377811912],[7.408105468750023,45.74506256718162],[7.462792968750023,45.75189850468162],[7.46728515625,45.75397369999412],[7.47607421875,45.76149323124412],[7.480712890625,45.76422760624412],[7.487207031250023,45.76491119999412],[7.4921875,45.762811590619116],[7.496826171875,45.76019928593162],[7.502343750000023,45.75934479374412],[7.524658203125,45.76544830936912],[7.534082031250023,45.76588776249412],[7.544189453125,45.76398346561912],[7.566796875000023,45.75702545780662],[7.578759765625023,45.75538971561912],[7.6357421875,45.75880768436912],[7.6513671875,45.750360418744116],[7.661376953125,45.72272369999412],[7.666650390625023,45.69843170780662],[7.673242187500023,45.68610260624412],[7.686669921875023,45.679315496869116],[7.712158203125,45.67145416874412],[7.732177734375,45.66058991093162],[7.758935546875023,45.62990143436912],[7.777490234375023,45.61530182499412],[7.8232421875,45.59137604374412],[7.834130859375023,45.576288153119116],[7.840576171875,45.54718659061912],[7.84033203125,45.53729889530662],[7.837890625,45.531610418744116],[7.837158203125,45.52606842655662],[7.841552734375,45.51613190311912],[7.851806640625,45.504999090619116],[7.8935546875,45.48371002811912],[7.907373046875023,45.466669012494116],[7.917138671875023,45.42340729374412],[7.925439453125023,45.40900299686912],[7.939599609375023,45.39203522343162],[7.947998046875,45.36969635624412],[7.956787109375,45.326044012494116],[7.955078125,45.32355377811912],[7.95068359375,45.32099030155662],[7.94677734375,45.31781647343162],[7.94580078125,45.31305573124412],[7.948632812500023,45.30939362186912],[7.957910156250023,45.30206940311912],[7.961181640625,45.29811432499412],[7.967675781250023,45.287469793744116],[8.0185546875,45.22829010624412],[8.036279296875023,45.21339752811912]]]}},{"type":"Feature","properties":{"outlineWidth":2,"fillColor":"#00ffff"},"geometry":{"type":"MultiLineString","coordinates":[[[13.486572265625,48.58185455936912],[13.486572265625,48.58185455936912],[13.486572265625,48.58185455936912],[13.486572265625,48.58185455936912],[13.486572265625,48.58185455936912],[13.520166015625023,48.584833074994116],[13.623779296875,48.56561920780662],[13.64111328125,48.55934479374412],[13.657617187500023,48.55133698124412],[13.6728515625,48.53571198124412],[13.726220703125023,48.51979401249412],[13.74609375,48.50905182499412],[13.801171875000023,48.467889715619116],[13.823974609375,48.46124909061912],[13.87158203125,48.45875885624412],[13.89453125,48.45184967655662],[13.941308593750023,48.427362371869116],[13.95849609375,48.423456121869116],[13.986718750000023,48.42413971561912],[13.999902343750023,48.421747137494116],[14.010986328125,48.41286041874412],[14.0185546875,48.39569733280662],[14.02783203125,48.35565827030662],[14.0375,48.338495184369116],[14.049072265625,48.329217840619116],[14.062402343750023,48.32477448124412],[14.0966796875,48.32172272343162],[14.11669921875,48.32294342655662],[14.152001953125023,48.33295319218162],[14.168212890625,48.33539459843162],[14.240478515625,48.31598541874412],[14.277978515625023,48.31146881718162],[14.307763671875023,48.32794830936912],[14.319238281250023,48.320917059369116],[14.333984375,48.30255768436912],[14.342675781250023,48.293817449994116],[14.373193359375023,48.28151276249412],[14.395898437500023,48.26630280155662],[14.442773437500023,48.248895574994116],[14.459228515625,48.24542877811912],[14.564843750000023,48.24408600468162],[14.58203125,48.24005768436912],[14.597070312500023,48.23309967655662],[14.610107421875,48.22333405155662],[14.637353515625023,48.19696686405662],[14.654443359375023,48.18654205936912],[14.67529296875,48.18231842655662],[14.818505859375023,48.20551178593162],[14.832275390625,48.21308014530662],[14.846923828125,48.22736237186912],[14.86181640625,48.23688385624412],[14.8798828125,48.24220612186912],[14.929345703125023,48.24384186405662],[14.9404296875,48.24188873905662],[14.95263671875,48.236932684369116],[14.98779296875,48.209100653119116],[15.00390625,48.20509674686912],[15.027734375000023,48.20416901249412],[15.051171875000023,48.20001862186912],[15.060546875,48.19623444218162],[15.078857421875,48.18610260624412],[15.087646484375,48.18312409061912],[15.104248046875,48.18678619999412],[15.133691406250023,48.21198151249412],[15.155029296875,48.21808502811912],[15.24072265625,48.22553131718162],[15.32373046875,48.244012762494116],[15.3564453125,48.25849030155662],[15.384033203125,48.28078034061912],[15.397851562500023,48.30670807499412],[15.412109375,48.36622955936912],[15.42919921875,48.388055731244116],[15.467041015625,48.41315338749412],[15.489404296875023,48.42340729374412],[15.508691406250023,48.42438385624412],[15.512597656250023,48.42182037968162],[15.51953125,48.41530182499412],[15.524658203125,48.41400787968162],[15.6083984375,48.42719147343162],[15.639550781250023,48.425653387494116],[15.673828125,48.41986725468162],[15.710107421875023,48.41779205936912],[15.723779296875023,48.41522858280662],[15.751220703125,48.40473053593162],[15.763085937500023,48.40289948124412],[15.811181640625023,48.40900299686912],[15.833984375,48.40875885624412],[15.856347656250023,48.40436432499412],[15.876855468750023,48.39503815311912],[15.911767578125023,48.37238190311912],[15.945703125000023,48.363397528119116],[16.094140625000023,48.35932037968162],[16.208886718750023,48.36981842655662],[16.220458984375,48.37250397343162],[16.2431640625,48.380975653119116],[16.2548828125,48.38373444218162],[16.282958984375,48.38600494999412],[16.29736328125,48.38502838749412],[16.310693359375023,48.38165924686912],[16.321044921875,48.374872137494116],[16.35205078125,48.32960846561912],[16.37158203125,48.28078034061912],[16.393310546875,48.25075104374412],[16.418701171875,48.22731354374412],[16.487060546875,48.18463776249412],[16.549560546875,48.15504791874412],[16.58642578125,48.14325592655662],[16.749658203125023,48.12897369999412],[16.864648437500023,48.13690827030662],[16.9140625,48.15534088749412],[16.9228515625,48.15668366093162],[16.941796875000023,48.15558502811912],[16.947021484375,48.15668366093162],[16.95068359375,48.16071198124412],[16.960693359375,48.17719147343162],[16.987548828125,48.177362371869116],[17.01025390625,48.16652252811912],[17.031982421875,48.15260651249412],[17.056298828125023,48.14362213749412],[17.132714843750023,48.14479401249412],[17.15185546875,48.13617584843162],[17.146142578125023,48.10797760624412],[17.157861328125023,48.08571198124412],[17.18017578125,48.06984284061912],[17.206445312500023,48.06110260624412]]]}},{"type":"Feature","properties":{"outlineWidth":2,"fillColor":"#00ffff"},"geometry":{"type":"MultiLineString","coordinates":[[[-7.11767578125,39.68170807499412],[-7.183520507812489,39.67536041874412],[-7.214648437499989,39.67645905155662],[-7.236328125,39.68671295780662],[-7.253515624999977,39.68256256718162],[-7.293310546874977,39.68353912968162],[-7.312060546874989,39.68048737186912],[-7.328466796874977,39.67506744999412],[-7.342089843749989,39.67213776249412],[-7.566259765624977,39.68036530155662],[-7.586181640625,39.674676824994116],[-7.603369140624977,39.66571686405662],[-7.616503906249989,39.65570709843162],[-7.639013671874977,39.64215729374412],[-7.655810546874989,39.64423248905662],[-7.672705078124977,39.65119049686912],[-7.695605468749989,39.65265534061912],[-7.712011718749977,39.643182684369116],[-7.724560546874983,39.62677643436912],[-7.733740234374977,39.61115143436912],[-7.740332031249977,39.60419342655662],[-7.759863281249977,39.59833405155662],[-7.775976562499977,39.58478424686912],[-7.790380859374977,39.56903717655662],[-7.804858398437489,39.557001043744116],[-7.826342773437489,39.54730866093162],[-7.832812499999989,39.54340241093162],[-7.852343749999989,39.52521393436912],[-7.856689453125,39.52228424686912],[-7.869335937499983,39.51813385624412],[-7.902880859374989,39.49970123905662],[-7.914721679687489,39.49494049686912],[-8.000341796874977,39.49494049686912],[-8.017871093749989,39.49274323124412],[-8.057861328125,39.48322174686912],[-8.079199218749977,39.481317449994116],[-8.099218749999977,39.48366119999412],[-8.128759765624977,39.49286530155662],[-8.151220703124977,39.49494049686912],[-8.161230468749977,39.49408600468162],[-8.169775390624977,39.49176666874412],[-8.184741210937489,39.48468659061912]]]}},{"type":"Feature","properties":{"outlineWidth":2,"fillColor":"#00ffff"},"geometry":{"type":"MultiLineString","coordinates":[[[16.433984375000023,60.15607330936912],[16.433007812500023,60.15582916874412],[16.402099609375,60.15016510624412],[16.378564453125023,60.14928619999412],[16.35595703125,60.14337799686912],[16.337646484375,60.13080475468162],[16.323144531250023,60.12164948124412]]]}},{"type":"Feature","properties":{"outlineWidth":2,"fillColor":"#00ffff"},"geometry":{"type":"MultiLineString","coordinates":[[[13.191162109375,51.47365143436912],[13.190185546875,51.48602936405662],[13.184716796875023,51.49152252811912],[13.175537109375,51.49323151249412],[13.163818359375,51.49408600468162],[13.157617187500023,51.49249909061912],[13.152734375000023,51.48773834843162],[13.150048828125023,51.482782293744116],[13.149658203125,51.48041412968162],[13.144189453125023,51.48151276249412],[13.139794921875023,51.48390534061912],[13.13720703125,51.48627350468162],[13.136621093750023,51.48732330936912],[13.118896484375,51.49408600468162],[13.1,51.50507233280662],[13.080712890625023,51.51239655155662],[13.061425781250023,51.50836823124412],[13.059472656250023,51.527704168744116],[13.047753906250023,51.53729889530662],[13.032470703125,51.54266998905662],[13.019921875000023,51.54938385624412],[13.009033203125,51.56373932499412],[13.009521484375,51.57306549686912],[13.02734375,51.59650299686912],[13.00732421875,51.60541412968162],[12.964013671875023,51.637811590619116],[12.941650390625,51.64496491093162],[12.929589843750023,51.64618561405662],[12.914453125000023,51.64972565311912],[12.901757812500023,51.65521881718162],[12.890869140625,51.66994049686912],[12.86181640625,51.66815827030662],[12.848535156250023,51.672235418744116],[12.843652343750023,51.67975494999412],[12.828759765625023,51.71381256718162],[12.82080078125,51.72394440311912],[12.816552734375023,51.72809479374412],[12.814697265625,51.73268463749412],[12.808984375000023,51.78766510624412],[12.814208984375,51.80934479374412],[12.83544921875,51.82367584843162],[12.822412109375023,51.82887604374412],[12.653076171875,51.86371491093162],[12.618896484375,51.867059637494116],[12.587890625,51.85719635624412],[12.5732421875,51.86622955936912],[12.5498046875,51.87013580936912],[12.525146484375,51.869256903119116],[12.506591796875,51.86403229374412],[12.506738281250023,51.87091705936912],[12.504541015625023,51.87550690311912],[12.50146484375,51.87958405155662],[12.499169921875023,51.88454010624412],[12.506591796875,51.87770416874412],[12.492822265625023,51.881952215619116],[12.482324218750023,51.87421295780662],[12.4736328125,51.86310455936912],[12.464990234375023,51.85719635624412],[12.452294921875023,51.85932037968162],[12.4462890625,51.86598541874412],[12.446191406250023,51.87501862186912],[12.451416015625,51.88454010624412],[12.440332031250023,51.88178131718162],[12.419677734375,51.87225983280662],[12.401611328125,51.86725494999412],[12.381005859375023,51.85407135624412],[12.37255859375,51.85101959843162],[12.354736328125,51.85504791874412],[12.335107421875023,51.86525299686912],[12.31787109375,51.878534246869116],[12.307275390625023,51.891961981244116],[12.286865234375,51.88580963749412],[12.262109375000023,51.88397858280662],[12.240966796875,51.87995026249412],[12.232177734375,51.86713287968162],[12.2265625,51.86159088749412],[12.214599609375,51.86603424686912],[12.203515625000023,51.873651434369116],[12.200927734375,51.87770416874412],[12.029541015625,51.87018463749412],[12.021240234375,51.87189362186912],[12.020654296875023,51.87575104374412],[12.021728515625,51.88043854374412],[12.019287109375,51.88454010624412],[11.8896484375,51.97389557499412],[11.886865234375023,51.98444244999412],[11.889892578125,51.99127838749412],[11.89453125,51.99725983280662],[11.897119140625023,52.00495026249412],[11.890380859375,52.02411530155662],[11.874658203125023,52.025751043744116],[11.841796875,52.01483795780662],[11.818359375,52.020379949994116],[11.799072265625,52.03273346561912],[11.781396484375023,52.040399481244116],[11.7626953125,52.03192780155662],[11.74560546875,52.02924225468162],[11.72314453125,52.038934637494116],[11.702392578125,52.052850653119116],[11.691064453125023,52.06268952030662],[11.66943359375,52.093866278119116],[11.660058593750023,52.112420965619116],[11.65625,52.127801824994116],[11.659423828125,52.14064362186912],[11.675927734375023,52.17487213749412],[11.68359375,52.186151434369116],[11.711669921875,52.20184967655662],[11.717675781250023,52.206659246869116],[11.71875,52.21552155155662],[11.713769531250023,52.22267487186912],[11.707275390625,52.22943756718162],[11.704003906250023,52.237665106244116],[11.710693359375,52.24684479374412],[11.751855468750023,52.28180573124412],[11.771728515625,52.31513092655662],[11.7861328125,52.33051178593162],[11.803955078125,52.33698151249412],[11.847070312500023,52.33881256718162],[11.86474609375,52.342889715619116],[11.902978515625023,52.36090729374412],[11.91064453125,52.36749909061912],[11.916894531250023,52.37799713749412]]]}},{"type":"Feature","properties":{"outlineWidth":2,"fillColor":"#00ffff"},"geometry":{"type":"MultiLineString","coordinates":[[[14.484130859375,63.29340241093162],[14.450341796875023,63.32221100468162],[14.44091796875,63.34100983280662],[14.462646484375,63.34923737186912],[14.637939453125,63.32472565311912],[14.7861328125,63.33405182499412],[14.882714843750023,63.32990143436912],[14.9111328125,63.32880280155662],[14.944726562500023,63.32326080936912],[15.002197265625,63.29943268436912],[15.391748046875023,63.21491119999412],[15.45849609375,63.20421784061912]]]}},{"type":"Feature","properties":{"outlineWidth":2,"fillColor":"#00ffff"},"geometry":{"type":"MultiLineString","coordinates":[[[8.17919921875,48.09352448124412],[8.195068359375,48.076044012494116],[8.212060546875023,48.05670807499412],[8.230615234375023,48.04738190311912],[8.275537109375023,48.04975006718162],[8.29150390625,48.04682037968162],[8.305908203125,48.03810455936912],[8.31396484375,48.02728912968162],[8.320458984375023,48.01515534061912],[8.329345703125,48.00238678593162],[8.336083984375023,47.99896881718162],[8.345361328125023,47.99811432499412],[8.36376953125,47.99896881718162],[8.371972656250023,47.997430731244116],[8.376708984375,47.99359772343162],[8.381005859375023,47.98908112186912],[8.3876953125,47.98537018436912],[8.419335937500023,47.97955963749412],[8.435449218750023,47.97316315311912],[8.442285156250023,47.96149323124412],[8.445703125000023,47.94489166874412],[8.455322265625,47.934198309369116],[8.470458984375,47.92946198124412],[8.489990234375,47.93073151249412]]]}},{"type":"Feature","properties":{"outlineWidth":2,"fillColor":"#00ffff"},"geometry":{"type":"MultiLineString","coordinates":[[[12.334716796875,58.37379791874412],[12.334716796875,58.37379791874412],[12.334716796875,58.37379791874412],[12.334716796875,58.37379791874412],[12.334716796875,58.37379791874412],[12.349853515625,58.35914948124412],[12.335839843750023,58.34596588749412],[12.29052734375,58.32294342655662],[12.25244140625,58.29132721561912],[12.150146484375,58.22772858280662],[12.132568359375,58.21339752811912],[12.115869140625023,58.19489166874412],[12.107324218750023,58.17955963749412],[12.103515625,58.16144440311912],[12.101318359375,58.13483307499412],[12.098876953125,58.12995026249412],[12.089990234375023,58.11762116093162],[12.088134765625,58.11315338749412],[12.090576171875,58.10900299686912],[12.099365234375,58.10138580936912],[12.101318359375,58.10011627811912],[12.113671875000023,58.06891510624412],[12.114990234375,58.05543854374412],[12.113671875000023,58.04450104374412],[12.1103515625,58.03339264530662],[12.10498046875,58.02313873905662],[12.09814453125,58.01447174686912],[12.096337890625023,58.00751373905662],[12.1025390625,57.98810455936912],[12.101318359375,57.97658112186912],[12.087304687500023,57.96393463749412],[12.04248046875,57.94142487186912],[12.032958984375,57.92506744999412],[12.026757812500023,57.90839264530662],[12.011962890625,57.88934967655662],[11.994287109375023,57.87213776249412],[11.97900390625,57.860467840619116],[11.957275390625,57.853143621869116],[11.905908203125023,57.845819403119116],[11.88623046875,57.836297918744116],[11.880273437500023,57.82929108280662],[11.870263671875023,57.81366608280662],[11.861572265625,57.80524323124412],[11.85302734375,57.80072662968162],[11.831298828125,57.79225494999412],[11.810449218750023,57.781366278119116]]]}},{"type":"Feature","properties":{"outlineWidth":2,"fillColor":"#00ffff"},"geometry":{"type":"MultiLineString","coordinates":[[[27.359472656250006,66.46698639530662],[27.367919921875,66.44867584843162],[27.363037109375,66.43873932499412],[27.3115234375,66.38507721561912],[27.2373046875,66.38251373905662],[27.201416015625,66.37433502811912],[27.170996093750006,66.35712311405662],[27.160400390625,66.34533112186912],[27.15673828125,66.33873932499412],[27.14990234375,66.33644440311912],[26.154394531250006,66.41474030155662],[26.119140625,66.42572662968162],[26.087890625,66.44025299686912],[26.094824218750006,66.44298737186912],[26.10888671875,66.45099518436912],[26.11572265625,66.45392487186912],[25.991455078125,66.50006744999412],[25.927001953125,66.51605866093162],[25.82763671875,66.52204010624412],[25.800537109375,66.51923248905662],[25.775146484375,66.51007721561912],[25.749267578125,66.49115631718162],[25.724609375,66.47931549686912],[25.663183593750006,66.47186920780662],[25.635986328125,66.46015045780662],[25.595458984375,66.42865631718162],[25.57275390625,66.42035553593162],[25.540429687500023,66.41920807499412],[25.4703125,66.42555573124412],[25.4326171875,66.41925690311912],[25.416259765625,66.39557526249412],[25.411865234375,66.38478424686912],[25.40156250000001,66.37763092655662],[25.390039062500023,66.37169830936912],[25.382080078125,66.36456940311912],[25.378515625,66.35419342655662],[25.378808593750023,66.34625885624412],[25.382080078125,66.33380768436912],[25.370703125,66.29315827030662],[25.369384765625,66.27423737186912],[25.382080078125,66.26215241093162],[25.3701171875,66.24787018436912],[25.351464843750023,66.21984284061912],[25.3349609375,66.20690338749412],[25.302636718750023,66.19264557499412]]]}},{"type":"Feature","properties":{"outlineWidth":2,"fillColor":"#00ffff"},"geometry":{"type":"MultiLineString","coordinates":[[[13.578515625000023,49.01320221561912],[13.61376953125,49.01002838749412],[13.6552734375,48.997430731244116],[13.712548828125023,48.963495184369116],[13.729736328125,48.961786199994116],[13.746337890625,48.96405670780662],[13.7685546875,48.959100653119116],[13.826171875,48.93561432499412],[13.8505859375,48.901239324994116],[13.859033203125023,48.89594147343162],[13.880029296875023,48.87567780155662],[13.93115234375,48.84035065311912],[13.944091796875,48.82814362186912],[13.953125,48.80304596561912],[13.9638671875,48.78754303593162],[13.984130859375,48.77777741093162]]]}},{"type":"Feature","properties":{"outlineWidth":2,"fillColor":"#00ffff"},"geometry":{"type":"MultiLineString","coordinates":[[[25.429589843750023,45.33759186405662],[25.409570312500023,45.29462311405662],[25.406347656250006,45.279901434369116],[25.41083984375001,45.26459381718162],[25.44287109375,45.21320221561912],[25.45068359375,45.18561432499412],[25.450439453125,45.16583893436912],[25.443261718750023,45.14789459843162],[25.430078125000023,45.12543366093162],[25.42724609375,45.11134674686912],[25.434326171875,45.07838776249412],[25.434179687500006,45.06342194218162],[25.427978515625,45.05060455936912],[25.41083984375001,45.03493073124412],[25.402441406250006,45.02350494999412],[25.401269531250023,44.98488190311912],[25.430566406250023,44.954950262494116],[25.473242187500006,44.93353912968162],[25.552148437500023,44.90626862186912],[25.620996093750023,44.869501043744116],[25.6533203125,44.84596588749412]]]}},{"type":"Feature","properties":{"outlineWidth":2,"fillColor":"#00ffff"},"geometry":{"type":"MultiLineString","coordinates":[[[32.544677734375,67.41041901249412],[32.53310546875002,67.40119049686912],[32.511474609375,67.38268463749412],[32.498144531250006,67.36120026249412],[32.51406250000002,67.32306549686912],[32.503515625,67.30548737186912],[32.467871093750006,67.27570221561912],[32.45156250000002,67.25739166874412],[32.44667968750002,67.24262116093162],[32.45156250000002,67.22809479374412],[32.46484375,67.21056549686912],[32.467871093750006,67.19176666874412],[32.455078125,67.17169830936912],[32.42431640625,67.14227936405662]]]}},{"type":"Feature","properties":{"outlineWidth":2,"fillColor":"#00ffff"},"geometry":{"type":"MultiLineString","coordinates":[[[-8.004150390625,53.66652252811912],[-8.004150390625,53.66652252811912],[-8.004150390625,53.66652252811912],[-8.017919921874977,53.65236237186912],[-8.031787109374989,53.630975653119116],[-8.0244140625,53.61054108280662],[-8.007080078125,53.587274481244116],[-7.984960937499977,53.56134674686912],[-7.972900390625,53.54542877811912],[-7.96533203125,53.52924225468162],[-7.957690429687489,53.49603912968162],[-7.957812499999989,53.454461981244116]]]}},{"type":"Feature","properties":{"outlineWidth":2,"fillColor":"#00ffff"},"geometry":{"type":"MultiLineString","coordinates":[[[18.015771484375023,49.671747137494116],[18.18359375,49.74928619999412],[18.19580078125,49.76117584843162],[18.200830078125023,49.77760651249412],[18.204980468750023,49.78107330936912],[18.21435546875,49.78590729374412],[18.223876953125,49.79340241093162],[18.22802734375,49.80495026249412],[18.223291015625023,49.82050202030662],[18.224609375,49.82904694218162],[18.23486328125,49.83624909061912],[18.22802734375,49.842401434369116],[18.243896484375,49.85231354374412],[18.281982421875,49.86591217655662],[18.30322265625,49.87721588749412],[18.316308593750023,49.891961981244116],[18.33349609375,49.922723699994116],[18.3447265625,49.92499420780662],[18.347070312500023,49.92824127811912],[18.3486328125,49.93109772343162],[18.350976562500023,49.93866608280662],[18.327539062500023,49.95014069218162],[18.265625,50.024286199994116],[18.245849609375,50.042108465619116],[18.239501953125,50.05060455936912],[18.23486328125,50.06220123905662],[18.23486328125,50.08204987186912],[18.231591796875023,50.09186432499412],[18.220605468750023,50.096307684369116],[18.220605468750023,50.103143621869116],[18.225244140625023,50.10407135624412],[18.228173828125023,50.10553619999412],[18.23486328125,50.10993073124412],[18.22802734375,50.10993073124412],[18.26220703125,50.18507721561912],[18.26220703125,50.192499090619116],[18.254785156250023,50.19391510624412],[18.250634765625023,50.19557526249412],[18.247216796875023,50.197381903119116],[18.24169921875,50.199335028119116],[18.24169921875,50.20558502811912],[18.253076171875023,50.214960028119116],[18.259912109375023,50.218133856244116],[18.26904296875,50.21979401249412],[18.26904296875,50.22601959843162],[18.262451171875,50.23248932499412],[18.259521484375,50.24079010624412],[18.259667968750023,50.25043366093162],[18.26220703125,50.26080963749412],[18.24853515625,50.26190827030662],[18.237060546875,50.26850006718162],[18.227685546875023,50.27789948124412],[18.215087890625,50.294061590619116],[18.191796875000023,50.31830475468162],[18.1865234375,50.31886627811912],[18.180810546875023,50.32050202030662],[18.1162109375,50.38349030155662],[18.111962890625023,50.39423248905662],[18.100244140625023,50.41310455936912],[18.022607421875023,50.44574616093162],[17.994287109375023,50.475702215619116],[17.988525390625,50.47650787968162],[17.982421875,50.48456452030662],[17.955078125,50.50153229374412],[17.947509765625,50.514032293744116],[17.958251953125,50.51984284061912],[17.959716796875,50.52533600468162],[17.956933593750023,50.53131744999412],[17.954980468750023,50.53827545780662],[17.956689453125023,50.548211981244116],[17.960595703125023,50.554071356244116],[17.964746093750023,50.55805084843162],[17.967431640625023,50.56244537968162],[17.967529296875,50.57843659061912],[17.964013671875023,50.59247467655662],[17.962158203125,50.606805731244116],[17.967431640625023,50.623895574994116],[17.950341796875023,50.63104889530662],[17.9345703125,50.65228912968162],[17.912744140625023,50.69281647343162],[17.903564453125,50.70246002811912],[17.878662109375,50.720086981244116],[17.869873046875,50.729852606244116],[17.859130859375,50.74689362186912],[17.851318359375,50.75421784061912],[17.84130859375,50.75763580936912],[17.803466796875,50.76105377811912],[17.7919921875,50.765252996869116],[17.761962890625,50.78095123905662],[17.710839843750023,50.79535553593162],[17.68798828125,50.80463287968162],[17.665771484375,50.821893621869116],[17.657128906250023,50.81806061405662],[17.649316406250023,50.81696198124412],[17.641015625000023,50.818231512494116],[17.631591796875,50.821893621869116],[17.621728515625023,50.82912018436912],[17.617431640625,50.83698151249412],[17.615234375,50.844354559369116],[17.611083984375,50.84979889530662],[17.591796875,50.85651276249412],[17.571533203125,50.855829168744116],[17.52978515625,50.84979889530662],[17.5126953125,50.85236237186912],[17.4951171875,50.85914948124412],[17.479248046875,50.86798737186912],[17.467675781250023,50.87714264530662],[17.462792968750023,50.88373444218162],[17.455078125,50.89777252811912],[17.447265625,50.90504791874412],[17.435791015625,50.910028387494116],[17.412841796875,50.91425202030662],[17.402587890625,50.92182037968162],[17.315673828125,50.95045807499412],[17.311279296875,50.96198151249412],[17.316308593750023,50.99757721561912],[17.307763671875023,51.00995514530662],[17.270166015625023,51.02667877811912],[17.26171875,51.03851959843162],[17.253076171875023,51.04682037968162],[17.233544921875023,51.05006744999412],[17.212792968750023,51.04828522343162],[17.2001953125,51.041620184369116],[17.193359375,51.041620184369116],[17.1904296875,51.05202057499412],[17.1826171875,51.05634186405662],[17.171533203125023,51.05670807499412],[17.15869140625,51.055292059369116],[17.168603515625023,51.07245514530662],[17.162744140625023,51.084833074994116],[17.1318359375,51.10370514530662],[17.103906250000023,51.10126373905662],[17.066796875000023,51.10597565311912],[17.033203125,51.116327215619116],[17.015283203125023,51.130975653119116]]]}},{"type":"Feature","properties":{"outlineWidth":2,"fillColor":"#00ffff"},"geometry":{"type":"MultiLineString","coordinates":[[[1.580322265625,43.814325262494116],[1.5185546875,43.851190496869116],[1.470703125,43.89606354374412],[1.451416015625,43.90802643436912],[1.385400390625023,43.92352936405662],[1.366113281250023,43.93427155155662],[1.355126953125023,43.94818756718162],[1.329003906250023,44.01129791874412],[1.326904296875,44.01808502811912],[1.323974609375,44.02460358280662],[1.317138671875,44.03388092655662],[1.2470703125,44.10382721561912],[1.225732421875023,44.11549713749412],[1.19921875,44.11847565311912],[1.142822265625,44.107538153119116],[1.12353515625,44.10695221561912],[1.08544921875,44.11774323124412],[1.07080078125,44.11737702030662],[1.05810546875,44.11310455936912],[1.0458984375,44.10602448124412],[1.035888671875,44.09650299686912],[1.028812451335451,44.082887577633564]]]}},{"type":"Feature","properties":{"outlineWidth":2,"fillColor":"#00ffff"},"geometry":{"type":"MultiLineString","coordinates":[[[8.620507812500023,45.72638580936912],[8.592431640625023,45.73847077030662],[8.586572265625023,45.74420807499412],[8.56884765625,45.76581452030662],[8.562890625000023,45.79291412968162],[8.57373046875,45.81171295780662],[8.584375,45.82477448124412],[8.594873046875023,45.84149811405662],[8.595849609375023,45.86334869999412],[8.583740234375,45.88617584843162],[8.57763671875,45.90509674686912],[8.58740234375,45.92218659061912],[8.607324218750023,45.93634674686912],[8.628320312500023,45.94574616093162],[8.652490234375023,45.96466705936912],[8.70166015625,46.00043366093162],[8.72998046875,46.03595612186912],[8.723876953125,46.06122467655662],[8.72607421875,46.087274481244116],[8.737548828125,46.10963776249412],[8.761376953125023,46.12836334843162],[8.786035156250023,46.144403387494116],[8.817041015625023,46.15985748905662],[8.843164062500023,46.17169830936912]]]}},{"type":"Feature","properties":{"outlineWidth":2,"fillColor":"#00ffff"},"geometry":{"type":"MultiLineString","coordinates":[[[18.461181640625,68.10553619999412],[18.49267578125,68.08368561405662],[18.518310546875,68.05739166874412],[18.533203125,68.02101471561912],[18.561181640625023,68.00006744999412]]]}},{"type":"Feature","properties":{"outlineWidth":2,"fillColor":"#00ffff"},"geometry":{"type":"MultiLineString","coordinates":[[[-5.99560546875,39.85187409061912],[-5.9404296875,39.83698151249412],[-5.900732421874977,39.81959869999412],[-5.82470703125,39.797235418744116],[-5.802587890624977,39.79225494999412],[-5.730639648437489,39.798456121869116],[-5.663623046874989,39.79103424686912],[-5.6279296875,39.79535553593162],[-5.597827148437489,39.80341217655662],[-5.572509765625,39.81447174686912],[-5.54443359375,39.828241278119116],[-5.505664062499989,39.83307526249412],[-5.465039062499983,39.83319733280662],[-5.433935546874977,39.83571198124412],[-5.391748046874994,39.83449127811912],[-5.360595703125,39.82440827030662],[-5.343359374999977,39.80963776249412],[-5.309375,39.79755280155662],[-5.276318359374983,39.79103424686912],[-5.25537109375,39.79352448124412],[-5.239062499999989,39.80341217655662],[-5.224218749999977,39.81012604374412],[-5.216723632812489,39.812127996869116],[-5.214892578124989,39.81232330936912]]]}},{"type":"Feature","properties":{"outlineWidth":2,"fillColor":"#00ffff"},"geometry":{"type":"MultiLineString","coordinates":[[[1.404296875,43.51764557499412],[1.404296875,43.51764557499412],[1.404296875,43.51764557499412],[1.404296875,43.51764557499412],[1.404296875,43.51764557499412],[1.433740234375023,43.55499909061912],[1.408593750000023,43.62457916874412],[1.329833984375,43.73732330936912],[1.325097656250023,43.74079010624412],[1.3125,43.74782135624412],[1.308740234375023,43.75104401249412],[1.304931640625,43.75978424686912],[1.301904296875023,43.775751043744116],[1.298730468750023,43.78143952030662],[1.271728515625,43.801874090619116],[1.25927734375,43.81415436405662],[1.254150390625,43.82892487186912],[1.24951171875,43.83405182499412],[1.219970703125,43.880731512494116]]]}},{"type":"Feature","properties":{"outlineWidth":2,"fillColor":"#00ffff"},"geometry":{"type":"MultiLineString","coordinates":[[[-7.957812499999989,53.454461981244116],[-7.9326171875,53.39789459843162],[-7.93310546875,53.375604559369116],[-7.9625,53.35182526249412],[-8.004150390625,53.33009674686912],[-8.0126953125,53.32379791874412],[-8.020361328124977,53.31391022343162],[-8.041845703124977,53.29242584843162],[-8.047778320312489,53.28204987186912],[-8.044677734375,53.27265045780662],[-8.031420898437489,53.26178619999412],[-7.9775390625,53.23651764530662],[-7.969335937499977,53.22455475468162],[-7.976806640625,53.207391668744116],[-7.994873046875,53.19708893436912],[-8.038281249999983,53.18671295780662],[-8.094287109374989,53.16266510624412],[-8.117041015624977,53.15944244999412],[-8.1376953125,53.152704168744116],[-8.154296875,53.13641998905662],[-8.182226562499977,53.09735748905662],[-8.198535156249989,53.078729559369116]]]}},{"type":"Feature","properties":{"outlineWidth":2,"fillColor":"#00ffff"},"geometry":{"type":"MultiLineString","coordinates":[[[7.798583984375,46.32465241093162],[7.626708984375,46.331415106244116],[7.604248046875,46.32721588749412],[7.56787109375,46.308954168744116],[7.476464843750023,46.29047272343162],[7.429589843750023,46.261346746869116],[7.391259765625023,46.25392487186912],[7.361572265625,46.23725006718162],[7.1953125,46.181268621869116],[7.10205078125,46.13209869999412],[7.07177734375,46.12824127811912],[7.06298828125,46.13397858280662],[7.051660156250023,46.145379949994116],[7.041894531250023,46.15773346561912],[7.037744140625023,46.166131903119116],[7.036865234375,46.186883856244116],[7.033349609375023,46.200067449994116],[7.02587890625,46.20990631718162],[7.00341796875,46.23078034061912],[6.93994140625,46.307489324994116],[6.935302734375,46.31659577030662],[6.930908203125,46.33424713749412],[6.920166015625,46.34015534061912],[6.90673828125,46.34210846561912],[6.894287109375,46.34796784061912],[6.890527343750023,46.35541412968162],[6.891748046875023,46.36286041874412],[6.894189453125023,46.36957428593162],[6.894287109375,46.37470123905662],[6.887939453125,46.38324616093162],[6.873046875,46.395379949994116],[6.866357421875023,46.40260651249412]]]}},{"type":"Feature","properties":{"outlineWidth":2,"fillColor":"#00ffff"},"geometry":{"type":"MultiLineString","coordinates":[[[-4.675463867187489,57.14796784061912],[-4.694091796875,57.14186432499412],[-4.705078125,57.13519928593162],[-4.714111328125,57.12787506718162],[-4.721972656249989,57.12006256718162],[-4.752294921874977,57.07904694218162],[-4.775146484375,57.07111237186912],[-4.835864257812489,57.01019928593162]]]}},{"type":"Feature","properties":{"outlineWidth":2,"fillColor":"#00ffff"},"geometry":{"type":"MultiLineString","coordinates":[[[13.74462890625,47.11786530155662],[13.776757812500023,47.12872955936912],[13.798730468750023,47.130975653119116],[13.809814453125,47.12208893436912],[13.814111328125023,47.106561590619116],[13.82177734375,47.090448309369116],[13.8330078125,47.08698151249412],[13.88623046875,47.08002350468162],[13.904443359375023,47.07990143436912],[13.96875,47.09784577030662],[13.989648437500023,47.10040924686912],[14.003808593750023,47.10504791874412],[14.01708984375,47.11530182499412],[14.032861328125023,47.12482330936912],[14.054589843750023,47.12763092655662],[14.065332031250023,47.125116278119116],[14.0859375,47.11652252811912],[14.0966796875,47.11403229374412],[14.140527343750023,47.12086823124412],[14.2041015625,47.120233465619116],[14.218994140625,47.12201569218162],[14.273193359375,47.14032623905662],[14.367333984375023,47.14740631718162]]]}},{"type":"Feature","properties":{"outlineWidth":2,"fillColor":"#00ffff"},"geometry":{"type":"MultiLineString","coordinates":[[[1.716064453125,45.746698309369116],[1.70068359375,45.75446198124412],[1.689208984375,45.76203034061912],[1.681054687500023,45.76544830936912],[1.6513671875,45.76515534061912],[1.608642578125,45.77716705936912],[1.557031250000023,45.78290436405662],[1.525146484375,45.79376862186912],[1.497460937500023,45.80902741093162],[1.454345703125,45.844354559369116],[1.3974609375,45.90228912968162],[1.383056640625,45.894891668744116],[1.333740234375,45.879999090619116],[1.322998046875,45.87164948124412],[1.3134765625,45.85329010624412],[1.29150390625,45.84149811405662],[1.247314453125,45.82660553593162],[1.215087890625,45.804071356244116],[1.1982421875,45.79572174686912],[1.17529296875,45.79242584843162],[1.153466796875023,45.79608795780662],[1.138427734375,45.80560944218162],[1.116943359375,45.83405182499412],[1.086816406250023,45.863153387494116],[1.053857421875023,45.875604559369116],[0.880517578125023,45.89552643436912],[0.794824218750023,45.88185455936912],[0.750732421875,45.884393621869116],[0.693359375,45.895624090619116],[0.652734375000023,45.91718170780662],[0.658349609375023,45.95075104374412],[0.655664062500023,45.96559479374412],[0.6845703125,46.06879303593162],[0.6875,46.08917877811912],[0.687646484375023,46.10846588749412],[0.6845703125,46.12746002811912]]]}},{"type":"Feature","properties":{"outlineWidth":2,"fillColor":"#00ffff"},"geometry":{"type":"MultiLineString","coordinates":[[[-2.617773437499977,39.69733307499412],[-2.610449218749977,39.68385651249412],[-2.575439453125,39.657831121869116],[-2.563159179687489,39.64581940311912],[-2.556445312499989,39.608758856244116],[-2.577490234374977,39.54303619999412],[-2.566259765624977,39.51203034061912],[-2.5654296875,39.50018952030662],[-2.580517578124983,39.46356842655662],[-2.583593749999977,39.447137762494116],[-2.578662109374989,39.42890045780662],[-2.571923828124994,39.411981512494116],[-2.569384765624989,39.39374420780662],[-2.576855468749983,39.371454168744116],[-2.605761718749989,39.35419342655662],[-2.634619140624977,39.34132721561912],[-2.66796875,39.33327057499412],[-2.749316406249989,39.32977936405662],[-2.767675781249977,39.332635809369116],[-2.78173828125,39.34747955936912],[-2.823828124999977,39.37885162968162],[-2.851611328124989,39.36090729374412],[-2.896728515625,39.35504791874412],[-3.030175781249994,39.35382721561912],[-3.12548828125,39.32367584843162],[-3.164599609374989,39.31659577030662]]]}},{"type":"Feature","properties":{"outlineWidth":2,"fillColor":"#00ffff"},"geometry":{"type":"MultiLineString","coordinates":[[[5.3310546875,51.96295807499412],[5.310302734375,51.959588934369116],[5.254150390625,51.97902252811912],[5.239160156250023,51.97699616093162],[5.22119140625,51.96832916874412],[5.197265625,51.96552155155662],[5.172753906250023,51.96759674686912],[5.153955078125023,51.97389557499412],[5.14453125,51.98114655155662],[5.130615234375,51.99591705936912],[5.118408203125,52.001825262494116],[5.104736328125,52.00372955936912],[5.095458984375,52.00079987186912],[5.086572265625023,51.99660065311912],[5.063720703125,51.99274323124412],[5.054833984375023,51.98847077030662],[5.040283203125,51.97699616093162],[5.030175781250023,51.974237371869116],[4.98876953125,51.980096746869116],[4.986718750000023,51.97853424686912],[4.95458984375,51.96705963749412],[4.926513671875,51.94916412968162],[4.91650390625,51.94660065311912],[4.850976562500023,51.94916412968162],[4.83056640625,51.94660065311912],[4.776123046875,51.92238190311912],[4.740136718750023,51.91603424686912],[4.680908203125,51.89813873905662],[4.594970703125,51.89813873905662],[4.571679687500023,51.90138580936912],[4.527978515625023,51.91547272343162],[4.509033203125,51.91864655155662],[4.461181640625,51.90558502811912],[4.3408203125,51.895624090619116],[4.308837890625,51.89826080936912],[4.277001953125023,51.912225653119116],[4.238183593750023,51.91864655155662],[4.127685546875,51.98212311405662],[4.098388671875,51.98908112186912]]]}},{"type":"Feature","properties":{"outlineWidth":2,"fillColor":"#00ffff"},"geometry":{"type":"MultiLineString","coordinates":[[[11.900634765625,61.92731354374412],[11.85,61.93444244999412],[11.826806640625023,61.93671295780662],[11.795068359375023,61.93073151249412]]]}},{"type":"Feature","properties":{"outlineWidth":2,"fillColor":"#00ffff"},"geometry":{"type":"MultiLineString","coordinates":[[[19.511865234375023,44.98322174686912],[19.619140625,44.96381256718162],[19.646386718750023,44.96356842655662],[19.656640625000023,44.95978424686912],[19.66064453125,44.94647858280662],[19.66748046875,44.93610260624412],[19.68310546875,44.93190338749412],[19.7001953125,44.92970612186912],[19.722070312500023,44.921014715619116],[19.748925781250023,44.91847565311912],[19.7568359375,44.915399481244116],[19.758544921875,44.90497467655662],[19.753173828125,44.89210846561912],[19.7099609375,44.83026764530662],[19.70068359375,44.80763580936912],[19.704980468750023,44.78876373905662],[19.711328125000023,44.78004791874412],[19.715478515625023,44.77199127811912],[19.72021484375,44.76447174686912],[19.72900390625,44.75775787968162],[19.745263671875023,44.75226471561912],[19.796533203125023,44.751581121869116],[19.84619140625,44.73346588749412],[19.872705078125023,44.71974518436912],[19.8896484375,44.70685455936912],[19.913964843750023,44.695428778119116],[19.982568359375023,44.695917059369116],[20.010009765625,44.68891022343162],[19.989648437500023,44.678583074994116],[19.930810546875023,44.659295965619116],[19.920654296875,44.64789459843162],[19.9404296875,44.63178131718162],[19.973388671875,44.64118073124412],[20.006591796875,44.66168854374412],[20.027099609375,44.67890045780662],[20.04541015625,44.69025299686912],[20.105859375000023,44.712518621869116],[20.126123046875023,44.71681549686912],[20.134765625,44.71686432499412],[20.141259765625023,44.71613190311912],[20.14697265625,44.71412994999412],[20.154052734375,44.71063873905662],[20.158105468750023,44.70563385624412],[20.158105468750023,44.693231512494116],[20.160302734375023,44.68891022343162],[20.170166015625,44.685174871869116],[20.1865234375,44.682733465619116],[20.201904296875,44.68610260624412],[20.214111328125,44.71198151249412],[20.225830078125,44.721551824994116],[20.237451171875023,44.723749090619116],[20.242822265625023,44.71369049686912],[20.240136718750023,44.69977448124412],[20.23583984375,44.69459869999412],[20.236083984375,44.690301824994116],[20.24658203125,44.67890045780662],[20.274316406250023,44.66474030155662],[20.292382812500023,44.67902252811912],[20.311767578125,44.72980377811912],[20.32177734375,44.74391510624412],[20.361230468750023,44.78412506718162],[20.376611328125023,44.79254791874412],[20.39013671875,44.79469635624412],[20.417236328125,44.80402252811912],[20.431298828125023,44.80621979374412],[20.441162109375,44.81037018436912],[20.446923828125023,44.83161041874412],[20.455078125,44.84027741093162]]]}},{"type":"Feature","properties":{"outlineWidth":2,"fillColor":"#00ffff"},"geometry":{"type":"MultiLineString","coordinates":[[[9.733789062500023,61.62055084843162],[9.773193359375,61.59430573124412],[9.834716796875,61.58888580936912],[9.874755859375,61.58165924686912],[9.909423828125,61.58014557499412],[9.9453125,61.56456940311912],[10.041259765625,61.55988190311912],[10.07861328125,61.55353424686912],[10.11279296875,61.54503815311912],[10.1396484375,61.53388092655662],[10.159912109375,61.52118561405662],[10.171289062500023,61.50629303593162],[10.18505859375,61.45924713749412],[10.202392578125,61.43165924686912],[10.22607421875,61.40602448124412],[10.267333984375,61.37526276249412],[10.277587890625,61.35639069218162],[10.283593750000023,61.33849518436912],[10.294824218750023,61.31867096561912],[10.285888671875,61.30079987186912],[10.289306640625,61.29274323124412],[10.309326171875,61.28705475468162],[10.3837890625,61.27924225468162],[10.423828125,61.27484772343162],[10.44140625,61.24953034061912],[10.414697265625023,61.22643463749412],[10.399804687500023,61.16613190311912],[10.400537109375023,61.13825104374412],[10.42919921875,61.12218659061912]]]}},{"type":"Feature","properties":{"outlineWidth":2,"fillColor":"#00ffff"},"geometry":{"type":"MultiLineString","coordinates":[[[28.878173828125,67.90143463749412],[28.861914062500006,67.87213776249412],[28.856835937500023,67.86542389530662],[28.827246093750006,67.84076569218162],[28.822021484375,67.83124420780662],[28.82080078125,67.82343170780662],[28.823632812500023,67.82184479374412],[28.829980468750023,67.82057526249412],[28.83935546875,67.81354401249412],[28.848535156250023,67.79608795780662],[28.841552734375,67.78412506718162],[28.808349609375,67.76232330936912],[28.718017578125,67.67633698124412],[28.685449218750023,67.65314362186912],[28.56416015625001,67.60768463749412],[28.52783203125,67.58424713749412],[28.45576171875001,67.52411530155662],[28.415136718750006,67.49921295780662],[28.369531250000023,67.48114655155662],[28.321875,67.47553131718162],[28.31171875000001,67.47125885624412],[28.292382812500023,67.44899323124412],[28.281640625000023,67.44086334843162],[28.26708984375,67.43402741093162],[28.182714843750006,67.41205475468162],[28.1572265625,67.39862702030662],[28.177734375,67.35768463749412],[28.177832031250006,67.34826080936912],[28.175195312500023,67.33966705936912],[28.178125,67.33336823124412],[28.2138671875,67.32789948124412],[28.268310546875,67.31122467655662],[28.28076171875,67.30304596561912],[28.274316406250023,67.27850983280662],[28.248437500000023,67.27135651249412],[28.195068359375,67.27570221561912],[28.181542968750023,67.28009674686912],[28.149511718750006,67.30194733280662],[28.13046875,67.31049225468162],[28.10664062500001,67.31452057499412],[28.08447265625,67.31220123905662],[28.06796875,67.30114166874412],[28.061621093750006,67.27912018436912],[28.066015625,67.26915924686912],[28.085205078125,67.25629303593162],[28.089599609375,67.24469635624412],[28.0859375,67.23627350468162],[28.076904296875,67.22936432499412],[28.065820312500023,67.22431061405662],[28.055419921875,67.22113678593162],[27.991943359375,67.21442291874412]]]}},{"type":"Feature","properties":{"outlineWidth":2,"fillColor":"#00ffff"},"geometry":{"type":"MultiLineString","coordinates":[[[-7.258398437499977,43.194452215619116],[-7.349707031249977,43.25531647343162],[-7.361572265625,43.25995514530662],[-7.377050781249977,43.26105377811912],[-7.3994140625,43.25653717655662],[-7.417333984374977,43.24677155155662],[-7.43125,43.232538153119116],[-7.441821289062489,43.21486237186912],[-7.443359375,43.204706121869116],[-7.44189453125,43.19647858280662],[-7.444873046874989,43.18854401249412],[-7.459814453124977,43.17914459843162],[-7.478076171874989,43.17670319218162],[-7.519677734374994,43.18165924686912],[-7.536059570312489,43.17694733280662],[-7.592871093749977,43.14325592655662],[-7.607470703124989,43.127069403119116],[-7.623388671874977,43.08661530155662],[-7.617041015624977,43.05548737186912],[-7.5947265625,43.02858307499412],[-7.548583984375,42.98981354374412]]]}},{"type":"Feature","properties":{"outlineWidth":2,"fillColor":"#00ffff"},"geometry":{"type":"MultiLineString","coordinates":[[[11.072265625,61.42279694218162],[11.214599609375,61.37152741093162],[11.23486328125,61.35680573124412],[11.251367187500023,61.32164948124412],[11.269775390625,61.30658600468162],[11.290283203125,61.29389069218162],[11.304833984375023,61.28234284061912],[11.315185546875,61.26618073124412],[11.323876953125023,61.24635651249412],[11.329833984375,61.22479889530662],[11.332177734375023,61.20324127811912],[11.335351562500023,61.19367096561912],[11.349365234375,61.17938873905662],[11.352685546875023,61.16906159061912],[11.363525390625,61.14728424686912],[11.365869140625023,61.13727448124412],[11.362939453125023,61.12169830936912],[11.357568359375023,61.10370514530662],[11.357177734375,61.08441803593162],[11.369287109375023,61.06525299686912],[11.401123046875,61.03253815311912],[11.417626953125023,61.01947662968162],[11.466455078125023,60.99713776249412],[11.47900390625,60.98956940311912],[11.48876953125,60.97955963749412],[11.495751953125023,60.94428131718162],[11.498681640625023,60.93859284061912],[11.5166015625,60.92926666874412],[11.525537109375023,60.90741608280662],[11.530664062500023,60.88258698124412],[11.53759765625,60.86403229374412],[11.54736328125,60.85548737186912],[11.5576171875,60.85138580936912],[11.568359375,60.84845612186912],[11.5791015625,60.84352448124412],[11.586816406250023,60.83673737186912],[11.599365234375,60.82111237186912],[11.605859375000023,60.81561920780662],[11.626123046875023,60.81178619999412],[11.653955078125023,60.81098053593162],[11.679931640625,60.80739166874412],[11.695214843750023,60.79511139530662],[11.702050781250023,60.80255768436912],[11.705810546875,60.79633209843162],[11.711181640625,60.79054596561912],[11.71728515625,60.78558991093162],[11.723876953125,60.78204987186912],[11.725341796875,60.77411530155662],[11.76171875,60.74474518436912],[11.77099609375,60.73053619999412],[11.778564453125,60.71198151249412],[11.796630859375,60.70233795780662],[11.817285156250023,60.69396393436912],[11.8330078125,60.67907135624412],[11.840087890625,60.64569733280662],[11.89599609375,60.62567780155662],[11.962792968750023,60.61168854374412],[12.003173828125,60.59650299686912],[12.00537109375,60.58986237186912],[12.010498046875,60.56232330936912],[12.027587890625,60.52484772343162]]]}},{"type":"Feature","properties":{"outlineWidth":2,"fillColor":"#00ffff"},"geometry":{"type":"MultiLineString","coordinates":[[[2.7548828125,45.593866278119116],[2.73095703125,45.59523346561912],[2.696044921875,45.61054108280662],[2.639892578125,45.61762116093162],[2.618896484375,45.61798737186912],[2.597314453125023,45.61432526249412],[2.588769531250023,45.610223699994116],[2.552636718750023,45.58576080936912]]]}},{"type":"Feature","properties":{"outlineWidth":2,"fillColor":"#00ffff"},"geometry":{"type":"MultiLineString","coordinates":[[[4.403125,51.70827057499412],[4.323974609375,51.72870514530662],[4.256201171875006,51.75702545780662],[4.16015625,51.80075104374412],[4.077832031250011,51.84367096561912]]]}},{"type":"Feature","properties":{"outlineWidth":2,"fillColor":"#00ffff"},"geometry":{"type":"MultiLineString","coordinates":[[[23.18359375,42.49457428593162],[23.168359375000023,42.49823639530662],[23.161865234375,42.50092194218162],[23.154931640625023,42.505243231244116],[23.152490234375023,42.50983307499412],[23.152978515625023,42.52216217655662],[23.151123046875,42.52692291874412],[23.144677734375023,42.530877996869116],[23.129785156250023,42.53656647343162],[23.124169921875023,42.54096100468162],[23.1142578125,42.56207916874412],[23.109375,42.58209869999412],[23.100341796875,42.599237371869116],[23.078515625000023,42.61188385624412],[23.05322265625,42.616571356244116],[23.023583984375023,42.61737702030662],[22.993896484375,42.614618231244116],[22.968994140625,42.60846588749412],[22.95166015625,42.59516022343162],[22.94677734375,42.57619049686912],[22.9462890625,42.55397369999412],[22.942626953125,42.53082916874412],[22.931542968750023,42.50739166874412],[22.920800781250023,42.50050690311912],[22.908105468750023,42.50519440311912],[22.891015625000023,42.51654694218162],[22.870019531250023,42.52631256718162],[22.84765625,42.529657293744116],[22.825097656250023,42.52741119999412],[22.802636718750023,42.52077057499412]]]}},{"type":"Feature","properties":{"outlineWidth":2,"fillColor":"#00ffff"},"geometry":{"type":"MultiLineString","coordinates":[[[15.128662109375,40.898065496869116],[15.144189453125023,40.90045807499412],[15.193359375,40.89948151249412],[15.204736328125023,40.90228912968162],[15.226318359375,40.91095612186912],[15.2373046875,40.91383698124412],[15.247314453125,40.91412994999412],[15.341210937500023,40.89796784061912],[15.470703125,40.90167877811912],[15.489160156250023,40.90729401249412],[15.523681640625,40.92409088749412],[15.536376953125,40.93317291874412],[15.5439453125,40.94379303593162],[15.554931640625,40.971551824994116]]]}},{"type":"Feature","properties":{"outlineWidth":2,"fillColor":"#00ffff"},"geometry":{"type":"MultiLineString","coordinates":[[[19.48046875,42.06647369999412],[19.489404296875023,42.05988190311912],[19.494042968750023,42.04909088749412],[19.494287109375023,42.03712799686912],[19.489892578125023,42.026971746869116],[19.482177734375,42.02247955936912],[19.462548828125023,42.02077057499412],[19.456689453125023,42.01850006718162],[19.447021484375,42.00983307499412],[19.4345703125,42.004754949994116],[19.408203125,42.00092194218162],[19.392578125,42.00604889530662],[19.382226562500023,42.00580475468162],[19.373779296875,41.99757721561912],[19.365234375,41.96991608280662],[19.359277343750023,41.96625397343162],[19.35107421875,41.96539948124412],[19.345849609375023,41.961786199994116],[19.352294921875,41.93878815311912],[19.349853515625,41.93165924686912],[19.34619140625,41.92645905155662],[19.344873046875023,41.92145416874412],[19.345361328125023,41.91474030155662],[19.3447265625,41.91058991093162],[19.347070312500023,41.906610418744116],[19.3564453125,41.89992096561912],[19.364501953125,41.88922760624412],[19.363671875000023,41.86310455936912],[19.365136718750023,41.85236237186912]]]}},{"type":"Feature","properties":{"outlineWidth":2,"fillColor":"#00ffff"},"geometry":{"type":"MultiLineString","coordinates":[[[0.136865234375023,44.48407623905662],[0.12841796875,44.50031159061912],[0.123779296875,44.504510809369116],[0.1171875,44.505243231244116],[0.102148437500006,44.50324127811912],[0.095898437500011,44.504510809369116],[0.075390625000011,44.51874420780662],[0.073828125,44.52301666874412],[0.074121093750023,44.52973053593162],[0.072460937500011,44.53595612186912],[0.064843750000023,44.53864166874412],[0.041650390625023,44.53327057499412],[0.031640625000023,44.53541901249412],[0.027661132812511,44.54889557499412],[0.020581054687511,44.557001043744116],[-0.027636718749989,44.56598541874412],[-0.0361328125,44.58258698124412],[-0.041308593749989,44.58649323124412],[-0.05126953125,44.58693268436912],[-0.060107421874989,44.58454010624412],[-0.068115234375,44.58136627811912],[-0.075488281249989,44.57965729374412],[-0.133496093749983,44.57965729374412],[-0.2294921875,44.56806061405662],[-0.260351562499977,44.57343170780662],[-0.284326171874994,44.588006903119116],[-0.371826171875,44.69098541874412],[-0.383886718749977,44.69977448124412],[-0.433837890625,44.717401434369116],[-0.500341796874977,44.75836823124412],[-0.52001953125,44.77826569218162],[-0.527929687499977,44.80963776249412],[-0.534960937499989,44.82367584843162],[-0.550634765624977,44.83258698124412],[-0.566943359374989,44.83937409061912],[-0.575732421874989,44.84718659061912],[-0.573486328125,44.86102936405662],[-0.549658203124977,44.881952215619116],[-0.541699218749983,44.89801666874412]]]}},{"type":"Feature","properties":{"outlineWidth":2,"fillColor":"#00ffff"},"geometry":{"type":"MultiLineString","coordinates":[[[-0.048779296874983,51.50092194218162],[-0.037646484374989,51.49750397343162],[-0.006591796875,51.49408600468162],[0.009912109375023,51.500604559369116],[0.020654296875023,51.50238678593162],[0.048291015625011,51.49115631718162],[0.071923828125023,51.49249909061912],[0.128662109375,51.50458405155662],[0.1484375,51.50519440311912],[0.16845703125,51.49945709843162],[0.188378906250023,51.48383209843162],[0.203369140625,51.47650787968162],[0.274658203125,51.45997955936912],[0.306298828125023,51.466913153119116],[0.322265625,51.46698639530662],[0.329248046875023,51.45656159061912],[0.337548828125023,51.44874909061912],[0.356347656250023,51.446405340619116],[0.3681640625,51.44879791874412],[0.384521484375,51.45314362186912]]]}},{"type":"Feature","properties":{"outlineWidth":2,"fillColor":"#00ffff"},"geometry":{"type":"MultiLineString","coordinates":[[[19.97509765625,67.75507233280662],[19.923730468750023,67.75824616093162],[19.895166015625023,67.76842682499412],[19.840087890625,67.78473541874412],[19.783105468750023,67.79083893436912],[19.707763671875,67.80714752811912],[19.638427734375,67.80919830936912],[19.522363281250023,67.82343170780662],[19.389892578125,67.83571198124412],[19.32470703125,67.83571198124412],[19.20849609375,67.82953522343162],[19.084228515625,67.83361237186912],[19.038818359375,67.83893463749412]]]}},{"type":"Feature","properties":{"outlineWidth":2,"fillColor":"#00ffff"},"geometry":{"type":"MultiLineString","coordinates":[[[19.97509765625,67.75507233280662],[20.119873046875,67.72406647343162],[20.24072265625,67.70729401249412],[20.290771484375,67.70534088749412],[20.340722656250023,67.71071198124412],[20.395263671875,67.70128815311912],[20.444482421875023,67.67780182499412],[20.560693359375023,67.65656159061912],[20.679101562500023,67.63805573124412],[20.796044921875023,67.59589264530662],[20.913964843750023,67.55621979374412],[21.013085937500023,67.51471588749412],[21.111083984375,67.48053619999412],[21.218896484375023,67.47365143436912],[21.326806640625023,67.47223541874412],[21.447998046875,67.46876862186912],[21.5693359375,67.46137116093162],[21.615625,67.46788971561912],[21.660791015625023,67.48187897343162],[21.721826171875023,67.47626373905662],[21.783837890625023,67.46251862186912],[21.799462890625023,67.46002838749412],[21.81494140625,67.45704987186912],[21.824462890625,67.44728424686912],[21.832910156250023,67.43805573124412],[21.866455078125,67.42890045780662],[21.89892578125,67.41632721561912],[21.91552734375,67.41107819218162],[21.930419921875,67.40277741093162],[21.930078125000023,67.38991119999412],[21.927734375,67.37780182499412],[21.960595703125023,67.35504791874412],[21.999902343750023,67.34450104374412]]]}},{"type":"Feature","properties":{"outlineWidth":2,"fillColor":"#00ffff"},"geometry":{"type":"MultiLineString","coordinates":[[[25.759521484375,46.44086334843162],[25.759863281250006,46.38405182499412],[25.766357421875,46.35956452030662],[25.780517578125,46.34113190311912],[25.8453125,46.31325104374412],[25.855078125,46.30267975468162],[25.858007812500006,46.28656647343162],[25.865478515625,46.26801178593162],[25.883056640625,46.23810455936912],[25.897216796875,46.22016022343162],[25.900146484375,46.21198151249412],[25.896582031250006,46.20460846561912],[25.9013671875,46.18532135624412],[25.890722656250006,46.16705963749412],[25.876220703125,46.14765045780662],[25.86181640625,46.10089752811912],[25.838134765625,46.05731842655662],[25.842041015625,46.03883698124412],[25.825439453125,46.02191803593162],[25.83447265625,46.00050690311912],[25.863183593750023,45.970575262494116],[25.86376953125,45.96027252811912],[25.862060546875,45.94757721561912],[25.855078125,45.92340729374412],[25.832275390625,45.89191315311912],[25.82832031250001,45.88527252811912],[25.825097656250023,45.88153717655662],[25.810546875,45.87555573124412],[25.807373046875,45.87164948124412],[25.807373046875,45.84393952030662],[25.8046875,45.83258698124412],[25.79833984375,45.820917059369116],[25.78369140625,45.80304596561912],[25.768310546875,45.76508209843162],[25.762597656250023,45.758905340619116],[25.7470703125,45.75661041874412],[25.732666015625,45.75263092655662],[25.718652343750023,45.751825262494116],[25.704345703125,45.758905340619116],[25.696533203125,45.75397369999412],[25.688867187500023,45.75172760624412],[25.670654296875,45.75153229374412],[25.668847656250023,45.78485748905662],[25.637451171875,45.80792877811912],[25.567138671875,45.84088776249412],[25.557714843750006,45.85419342655662],[25.553808593750006,45.86957428593162],[25.55234375,45.93475983280662],[25.554296875,45.956903387494116],[25.560791015625,45.970575262494116],[25.560791015625,45.97804596561912],[25.55810546875,45.98786041874412],[25.57080078125,46.02130768436912],[25.567138671875,46.03883698124412],[25.554589843750023,46.04547760624412],[25.53369140625,46.049432684369116],[25.51416015625,46.048944403119116],[25.505615234375,46.042596746869116],[25.488037109375,46.02020905155662],[25.446533203125,46.01752350468162],[25.398681640625,46.01959869999412],[25.361718750000023,46.01154205936912],[25.3759765625,45.99433014530662],[25.369384765625,45.98505280155662],[25.355566406250006,45.98317291874412],[25.348046875000023,45.98829987186912],[25.343017578125,46.004022528119116],[25.331298828125,46.00421784061912],[25.307031250000023,45.99171784061912],[25.25830078125,45.97540924686912],[25.24169921875,45.96356842655662],[25.22509765625,45.94391510624412],[25.228906250000023,45.939813543744116],[25.229882812500023,45.93817780155662],[25.22509765625,45.92963287968162],[25.212304687500023,45.934198309369116],[25.2060546875,45.92799713749412],[25.20576171875001,45.91571686405662],[25.21142578125,45.90228912968162],[25.198486328125,45.901483465619116],[25.192138671875,45.89747955936912],[25.191796875000023,45.890741278119116],[25.197167968750023,45.88185455936912],[25.179296875,45.87404205936912],[25.164941406250023,45.86505768436912],[25.148681640625,45.85761139530662],[25.12548828125,45.85451080936912],[25.05322265625,45.85451080936912],[25.04931640625,45.85248444218162],[25.0390625,45.84332916874412],[25.033300781250006,45.84088776249412],[25.02734375,45.84137604374412],[25.017968750000023,45.84601471561912],[25.01220703125,45.847040106244116],[24.96748046875001,45.847040106244116],[24.945068359375,45.844598699994116],[24.839599609375,45.81964752811912],[24.534912109375,45.78754303593162],[24.47509765625,45.77460358280662],[24.43994140625,45.77199127811912],[24.414697265625023,45.76471588749412],[24.381103515625,45.74733307499412],[24.355712890625,45.72682526249412],[24.354248046875,45.70990631718162],[24.299560546875,45.65529205936912],[24.278564453125,45.62799713749412],[24.27392578125,45.62555573124412],[24.26123046875,45.62189362186912],[24.258691406250023,45.618036199994116],[24.259765625,45.61115143436912],[24.264404296875,45.60451080936912],[24.265527343750023,45.59723541874412],[24.26123046875,45.58966705936912],[24.253076171875023,45.58082916874412],[24.246728515625023,45.57160065311912],[24.248779296875,45.56281159061912],[24.266259765625023,45.54865143436912],[24.270751953125,45.54157135624412],[24.272363281250023,45.52899811405662],[24.28076171875,45.512079168744116],[24.297021484375023,45.49652741093162],[24.3076171875,45.480829168744116],[24.299560546875,45.46344635624412],[24.299560546875,45.45729401249412],[24.312402343750023,45.44318268436912],[24.3095703125,45.42475006718162],[24.304345703125023,45.40448639530662],[24.3095703125,45.38532135624412]]]}},{"type":"Feature","properties":{"outlineWidth":2,"fillColor":"#00ffff"},"geometry":{"type":"MultiLineString","coordinates":[[[7.192261507014107,44.687195710921515],[7.166952112741678,44.69619196176829],[7.141335186254623,44.70115802937146],[7.10407420227345,44.70115802937146]]]}},{"type":"Feature","properties":{"outlineWidth":2,"fillColor":"#00ffff"},"geometry":{"type":"MultiLineString","coordinates":[[[15.828857421875,46.45453522343162],[15.850976562500023,46.43842194218162],[15.920312500000023,46.398553778119116],[15.942285156250023,46.38258698124412],[15.967187500000023,46.37824127811912],[16.048486328125023,46.39796784061912],[16.072656250000023,46.39740631718162],[16.085839843750023,46.39186432499412],[16.099609375,46.390497137494116],[16.11376953125,46.394891668744116],[16.127685546875,46.403192449994116],[16.144433593750023,46.40704987186912],[16.1923828125,46.39191315311912],[16.251123046875023,46.390497137494116],[16.2666015625,46.38527252811912],[16.279541015625,46.378778387494116],[16.281640625000023,46.37811920780662],[16.298095703125,46.37018463749412],[16.318261718750023,46.36871979374412],[16.324951171875,46.36554596561912],[16.330224609375023,46.36183502811912],[16.340966796875023,46.351922918744116],[16.3427734375,46.34889557499412],[16.34326171875,46.34686920780662],[16.34375,46.34352448124412],[16.344873046875023,46.338983465619116],[16.346826171875023,46.33417389530662],[16.351708984375023,46.326288153119116],[16.355859375000023,46.32277252811912],[16.358789062500023,46.32062409061912],[16.361230468750023,46.319940496869116],[16.48388671875,46.30177643436912],[16.51611328125,46.30145905155662],[16.585595703125023,46.316766668744116],[16.595117187500023,46.31793854374412],[16.605615234375023,46.31586334843162],[16.720458984375,46.311395574994116],[16.766357421875,46.320917059369116],[16.85546875,46.315790106244116],[16.8779296875,46.314081121869116]]]}},{"type":"Feature","properties":{"outlineWidth":2,"fillColor":"#00ffff"},"geometry":{"type":"MultiLineString","coordinates":[[[6.595849609375023,51.63746979374412],[6.6005859375,51.640741278119116],[6.597070312500023,51.64796784061912],[6.59033203125,51.655389715619116],[6.585839843750023,51.65924713749412],[6.576416015625,51.66095612186912],[6.544189453125,51.65924713749412],[6.510498046875,51.66383698124412],[6.49169921875,51.66864655155662],[6.479150390625023,51.67536041874412],[6.45166015625,51.70363190311912],[6.436181640625023,51.71369049686912],[6.413964843750023,51.72003815311912],[6.420312500000023,51.74091217655662],[6.407470703125,51.75360748905662],[6.385009765625,51.759881903119116],[6.363037109375,51.761590887494116],[6.342187500000023,51.76569244999412],[6.330468750000023,51.77594635624412],[6.322265625,51.78932526249412],[6.3115234375,51.80255768436912],[6.277734375000023,51.82086823124412],[6.08349609375,51.85394928593162],[6.06787109375,51.86061432499412],[6.0546875,51.869989324994116],[6.03515625,51.87933991093162],[6.013818359375023,51.88532135624412],[5.995507812500023,51.88454010624412],[5.990966796875,51.879754949994116],[5.982324218750023,51.86273834843162],[5.97509765625,51.85719635624412],[5.9658203125,51.85700104374412],[5.954492187500023,51.85968659061912],[5.944970703125023,51.863641668744116],[5.929443359375,51.87677643436912],[5.903710937500023,51.869989324994116],[5.859619140625,51.85101959843162],[5.843896484375023,51.85321686405662],[5.813232421875,51.86652252811912],[5.797509765625023,51.87018463749412],[5.790673828125023,51.87018463749412],[5.763916015625,51.887323309369116],[5.71875,51.89447662968162],[5.54296875,51.90058014530662],[5.461669921875,51.891961981244116],[5.431396484375,51.87477448124412],[5.373779296875,51.81793854374412],[5.337548828125023,51.81000397343162],[5.328125,51.81391022343162],[5.313867187500023,51.82611725468162],[5.304101562500023,51.82990143436912],[5.292724609375,51.83014557499412],[5.277246093750023,51.82514069218162],[5.180566406250023,51.81622955936912],[5.153710937500023,51.81837799686912],[5.112939453125023,51.827752996869116],[5.091796875,51.82990143436912],[4.9853515625,51.82367584843162]]]}},{"type":"Feature","properties":{"outlineWidth":2,"fillColor":"#00ffff"},"geometry":{"type":"MultiLineString","coordinates":[[[14.978173828125023,58.52423737186912],[14.998779296875,58.52208893436912],[15.013427734375,58.52272369999412],[15.022119140625023,58.52550690311912],[15.04833984375,58.53966705936912],[15.057031250000023,58.54999420780662]]]}},{"type":"Feature","properties":{"outlineWidth":2,"fillColor":"#00ffff"},"geometry":{"type":"MultiLineString","coordinates":[[[11.216064453125,59.65180084843162],[11.226220703125023,59.65504791874412],[11.226220703125023,59.68048737186912],[11.221582031250023,59.69713776249412],[11.21044921875,59.79205963749412],[11.203027343750023,59.81447174686912],[11.1806640625,59.84425690311912],[11.160302734375023,59.85973541874412],[11.13720703125,59.87526276249412],[11.126953125,59.90058014530662],[11.133544921875,59.91193268436912],[11.133544921875,59.91193268436912],[11.133544921875,59.91193268436912]]]}},{"type":"Feature","properties":{"outlineWidth":2,"fillColor":"#00ffff"},"geometry":{"type":"MultiLineString","coordinates":[[[-2.357104492187489,41.60529205936912],[-2.369726562499977,41.59943268436912],[-2.415283203125,41.58759186405662],[-2.453320312499983,41.58222077030662],[-2.467871093749977,41.572870184369116],[-2.477636718749977,41.55787994999412],[-2.487402343749977,41.53766510624412],[-2.512451171875,41.50739166874412],[-2.54541015625,41.49347565311912],[-2.583666992187489,41.491083074994116],[-2.689379882812489,41.50294830936912],[-2.69970703125,41.50629303593162],[-2.711474609374989,41.51686432499412],[-2.738037109375,41.51605866093162],[-2.782885742187489,41.50971100468162],[-2.811621093749977,41.53339264530662],[-2.830908203124977,41.53961823124412],[-2.854248046875,41.52704498905662],[-2.869384765625,41.51605866093162],[-2.889257812499977,41.50629303593162],[-2.90966796875,41.49904205936912],[-2.926318359374989,41.49542877811912],[-2.969531249999989,41.49750397343162],[-2.991796874999977,41.50123932499412],[-3.001318359374977,41.50629303593162],[-3.004980468749977,41.53180573124412],[-3.014990234374977,41.53961823124412],[-3.030126953124977,41.53693268436912],[-3.068652343749989,41.52435944218162],[-3.0791015625,41.52240631718162],[-3.090747070312489,41.52338287968162],[-3.095751953124989,41.52741119999412],[-3.099462890624977,41.53436920780662],[-3.104833984374977,41.54096100468162],[-3.122656249999977,41.546991278119116],[-3.136962890625,41.56110260624412],[-3.148779296874977,41.564325262494116],[-3.160205078124989,41.56549713749412],[-3.167163085937489,41.56867096561912],[-3.18017578125,41.57794830936912],[-3.22998046875,41.60175202030662],[-3.244677734374989,41.60529205936912],[-3.308935546874977,41.598260809369116],[-3.330322265625,41.59906647343162],[-3.346044921874977,41.60455963749412],[-3.380224609374977,41.62250397343162],[-3.395800781249989,41.62641022343162],[-3.419238281249989,41.62787506718162],[-3.43798828125,41.63185455936912],[-3.492529296874977,41.65363190311912],[-3.508398437499977,41.65729401249412],[-3.524218749999989,41.655389715619116],[-3.542578124999977,41.64625885624412],[-3.559179687499977,41.65578034061912],[-3.576757812499977,41.66229889530662],[-3.595385742187489,41.666131903119116],[-3.65625,41.667352606244116],[-3.665820312499989,41.670038153119116],[-3.677099609374977,41.68305084843162],[-3.686621093749977,41.68781159061912],[-3.697998046875,41.68842194218162],[-3.70703125,41.685907293744116],[-3.714526367187489,41.68268463749412],[-3.721362304687489,41.681024481244116],[-3.747314453125,41.68678619999412],[-3.781835937499977,41.68952057499412],[-3.801074218749989,41.69403717655662],[-3.857324218749994,41.71527741093162],[-3.874853515624977,41.71686432499412],[-3.909765624999977,41.71515534061912],[-3.922949218749977,41.71295807499412],[-3.928271484374989,41.70729401249412],[-3.931079101562489,41.699579168744116],[-3.936767578125,41.69122955936912],[-4.014746093749977,41.63043854374412],[-4.032958984375,41.62641022343162],[-4.111181640624977,41.63263580936912],[-4.130468749999977,41.64313385624412],[-4.139086914062489,41.64625885624412],[-4.150976562499977,41.64845612186912],[-4.157568359374977,41.64813873905662],[-4.164501953124983,41.64699127811912],[-4.255786132812489,41.65143463749412],[-4.265869140625,41.654169012494116],[-4.280126953124977,41.66254303593162],[-4.289892578124977,41.66510651249412],[-4.302343749999977,41.66461823124412],[-4.42724609375,41.64130280155662],[-4.485449218749977,41.64398834843162],[-4.505957031249977,41.64069244999412],[-4.543994140624989,41.62384674686912],[-4.672045898437489,41.58820221561912],[-4.708251953125,41.58258698124412],[-4.730761718749989,41.58234284061912],[-4.793554687499977,41.58942291874412],[-4.820166015624977,41.58815338749412],[-4.834179687499983,41.58327057499412],[-4.859082031249983,41.55524323124412],[-4.888769531249977,41.53461334843162],[-4.925537109375,41.52460358280662],[-5.048193359374977,41.515497137494116],[-5.073291015624989,41.50995514530662],[-5.088427734374989,41.50372955936912],[-5.106127929687489,41.49091217655662],[-5.123291015625,41.48456452030662],[-5.166918945312489,41.48016998905662],[-5.189892578124983,41.47443268436912],[-5.221728515624989,41.45612213749412],[-5.238940429687489,41.45221588749412],[-5.2587890625,41.44135162968162],[-5.271240234375,41.43732330936912],[-5.276782226562489,41.44257233280662],[-5.281542968749989,41.452997137494116],[-5.292236328125,41.46193268436912],[-5.310888671874977,41.47333405155662],[-5.329833984375,41.49310944218162],[-5.338134765625,41.49982330936912],[-5.3984375,41.53143952030662],[-5.413916015624977,41.54218170780662],[-5.436206054687489,41.53327057499412],[-5.488037109375,41.52252838749412],[-5.539355468749989,41.52033112186912],[-5.552343749999977,41.52313873905662],[-5.557958984374977,41.53168366093162],[-5.5625,41.541620184369116],[-5.573486328125,41.53986237186912],[-5.598974609374977,41.52858307499412],[-5.612109374999989,41.52814362186912],[-5.647314453124977,41.534784246869116],[-5.741259765624989,41.53107330936912],[-5.783935546875,41.521112371869116],[-5.785253906249977,41.52106354374412],[-5.789501953124983,41.51996491093162],[-5.796191406249989,41.516229559369116],[-5.805419921875,41.508417059369116],[-5.822363281249977,41.48627350468162],[-5.830175781249977,41.48317291874412],[-5.83935546875,41.49335358280662],[-5.847998046874977,41.508417059369116],[-5.854345703124977,41.51662018436912],[-5.85986328125,41.51911041874412],[-5.86572265625,41.517206121869116],[-5.871826171875,41.51154205936912],[-5.877124023437489,41.50294830936912],[-5.885791015624989,41.48212311405662],[-5.891162109374989,41.46320221561912],[-5.897143554687489,41.458368231244116],[-6.011474609375,41.47536041874412],[-6.01806640625,41.47785065311912],[-6.026464843749977,41.48585846561912],[-6.037109375,41.494012762494116],[-6.0556640625,41.50031159061912],[-6.105273437499989,41.55621979374412],[-6.160083007812489,41.594598699994116],[-6.173999023437489,41.596307684369116],[-6.192236328124977,41.586297918744116]]]}},{"type":"Feature","properties":{"outlineWidth":2,"fillColor":"#00ffff"},"geometry":{"type":"MultiLineString","coordinates":[[[4.721337890625023,44.57343170780662],[4.703369140625,44.474725653119116],[4.699609375000023,44.46552155155662],[4.677001953125,44.43720123905662],[4.672119140625,44.42853424686912],[4.670312500000023,44.42091705936912],[4.673486328125023,44.415155340619116],[4.666015625,44.391717840619116],[4.657617187500023,44.27565338749412],[4.659814453125023,44.26434967655662],[4.666015625,44.258172918744116],[4.675195312500023,44.253290106244116],[4.683496093750023,44.24635651249412],[4.6923828125,44.21710846561912],[4.7041015625,44.20729401249412],[4.7158203125,44.194452215619116],[4.721337890625023,44.16871979374412],[4.717529296875,44.12311432499412],[4.71923828125,44.103143621869116],[4.728759765625,44.085565496869116],[4.735595703125,44.085565496869116],[4.752587890625023,44.09645416874412],[4.770654296875023,44.088251043744116],[4.787255859375023,44.07391998905662],[4.7998046875,44.066278387494116],[4.850976562500023,44.02540924686912],[4.850830078125,44.01386139530662],[4.846337890625023,44.00751373905662],[4.83837890625,44.00482819218162],[4.827392578125,44.00421784061912],[4.816650390625,44.000848699994116],[4.818603515625,43.99274323124412],[4.8232421875,43.982538153119116],[4.820556640625,43.97321198124412]]]}},{"type":"Feature","properties":{"outlineWidth":2,"fillColor":"#00ffff"},"geometry":{"type":"MultiLineString","coordinates":[[[-1.56201171875,51.70014069218162],[-1.483740234374977,51.70014069218162],[-1.472827148437489,51.70233795780662],[-1.451220703124989,51.71173737186912],[-1.439453125,51.71381256718162],[-1.428564453124977,51.71173737186912],[-1.416796874999989,51.70753815311912],[-1.404296875,51.70465729374412],[-1.391284179687489,51.70636627811912],[-1.375244140625,51.72052643436912],[-1.361499023437489,51.76019928593162],[-1.343505859375,51.775262762494116],[-1.325488281249989,51.78192780155662],[-1.31396484375,51.78363678593162],[-1.301318359374989,51.782098699994116],[-1.294189453125,51.77643463749412],[-1.284326171874994,51.75861237186912],[-1.2578125,51.74513580936912],[-1.248144531249977,51.723749090619116],[-1.241503906249989,51.70246002811912],[-1.230224609375,51.69269440311912],[-1.222119140624983,51.68952057499412],[-1.22216796875,51.682489324994116],[-1.229785156249989,51.675409246869116],[-1.288867187499989,51.65924713749412],[-1.272900390624983,51.647333074994116],[-1.252587890624994,51.64350006718162],[-1.21630859375,51.64496491093162],[-1.214892578124989,51.64972565311912],[-1.20654296875,51.65802643436912],[-1.197119140624977,51.66058991093162],[-1.190234374999989,51.63996002811912],[-1.183837890625,51.635858465619116],[-1.143115234374989,51.624139715619116],[-1.130712890624977,51.61720612186912],[-1.125097656249977,51.60443756718162],[-1.123779296875,51.57977936405662],[-1.130786132812489,51.56561920780662],[-1.1435546875,51.55280182499412],[-1.150097656249983,51.537225653119116],[-1.138037109374977,51.51459381718162],[-1.123144531249977,51.50319244999412],[-1.103369140624977,51.49457428593162],[-1.081103515624989,51.489129949994116],[-1.058935546874977,51.48732330936912],[-1.041601562499977,51.48224518436912],[-1.003662109375,51.459344793744116],[-0.987255859374983,51.45314362186912],[-0.964526367187489,51.454706121869116],[-0.931201171874989,51.46991608280662],[-0.906835937499977,51.47650787968162],[-0.887011718749989,51.49122955936912],[-0.880468749999977,51.49750397343162],[-0.873291015625,51.50751373905662],[-0.874072265624989,51.51295807499412],[-0.87890625,51.51825592655662],[-0.883593749999989,51.52826569218162],[-0.887060546874977,51.54816315311912],[-0.882177734374977,51.55109284061912],[-0.86875,51.54616119999412],[-0.846289062499977,51.54254791874412],[-0.774267578124977,51.55683014530662],[-0.7607421875,51.555536199994116],[-0.7431640625,51.56207916874412],[-0.718994140625,51.563348699994116],[-0.696826171874989,51.559198309369116],[-0.685595703124989,51.54938385624412],[-0.688818359374977,51.52980377811912],[-0.699462890625,51.51740143436912],[-0.701269531249977,51.507196356244116],[-0.678759765624989,51.49408600468162],[-0.661669921874989,51.49164459843162],[-0.620214843749977,51.49506256718162],[-0.603613281249977,51.49408600468162]]]}},{"type":"Feature","properties":{"outlineWidth":2,"fillColor":"#00ffff"},"geometry":{"type":"MultiLineString","coordinates":[[[12.640034193392461,46.779260033977934],[12.69186752733208,46.784191906786724],[12.754776523398625,46.812615920417905],[12.771916752685744,46.83813743026143]]]}},{"type":"Feature","properties":{"outlineWidth":2,"fillColor":"#00ffff"},"geometry":{"type":"MultiLineString","coordinates":[[[27.317773437500023,44.55768463749412],[27.341552734375,44.56342194218162],[27.386474609375,44.58222077030662],[27.4326171875,44.58295319218162],[27.486718750000023,44.59589264530662],[27.506591796875,44.604120184369116],[27.511621093750023,44.60846588749412],[27.515380859375,44.61359284061912],[27.5205078125,44.61933014530662],[27.529882812500006,44.62526276249412],[27.541015625,44.62616608280662],[27.566015625,44.61842682499412],[27.577734375,44.618524481244116],[27.754150390625,44.65631744999412],[27.771386718750023,44.65729401249412],[27.806884765625,44.65473053593162],[27.824316406250006,44.65724518436912],[27.843017578125,44.666376043744116],[27.850488281250023,44.67719147343162],[27.855224609375,44.689569403119116],[27.8701171875,44.70856354374412],[27.866113281250023,44.70331452030662],[27.866113281250023,44.70331452030662],[27.866113281250023,44.70331452030662],[27.866113281250023,44.70331452030662]]]}},{"type":"Feature","properties":{"outlineWidth":2,"fillColor":"#00ffff"},"geometry":{"type":"MultiLineString","coordinates":[[[14.184960937500023,49.59601471561912],[14.196679687500023,49.61237213749412],[14.203125,49.61835358280662],[14.212792968750023,49.62335846561912],[14.218994140625,49.60968659061912],[14.235253906250023,49.63104889530662],[14.245507812500023,49.637079168744116],[14.260009765625,49.63703034061912],[14.253808593750023,49.66120026249412],[14.266357421875,49.673700262494116],[14.287744140625023,49.681512762494116],[14.307763671875023,49.69166901249412],[14.3037109375,49.69611237186912],[14.299560546875,49.69801666874412],[14.28857421875,49.69843170780662],[14.300927734375023,49.69989655155662],[14.310937500000023,49.70355866093162],[14.316308593750023,49.709833074994116],[14.315185546875,49.71893952030662],[14.339990234375023,49.72406647343162],[14.3515625,49.72382233280662],[14.363037109375,49.71893952030662],[14.359375,49.72755768436912],[14.359130859375,49.73346588749412],[14.363037109375,49.74689362186912],[14.379296875000023,49.73908112186912],[14.394921875000023,49.743524481244116],[14.41015625,49.75287506718162],[14.425048828125,49.759881903119116],[14.4130859375,49.77052643436912],[14.411035156250023,49.78449127811912],[14.417871093750023,49.79828522343162],[14.431884765625,49.80829498905662],[14.427001953125,49.816278387494116],[14.431884765625,49.81959869999412],[14.440185546875,49.822381903119116],[14.445556640625,49.82880280155662],[14.447412109375023,49.83978912968162],[14.44580078125,49.841669012494116],[14.44091796875,49.84052155155662],[14.431884765625,49.842401434369116],[14.407470703125,49.85321686405662],[14.39794921875,49.85956452030662],[14.390380859375,49.869745184369116],[14.389892578125,49.87604401249412],[14.392578125,49.88234284061912],[14.39599609375,49.88764069218162],[14.397216796875,49.89088776249412],[14.394189453125023,49.89601471561912],[14.385888671875023,49.90656159061912],[14.38037109375,49.91669342655662],[14.375634765625023,49.920526434369116],[14.371484375000023,49.92475006718162],[14.369873046875,49.93121979374412],[14.37255859375,49.93793366093162],[14.384912109375023,49.93922760624412],[14.390380859375,49.94489166874412],[14.3935546875,49.95368073124412],[14.395654296875023,49.96308014530662],[14.398681640625,50.00763580936912],[14.403564453125,50.02570221561912],[14.412255859375023,50.043085028119116],[14.425048828125,50.06220123905662],[14.410058593750023,50.078241278119116],[14.41748046875,50.088006903119116],[14.452539062500023,50.099725653119116],[14.457275390625,50.109002996869116],[14.439111328125023,50.11566803593162],[14.397216796875,50.12360260624412],[14.40478515625,50.15570709843162],[14.404052734375,50.16461823124412],[14.394433593750023,50.17462799686912],[14.384521484375,50.17645905155662],[14.356201171875,50.17206452030662],[14.370361328125,50.18361237186912],[14.37548828125,50.19000885624412],[14.377343750000023,50.199335028119116],[14.37255859375,50.19830963749412],[14.362207031250023,50.20966217655662],[14.352197265625023,50.223504949994116],[14.349365234375,50.22943756718162],[14.319580078125,50.24396393436912],[14.3115234375,50.25026276249412],[14.306298828125023,50.26129791874412],[14.311767578125,50.26947662968162],[14.328271484375023,50.28126862186912],[14.33740234375,50.30853912968162],[14.342675781250023,50.31544830936912],[14.352197265625023,50.318231512494116],[14.448144531250023,50.32245514530662],[14.470117187500023,50.32819244999412],[14.472900390625,50.34271881718162]]]}},{"type":"Feature","properties":{"outlineWidth":2,"fillColor":"#00ffff"},"geometry":{"type":"MultiLineString","coordinates":[[[18.043212890625,46.91652252811912],[18.055419921875,46.90753815311912],[18.078271484375023,46.90094635624412],[18.139404296875,46.892938543744116],[18.234130859375,46.86403229374412],[18.253808593750023,46.85504791874412],[18.26220703125,46.84454987186912],[18.271386718750023,46.836053778119116],[18.398583984375023,46.76393463749412],[18.440185546875,46.75050690311912],[18.48193359375,46.74518463749412],[18.561669921875023,46.75416901249412]]]}},{"type":"Feature","properties":{"outlineWidth":2,"fillColor":"#00ffff"},"geometry":{"type":"MultiLineString","coordinates":[[[0.726318359375,42.75055573124412],[0.716210937500023,42.753534246869116],[0.698632812500023,42.76662018436912],[0.69921875,42.791620184369116],[0.733544921875023,42.863397528119116],[0.727783203125,42.88580963749412],[0.7099609375,42.89967682499412],[0.68603515625,42.92621491093162],[0.660400390625,42.93866608280662],[0.64990234375,42.94782135624412],[0.638574218750023,42.96832916874412],[0.623925781250023,43.001336981244116],[0.605859375000023,43.03151276249412],[0.586181640625,43.04486725468162],[0.569970703125023,43.04987213749412],[0.559814453125,43.059686590619116],[0.558740234375023,43.071893621869116],[0.564453125,43.08253815311912],[0.578125,43.090204168744116],[0.616943359375,43.10089752811912],[0.636621093750023,43.11005280155662],[0.6611328125,43.11500885624412],[0.722802734375023,43.104852606244116],[0.758544921875,43.110223699994116],[0.827392578125,43.10480377811912],[0.866113281250023,43.106317449994116],[0.904296875,43.12103912968162],[0.94189453125,43.149774481244116],[0.987695312500023,43.18117096561912],[1.104638671875023,43.222528387494116],[1.15234375,43.252069403119116],[1.184960937500023,43.27931549686912],[1.225976562500023,43.30585358280662],[1.248779296875,43.326288153119116],[1.2875,43.37189362186912],[1.300048828125,43.396112371869116],[1.3330078125,43.47894928593162],[1.348876953125,43.494256903119116],[1.404296875,43.51764557499412]]]}},{"type":"Feature","properties":{"outlineWidth":2,"fillColor":"#00ffff"},"geometry":{"type":"MultiLineString","coordinates":[[[11.68359375,48.79413483280662],[11.749414062500023,48.83466217655662],[11.758056640625,48.84149811405662],[11.76611328125,48.84938385624412],[11.774169921875,48.86163971561912],[11.78515625,48.886835028119116],[11.79345703125,48.89655182499412],[11.798730468750023,48.89679596561912],[11.813720703125,48.89069244999412],[11.820556640625,48.89162018436912],[11.8349609375,48.90399811405662],[11.858789062500023,48.91498444218162],[11.88125,48.91774323124412],[11.958740234375,48.916620184369116],[11.96533203125,48.91766998905662],[11.97021484375,48.92140534061912],[11.978759765625,48.933465887494116],[11.985253906250023,48.93744537968162],[11.999755859375,48.93793366093162],[12.011132812500023,48.93451569218162],[12.021240234375,48.93439362186912],[12.032958984375,48.94489166874412],[12.015869140625,48.95331452030662],[12.001708984375,48.95587799686912],[11.998193359375023,48.959833074994116],[12.031884765625023,48.98590729374412],[12.03955078125,48.99396393436912],[12.038818359375,49.00495026249412],[12.032958984375,49.02753327030662]]]}},{"type":"Feature","properties":{"outlineWidth":2,"fillColor":"#00ffff"},"geometry":{"type":"MultiLineString","coordinates":[[[-4.343920898437489,57.39435455936912],[-4.343920898437489,57.39435455936912],[-4.343920898437489,57.39435455936912],[-4.343920898437489,57.39435455936912],[-4.343920898437489,57.39435455936912],[-4.323974609375,57.40607330936912],[-4.307714843749977,57.42206452030662],[-4.290136718749977,57.43610260624412],[-4.265966796874977,57.44220612186912],[-4.266284179687489,57.44586823124412],[-4.256933593749977,57.45392487186912],[-4.246191406249977,57.46120026249412],[-4.242138671874983,57.46266510624412],[-4.237597656249989,57.465204168744116],[-4.233154296875,57.463983465619116],[-4.229785156249989,57.46466705936912],[-4.228515625,57.47284577030662],[-4.229101562499977,57.477167059369116],[-4.230078124999977,57.47919342655662],[-4.230273437499989,57.48224518436912],[-4.22607421875,57.49433014530662]]]}},{"type":"Feature","properties":{"outlineWidth":2,"fillColor":"#00ffff"},"geometry":{"type":"MultiLineString","coordinates":[[[22,67.34442780155662],[22.111474609375023,67.31659577030662],[22.22216796875,67.28607819218162],[22.262109375000023,67.26398346561912],[22.302636718750023,67.24384186405662],[22.36376953125,67.22980377811912],[22.424072265625,67.21234772343162],[22.536767578125023,67.19428131718162],[22.637451171875,67.15490143436912],[22.650634765625,67.11085846561912],[22.632080078125,67.06959869999412],[22.586328125000023,67.05658600468162],[22.58203125,67.02521393436912],[22.6298828125,67.00458405155662],[22.66943359375,66.97504303593162],[22.689453125,66.95924713749412],[22.717529296875,66.95612213749412],[22.740234375,66.94391510624412],[22.755517578125023,66.92218659061912],[22.788476562500023,66.88561432499412],[22.791650390625023,66.83612702030662],[22.754541015625023,66.78949616093162],[22.703027343750023,66.75739166874412],[22.7080078125,66.67035553593162],[22.761132812500023,66.58327057499412],[22.760888671875023,66.52216217655662],[22.785400390625,66.47023346561912],[22.790673828125023,66.44782135624412],[22.79443359375,66.42223541874412],[22.818994140625023,66.39679596561912],[22.847558593750023,66.37445709843162],[22.857080078125023,66.32196686405662],[22.844482421875,66.26569244999412],[22.853515625,66.23986237186912],[22.859277343750023,66.21705963749412],[22.8466796875,66.18678619999412],[22.829736328125023,66.15856354374412],[22.78369140625,66.11535065311912],[22.75,66.07233307499412],[22.794677734375,66.03761627811912],[22.8388671875,66.00006744999412]]]}},{"type":"Feature","properties":{"outlineWidth":2,"fillColor":"#00ffff"},"geometry":{"type":"MultiLineString","coordinates":[[[-4.835864257812489,57.01019928593162],[-4.841796875,57.00685455936912],[-4.844775390624989,57.00397369999412],[-4.854833984374977,56.99774811405662],[-4.864306640624989,56.99049713749412],[-4.88232421875,56.97296784061912],[-4.891455078124977,56.966669012494116],[-4.914404296874977,56.958368231244116],[-4.93125,56.94630768436912],[-4.949316406249977,56.93805573124412],[-4.958056640624989,56.93165924686912],[-4.968994140625,56.92816803593162]]]}},{"type":"Feature","properties":{"outlineWidth":2,"fillColor":"#00ffff"},"geometry":{"type":"MultiLineString","coordinates":[[[24.562255859375,47.76874420780662],[24.539208984375023,47.75458405155662],[24.506103515625,47.74782135624412],[24.471582031250023,47.73163483280662],[24.447998046875,47.72516510624412],[24.425927734375023,47.723504949994116],[24.389306640625023,47.73219635624412],[24.351464843750023,47.738397528119116],[24.314208984375,47.748163153119116],[24.294189453125,47.762811590619116],[24.28271484375,47.778680731244116],[24.2509765625,47.80250885624412],[24.235498046875023,47.82611725468162],[24.209619140625023,47.84894440311912],[24.19775390625,47.874872137494116],[24.183349609375,47.89162018436912],[24.148193359375,47.91237213749412],[24.130615234375,47.91481354374412],[24.094140625000023,47.93817780155662],[24.074462890625,47.94440338749412],[24.024658203125,47.953485418744116],[24.00830078125,47.96149323124412],[23.976806640625,47.962518621869116],[23.876123046875023,47.934686590619116],[23.854638671875023,47.934442449994116],[23.847802734375023,47.94989655155662],[23.796044921875023,47.98224518436912],[23.779541015625,47.98773834843162],[23.7099609375,47.98537018436912],[23.686767578125,47.98749420780662],[23.6455078125,47.99689362186912],[23.581201171875023,48.001825262494116],[23.562646484375023,48.005975653119116],[23.257568359375,48.17096588749412],[23.221337890625023,48.17890045780662],[23.177148437500023,48.177606512494116],[23.1337890625,48.16779205936912],[23.069580078125,48.129022528119116],[22.934716796875023,48.08441803593162],[22.920312500000023,48.08136627811912],[22.90185546875,48.08156159061912],[22.887353515625023,48.085809637494116],[22.874658203125023,48.09174225468162],[22.860107421875,48.09442780155662],[22.84033203125,48.088983465619116],[22.801416015625023,48.11574127811912],[22.77978515625,48.12152741093162],[22.764794921875023,48.10822174686912],[22.7451171875,48.11652252811912],[22.72802734375,48.11334869999412],[22.711181640625,48.106073309369116],[22.692626953125,48.10199616093162],[22.62060546875,48.10199616093162],[22.607568359375023,48.097040106244116],[22.589599609375,48.098749090619116],[22.5791015625,48.09523346561912],[22.568115234375,48.08563873905662],[22.5615234375,48.07667877811912],[22.552734375,48.069940496869116],[22.488525390625,48.06207916874412],[22.466699218750023,48.06354401249412],[22.449462890625,48.07477448124412],[22.434960937500023,48.07062409061912],[22.420068359375023,48.07440827030662],[22.394775390625,48.088983465619116],[22.387353515625023,48.095331121869116],[22.383203125000023,48.10158112186912],[22.378662109375,48.10639069218162],[22.36376953125,48.10993073124412],[22.339599609375,48.12250397343162],[22.325341796875023,48.13331940311912],[22.32373046875,48.14454987186912],[22.32666015625,48.15504791874412],[22.325927734375,48.163446356244116],[22.3154296875,48.171502996869116],[22.2890625,48.18183014530662],[22.278076171875,48.190790106244116],[22.27685546875,48.19989655155662],[22.283837890625023,48.22467682499412],[22.284912109375,48.23236725468162],[22.27783203125,48.24494049686912],[22.267480468750023,48.25465729374412],[22.25537109375,48.26178619999412],[22.243310546875023,48.26654694218162],[22.255859375,48.28876373905662],[22.256494140625023,48.37348053593162],[22.271240234375,48.403680731244116],[22.235742187500023,48.41547272343162],[22.201416015625,48.41840241093162],[22.168701171875,48.409784246869116],[22.13720703125,48.38690827030662],[22.1,48.33454010624412],[22.079248046875023,48.31159088749412],[22.051513671875,48.30006744999412],[22.042236328125,48.30133698124412],[22.022705078125,48.30836823124412],[22.01123046875,48.307489324994116],[22.005273437500023,48.30324127811912],[21.971435546875,48.26984284061912],[21.943115234375,48.24787018436912],[21.928613281250023,48.23981354374412],[21.9091796875,48.23512604374412],[21.846093750000023,48.23236725468162],[21.831298828125,48.22467682499412],[21.81298828125,48.21217682499412],[21.79443359375,48.202020574994116],[21.778466796875023,48.20167877811912],[21.766259765625023,48.19948151249412],[21.690185546875,48.16754791874412],[21.671142578125,48.16554596561912],[21.652099609375,48.16779205936912],[21.61279296875,48.18036530155662],[21.595849609375023,48.18073151249412],[21.558740234375023,48.17719147343162],[21.49462890625,48.17914459843162],[21.47607421875,48.17719147343162],[21.461181640625,48.17011139530662],[21.446923828125023,48.15790436405662],[21.435302734375,48.14357330936912],[21.428369140625023,48.12995026249412],[21.42626953125,48.112420965619116],[21.431640625,48.10333893436912],[21.43896484375,48.09552643436912],[21.442626953125,48.08185455936912],[21.432373046875,48.05060455936912],[21.406884765625023,48.03375885624412],[21.373291015625,48.02711823124412],[21.339013671875023,48.02631256718162]]]}},{"type":"Feature","properties":{"outlineWidth":2,"fillColor":"#00ffff"},"geometry":{"type":"MultiLineString","coordinates":[[[5.857666015625,52.576776434369116],[5.877099609375023,52.58114655155662],[5.91015625,52.56947662968162],[5.947119140625006,52.53834869999412],[5.974316406250011,52.52084381718162],[6.017138671875017,52.52084381718162],[6.030664062500023,52.51100494999412],[6.042773437500017,52.50785553593162],[6.049609375000017,52.50531647343162],[6.056396484375,52.49870026249412],[6.063867187500023,52.48939850468162],[6.08154296875,52.47772858280662],[6.089013671875023,52.47379791874412],[6.095361328125023,52.46791412968162],[6.104199218750011,52.45204498905662],[6.111962890625023,52.43978912968162],[6.132714843750023,52.42130768436912],[6.134814453125017,52.40446198124412],[6.124121093750006,52.394403387494116],[6.120019531250023,52.380365301556616],[6.104687500000011,52.37689850468162],[6.086718750000017,52.37350494999412],[6.08154296875,52.370599676556616],[6.087304687500023,52.35944244999412],[6.078027343750023,52.35097077030662],[6.069287109375011,52.32899811405662],[6.068017578125023,52.321771551556616],[6.070654296875006,52.318353582806616],[6.080957031250023,52.309320379681616],[6.086083984375023,52.305536199994116],[6.106542968750006,52.29970123905662],[6.112451171875023,52.28742096561912],[6.12451171875,52.27091705936912],[6.1240234375,52.26254303593162],[6.1240234375,52.25624420780662],[6.1279296875,52.25448639530662],[6.13916015625,52.25128815311912],[6.144091796875017,52.24879791874412],[6.145947265625011,52.24393952030662],[6.141943359375006,52.235101629681616],[6.14609375,52.23029205936912],[6.159912109375,52.225336004681616],[6.167041015625017,52.232049871869116],[6.176513671875,52.23690827030662],[6.189208984375,52.237420965619116],[6.186376953125006,52.22128327030662],[6.186376953125006,52.20573151249412],[6.192187500000017,52.18239166874412],[6.194140625000017,52.159051824994116],[6.192187500000017,52.129877020306616],[6.205810546875,52.11041901249412],[6.207763671875,52.094842840619116],[6.194140625000017,52.08512604374412],[6.170800781250023,52.07929108280662],[6.122167968750006,52.06178619999412],[6.116357421875023,52.04816315311912],[6.122167968750006,52.036493231244116],[6.139697265625017,52.04232819218162],[6.1552734375,52.038446356244116],[6.159130859375011,52.02872955936912],[6.1474609375,52.01510651249412],[6.122167968750006,52.00538971561912],[6.094921875000011,51.99760162968162],[6.075488281250017,52.00538971561912],[6.054101562500023,52.007318426556616],[6.02880859375,51.99955475468162],[6.0015625,51.98981354374412],[5.993798828125023,51.97426178593162],[5.964648437500017,51.97230866093162],[5.954882812500017,51.96452057499412],[5.939355468750023,51.95868561405662]]]}},{"type":"Feature","properties":{"outlineWidth":2,"fillColor":"#00ffff"},"geometry":{"type":"MultiLineString","coordinates":[[[5.40771484375,47.87721588749412],[5.387451171875,47.877313543744116],[5.36376953125,47.88263580936912],[5.331787109375,47.89850494999412],[5.323388671875023,47.90277741093162],[5.299072265625,47.92499420780662],[5.2626953125,48.00446198124412],[5.2421875,48.02716705936912],[5.19287109375,48.05780670780662],[5.17919921875,48.07184479374412],[5.162353515625,48.09450104374412],[5.156884765625023,48.10480377811912],[5.152734375000023,48.118036199994116],[5.151123046875,48.13649323124412],[5.159912109375,48.182245184369116],[5.155908203125023,48.20429108280662],[5.139404296875,48.24091217655662],[5.139404296875,48.26508209843162],[5.147705078125,48.29340241093162],[5.144775390625,48.30695221561912],[5.128320312500023,48.31618073124412],[5.132568359375,48.31788971561912],[5.13720703125,48.32160065311912],[5.141748046875023,48.32684967655662],[5.146240234375,48.33356354374412]]]}},{"type":"Feature","properties":{"outlineWidth":2,"fillColor":"#00ffff"},"geometry":{"type":"MultiLineString","coordinates":[[[13.717431640625023,61.41417877811912],[13.6884765625,61.46154205936912],[13.6572265625,61.48659088749412],[13.619775390625023,61.49762604374412],[13.596337890625023,61.49652741093162],[13.559960937500023,61.50751373905662],[13.520654296875023,61.52130768436912],[13.443603515625,61.53624909061912],[13.424218750000023,61.53917877811912],[13.392822265625,61.54865143436912],[13.357324218750023,61.57160065311912],[13.329492187500023,61.59833405155662],[13.2998046875,61.62062409061912],[13.271142578125023,61.63556549686912],[13.236328125,61.64923737186912],[13.211669921875,61.66344635624412]]]}},{"type":"Feature","properties":{"outlineWidth":2,"fillColor":"#00ffff"},"geometry":{"type":"MultiLineString","coordinates":[[[9.521142578125023,61.79967682499412],[9.519921875000023,61.78419830936912],[9.524804687500023,61.76654694218162]]]}},{"type":"Feature","properties":{"outlineWidth":2,"fillColor":"#00ffff"},"geometry":{"type":"MultiLineString","coordinates":[[[17.04150390625,49.71461823124412],[17.116113281250023,49.69904205936912],[17.21044921875,49.661004949994116],[17.239648437500023,49.64252350468162],[17.26171875,49.61652252811912],[17.26806640625,49.60158112186912],[17.272607421875023,49.58380768436912],[17.276025390625023,49.548211981244116],[17.272851562500023,49.51398346561912],[17.276513671875023,49.50299713749412],[17.28955078125,49.48615143436912],[17.292871093750023,49.48419830936912],[17.2998046875,49.48285553593162],[17.30322265625,49.47999909061912],[17.306298828125023,49.47418854374412],[17.308251953125023,49.46405670780662],[17.31005859375,49.458856512494116],[17.32373046875,49.43092682499412],[17.322021484375,49.408807684369116],[17.317138671875,49.390008856244116],[17.315673828125,49.37287018436912],[17.32373046875,49.355829168744116],[17.346826171875023,49.33698151249412],[17.43359375,49.29437897343162],[17.457177734375023,49.27484772343162],[17.487451171875023,49.243280340619116],[17.511474609375,49.21161530155662],[17.515527343750023,49.19196198124412],[17.520263671875,49.18109772343162],[17.51806640625,49.16530182499412],[17.50537109375,49.12843659061912],[17.495751953125023,49.10944244999412],[17.494873046875,49.10504791874412],[17.495263671875023,49.100213934369116],[17.49658203125,49.09564850468162],[17.498779296875,49.09205963749412],[17.500634765625023,49.08649323124412],[17.49658203125,49.08380768436912],[17.491113281250023,49.08185455936912],[17.48828125,49.07843659061912],[17.479736328125,49.07269928593162],[17.442138671875,49.07008698124412],[17.43359375,49.06537506718162],[17.42822265625,49.05829498905662],[17.39208984375,49.02753327030662],[17.3994140625,49.02069733280662],[17.399169921875,49.00849030155662],[17.395751953125,49.002313543744116],[17.390771484375023,48.99830963749412],[17.385888671875023,48.99274323124412],[17.367578125000023,48.96393463749412],[17.364648437500023,48.96234772343162],[17.35498046875,48.95221588749412],[17.28955078125,48.93744537968162],[17.276025390625023,48.92829010624412],[17.262939453125,48.91725494999412],[17.246972656250023,48.90790436405662],[17.22412109375,48.90399811405662],[17.20947265625,48.898553778119116],[17.17236328125,48.86237213749412],[17.11328125,48.83417389530662],[17.10400390625,48.824823309369116],[17.09814453125,48.80609772343162],[17.083886718750023,48.79396393436912],[17.049462890625023,48.77423737186912],[17.024804687500023,48.74652741093162],[16.974267578125023,48.65009186405662],[16.962792968750023,48.63617584843162],[16.947021484375,48.623407293744116],[16.944580078125,48.60443756718162],[16.953857421875,48.55763580936912],[16.946435546875023,48.54005768436912],[16.929931640625,48.528436590619116],[16.913476562500023,48.51959869999412],[16.906005859375,48.51019928593162],[16.900634765625,48.49684479374412],[16.87451171875,48.47174713749412],[16.864404296875023,48.45831940311912],[16.8603515625,48.44403717655662],[16.851464843750023,48.39069244999412],[16.848876953125,48.38434479374412],[16.846435546875,48.38136627811912],[16.8447265625,48.37677643436912],[16.843994140625,48.365838934369116],[16.847070312500023,48.35988190311912],[16.854882812500023,48.35675690311912],[16.875,48.35529205936912],[16.880615234375,48.35304596561912],[16.891259765625023,48.34723541874412],[16.9013671875,48.33966705936912],[16.906005859375,48.33173248905662],[16.90380859375,48.327264715619116],[16.899804687500023,48.32147858280662],[16.89794921875,48.31647369999412],[16.902246093750023,48.31427643436912],[16.904931640625023,48.31220123905662],[16.908447265625,48.30719635624412],[16.911523437500023,48.30145905155662],[16.912841796875,48.29694244999412],[16.916162109375023,48.29108307499412],[16.923730468750023,48.28778717655662],[16.932763671875023,48.28497955936912],[16.94384765625,48.27826569218162],[16.9501953125,48.27680084843162],[16.953857421875,48.27338287968162],[16.954833984375,48.26906159061912],[16.953369140625,48.25763580936912],[16.953857421875,48.25287506718162],[16.969482421875,48.21686432499412],[16.97412109375,48.19879791874412],[16.974267578125023,48.17719147343162]]]}},{"type":"Feature","properties":{"outlineWidth":2,"fillColor":"#00ffff"},"geometry":{"type":"MultiLineString","coordinates":[[[22.802636718750023,42.52077057499412],[22.780908203125023,42.51044342655662],[22.74169921875,42.483270574994116],[22.725244140625023,42.46832916874412],[22.703759765625023,42.43629791874412],[22.705078125,42.40888092655662],[22.763574218750023,42.32355377811912],[22.785058593750023,42.29962799686912],[22.810791015625,42.28070709843162],[22.845117187500023,42.26618073124412],[22.868408203125,42.26105377811912],[22.879541015625023,42.25726959843162],[22.888818359375023,42.25031159061912],[22.894921875000023,42.239374090619116],[22.896142578125023,42.23004791874412],[22.8994140625,42.22064850468162],[22.911279296875023,42.20917389530662],[22.921044921875023,42.20412018436912],[22.95556640625,42.19232819218162],[22.968896484375023,42.18483307499412],[23.021386718750023,42.13429596561912],[23.03173828125,42.12030670780662],[23.039794921875,42.10187409061912],[23.043603515625023,42.07831452030662],[23.044824218750023,42.05475494999412],[23.049218750000023,42.03217194218162],[23.062158203125023,42.01166412968162],[23.092529296875,41.97821686405662],[23.10400390625,41.95929596561912],[23.125146484375023,41.88605377811912],[23.13623046875,41.86408112186912],[23.152490234375023,41.84162018436912],[23.164306640625,41.82074616093162],[23.16552734375,41.80121491093162],[23.15869140625,41.75580475468162],[23.161376953125,41.73341705936912],[23.1904296875,41.641717840619116],[23.203027343750023,41.621698309369116],[23.235009765625023,41.582879949994116],[23.244287109375023,41.563104559369116],[23.256982421875023,41.49909088749412],[23.266357421875,41.477899481244116],[23.2783203125,41.458124090619116],[23.292871093750023,41.440545965619116],[23.310449218750023,41.42597077030662],[23.326904296875,41.41535065311912],[23.3388671875,41.405633856244116],[23.346582031250023,41.39301178593162],[23.349853515625,41.373651434369116],[23.349267578125023,41.34174225468162],[23.3466796875,41.325311590619116],[23.341699218750023,41.31105377811912],[23.32177734375,41.28790924686912],[23.2958984375,41.277948309369116],[23.190185546875,41.26808502811912],[23.166259765625,41.26100494999412],[23.153076171875,41.24787018436912],[23.155664062500023,41.23285553593162],[23.16943359375,41.223260809369116],[23.201318359375023,41.20856354374412],[23.211669921875,41.19684479374412],[23.226953125000023,41.173700262494116],[23.238427734375023,41.163202215619116],[23.269287109375,41.14552643436912],[23.27783203125,41.13764069218162],[23.28466796875,41.12599518436912],[23.294677734375,41.09967682499412],[23.301171875000023,41.08722565311912],[23.308349609375,41.07770416874412],[23.316064453125023,41.06952545780662],[23.332666015625023,41.05683014530662]]]}},{"type":"Feature","properties":{"outlineWidth":2,"fillColor":"#00ffff"},"geometry":{"type":"MultiLineString","coordinates":[[[22.919091796875023,43.83449127811912],[23.13134765625,43.84821198124412],[23.161376953125,43.85761139530662],[23.196435546875023,43.86298248905662],[23.23388671875,43.87750885624412],[23.326416015625,43.88703034061912],[23.319580078125,43.88703034061912],[23.484130859375,43.88080475468162],[23.592041015625,43.83766510624412],[23.635498046875,43.832391668744116],[23.72021484375,43.846063543744116],[23.7421875,43.84296295780662],[23.799462890625023,43.818719793744116],[24.158837890625023,43.75319244999412],[24.357666015625,43.76027252811912],[24.374902343750023,43.76410553593162],[24.430566406250023,43.79437897343162]]]}},{"type":"Feature","properties":{"outlineWidth":2,"fillColor":"#00ffff"},"geometry":{"type":"MultiLineString","coordinates":[[[25.933496093750023,43.87055084843162],[26.0537109375,43.93458893436912],[26.061132812500006,43.95001862186912],[26.078857421875,43.96925690311912],[26.11572265625,43.99909088749412],[26.150146484375,44.01271393436912],[26.230859375000023,44.02777741093162],[26.309960937500023,44.052850653119116],[26.613671875000023,44.08515045780662],[26.647216796875,44.093622137494116],[26.667236328125,44.095331121869116],[26.676855468750006,44.09735748905662],[26.69677734375,44.106317449994116],[26.708251953125,44.10834381718162],[26.753173828125,44.10834381718162],[26.788964843750023,44.11622955936912],[26.883544921875,44.15680573124412],[27.001074218750006,44.16535065311912],[27.026953125,44.17731354374412],[27.099609375,44.14472077030662],[27.204980468750023,44.12946198124412],[27.226171875,44.12091705936912],[27.2666015625,44.13776276249412]]]}},{"type":"Feature","properties":{"outlineWidth":2,"fillColor":"#00ffff"},"geometry":{"type":"MultiLineString","coordinates":[[[27.876708984375,44.74408600468162],[27.88330078125,44.75690338749412],[27.877343750000023,44.76532623905662],[27.86328125,44.76996491093162],[27.845703125,44.77142975468162],[27.828857421875,44.77912018436912],[27.818359375,44.79596588749412],[27.814697265625,44.81276276249412],[27.81875,44.82050202030662],[27.833984375,44.83087799686912],[27.859375,44.85504791874412],[27.878808593750023,44.88209869999412],[27.876708984375,44.90114166874412],[27.889257812500006,44.92621491093162],[27.89423828125001,44.95697662968162],[27.890527343750023,44.98585846561912],[27.876708984375,45.00482819218162],[27.9072265625,45.05316803593162],[27.911376953125,45.06935455936912],[27.917578125,45.08161041874412],[27.944921875,45.11281159061912],[27.951757812500006,45.12836334843162],[27.9501953125,45.13715241093162],[27.941162109375,45.15333893436912],[27.938085937500006,45.16181061405662],[27.938085937500006,45.20656159061912],[27.941650390625,45.224237371869116],[28.00634765625,45.324823309369116],[28.010351562500006,45.33380768436912],[28.01806640625,45.343133856244116],[28.02880859375,45.38746979374412],[28.034423828125,45.40204498905662],[28.048583984375,45.41376373905662],[28.066992187500006,45.42255280155662],[28.087158203125,45.42804596561912],[28.10664062500001,45.42999909061912],[28.127539062500006,45.42677643436912],[28.16953125,45.41498444218162],[28.18515625,45.415643621869116],[28.193603515625,45.42316315311912],[28.20166015625,45.44313385624412],[28.21240234375,45.45045807499412]]]}},{"type":"Feature","properties":{"outlineWidth":2,"fillColor":"#00ffff"},"geometry":{"type":"MultiLineString","coordinates":[[[1.219970703125,43.880731512494116],[1.188623046875023,43.92084381718162],[1.178955078125,43.92914459843162],[1.178955078125,43.94533112186912],[1.166650390625023,43.96820709843162],[1.1484375,43.98859284061912],[1.130615234375,43.99738190311912],[1.1044921875,44.006463934369116],[1.0859375,44.02777741093162],[1.070947265625023,44.05267975468162],[1.055419921875,44.07252838749412],[1.036376953125,44.08112213749412],[1.028812451335451,44.082887577633564]]]}},{"type":"Feature","properties":{"outlineWidth":2,"fillColor":"#00ffff"},"geometry":{"type":"MultiLineString","coordinates":[[[21.90234375,67.64032623905662],[21.947167968750023,67.62433502811912],[22.018798828125,67.60846588749412],[22.185205078125023,67.55097077030662],[22.267333984375,67.50133698124412],[22.284912109375,67.49481842655662],[22.401611328125,67.47496979374412],[22.469873046875023,67.44086334843162],[22.498779296875,67.43060944218162],[22.557763671875023,67.41930573124412],[22.586181640625,67.40949127811912],[22.5947265625,67.40387604374412],[22.605712890625,67.39154694218162],[22.61328125,67.38556549686912],[22.624169921875023,67.38104889530662],[22.6494140625,67.37365143436912],[22.658349609375023,67.36852448124412],[22.67041015625,67.35101959843162],[22.665429687500023,67.34083893436912],[22.65087890625,67.33148834843162],[22.63427734375,67.31671784061912],[22.680908203125,67.28917877811912],[22.731835937500023,67.26740143436912],[22.787255859375023,67.25299713749412],[22.9013671875,67.24347565311912],[22.911865234375,67.24469635624412],[22.919921875,67.25018952030662],[22.945947265625023,67.26032135624412],[22.956787109375,67.26207916874412],[23.296533203125023,67.24865143436912],[23.360595703125,67.23473541874412],[23.429101562500023,67.20421784061912],[23.487695312500023,67.19738190311912],[23.573486328125,67.17328522343162],[23.580712890625023,67.15338776249412],[23.598535156250023,67.14057037968162],[23.619873046875,67.12958405155662],[23.647216796875,67.10883209843162],[23.657470703125,67.10431549686912],[23.666015625,67.09821198124412],[23.669677734375,67.08734772343162],[23.670166015625,67.07453034061912],[23.672119140625,67.06603424686912],[23.676171875000023,67.05878327030662],[23.683349609375,67.04982330936912],[23.719873046875023,67.01715729374412],[23.7431640625,67.00128815311912],[23.761132812500023,66.99457428593162],[23.79150390625,66.98920319218162],[23.816162109375,66.97577545780662],[23.873046875,66.92499420780662],[23.911865234375,66.90375397343162],[23.932861328125,66.88903229374412],[23.960205078125,66.86225006718162],[24.000634765625023,66.81268952030662],[24.00341796875,66.80548737186912],[23.998681640625023,66.79657623905662],[23.98388671875,66.79328034061912],[23.96044921875,66.79389069218162],[23.938623046875023,66.79144928593162],[23.924218750000023,66.77326080936912],[23.891845703125,66.75123932499412],[23.89111328125,66.74391510624412],[23.902490234375023,66.70722077030662],[23.902587890625,66.68671295780662],[23.8984375,66.66669342655662],[23.891015625000023,66.64826080936912],[23.88134765625,66.63209869999412]]]}},{"type":"Feature","properties":{"outlineWidth":2,"fillColor":"#00ffff"},"geometry":{"type":"MultiLineString","coordinates":[[[6.031005859375,51.87970612186912],[6.028076171875,51.88983795780662],[6.024560546875023,51.89642975468162],[6.018701171875023,51.90058014530662],[6.009179687500023,51.90558502811912],[5.981201171875,51.91632721561912],[5.96728515625,51.92450592655662],[5.96142578125,51.93605377811912],[5.951806640625023,51.95014069218162],[5.929443359375,51.96503327030662],[5.88623046875,51.98749420780662],[5.861718750000023,51.97333405155662],[5.803955078125,51.97340729374412],[5.783837890625023,51.959588934369116],[5.742578125000023,51.96857330936912],[5.705468750000023,51.96295807499412],[5.668212890625,51.95233795780662],[5.626220703125,51.94660065311912],[5.581933593750023,51.95319244999412],[5.5048828125,51.98187897343162],[5.461669921875,51.98749420780662],[5.449365234375023,51.98541901249412],[5.429443359375,51.97662994999412],[5.420166015625,51.97389557499412],[5.408935546875,51.97418854374412],[5.382714843750023,51.980096746869116],[5.3603515625,51.976922918744116],[5.3310546875,51.96295807499412]]]}},{"type":"Feature","properties":{"outlineWidth":2,"fillColor":"#00ffff"},"geometry":{"type":"MultiLineString","coordinates":[[[22.8388671875,66.00001862186912],[22.893457031250023,65.92597077030662],[22.9755859375,65.87731354374412],[23.08642578125,65.85822174686912],[23.194482421875023,65.82782623905662]]]}},{"type":"Feature","properties":{"outlineWidth":2,"fillColor":"#00ffff"},"geometry":{"type":"MultiLineString","coordinates":[[[6.882714843750023,45.80560944218162],[6.928466796875,45.815301824994116],[6.94970703125,45.815301824994116],[7.104882812500023,45.74555084843162],[7.133203125000023,45.73895905155662],[7.23095703125,45.72926666874412],[7.242919921875,45.73268463749412],[7.254296875000023,45.738397528119116],[7.2685546875,45.743768621869116],[7.302978515625,45.74872467655662],[7.338134765625,45.74855377811912]]]}},{"type":"Feature","properties":{"outlineWidth":2,"fillColor":"#00ffff"},"geometry":{"type":"MultiLineString","coordinates":[[[27.98652343750001,45.29218170780662],[27.98652343750001,45.29218170780662],[27.98652343750001,45.29218170780662],[27.98652343750001,45.29218170780662],[27.98652343750001,45.29218170780662],[28.041113281250006,45.25824616093162],[28.075292968750006,45.24811432499412],[28.109960937500006,45.25807526249412],[28.11669921875,45.25392487186912],[28.1220703125,45.249627996869116],[28.126708984375,45.24440338749412],[28.13046875,45.23756744999412],[28.11767578125,45.22431061405662],[28.102783203125,45.20338776249412],[28.097558593750023,45.18402741093162],[28.113378906250006,45.17548248905662],[28.1318359375,45.17140534061912],[28.15234375,45.16115143436912],[28.169335937500023,45.14777252811912],[28.177734375,45.13454010624412],[28.174072265625,45.121454168744116],[28.16259765625,45.10817291874412],[28.147558593750006,45.097772528119116],[28.133886718750006,45.09357330936912],[28.13125,45.08888580936912],[28.137304687500006,45.05634186405662],[28.138427734375,45.05365631718162],[28.140722656250006,45.05170319218162],[28.14306640625,45.04860260624412],[28.14423828125001,45.04266998905662],[28.1421875,45.03632233280662],[28.1328125,45.02545807499412],[28.13046875,45.018426824994116],[28.140722656250006,44.98224518436912],[28.14111328125,44.95966217655662],[28.127050781250006,44.94953034061912],[28.123925781250023,44.944696356244116],[28.124902343750023,44.90033600468162],[28.12646484375,44.895624090619116],[28.124755859375,44.891473699994116],[28.116796875,44.88129303593162],[28.089941406250006,44.85590241093162],[28.079833984375,44.84064362186912],[28.07587890625001,44.81671784061912],[28.06982421875,44.795770574994116],[28.054589843750023,44.77687409061912],[28.034423828125,44.76312897343162],[28.013769531250006,44.75775787968162],[27.994726562500006,44.76093170780662],[27.964941406250006,44.775018621869116],[27.945556640625,44.77826569218162],[27.926367187500006,44.77765534061912],[27.9091796875,44.77496979374412],[27.89453125,44.76886627811912],[27.883544921875,44.75775787968162]]]}},{"type":"Feature","properties":{"outlineWidth":2,"fillColor":"#00ffff"},"geometry":{"type":"MultiLineString","coordinates":[[[8.442285156250023,62.23546784061912],[8.498046875,62.21454498905662],[8.619287109375023,62.19013092655662],[8.668847656250023,62.16718170780662],[8.710693359375,62.13898346561912],[8.735009765625023,62.12970612186912],[8.764404296875,62.12623932499412],[8.977441406250023,62.13805573124412]]]}},{"type":"Feature","properties":{"outlineWidth":2,"fillColor":"#00ffff"},"geometry":{"type":"MultiLineString","coordinates":[[[11.795068359375023,61.93073151249412],[11.78125,61.92059967655662]]]}},{"type":"Feature","properties":{"outlineWidth":2,"fillColor":"#00ffff"},"geometry":{"type":"MultiLineString","coordinates":[[[1.771240234375,44.911249090619116],[1.7236328125,44.915399481244116],[1.718017578125,44.91871979374412],[1.701171875,44.933221746869116],[1.696044921875,44.93654205936912],[1.673242187500023,44.93475983280662],[1.661376953125,44.93239166874412],[1.6513671875,44.929071356244116],[1.635009765625,44.91754791874412],[1.602783203125,44.88739655155662],[1.586181640625,44.88129303593162],[1.577294921875023,44.88251373905662],[1.575097656250023,44.88373444218162],[1.565673828125,44.87140534061912],[1.559326171875,44.86549713749412],[1.55126953125,44.86061432499412],[1.542724609375,44.85695221561912],[1.53466796875,44.854608465619116],[1.520166015625023,44.85309479374412],[1.501708984375,44.85504791874412],[1.486083984375,44.86261627811912],[1.479394531250023,44.87819244999412],[1.469970703125,44.88698151249412],[1.44775390625,44.887811590619116],[1.404296875,44.88129303593162],[1.344970703125,44.85817291874412],[1.317626953125,44.85236237186912],[1.302001953125,44.84259674686912],[1.2919921875,44.84027741093162],[1.280664062500023,44.84149811405662],[1.26025390625,44.84638092655662],[1.254150390625,44.84718659061912],[1.249902343750023,44.84467194218162],[1.245849609375,44.839471746869116],[1.242578125000023,44.83295319218162],[1.240478515625,44.82667877811912],[1.22216796875,44.83087799686912],[1.191796875000023,44.81276276249412],[1.171533203125023,44.82050202030662],[1.178955078125,44.82667877811912],[1.175537109375,44.82807037968162],[1.173095703125,44.82770416874412],[1.171875,44.828485418744116],[1.171533203125023,44.83351471561912],[1.165283203125,44.83351471561912],[1.160888671875,44.82709381718162],[1.15380859375,44.82123444218162],[1.147119140625023,44.820672918744116],[1.144287109375,44.83009674686912],[1.138818359375023,44.83405182499412],[1.126367187500023,44.83204987186912],[1.112548828125,44.82814362186912],[1.103271484375,44.82667877811912],[1.043847656250023,44.85817291874412],[1.027587890625,44.861444403119116],[1.01953125,44.85541412968162],[1.012451171875,44.83734772343162],[1.003662109375,44.83351471561912],[0.969970703125,44.83234284061912],[0.959228515625,44.83351471561912],[0.94189453125,44.84186432499412],[0.926025390625,44.853876043744116],[0.90966796875,44.86102936405662],[0.890380859375,44.854608465619116],[0.87744140625,44.86359284061912],[0.8720703125,44.869989324994116],[0.870019531250023,44.87819244999412],[0.864990234375,44.88605377811912],[0.85498046875,44.87824127811912],[0.847314453125023,44.86627838749412],[0.849365234375,44.861444403119116],[0.829736328125023,44.864129949994116],[0.805078125000023,44.88739655155662],[0.78857421875,44.88129303593162],[0.790673828125023,44.85248444218162],[0.751855468750023,44.843377996869116],[0.370263671875023,44.861444403119116],[0.360009765625023,44.86005280155662],[0.341943359375023,44.85553619999412],[0.332666015625023,44.854608465619116],[0.322167968750023,44.85663483280662],[0.315332031250023,44.86115143436912],[0.310205078125023,44.86566803593162],[0.304833984375023,44.86762116093162],[0.251123046875023,44.87921784061912]]]}},{"type":"Feature","properties":{"outlineWidth":2,"fillColor":"#00ffff"},"geometry":{"type":"MultiLineString","coordinates":[[[29.65869140625,45.21649811405662],[29.66357421875,45.22345612186912],[29.665917968750023,45.23090241093162],[29.664453125000023,45.23810455936912],[29.65869140625,45.24440338749412],[29.671777343750023,45.27321198124412],[29.666601562500006,45.312127996869116],[29.649658203125,45.34638092655662],[29.627685546875,45.36110260624412],[29.615820312500006,45.365594793744116],[29.5693359375,45.39520905155662],[29.430078125000023,45.43060944218162],[29.353271484375,45.43622467655662],[29.343359375,45.43842194218162],[29.332421875000023,45.44240143436912],[29.321679687500023,45.44411041874412],[29.312402343750023,45.439569403119116],[29.306542968750023,45.43439362186912],[29.298730468750023,45.42914459843162],[29.289941406250023,45.42487213749412],[29.281347656250006,45.42255280155662],[29.260351562500006,45.42230866093162],[29.244042968750023,45.424432684369116],[29.2275390625,45.42401764530662],[29.206152343750006,45.415643621869116],[29.191162109375,45.40651276249412],[29.1826171875,45.39923737186912],[29.178955078125,45.39210846561912],[29.173828125,45.38922760624412],[29.149658203125,45.38812897343162],[29.141357421875,45.38532135624412],[29.127050781250006,45.37477448124412],[29.10986328125,45.36933014530662],[29.06904296875001,45.36110260624412],[29.017578125,45.33107330936912],[29.004150390625,45.32636139530662],[28.98193359375,45.32575104374412],[28.973242187500006,45.32391998905662],[28.966064453125,45.32013580936912],[28.9599609375,45.31159088749412],[28.956933593750023,45.29230377811912],[28.952392578125,45.28534577030662],[28.929296875,45.27936432499412],[28.909423828125,45.28766510624412],[28.893164062500006,45.30006744999412],[28.88037109375,45.30646393436912],[28.857666015625,45.30934479374412],[28.831298828125,45.32252838749412],[28.815673828125,45.32636139530662],[28.789306640625,45.321649481244116],[28.7880859375,45.30739166874412],[28.789648437500006,45.29230377811912],[28.761132812500023,45.282098699994116],[28.759033203125,45.27443268436912],[28.761962890625,45.26532623905662],[28.766699218750006,45.25807526249412],[28.773828125000023,45.253534246869116],[28.802148437500023,45.24440338749412],[28.790917968750023,45.235223699994116],[28.778222656250023,45.231317449994116],[28.746972656250023,45.23073151249412],[28.746972656250023,45.23073151249412],[28.746972656250023,45.23073151249412],[28.746972656250023,45.23073151249412],[28.746972656250023,45.23073151249412],[28.754785156250023,45.22211334843162],[28.794677734375,45.20282623905662],[28.797460937500006,45.19708893436912],[28.79541015625,45.190301824994116],[28.795507812500006,45.184686590619116],[28.80517578125,45.18231842655662],[28.808837890625,45.18439362186912],[28.821191406250023,45.19391510624412],[28.828857421875,45.19660065311912],[28.84736328125001,45.19647858280662],[28.8623046875,45.19215729374412],[28.883056640625,45.17999909061912]]]}},{"type":"Feature","properties":{"outlineWidth":2,"fillColor":"#00ffff"},"geometry":{"type":"MultiLineString","coordinates":[[[25.78369140625,46.68378327030662],[25.794677734375,46.67511627811912],[25.799707031250023,46.65558502811912],[25.800537109375,46.621698309369116],[25.795019531250006,46.60206940311912],[25.777099609375,46.56976959843162],[25.773046875,46.55683014530662],[25.77001953125,46.552118231244116],[25.76318359375,46.54743073124412],[25.75634765625,46.54054596561912],[25.753320312500023,46.529169012494116],[25.7548828125,46.50946686405662],[25.758886718750006,46.49201080936912],[25.760644531250023,46.46869537968162],[25.759521484375,46.44086334843162]]]}},{"type":"Feature","properties":{"outlineWidth":2,"fillColor":"#00ffff"},"geometry":{"type":"MultiLineString","coordinates":[[[12.771916752685744,46.83813743026143],[12.838281250000023,46.81598541874412],[12.89501953125,46.78859284061912],[12.956933593750023,46.76271393436912],[13.02490234375,46.74830963749412],[13.088281250000023,46.74440338749412],[13.139404296875,46.744012762494116],[13.173828125,46.747430731244116],[13.226318359375,46.75880768436912],[13.275048828125023,46.764764715619116],[13.322656250000023,46.77418854374412],[13.34912109375,46.78859284061912],[13.356347656250023,46.80641510624412],[13.357177734375,46.824090887494116],[13.368554687500023,46.83449127811912],[13.401123046875,46.83466217655662],[13.43798828125,46.826044012494116],[13.478759765625,46.802850653119116],[13.5419921875,46.780389715619116],[13.574121093750023,46.761835028119116],[13.610595703125,46.749383856244116],[13.635009765625,46.738153387494116],[13.659326171875023,46.72316315311912],[13.679931640625,46.706903387494116],[13.70703125,46.690545965619116],[13.790283203125,46.65846588749412],[13.826318359375023,46.63910553593162],[13.85888671875,46.62477448124412],[13.894189453125023,46.619989324994116],[13.924951171875023,46.618524481244116],[13.966552734375,46.605096746869116],[13.9931640625,46.60255768436912],[14.026025390625023,46.59467194218162],[14.09912109375,46.55446198124412],[14.138916015625,46.54474518436912],[14.171777343750023,46.54494049686912],[14.213281250000023,46.55324127811912],[14.24609375,46.55641510624412],[14.359033203125023,46.55714752811912],[14.418359375000023,46.563836981244116],[14.469873046875023,46.573846746869116],[14.493066406250023,46.582879949994116],[14.502197265625,46.59450104374412],[14.52001953125,46.610467840619116],[14.551416015625023,46.62860748905662],[14.59326171875,46.64545319218162],[14.630126953125,46.65333893436912],[14.6494140625,46.64972565311912],[14.667138671875023,46.64288971561912],[14.73681640625,46.64528229374412],[14.786865234375,46.64447662968162],[14.81103515625,46.64918854374412],[14.831933593750023,46.65773346561912],[14.846093750000023,46.66718170780662],[14.857421875,46.67133209843162],[14.886962890625,46.661004949994116],[14.918701171875,46.65912506718162],[14.939355468750023,46.65180084843162],[14.95849609375,46.639032293744116],[14.9833984375,46.61159088749412],[14.998779296875,46.601434637494116],[15.018798828125,46.598749090619116],[15.06591796875,46.61102936405662],[15.0888671875,46.61476471561912],[15.110009765625023,46.613153387494116],[15.129638671875,46.607782293744116],[15.148193359375,46.60578034061912],[15.185449218750023,46.61793854374412],[15.204345703125,46.61476471561912],[15.224755859375023,46.60670807499412],[15.246826171875,46.600946356244116],[15.274169921875,46.59857819218162],[15.341552734375,46.59894440311912],[15.371826171875,46.59621002811912],[15.394677734375023,46.59035065311912],[15.421875,46.57941315311912],[15.433349609375,46.582879949994116],[15.4423828125,46.58302643436912],[15.454003906250023,46.555780340619116],[15.465722656250023,46.54689362186912],[15.483544921875023,46.54743073124412],[15.533935546875,46.56500885624412],[15.570068359375,46.57233307499412],[15.603662109375023,46.57423737186912],[15.675048828125,46.56276276249412],[15.7001953125,46.55524323124412],[15.712646484375,46.53998444218162],[15.71826171875,46.52191803593162],[15.7265625,46.50763580936912],[15.743408203125,46.496942449994116],[15.799560546875,46.47560455936912],[15.828857421875,46.45453522343162]]]}},{"type":"Feature","properties":{"outlineWidth":2,"fillColor":"#00ffff"},"geometry":{"type":"MultiLineString","coordinates":[[[24.255615234375,48.32172272343162],[24.265039062500023,48.31952545780662],[24.285302734375023,48.30975983280662],[24.2958984375,48.307489324994116],[24.328515625000023,48.30963776249412],[24.340722656250023,48.307489324994116],[24.365234375,48.28461334843162],[24.348779296875023,48.251336981244116],[24.292236328125,48.190790106244116],[24.2626953125,48.138544012494116],[24.258691406250023,48.12628815311912],[24.256738281250023,48.11232330936912],[24.251611328125023,48.10077545780662],[24.243798828125023,48.09113190311912],[24.234277343750023,48.08278229374412]]]}},{"type":"Feature","properties":{"outlineWidth":2,"fillColor":"#00ffff"},"geometry":{"type":"MultiLineString","coordinates":[[[28.882714843750023,45.179803778119116],[28.890869140625,45.18231842655662],[28.890869140625,45.18231842655662],[28.890869140625,45.18231842655662],[28.890869140625,45.18231842655662],[28.94580078125,45.19533112186912],[28.969482421875,45.19660065311912],[28.980224609375,45.19330475468162],[28.999414062500023,45.17877838749412],[29.010986328125,45.17548248905662],[29.483642578125,45.16925690311912],[29.49169921875,45.17133209843162],[29.50546875,45.180292059369116],[29.510986328125,45.18231842655662],[29.516015625000023,45.183465887494116],[29.525292968750023,45.188592840619116],[29.531494140625,45.18976471561912],[29.53955078125,45.187860418744116],[29.54345703125,45.183465887494116],[29.545654296875,45.17872955936912],[29.548828125,45.17548248905662],[29.580078125,45.16889069218162],[29.6552734375,45.161004949994116],[29.68212890625,45.148797918744116]]]}},{"type":"Feature","properties":{"outlineWidth":2,"fillColor":"#00ffff"},"geometry":{"type":"MultiLineString","coordinates":[[[19.063378906250023,47.47267487186912],[19.073876953125023,47.46710846561912],[19.085107421875023,47.45831940311912],[19.092529296875,47.44574616093162],[19.10302734375,47.41571686405662],[19.104248046875,47.40534088749412],[19.100830078125,47.39569733280662],[18.993408203125,47.28224518436912],[18.964599609375,47.23517487186912],[18.954345703125,47.21076080936912],[18.949365234375023,47.17731354374412],[18.957763671875,47.14850494999412],[18.9765625,47.123407293744116],[19.002099609375023,47.10150787968162],[18.970117187500023,47.087518621869116],[18.961816406250023,47.08161041874412],[18.95654296875,47.07294342655662],[18.955712890625023,47.06403229374412],[18.96142578125,47.05690338749412],[18.975341796875,47.05372955936912],[18.973876953125,47.047723699994116],[18.970947265625,47.042352606244116],[18.968017578125,47.03322174686912]]]}},{"type":"Feature","properties":{"outlineWidth":2,"fillColor":"#00ffff"},"geometry":{"type":"MultiLineString","coordinates":[[[-8.449145507812489,52.816766668744116],[-8.44677734375,52.79347565311912],[-8.459716796875,52.771356512494116],[-8.477148437499977,52.75495026249412],[-8.50927734375,52.74420807499412],[-8.509204101562489,52.73383209843162],[-8.504980468749977,52.72125885624412],[-8.507519531249983,52.710321356244116],[-8.513281249999977,52.70631744999412],[-8.520361328124977,52.70331452030662],[-8.528076171875,52.70136139530662],[-8.535400390625,52.70070221561912],[-8.54541015625,52.698358465619116],[-8.54931640625,52.692743231244116],[-8.552099609374977,52.68605377811912],[-8.558398437499989,52.68024323124412],[-8.568212890624977,52.67633698124412],[-8.579199218749977,52.67384674686912],[-8.591894531249977,52.67267487186912],[-8.606787109374977,52.67279694218162],[-8.612158203124977,52.67475006718162],[-8.615405273437489,52.67829010624412],[-8.619482421874977,52.68097565311912],[-8.627294921874977,52.68024323124412],[-8.632421874999977,52.67572662968162],[-8.635351562499977,52.661981512494116],[-8.63818359375,52.65912506718162],[-8.666015625,52.65277741093162],[-8.6826171875,52.65106842655662],[-8.689990234374989,52.65570709843162],[-8.695117187499989,52.666131903119116],[-8.707568359374989,52.67189362186912],[-8.722998046874977,52.67384674686912],[-8.738525390625,52.67279694218162]]]}},{"type":"Feature","properties":{"outlineWidth":2,"fillColor":"#00ffff"},"geometry":{"type":"MultiLineString","coordinates":[[[-7.940039062499977,53.83966705936912],[-7.952734374999977,53.85333893436912],[-7.9609375,53.85724518436912],[-7.973803710937489,53.86579010624412],[-7.980712890625,53.874872137494116],[-7.983007812499977,53.87941315311912],[-7.983007812499977,53.879510809369116]]]}},{"type":"Feature","properties":{"outlineWidth":2,"fillColor":"#00ffff"},"geometry":{"type":"MultiLineString","coordinates":[[[8.881103515625,47.656366278119116],[8.85205078125,47.671014715619116],[8.815673828125,47.68427155155662],[8.776513671875023,47.69367096561912],[8.639794921875023,47.69623444218162],[8.631494140625023,47.69049713749412],[8.62451171875,47.681512762494116],[8.607324218750023,47.67067291874412],[8.617431640625,47.66632721561912],[8.62451171875,47.659051824994116],[8.624755859375,47.65058014530662],[8.6142578125,47.642694403119116],[8.606689453125,47.65656159061912],[8.602441406250023,47.64747955936912],[8.599853515625,47.61261627811912],[8.594384765625023,47.60053131718162],[8.568017578125023,47.57545807499412],[8.5595703125,47.56080963749412],[8.539306640625,47.56867096561912],[8.52294921875,47.57765534061912],[8.505126953125,47.58502838749412],[8.480126953125023,47.58808014530662],[8.41748046875,47.58107330936912],[8.353515625,47.58124420780662],[8.315673828125,47.58808014530662],[8.305810546875023,47.59247467655662],[8.298730468750023,47.60211823124412],[8.293359375000023,47.611688543744116],[8.2880859375,47.61603424686912],[8.276513671875023,47.61688873905662],[8.25048828125,47.62225983280662],[8.232421875,47.62213776249412],[8.178613281250023,47.61603424686912],[8.173242187500023,47.61378815311912],[8.168359375000023,47.60890534061912],[8.16162109375,47.60402252811912],[8.143212890625023,47.60036041874412],[8.12158203125,47.592401434369116],[8.11328125,47.58808014530662],[8.10498046875,47.58148834843162],[8.100830078125,47.57643463749412],[8.096435546875,47.57208893436912],[8.086669921875,47.56764557499412],[8.041650390625023,47.56080963749412],[7.91162109375,47.56080963749412],[7.908935546875,47.565057684369116],[7.906982421875,47.57448151249412],[7.903710937500023,47.583856512494116],[7.897607421875023,47.58808014530662],[7.833154296875023,47.59076569218162],[7.819091796875,47.59552643436912],[7.801025390625,47.576288153119116],[7.784912109375,47.56342194218162],[7.76611328125,47.55621979374412],[7.682861328125,47.54450104374412],[7.660888671875,47.546502996869116],[7.609130859375,47.56500885624412],[7.588525390625023,47.56764557499412],[7.58349609375,47.57294342655662],[7.585351562500023,47.58424713749412],[7.589599609375,47.59503815311912],[7.591943359375023,47.59870026249412],[7.589746093750023,47.60822174686912],[7.584619140625023,47.61347077030662],[7.578125,47.61720612186912],[7.572021484375,47.62225983280662],[7.549707031250023,47.652704168744116],[7.5361328125,47.66547272343162],[7.521240234375,47.67067291874412],[7.517333984375,47.67531159061912],[7.514062500000023,47.68605377811912],[7.51123046875,47.70758698124412],[7.514794921875023,47.71356842655662],[7.531494140625,47.725458074994116],[7.537353515625,47.73212311405662],[7.537744140625023,47.748407293744116],[7.525390625,47.78339264530662],[7.528076171875,47.79730866093162],[7.542382812500023,47.82965729374412],[7.5478515625,47.83449127811912],[7.561425781250023,47.83954498905662],[7.563623046875023,47.85065338749412],[7.558496093750023,47.869256903119116],[7.55859375,47.87372467655662],[7.557861328125,47.87628815311912],[7.557275390625023,47.878778387494116],[7.558496093750023,47.882928778119116],[7.561425781250023,47.88739655155662],[7.56787109375,47.89162018436912],[7.572021484375,47.896600653119116],[7.578369140625,47.90656159061912],[7.580078125,47.91107819218162],[7.578857421875,47.92731354374412],[7.58447265625,47.94069244999412],[7.611083984375,47.95966217655662],[7.62060546875,47.97169830936912],[7.618408203125,48.00287506718162],[7.5751953125,48.05390045780662],[7.572021484375,48.09523346561912],[7.578271484375023,48.11476471561912],[7.585107421875023,48.12995026249412],[7.59228515625,48.13886139530662],[7.59912109375,48.14496491093162],[7.604248046875,48.15285065311912],[7.606347656250023,48.16718170780662],[7.61279296875,48.17946198124412],[7.675927734375023,48.23871491093162],[7.6865234375,48.25324127811912],[7.69287109375,48.270135809369116],[7.694970703125023,48.29047272343162],[7.701904296875,48.31146881718162],[7.718017578125,48.32025787968162],[7.736328125,48.32692291874412],[7.750244140625,48.34162018436912],[7.75146484375,48.355585028119116],[7.746337890625,48.36896393436912],[7.73974609375,48.38165924686912],[7.736572265625,48.39374420780662],[7.73779296875,48.40680573124412],[7.7451171875,48.43329498905662],[7.750244140625,48.44464752811912],[7.757080078125,48.45416901249412],[7.763671875,48.46063873905662],[7.768798828125,48.470331121869116],[7.770751953125,48.48932526249412],[7.77587890625,48.498407293744116],[7.787841796875,48.50653717655662],[7.812890625000023,48.51979401249412],[7.812890625000023,48.52662994999412],[7.801171875000023,48.54779694218162],[7.80126953125,48.58258698124412],[7.809716796875023,48.61525299686912],[7.851806640625,48.65895416874412],[7.863525390625,48.66437409061912],[7.880029296875023,48.66791412968162],[7.895410156250023,48.67682526249412],[7.922753906250023,48.69855377811912]]]}},{"type":"Feature","properties":{"outlineWidth":2,"fillColor":"#00ffff"},"geometry":{"type":"MultiLineString","coordinates":[[[13.985742187500023,48.77936432499412],[13.9912109375,48.77589752811912],[14.0185546875,48.765497137494116],[14.036376953125,48.755731512494116],[14.043603515625023,48.749627996869116],[14.048730468750023,48.74115631718162],[14.050927734375023,48.72333405155662],[14.053466796875,48.71486237186912],[14.059960937500023,48.70807526249412],[14.076904296875,48.70087311405662],[14.084716796875,48.69623444218162],[14.099267578125023,48.684442449994116],[14.10546875,48.68287994999412],[14.13134765625,48.68268463749412],[14.135986328125,48.68097565311912],[14.13818359375,48.67902252811912],[14.141992187500023,48.67352936405662],[14.143212890625023,48.67213776249412],[14.17529296875,48.64850494999412],[14.188134765625023,48.64357330936912],[14.203125,48.64325592655662],[14.234033203125023,48.64777252811912],[14.24853515625,48.64533112186912],[14.253320312500023,48.64276764530662],[14.255126953125,48.64069244999412],[14.257080078125,48.63934967655662],[14.26171875,48.63873932499412],[14.266845703125,48.63983795780662],[14.27734375,48.64447662968162],[14.28369140625,48.64454987186912],[14.288964843750023,48.64227936405662],[14.303466796875,48.63165924686912],[14.31591796875,48.62641022343162],[14.328857421875,48.62396881718162],[14.34130859375,48.625604559369116],[14.352783203125,48.63307526249412],[14.363183593750023,48.644159246869116],[14.36669921875,48.65192291874412],[14.363037109375,48.67804596561912],[14.360009765625023,48.69013092655662],[14.341699218750023,48.73537018436912],[14.308251953125023,48.77057526249412],[14.301513671875,48.79413483280662],[14.306298828125023,48.80805084843162],[14.316796875000023,48.81586334843162],[14.358300781250023,48.827020574994116],[14.364990234375,48.83038971561912],[14.369873046875,48.83515045780662],[14.372314453125,48.843133856244116],[14.372314453125,48.86139557499412],[14.375,48.87013580936912],[14.381103515625,48.87689850468162],[14.382568359375,48.87916901249412],[14.38330078125,48.88263580936912],[14.383447265625023,48.88519928593162],[14.383203125000023,48.88764069218162],[14.384033203125,48.89911530155662],[14.385156250000023,48.90455963749412],[14.387939453125,48.908807684369116],[14.39453125,48.91351959843162],[14.408837890625023,48.92018463749412],[14.422509765625023,48.92475006718162],[14.435302734375,48.93092682499412],[14.447412109375023,48.94220612186912],[14.451904296875,48.95404694218162],[14.45654296875,48.97467682499412],[14.4580078125,48.99359772343162],[14.451904296875,49.00018952030662],[14.466064453125,49.00641510624412],[14.451806640625023,49.019891668744116],[14.444970703125023,49.02443268436912],[14.438134765625023,49.02753327030662],[14.44677734375,49.05341217655662],[14.452783203125023,49.063104559369116],[14.466064453125,49.06903717655662],[14.462548828125023,49.08429596561912],[14.462646484375,49.13910553593162],[14.451904296875,49.15717194218162],[14.455957031250023,49.16913483280662],[14.45556640625,49.18488190311912],[14.451806640625023,49.20062897343162],[14.445556640625,49.21246979374412],[14.435205078125023,49.21784088749412],[14.3984375,49.23163483280662],[14.382958984375023,49.24042389530662],[14.366455078125,49.24445221561912],[14.35009765625,49.25116608280662],[14.342675781250023,49.26369049686912],[14.342041015625,49.27643463749412],[14.339257812500023,49.28639557499412],[14.333154296875023,49.29608795780662],[14.322021484375,49.30805084843162],[14.280517578125,49.34279205936912],[14.251953125,49.38971588749412],[14.242919921875,49.39679596561912],[14.24169921875,49.40431549686912],[14.228417968750023,49.41998932499412],[14.21337890625,49.43353912968162],[14.205957031250023,49.43463776249412],[14.203857421875,49.43756744999412],[14.19921875,49.44049713749412],[14.194482421875023,49.44574616093162],[14.190332031250023,49.46381256718162],[14.181396484375,49.47833893436912],[14.179931640625,49.48749420780662],[14.181884765625,49.49591705936912],[14.188232421875,49.51203034061912],[14.189208984375,49.52101471561912],[14.180322265625023,49.57916901249412],[14.184960937500023,49.59601471561912]]]}},{"type":"Feature","properties":{"outlineWidth":2,"fillColor":"#00ffff"},"geometry":{"type":"MultiLineString","coordinates":[[[24.705322265625,48.55072662968162],[24.827392578125,48.58034088749412],[24.870996093750023,48.58331940311912],[24.89990234375,48.582147528119116],[24.9287109375,48.57770416874412],[24.956152343750006,48.568963934369116],[24.9814453125,48.55495026249412],[25.01328125,48.52826569218162],[25.017578125,48.52533600468162],[25.0205078125,48.52472565311912],[25.02294921875,48.52374909061912],[25.02587890625,48.51959869999412],[25.02685546875,48.51557037968162],[25.027441406250006,48.506708074994116],[25.029541015625,48.50294830936912],[25.049218750000023,48.494012762494116],[25.07470703125,48.49367096561912],[25.1220703125,48.49928619999412],[25.19296875,48.48236725468162],[25.227148437500006,48.46779205936912],[25.25751953125001,48.46234772343162],[25.287988281250023,48.46088287968162],[25.307031250000023,48.46515534061912],[25.3427734375,48.45355866093162],[25.464746093750023,48.46515534061912],[25.498779296875,48.45831940311912],[25.516845703125,48.45265534061912],[25.5234375,48.45172760624412],[25.536376953125,48.45148346561912],[25.550878906250006,48.44916412968162],[25.565332031250023,48.443231512494116],[25.590722656250023,48.42633698124412],[25.644628906250006,48.37714264530662],[25.673583984375,48.36432526249412],[25.715917968750006,48.366327215619116],[25.7515625,48.37843659061912],[25.76416015625,48.38080475468162],[25.7783203125,48.38014557499412],[25.7900390625,48.37641022343162],[25.812744140625,48.36456940311912],[25.824462890625,48.360467840619116],[25.85791015625,48.357049871869116],[25.870361328125,48.35407135624412],[25.87890625,48.34938385624412],[25.896484375,48.33600494999412],[25.90839843750001,48.33014557499412],[25.944433593750006,48.32184479374412],[25.979101562500006,48.30763580936912],[26.074462890625,48.250360418744116],[26.09736328125001,48.24537994999412],[26.144628906250006,48.24872467655662],[26.167724609375,48.24494049686912],[26.211181640625,48.226922918744116],[26.233154296875,48.22138092655662],[26.275390625,48.22023346561912],[26.311132812500006,48.21002838749412],[26.329833984375,48.20875885624412],[26.3466796875,48.21234772343162],[26.379980468750006,48.22340729374412],[26.39697265625,48.226434637494116],[26.444238281250023,48.22797272343162],[26.460693359375,48.23065827030662]]]}},{"type":"Feature","properties":{"outlineWidth":2,"fillColor":"#00ffff"},"geometry":{"type":"MultiLineString","coordinates":[[[6.68115234375,44.92218659061912],[6.659570312500023,44.91156647343162],[6.621484375000023,44.88405182499412],[6.580810546875,44.84039948124412],[6.575097656250023,44.827752996869116],[6.572509765625,44.809930731244116],[6.574462890625,44.766473699994116],[6.577783203125023,44.74830963749412],[6.598535156250023,44.70314362186912],[6.60302734375,44.68097565311912],[6.59326171875,44.65700104374412],[6.543212890625,44.61127350468162],[6.5283203125,44.59223053593162],[6.5048828125,44.56830475468162],[6.475830078125,44.55792877811912],[6.39990234375,44.551874090619116],[6.390625,44.54933502811912]]]}},{"type":"Feature","properties":{"outlineWidth":2,"fillColor":"#00ffff"},"geometry":{"type":"MultiLineString","coordinates":[[[1.980224609375,45.703729559369116],[1.920068359375023,45.69550202030662],[1.8935546875,45.696161199994116],[1.870996093750023,45.70990631718162],[1.858154296875,45.69940827030662],[1.845947265625,45.69391510624412],[1.83935546875,45.69635651249412],[1.843164062500023,45.70990631718162],[1.830810546875,45.71583893436912],[1.78857421875,45.72418854374412],[1.736718750000023,45.742059637494116],[1.71826171875,45.74586823124412],[1.716064453125,45.746698309369116]]]}},{"type":"Feature","properties":{"outlineWidth":2,"fillColor":"#00ffff"},"geometry":{"type":"MultiLineString","coordinates":[[[0.6845703125,46.12746002811912],[0.679443359375,46.14447662968162],[0.671875,46.16242096561912],[0.6787109375,46.16242096561912],[0.677734375,46.17011139530662],[0.672509765625023,46.19122955936912],[0.671875,46.197137762494116],[0.67724609375,46.20563385624412],[0.68408203125,46.21271393436912],[0.6884765625,46.22047760624412],[0.685546875,46.23126862186912],[0.6923828125,46.23126862186912],[0.686767578125,46.24384186405662],[0.68798828125,46.24677155155662],[0.6923828125,46.25177643436912],[0.688623046875023,46.25702545780662],[0.687646484375023,46.25910065311912],[0.6923828125,46.26605866093162],[0.685546875,46.26605866093162],[0.691162109375,46.28424713749412],[0.689355468750023,46.32782623905662],[0.704736328125023,46.36359284061912],[0.704736328125023,46.384637762494116],[0.69580078125,46.42963287968162],[0.68896484375,46.43683502811912],[0.680322265625023,46.44330475468162],[0.671875,46.45099518436912],[0.664208984375023,46.46173737186912],[0.6455078125,46.50116608280662],[0.641503906250023,46.50678131718162],[0.638671875,46.513299871869116],[0.637109375000023,46.52545807499412],[0.63818359375,46.53314850468162],[0.643212890625023,46.55177643436912],[0.64404296875,46.56024811405662],[0.635888671875023,46.57184479374412],[0.60302734375,46.60126373905662],[0.595947265625,46.61225006718162],[0.552001953125,46.70844147343162],[0.544091796875023,46.73732330936912],[0.534814453125023,46.83771393436912],[0.537841796875,46.85394928593162],[0.551513671875,46.87482330936912],[0.554589843750023,46.89235260624412],[0.559960937500023,46.90387604374412],[0.583984375,46.93085358280662],[0.58935546875,46.94696686405662],[0.585595703125023,46.96491119999412],[0.570556640625,46.98883698124412],[0.56884765625,47.00531647343162],[0.554589843750023,47.05372955936912],[0.544677734375,47.077508856244116],[0.51806640625,47.09894440311912],[0.48583984375,47.11481354374412],[0.458984375,47.12201569218162],[0.340478515625023,47.136346746869116],[0.32177734375,47.14581940311912],[0.303369140625023,47.14813873905662],[0.194970703125023,47.17658112186912],[0.158349609375023,47.18019440311912],[0.126953125,47.18964264530662],[0.099609375,47.20289948124412],[0.075390625000011,47.21820709843162]]]}},{"type":"Feature","properties":{"outlineWidth":2,"fillColor":"#00ffff"},"geometry":{"type":"MultiLineString","coordinates":[[[20.681640625,41.18073151249412],[20.6806640625,41.198114324994116],[20.669921875,41.22333405155662],[20.667382812500023,41.239374090619116],[20.662841796875,41.25001862186912],[20.622949218750023,41.28656647343162],[20.619384765625,41.29328034061912],[20.623681640625023,41.30055573124412],[20.634521484375,41.31342194218162],[20.638916015625,41.32123444218162],[20.612939453125023,41.36505768436912],[20.6025390625,41.37250397343162],[20.5888671875,41.38532135624412],[20.56201171875,41.44166901249412],[20.535546875000023,41.45746491093162],[20.5234375,41.47614166874412],[20.5166015625,41.48341705936912],[20.514306640625023,41.48737213749412],[20.511474609375,41.490594793744116],[20.50341796875,41.49542877811912],[20.4951171875,41.49787018436912],[20.47705078125,41.49953034061912],[20.46875,41.50287506718162],[20.465234375000023,41.50714752811912],[20.46044921875,41.51837799686912],[20.455078125,41.52338287968162],[20.455078125,41.53082916874412],[20.466796875,41.54254791874412],[20.460595703125023,41.558954168744116],[20.4482421875,41.57746002811912],[20.44140625,41.59540436405662],[20.44287109375,41.61151764530662],[20.440087890625023,41.61469147343162],[20.423486328125023,41.62970612186912],[20.347314453125023,41.67938873905662],[20.339013671875023,41.69122955936912],[20.339013671875023,41.763544012494116],[20.340966796875023,41.779413153119116],[20.355371093750023,41.809930731244116],[20.35888671875,41.82814362186912],[20.3525390625,41.84259674686912],[20.324609375000023,41.87421295780662],[20.318603515625,41.89332916874412],[20.326318359375023,41.91058991093162],[20.358544921875023,41.92482330936912],[20.36572265625,41.93800690311912],[20.366845703125023,41.94599030155662],[20.3720703125,41.96076080936912],[20.373193359375023,41.97211334843162],[20.371337890625,41.97943756718162],[20.363525390625,41.993524481244116],[20.361572265625,42.00123932499412],[20.362695312500023,42.010614324994116],[20.37744140625,42.05267975468162],[20.387451171875,42.07196686405662],[20.390527343750023,42.082879949994116],[20.367822265625023,42.08356354374412],[20.323974609375,42.10138580936912],[20.291406250000023,42.12750885624412],[20.302734375,42.15363190311912],[20.293359375000023,42.15944244999412],[20.278955078125023,42.17506744999412],[20.270166015625023,42.181268621869116],[20.205322265625,42.20172760624412],[20.196435546875023,42.20343659061912],[20.19140625,42.20746491093162],[20.187255859375,42.21198151249412],[20.181396484375,42.21539948124412],[20.174218750000023,42.21657135624412],[20.150292968750023,42.21539948124412],[20.036767578125023,42.25641510624412],[20.023583984375023,42.25946686405662],[19.99462890625,42.26239655155662],[19.9833984375,42.26679108280662],[19.976806640625,42.27692291874412],[19.973535156250023,42.28932526249412],[19.967919921875023,42.29884674686912],[19.954345703125,42.29999420780662],[19.947021484375,42.29559967655662],[19.903222656250023,42.25836823124412],[19.890380859375,42.24469635624412],[19.880859375,42.22926666874412],[19.875146484375023,42.21063873905662],[19.87109375,42.178583074994116],[19.873046875,42.17482330936912],[19.877685546875,42.16791412968162],[19.8828125,42.163446356244116],[19.886621093750023,42.16705963749412],[19.873681640625023,42.142938543744116],[19.853417968750023,42.129022528119116],[19.830810546875,42.118768621869116],[19.810791015625,42.10553619999412],[19.791748046875,42.08644440311912],[19.783837890625023,42.08490631718162],[19.735595703125,42.08497955936912],[19.720117187500023,42.08710358280662],[19.708398437500023,42.09254791874412],[19.699609375000023,42.087030340619116],[19.67578125,42.07863190311912],[19.66748046875,42.07208893436912],[19.6494140625,42.077020574994116],[19.629638671875,42.07233307499412],[19.621826171875,42.06061432499412],[19.639550781250023,42.04413483280662],[19.62744140625,42.02558014530662],[19.606689453125,42.002069403119116],[19.580224609375023,41.98578522343162],[19.55078125,41.98883698124412],[19.547509765625023,41.978143621869116],[19.543115234375023,41.97145416874412],[19.5302734375,41.95538971561912],[19.5390625,41.949090887494116],[19.556298828125023,41.94220612186912],[19.564453125,41.93427155155662],[19.569580078125,41.92304108280662],[19.572998046875,41.90265534061912],[19.57861328125,41.89332916874412],[19.631494140625023,41.85285065311912],[19.64697265625,41.83185455936912],[19.634912109375023,41.80621979374412],[19.63330078125,41.80079987186912],[19.639404296875,41.78859284061912],[19.641845703125,41.77912018436912],[19.639550781250023,41.770379949994116],[19.626953125,41.76393463749412],[19.584863281250023,41.75690338749412],[19.5712890625,41.75612213749412]]]}},{"type":"Feature","properties":{"outlineWidth":2,"fillColor":"#00ffff"},"geometry":{"type":"MultiLineString","coordinates":[[[16.84326171875,50.19623444218162],[16.829003906250023,50.18190338749412],[16.813720703125,50.15700104374412],[16.805908203125,50.12995026249412],[16.802978515625,50.120477606244116],[16.817138671875,50.104120184369116],[16.849365234375,50.10651276249412],[16.884912109375023,50.11371491093162],[16.908837890625023,50.11200592655662],[16.91845703125,50.09638092655662],[16.91943359375,50.07684967655662],[16.911279296875023,50.03998444218162],[16.909570312500023,50.03632233280662],[16.903710937500023,50.02814362186912],[16.901513671875023,50.02411530155662],[16.900390625,50.01935455936912],[16.899804687500023,50.00983307499412],[16.898828125000023,50.00531647343162],[16.8837890625,49.97931549686912],[16.879150390625,49.96613190311912],[16.8837890625,49.953729559369116],[16.894189453125023,49.94826080936912],[16.908447265625,49.94367096561912],[16.921044921875023,49.93768952030662],[16.926513671875,49.928094793744116],[16.933984375000023,49.84931061405662],[16.93359375,49.83869049686912],[16.932031250000023,49.83234284061912],[16.931542968750023,49.82599518436912],[16.933984375000023,49.81513092655662],[16.951074218750023,49.79371979374412],[16.953857421875,49.78436920780662],[16.956689453125023,49.78009674686912],[16.977685546875023,49.76361725468162],[16.994384765625,49.73956940311912],[17.001611328125023,49.73261139530662],[17.010498046875,49.72675202030662],[17.030664062500023,49.71796295780662],[17.04150390625,49.71461823124412]]]}},{"type":"Feature","properties":{"outlineWidth":2,"fillColor":"#00ffff"},"geometry":{"type":"MultiLineString","coordinates":[[[33.23964843750002,68.35060455936912],[33.2333984375,68.34108307499412],[33.232666015625,68.31774323124412],[33.24550781250002,68.29999420780662],[33.251074218750006,68.28087799686912],[33.25634765625,68.25421784061912],[33.27138671875002,68.24396393436912],[33.303955078125,68.24425690311912],[33.337890625,68.24030182499412]]]}},{"type":"Feature","properties":{"outlineWidth":2,"fillColor":"#00ffff"},"geometry":{"type":"MultiLineString","coordinates":[[[5.308251953125023,43.742059637494116],[5.254638671875,43.74928619999412],[5.192626953125,43.74909088749412],[5.087158203125,43.78681061405662],[5.06591796875,43.79852936405662],[4.968505859375,43.86671784061912],[4.905908203125023,43.89545319218162],[4.7724609375,43.93280670780662],[4.7626953125,43.932245184369116]]]}},{"type":"Feature","properties":{"outlineWidth":2,"fillColor":"#00ffff"},"geometry":{"type":"MultiLineString","coordinates":[[[-2.945117187499989,41.97540924686912],[-2.926367187499977,41.95241119999412],[-2.871337890625,41.94537994999412],[-2.8375,41.93805573124412],[-2.824902343749983,41.91950104374412],[-2.790820312499989,41.90407135624412],[-2.775439453124989,41.900751043744116],[-2.751953125,41.90314362186912],[-2.735644531249989,41.90827057499412],[-2.721972656249989,41.90778229374412],[-2.70654296875,41.89332916874412],[-2.70654296875,41.89332916874412],[-2.70654296875,41.89332916874412],[-2.70654296875,41.89332916874412],[-2.70654296875,41.89332916874412],[-2.677734375,41.88849518436912],[-2.632666015624977,41.88739655155662],[-2.595556640624977,41.88239166874412],[-2.591113281249989,41.86598541874412],[-2.572021484375,41.86017487186912],[-2.527441406249977,41.851922918744116],[-2.507910156249977,41.84552643436912],[-2.498632812499977,41.838739324994116],[-2.485449218749977,41.822870184369116],[-2.480566406249977,41.81879303593162],[-2.467822265624989,41.81911041874412],[-2.454199218749977,41.82301666874412],[-2.443408203124989,41.82391998905662],[-2.439062499999977,41.815057684369116],[-2.448168945312489,41.77789948124412],[-2.450366210937489,41.75348541874412],[-2.442724609374977,41.74249909061912],[-2.44775390625,41.73334381718162],[-2.445898437499977,41.71539948124412],[-2.434814453125,41.70258209843162],[-2.412353515625,41.70892975468162],[-2.382421874999977,41.68598053593162],[-2.377539062499977,41.684442449994116],[-2.375781249999989,41.67206452030662],[-2.370507812499994,41.66290924686912],[-2.362158203124977,41.65700104374412],[-2.350878906249989,41.653680731244116],[-2.35888671875,41.64203522343162],[-2.363623046874977,41.637079168744116],[-2.371386718749989,41.63263580936912],[-2.36572265625,41.63129303593162],[-2.358154296875,41.62763092655662],[-2.350878906249989,41.62641022343162],[-2.355078124999977,41.61005280155662],[-2.357104492187489,41.60529205936912]]]}},{"type":"Feature","properties":{"outlineWidth":2,"fillColor":"#00ffff"},"geometry":{"type":"MultiLineString","coordinates":[[[4.9853515625,51.82367584843162],[4.9345703125,51.83009674686912],[4.908837890625023,51.82977936405662],[4.8701171875,51.80805084843162],[4.84521484375,51.803094793744116],[4.790185546875023,51.80255768436912],[4.761474609375,51.788934637494116],[4.73974609375,51.774286199994116],[4.725634765625017,51.75690338749412],[4.675537109375,51.71937897343162]]]}},{"type":"Feature","properties":{"outlineWidth":2,"fillColor":"#00ffff"},"geometry":{"type":"MultiLineString","coordinates":[[[4.675537109375,51.71937897343162],[4.740136718750023,51.725458074994116],[4.76220703125,51.72536041874412],[4.811669921875023,51.712762762494116],[4.83056640625,51.712274481244116]]]}},{"type":"Feature","properties":{"outlineWidth":2,"fillColor":"#00ffff"},"geometry":{"type":"MultiLineString","coordinates":[[[-0.603613281249977,51.49408600468162],[-0.590502929687489,51.48732330936912],[-0.5791015625,51.47553131718162],[-0.572924804687489,51.46095612186912],[-0.575732421874989,51.445672918744116],[-0.531591796874977,51.433710028119116],[-0.469775390624989,51.38959381718162],[-0.424902343749977,51.39105866093162],[-0.41796875,51.39435455936912],[-0.411376953125,51.39838287968162],[-0.403076171875,51.402215887494116],[-0.390722656249977,51.40473053593162],[-0.385009765625,51.40717194218162],[-0.379736328124977,51.41115143436912],[-0.373876953124977,51.41278717655662],[-0.349560546874983,51.399774481244116],[-0.349169921874989,51.39850494999412],[-0.334375,51.39838287968162],[-0.32373046875,51.40089752811912],[-0.315478515624989,51.40729401249412],[-0.308203124999977,51.41901276249412],[-0.318798828124983,51.42804596561912],[-0.320410156249977,51.43610260624412],[-0.308203124999977,51.445672918744116],[-0.323168945312489,51.464715887494116],[-0.310156249999977,51.47267487186912],[-0.27099609375,51.47365143436912],[-0.259619140624977,51.47577545780662],[-0.2470703125,51.48517487186912],[-0.236499023437489,51.48732330936912],[-0.22607421875,51.48419830936912],[-0.2099609375,51.47064850468162],[-0.198339843749977,51.467401434369116],[-0.179248046874989,51.470086981244116],[-0.15673828125,51.47736237186912],[-0.135498046875,51.487176824994116],[-0.102221679687489,51.50905182499412],[-0.084814453124977,51.51166412968162],[-0.067187499999989,51.50807526249412],[-0.048779296874983,51.50092194218162]]]}},{"type":"Feature","properties":{"outlineWidth":2,"fillColor":"#00ffff"},"geometry":{"type":"MultiLineString","coordinates":[[[-1.747607421874989,42.23590729374412],[-1.727148437499977,42.23139069218162],[-1.691748046874977,42.21283600468162],[-1.66875,42.208612371869116],[-1.6552734375,42.20387604374412],[-1.585058593749977,42.15265534061912],[-1.579931640624977,42.141717840619116],[-1.583105468749977,42.102167059369116],[-1.578222656249977,42.08893463749412],[-1.566650390625,42.07684967655662],[-1.542163085937489,42.05780670780662],[-1.512792968749977,42.039667059369116],[-1.439990234374989,42.012811590619116],[-1.411181640624989,41.99635651249412],[-1.291064453124989,41.89240143436912],[-1.253613281249983,41.87470123905662],[-1.250732421875,41.87282135624412],[-1.244580078124983,41.87091705936912],[-1.229101562499977,41.86078522343162],[-1.210546874999977,41.84450104374412],[-1.192675781249989,41.83808014530662],[-1.183349609375,41.83644440311912],[-1.163037109374983,41.835565496869116],[-1.151708984374977,41.83185455936912],[-1.14501953125,41.82465241093162],[-1.142333984375,41.815545965619116],[-1.138232421874989,41.80780670780662],[-1.127197265625,41.80451080936912],[-1.086279296874977,41.80451080936912],[-1.08251953125,41.80243561405662],[-1.0830078125,41.79303619999412],[-1.0791015625,41.790887762494116],[-1.073535156249989,41.79225494999412],[-1.066015624999977,41.79730866093162],[-1.062353515624977,41.79706452030662],[-1.004980468749977,41.75592682499412],[-0.990332031249977,41.749872137494116],[-0.971777343749977,41.74579498905662],[-0.954687499999977,41.73554108280662],[-0.925146484374977,41.70892975468162],[-0.921142578125,41.70709869999412],[-0.908203125,41.70331452030662],[-0.904736328124983,41.70148346561912],[-0.903759765624983,41.69704010624412],[-0.904541015625,41.69098541874412],[-0.907177734374983,41.68678619999412],[-0.911474609374977,41.68781159061912],[-0.909716796874989,41.68512604374412],[-0.906420898437489,41.67706940311912],[-0.904736328124983,41.674188543744116],[-0.899755859374977,41.67255280155662],[-0.886181640624983,41.673456121869116],[-0.880468749999977,41.670770574994116],[-0.8720703125,41.66474030155662],[-0.861865234374989,41.66168854374412],[-0.839453124999977,41.660516668744116],[-0.834326171874977,41.65680573124412],[-0.815283203124977,41.63263580936912],[-0.795996093749977,41.61867096561912],[-0.7265625,41.58539459843162],[-0.637792968749977,41.56122467655662],[-0.624316406249989,41.56105377811912],[-0.567480468749977,41.53119537968162],[-0.558349609375,41.52338287968162],[-0.547460937499977,41.51691315311912],[-0.531201171874983,41.48878815311912],[-0.51708984375,41.48236725468162],[-0.500292968749989,41.48053619999412],[-0.489062499999989,41.47455475468162],[-0.486083984375,41.46393463749412],[-0.49375,41.44826080936912],[-0.4794921875,41.44972565311912],[-0.468505859375,41.448846746869116],[-0.461474609374989,41.44337799686912],[-0.459033203124989,41.43121979374412],[-0.458349609374977,41.41449616093162],[-0.455908203124977,41.40534088749412],[-0.441943359374989,41.38996002811912],[-0.419531249999977,41.37238190311912],[-0.413818359375,41.36598541874412],[-0.410937499999989,41.35455963749412],[-0.411718749999977,41.34223053593162],[-0.410888671875,41.33082916874412],[-0.403076171875,41.32204010624412],[-0.394140624999977,41.32001373905662],[-0.361914062499977,41.322381903119116],[-0.322363281249977,41.318231512494116],[-0.28564453125,41.320917059369116],[-0.273535156249977,41.31976959843162],[-0.243408203125,41.311639715619116],[-0.134033203125,41.30121491093162],[-0.058056640624983,41.27760651249412],[-0.030322265624989,41.27638580936912],[-0.003759765624977,41.27057526249412],[0.0048828125,41.27155182499412],[0.01171875,41.27789948124412],[0.013330078125023,41.28534577030662],[0.010058593750017,41.30079987186912],[0.010546875000017,41.30812409061912],[0.015039062500023,41.316278387494116],[0.020166015625023,41.31842682499412],[0.026269531250023,41.31647369999412],[0.041162109375023,41.30805084843162],[0.047900390625017,41.30585358280662],[0.055273437500006,41.30670807499412],[0.0640625,41.31146881718162],[0.069531250000011,41.31666901249412],[0.078369140625,41.32855866093162],[0.082910156250023,41.33331940311912],[0.091064453125,41.33734772343162],[0.099316406250011,41.33815338749412],[0.107861328125011,41.33795807499412],[0.116845703125023,41.33869049686912],[0.1279296875,41.34747955936912],[0.13037109375,41.36347077030662],[0.130517578125023,41.38190338749412],[0.134765625,41.398065496869116],[0.146484375,41.40944244999412],[0.161376953125,41.41449616093162],[0.228662109375023,41.41437409061912],[0.244531250000023,41.41163971561912],[0.2607421875,41.403924871869116],[0.2880859375,41.38209869999412],[0.297998046875023,41.376092840619116],[0.30712890625,41.37299225468162],[0.3349609375,41.36884186405662],[0.3515625,41.362420965619116],[0.364892578125023,41.35248444218162],[0.373779296875,41.33881256718162],[0.377099609375023,41.32135651249412],[0.352197265625023,41.27912018436912],[0.35400390625,41.25617096561912],[0.39501953125,41.25433991093162]]]}},{"type":"Feature","properties":{"outlineWidth":2,"fillColor":"#00ffff"},"geometry":{"type":"MultiLineString","coordinates":[[[15.5673828125,45.939569403119116],[15.582275390625,45.93964264530662],[15.589599609375,45.93878815311912],[15.597070312500023,45.93683502811912],[15.620996093750023,45.923700262494116],[15.6875,45.869989324994116],[15.75732421875,45.85004303593162],[15.773828125000023,45.84064362186912],[15.809960937500023,45.84088776249412],[15.822412109375023,45.83283112186912],[15.851806640625,45.804315496869116],[15.857666015625,45.79616119999412],[15.866943359375,45.791620184369116],[15.98388671875,45.78827545780662],[16.014404296875,45.781366278119116],[16.0419921875,45.76515534061912],[16.048828125,45.76515534061912],[16.0830078125,45.79242584843162],[16.09375,45.78888580936912],[16.111474609375023,45.79291412968162],[16.12890625,45.79230377811912],[16.140380859375,45.79340241093162],[16.14501953125,45.79242584843162],[16.147216796875,45.78851959843162],[16.151611328125,45.77496979374412],[16.1552734375,45.77199127811912],[16.170312500000023,45.76776764530662],[16.18896484375,45.75971100468162],[16.20849609375,45.75446198124412],[16.226953125000023,45.758905340619116],[16.22998046875,45.75026276249412],[16.228271484375,45.74262116093162],[16.22265625,45.73639557499412],[16.213281250000023,45.73163483280662],[16.222802734375023,45.724725653119116],[16.226953125000023,45.71832916874412],[16.22412109375,45.71315338749412],[16.213281250000023,45.70990631718162],[16.213281250000023,45.703729559369116],[16.234277343750023,45.70050690311912],[16.241845703125023,45.70062897343162],[16.24755859375,45.703729559369116],[16.249658203125023,45.69240143436912],[16.24951171875,45.68117096561912],[16.252587890625023,45.67243073124412],[16.264892578125,45.66896393436912],[16.285400390625,45.67238190311912],[16.292871093750023,45.66998932499412],[16.2958984375,45.65900299686912],[16.306054687500023,45.64777252811912],[16.326416015625,45.64838287968162],[16.341796875,45.644891668744116],[16.336816406250023,45.62177155155662],[16.349267578125023,45.62445709843162],[16.356201171875,45.620477606244116],[16.355371093750023,45.61378815311912],[16.343652343750023,45.60809967655662],[16.343652343750023,45.60065338749412],[16.36328125,45.59699127811912],[16.38818359375,45.58124420780662],[16.40576171875,45.57330963749412],[16.40576171875,45.566522528119116],[16.384033203125,45.54706452030662],[16.379785156250023,45.53681061405662],[16.38525390625,45.52558014530662],[16.393701171875023,45.52680084843162],[16.42626953125,45.52558014530662],[16.422509765625023,45.51813385624412],[16.417724609375,45.51105377811912],[16.40576171875,45.49823639530662],[16.39892578125,45.50446198124412],[16.401269531250023,45.50661041874412],[16.402587890625,45.50690338749412],[16.403710937500023,45.50783112186912],[16.40576171875,45.51190827030662],[16.3955078125,45.51246979374412],[16.38525390625,45.51190827030662],[16.388427734375,45.49750397343162],[16.3876953125,45.48488190311912],[16.390869140625,45.47553131718162],[16.40576171875,45.47089264530662]]]}},{"type":"Feature","properties":{"outlineWidth":2,"fillColor":"#00ffff"},"geometry":{"type":"MultiLineString","coordinates":[[[1.8837890625,42.56464264530662],[1.849853515625,42.53712799686912],[1.839501953125023,42.524530340619116],[1.851953125000023,42.50238678593162],[1.8828125,42.454217840619116],[1.875732421875,42.417352606244116],[1.823486328125,42.400995184369116],[1.776757812500023,42.39191315311912],[1.551171875000023,42.377801824994116]]]}},{"type":"Feature","properties":{"outlineWidth":2,"fillColor":"#00ffff"},"geometry":{"type":"MultiLineString","coordinates":[[[15.2294921875,46.04584381718162],[15.246972656250023,46.04030182499412],[15.27783203125,46.04396393436912],[15.296630859375,46.04352448124412],[15.364501953125,46.024774481244116],[15.435302734375,46.01776764530662],[15.456298828125,46.00995514530662],[15.473535156250023,45.99530670780662],[15.477783203125,45.98761627811912],[15.483154296875,45.97125885624412],[15.489160156250023,45.96344635624412],[15.5,45.95685455936912],[15.545654296875,45.94142487186912],[15.552734375,45.94000885624412],[15.5673828125,45.939569403119116]]]}},{"type":"Feature","properties":{"outlineWidth":2,"fillColor":"#00ffff"},"geometry":{"type":"MultiLineString","coordinates":[[[26.460693359375,48.23065827030662],[26.5869140625,48.24957916874412],[26.665283203125,48.27448151249412],[26.688085937500006,48.275018621869116],[26.711035156250006,48.26154205936912],[26.721923828125,48.26002838749412],[26.732519531250006,48.27101471561912],[26.74365234375,48.25587799686912],[26.76318359375,48.25299713749412],[26.804443359375,48.25861237186912],[26.8212890625,48.252801824994116],[26.84423828125,48.233514715619116],[26.85498046875,48.23810455936912],[26.897216796875,48.20917389530662],[26.903417968750006,48.20167877811912],[26.907470703125,48.18475983280662],[26.917089843750006,48.18825104374412],[26.928466796875,48.19928619999412],[26.937597656250006,48.20509674686912],[26.950097656250023,48.19777252811912],[26.955175781250006,48.18622467655662],[26.962646484375,48.17560455936912],[26.9970703125,48.16681549686912],[26.9970703125,48.15822174686912],[26.985595703125,48.15070221561912],[26.966064453125,48.14984772343162],[26.966064453125,48.14362213749412],[26.99335937500001,48.132684637494116],[27.01220703125,48.12836334843162],[27.024511718750006,48.13532135624412],[27.033203125,48.13263580936912],[27.042236328125,48.127557684369116],[27.047460937500006,48.12250397343162],[27.046875,48.11676666874412],[27.036230468750006,48.10761139530662],[27.033789062500006,48.10199616093162],[27.041113281250006,48.077508856244116],[27.058691406250006,48.05829498905662],[27.082763671875,48.04396393436912],[27.10888671875,48.03375885624412],[27.10888671875,48.02631256718162],[27.08837890625,48.02008698124412],[27.089453125,48.01593659061912],[27.0908203125,48.012079168744116],[27.0927734375,48.00873444218162],[27.09521484375,48.00587799686912],[27.120996093750023,48.01344635624412],[27.134033203125,48.00067780155662],[27.143164062500006,47.98712799686912],[27.15673828125,47.99220612186912],[27.168359375000023,47.983270574994116],[27.169189453125,47.973993231244116],[27.162353515625,47.96527741093162],[27.150488281250006,47.95807526249412],[27.171484375,47.94672272343162],[27.177734375,47.94440338749412],[27.177734375,47.93817780155662],[27.16015625,47.921991278119116],[27.171142578125,47.91286041874412],[27.19375,47.90431549686912],[27.2119140625,47.889764715619116],[27.211035156250006,47.88527252811912],[27.212792968750023,47.854364324994116],[27.2119140625,47.84821198124412],[27.222265625,47.842889715619116],[27.234375,47.840448309369116],[27.245361328125,47.83685944218162],[27.2529296875,47.82831452030662],[27.21875,47.81403229374412],[27.230566406250006,47.80731842655662],[27.244384765625,47.792840887494116],[27.255615234375,47.77777741093162],[27.260351562500006,47.76935455936912],[27.26416015625,47.764764715619116],[27.281835937500006,47.75592682499412],[27.287011718750023,47.752557684369116],[27.29052734375,47.74269440311912],[27.2890625,47.73200104374412],[27.29443359375,47.72467682499412],[27.29443359375,47.71845123905662],[27.271484375,47.715204168744116],[27.280664062500023,47.693231512494116],[27.303466796875,47.66681549686912],[27.36865234375,47.608514715619116],[27.396582031250006,47.58937409061912],[27.427832031250006,47.58124420780662],[27.435302734375,47.560174871869116],[27.4384765625,47.55397369999412],[27.439697265625,47.55036041874412],[27.439550781250006,47.54120514530662],[27.441503906250006,47.53688385624412],[27.445556640625,47.53510162968162],[27.456298828125,47.53412506718162],[27.458886718750023,47.53351471561912],[27.466210937500023,47.50661041874412],[27.47265625,47.49201080936912],[27.483154296875,47.485711981244116],[27.491943359375,47.48480866093162],[27.496972656250023,47.48268463749412],[27.5009765625,47.48016998905662],[27.506738281250023,47.47821686405662],[27.532470703125,47.477655340619116],[27.534082031250023,47.47821686405662],[27.54755859375001,47.47455475468162],[27.562597656250006,47.468622137494116],[27.575439453125,47.46063873905662],[27.58251953125,47.45094635624412],[27.574316406250006,47.44655182499412],[27.56875,47.43878815311912],[27.56494140625,47.42853424686912],[27.56201171875,47.41681549686912],[27.579833984375,47.40626862186912],[27.57177734375,47.37543366093162],[27.5859375,47.36896393436912],[27.599511718750023,47.360956121869116],[27.623437500000023,47.32172272343162],[27.636474609375,47.30695221561912],[27.64423828125001,47.30426666874412],[27.671142578125,47.30011627811912],[27.681884765625,47.29547760624412],[27.689453125,47.29108307499412],[27.697363281250006,47.28778717655662],[27.722265625,47.283563543744116],[27.732812500000023,47.27589752811912],[27.753173828125,47.25165436405662],[27.751953125,47.23920319218162],[27.762451171875,47.22658112186912],[27.787841796875,47.20453522343162],[27.799902343750006,47.17719147343162],[27.801513671875,47.17658112186912],[27.804296875,47.16876862186912],[27.807226562500006,47.16266510624412],[27.805419921875,47.15846588749412],[27.794042968750006,47.156122137494116],[27.805908203125,47.14484284061912],[27.849365234375,47.128778387494116],[27.849365234375,47.12201569218162],[27.84326171875,47.114618231244116],[27.847753906250006,47.11163971561912],[27.857177734375,47.10956452030662],[27.866455078125,47.10492584843162],[27.897070312500006,47.08161041874412],[27.925390625,47.068963934369116],[27.937890625000023,47.06134674686912],[27.938085937500006,47.04682037968162],[27.962646484375,47.04364655155662],[27.9859375,47.03346588749412],[28.0078125,47.02655670780662],[28.027441406250006,47.03322174686912],[28.036523437500023,47.016717840619116],[28.068603515625,46.98878815311912],[28.082128906250006,46.97174713749412],[28.101806640625,46.93537018436912],[28.10498046875,46.91791412968162],[28.096435546875,46.90289948124412],[28.113183593750023,46.89503815311912],[28.113867187500006,46.88361237186912],[28.112695312500023,46.87164948124412],[28.123632812500006,46.86188385624412],[28.123632812500006,46.85443756718162],[28.12109375,46.83454010624412],[28.137304687500006,46.80646393436912],[28.177734375,46.75885651249412],[28.17744140625001,46.74005768436912],[28.233496093750006,46.66266510624412],[28.24365234375,46.635614324994116],[28.246826171875,46.62111237186912],[28.24658203125,46.60744049686912],[28.239990234375,46.59662506718162],[28.22998046875,46.584100653119116],[28.224853515625,46.56976959843162],[28.233496093750006,46.55341217655662],[28.22421875,46.548944403119116],[28.220605468750023,46.54144928593162],[28.218505859375,46.50397369999412],[28.220605468750023,46.49603912968162],[28.233496093750006,46.47833893436912],[28.237548828125,46.47584869999412],[28.241943359375,46.47675202030662],[28.245361328125,46.47584869999412],[28.24658203125,46.46747467655662],[28.246679687500006,46.43646881718162],[28.245507812500023,46.428094793744116],[28.239648437500023,46.42059967655662],[28.225488281250023,46.41559479374412],[28.232666015625,46.40204498905662],[28.228125,46.39630768436912],[28.219140625000023,46.39362213749412],[28.21240234375,46.38898346561912],[28.206640625,46.35841705936912],[28.201904296875,46.35419342655662]]]}},{"type":"Feature","properties":{"outlineWidth":2,"fillColor":"#00ffff"},"geometry":{"type":"MultiLineString","coordinates":[[[6.427490234375,48.25287506718162],[6.413964843750023,48.27338287968162],[6.397607421875023,48.28712799686912],[6.393457031250023,48.293817449994116],[6.392968750000023,48.305780340619116],[6.2568359375,48.403680731244116],[6.2568359375,48.40993073124412],[6.2646484375,48.41522858280662],[6.275634765625,48.42963287968162],[6.2841796875,48.43781159061912],[6.301513671875,48.44599030155662],[6.30859375,48.45148346561912],[6.3115234375,48.46173737186912],[6.306884765625,48.48529694218162],[6.295068359375023,48.50441315311912],[6.263085937500023,48.53400299686912],[6.2470703125,48.545038153119116],[6.228906250000023,48.55451080936912],[6.223291015625023,48.559198309369116],[6.221923828125,48.56366608280662],[6.2197265625,48.56691315311912],[6.211816406250023,48.56818268436912],[6.197509765625,48.56769440311912],[6.190576171875023,48.56854889530662],[6.184814453125,48.57160065311912],[6.170800781250023,48.583856512494116],[6.149560546875023,48.59882233280662],[6.1259765625,48.60773346561912],[6.105371093750023,48.601678778119116],[6.087304687500023,48.61029694218162],[6.066796875000023,48.61696198124412],[6.048486328125023,48.626336981244116],[6.037109375,48.64325592655662],[6.017578125,48.65058014530662],[5.913720703125023,48.64667389530662],[5.910400390625,48.65021393436912],[5.9033203125,48.65021393436912],[5.896240234375,48.65204498905662],[5.89306640625,48.66095612186912],[5.894189453125023,48.67169830936912],[5.8974609375,48.67694733280662],[5.913720703125023,48.68488190311912],[5.921533203125023,48.685663153119116],[5.943261718750023,48.684442449994116],[5.94775390625,48.68800690311912],[5.950585937500023,48.69318268436912],[5.968896484375023,48.704706121869116],[5.989892578125023,48.73627350468162],[6.002832031250023,48.74835846561912],[6.02001953125,48.75311920780662],[6.0576171875,48.75311920780662],[6.069580078125,48.75006744999412],[6.078515625000023,48.75055573124412],[6.088623046875,48.75653717655662],[6.105615234375023,48.76422760624412],[6.123925781250023,48.76691315311912],[6.135644531250023,48.77216217655662],[6.13330078125,48.78790924686912],[6.122802734375,48.79682037968162],[6.111474609375023,48.80036041874412],[6.107421875,48.80597565311912],[6.119042968750023,48.821405340619116],[6.110009765625023,48.82545807499412],[6.103271484375,48.82746002811912],[6.09765625,48.82648346561912],[6.092431640625023,48.821405340619116],[6.084863281250023,48.83417389530662],[6.07958984375,48.84865143436912],[6.080957031250023,48.86159088749412],[6.092431640625023,48.86981842655662],[6.092431640625023,48.87665436405662],[6.072021484375,48.88117096561912],[6.053955078125,48.89679596561912],[6.044824218750023,48.91754791874412],[6.05078125,48.931268621869116],[6.0576171875,48.93744537968162],[6.049560546875,48.94989655155662],[6.030419921875023,48.99274323124412],[6.042138671875023,49.00079987186912],[6.047119140625,49.01227448124412],[6.050537109375,49.02606842655662],[6.0576171875,49.041131903119116],[6.0849609375,49.08209869999412],[6.102197265625023,49.096063543744116],[6.152001953125023,49.124627996869116],[6.1708984375,49.12995026249412],[6.190185546875,49.138788153119116],[6.203759765625023,49.15827057499412],[6.20556640625,49.17719147343162],[6.188623046875023,49.18451569218162],[6.193603515625,49.19928619999412],[6.195703125000023,49.215448309369116],[6.1923828125,49.22975494999412],[6.18115234375,49.239129949994116],[6.188623046875023,49.24660065311912],[6.18115234375,49.25343659061912],[6.186279296875,49.258417059369116],[6.189599609375023,49.26344635624412],[6.19482421875,49.27387116093162],[6.1708984375,49.28729889530662],[6.167871093750023,49.30951569218162],[6.16796875,49.33441803593162],[6.153222656250023,49.355829168744116],[6.181298828125023,49.36456940311912],[6.195556640625,49.37116119999412],[6.20166015625,49.38007233280662],[6.20947265625,49.38593170780662],[6.253173828125,49.40424225468162],[6.26318359375,49.40558502811912],[6.27001953125,49.40924713749412],[6.28076171875,49.421014715619116],[6.289794921875,49.42702057499412],[6.296630859375,49.42584869999412],[6.303466796875,49.42311432499412],[6.3115234375,49.42475006718162],[6.318603515625,49.43263580936912],[6.321923828125023,49.44159577030662],[6.325927734375,49.44899323124412],[6.335693359375,49.452020574994116],[6.345276326379718,49.45222808872535],[6.345379679244303,49.4627184044806]]]}},{"type":"Feature","properties":{"outlineWidth":2,"fillColor":"#00ffff"},"geometry":{"type":"MultiLineString","coordinates":[[[3.279931640625023,48.98146393436912],[3.263427734375,48.97785065311912],[3.24755859375,48.97760651249412],[3.232177734375,48.98041412968162],[3.198632812500023,48.99213287968162],[3.18603515625,48.99323151249412],[3.175048828125,48.98859284061912],[3.1435546875,48.96608307499412],[3.125244140625,48.958856512494116],[3.105712890625,48.95534088749412],[3.038330078125,48.956415106244116],[3.013818359375023,48.96100494999412],[3.00390625,48.96991608280662],[3.015283203125023,48.97724030155662],[3.035302734375023,48.98114655155662],[3.047265625000023,48.98969147343162],[3.03466796875,49.01093170780662],[3.0244140625,49.016473699994116],[3.017578125,49.01215241093162],[3.011376953125023,49.00421784061912],[3.003320312500023,48.99909088749412],[2.992333984375023,48.99855377811912],[2.956689453125023,49.00263092655662],[2.952539062500023,49.00397369999412],[2.947998046875,49.00287506718162],[2.940087890625023,48.99628327030662],[2.930810546875023,48.98383209843162],[2.935546875,48.97955963749412],[2.943505859375023,48.97553131718162],[2.943603515625,48.96344635624412],[2.928613281250023,48.94635651249412],[2.908593750000023,48.94379303593162],[2.888330078125023,48.94672272343162],[2.872802734375,48.94599030155662],[2.86474609375,48.937372137494116],[2.852294921875,48.912225653119116],[2.844482421875,48.905633856244116],[2.829345703125,48.90643952030662],[2.820458984375023,48.91486237186912],[2.808496093750023,48.93825104374412],[2.7958984375,48.94330475468162],[2.778076171875,48.93829987186912],[2.75732421875,48.92975494999412],[2.7216796875,48.92035553593162],[2.723535156250023,48.91486237186912],[2.739501953125,48.90570709843162],[2.749755859375,48.90265534061912],[2.762597656250023,48.90204498905662],[2.767968750000023,48.89894440311912],[2.756494140625023,48.888544012494116],[2.735253906250023,48.88056061405662],[2.637109375000023,48.87262604374412],[2.572656250000023,48.87921784061912],[2.56298828125,48.87892487186912],[2.553613281250023,48.87738678593162],[2.545556640625023,48.87355377811912],[2.5375,48.86469147343162],[2.525390625,48.84503815311912],[2.513916015625,48.83661530155662],[2.491943359375,48.83283112186912],[2.482324218750023,48.829217840619116],[2.482568359375023,48.82228424686912],[2.4931640625,48.81745026249412],[2.508447265625023,48.81342194218162],[2.52001953125,48.80719635624412],[2.52001953125,48.795526434369116],[2.508544921875,48.78688385624412],[2.494384765625,48.78883698124412],[2.480615234375023,48.79645416874412],[2.456689453125023,48.81398346561912],[2.441552734375023,48.81788971561912],[2.425439453125023,48.81818268436912],[2.4091796875,48.81610748905662]]]}},{"type":"Feature","properties":{"outlineWidth":2,"fillColor":"#00ffff"},"geometry":{"type":"MultiLineString","coordinates":[[[-7.548583984375,42.98981354374412],[-7.5341796875,42.978143621869116],[-7.52197265625,42.96466705936912],[-7.515185546874989,42.94867584843162],[-7.516943359374977,42.92970612186912],[-7.521337890624977,42.919061590619116],[-7.568652343749989,42.84406159061912],[-7.574462890625,42.83917877811912],[-7.586962890624989,42.83063385624412],[-7.598095703124983,42.82074616093162],[-7.636474609375,42.77418854374412],[-7.644384765624977,42.76203034061912],[-7.653564453125,42.750848699994116],[-7.665869140624977,42.74220612186912],[-7.67919921875,42.73585846561912],[-7.6806640625,42.73187897343162],[-7.682177734374989,42.71613190311912],[-7.684912109374977,42.71088287968162],[-7.68994140625,42.70680573124412],[-7.698046874999989,42.70270416874412],[-7.718847656249977,42.69533112186912],[-7.723437499999989,42.691034246869116],[-7.724658203124989,42.686151434369116],[-7.724902343749989,42.66579010624412],[-7.720385742187489,42.65473053593162],[-7.712744140624977,42.64557526249412],[-7.706640624999977,42.63629791874412],[-7.70654296875,42.62482330936912],[-7.705078125,42.61469147343162],[-7.714160156249989,42.60114166874412],[-7.718505859375,42.58766510624412],[-7.716650390624977,42.57416412968162],[-7.70703125,42.56085846561912],[-7.703369140625,42.55914948124412],[-7.69970703125,42.55890534061912],[-7.6962890625,42.55756256718162],[-7.693603515625,42.55267975468162],[-7.693359375,42.54755280155662],[-7.695117187499989,42.54364655155662],[-7.700292968749977,42.53607819218162],[-7.703222656249977,42.52662994999412],[-7.705908203124977,42.50751373905662],[-7.708544921874989,42.49799225468162],[-7.712695312499989,42.49091217655662],[-7.830224609374994,42.37213776249412],[-7.852465820312489,42.35866119999412],[-7.879565429687489,42.35109284061912],[-7.909765624999977,42.34735748905662],[-8.008105468749989,42.35004303593162],[-8.027758789062489,42.34645416874412],[-8.045996093749977,42.33930084843162],[-8.05419921875,42.333368231244116],[-8.071875,42.312372137494116],[-8.08251953125,42.30487702030662],[-8.120849609375,42.28681061405662],[-8.140917968749989,42.26947662968162],[-8.1708984375,42.22511627811912],[-8.189062499999977,42.20607330936912],[-8.183154296874989,42.20184967655662],[-8.168896484374983,42.19440338749412],[-8.1640625,42.18922760624412],[-8.162939453124977,42.175409246869116],[-8.173022460937489,42.16676666874412],[-8.188037109374989,42.16212799686912]]]}},{"type":"Feature","properties":{"outlineWidth":2,"fillColor":"#00ffff"},"geometry":{"type":"MultiLineString","coordinates":[[[20.982080078125023,66.06456940311912],[21.038232421875023,66.01764557499412],[21.0654296875,66.00446198124412],[21.0966796875,65.99718659061912],[21.209863281250023,65.98912994999412],[21.248193359375023,65.97846100468162],[21.264404296875,65.95680573124412],[21.2666015625,65.94459869999412],[21.272851562500023,65.93414948124412],[21.281982421875,65.92531159061912],[21.29345703125,65.91784088749412]]]}},{"type":"Feature","properties":{"outlineWidth":2,"fillColor":"#00ffff"},"geometry":{"type":"MultiLineString","coordinates":[[[-4.676074218749989,57.14772369999412],[-4.675463867187489,57.14796784061912],[-4.639501953124977,57.170282293744116],[-4.619921874999989,57.18146393436912],[-4.559667968749977,57.22443268436912],[-4.526464843749977,57.242303778119116],[-4.510009765625,57.25221588749412],[-4.467871093749977,57.29083893436912],[-4.398681640625,57.346551824994116],[-4.357666015625,57.37262604374412],[-4.343994140625,57.39430573124412]]]}},{"type":"Feature","properties":{"outlineWidth":2,"fillColor":"#00ffff"},"geometry":{"type":"MultiLineString","coordinates":[[[20.887109375000023,68.92736237186912],[20.884033203125,68.90700104374412],[20.905175781250023,68.89484284061912],[21.071533203125,68.86974518436912],[21.15234375,68.84205963749412]]]}}]}