{"type":"FeatureCollection","name":"欧洲七月平均气温","features":[{"type":"Feature","properties":{"fillColor":"#ffffff"},"geometry":{"type":"MultiLineString","coordinates":[[[46.51057260845904,41.64538225071753],[46.54787005626329,41.70839990367867],[46.52638480769845,42.04621130048814],[46.32287445124811,42.32160263264838],[46.136439437161194,42.484392026428736],[45.51797870488201,42.98555383452079],[44.773555091622455,43.37423645413665],[44.053649395918825,43.76316603313121],[43.18797656759619,44.10211273443941],[42.396932972536554,44.340743467519694],[41.71810934222337,44.37843052220885],[41.23586296945844,44.353305560858686],[40.91202204498274,44.252816042928494],[40.86396552830697,44.0393306515815],[41.13117364325879,43.52476051782559],[41.3204196408783,43.22374939579176],[41.382151330605915,43.14555027821646]]]}},{"type":"Feature","properties":{"fillColor":"#ffffff"},"geometry":{"type":"MultiLineString","coordinates":[[[9.996306260740333,61.9186453899927],[9.548449813248993,61.69919986715527],[9.351407575098655,61.46641512995308],[9.353673510272568,60.8520766645268],[9.314733177938516,60.56630020489053],[9.234810864029686,60.37610349540009],[9.222540466223851,60.24040521397122],[9.422757259038148,60.03710142712779]]]}},{"type":"Feature","properties":{"fillColor":"#ffffff"},"geometry":{"type":"MultiLineString","coordinates":[[[22.36819268554656,65.85915373637263],[21.656297336465908,66.23844897156575],[21.306696144538282,66.39544575847545],[20.84398854801631,66.53836933159594],[20.336731494649182,66.63852914603699],[19.566511808500945,66.72445491614445],[19.181174910732405,66.72445491614445],[18.83267845834877,66.65284532694272],[18.519606253779422,66.52406841350461],[18.377170655665783,66.3811638504308],[18.377355594251554,66.13153683931576],[18.4617408801576,65.86116627107151],[19.113543199921317,65.32244487699214],[19.604409791141737,65.05408405465488],[20.140668353434727,64.87843510432052],[20.467378161556237,64.79432337737896],[20.783818317618906,64.71726631513562],[20.987620548353068,64.682254698452],[21.119165422827077,64.68436430116402]]]}},{"type":"Feature","properties":{"fillColor":"#ffffff"},"geometry":{"type":"MultiLineString","coordinates":[[[-5.412744334342253,42.427284318465574],[-4.411790208019736,42.18689451074255],[-2.804269837577589,41.766438912265336],[-1.442067099366652,41.36127220289004],[-0.493914512390693,41.256272608021064],[0.326384440183661,41.241274131066575],[0.610332524312508,41.346271161700656],[0.73284695084322,41.766438912265336],[0.709373421887012,42.11179201622414],[0.44565946598712,42.60763854953906],[0.15612091155938,43.05875648981726],[-0.026797005814822,43.3145375502459],[0.119449574918618,43.51020696397556],[0.974765703041539,43.6607644789894],[1.674180565472585,43.84148241512578],[2.439897542304217,43.94692587316114],[2.986637534255227,44.21814971261174],[3.228216062481307,44.4744161057632],[3.449209952751965,44.83638703810512],[3.667726719763968,45.03262492765702],[4.311353019188228,44.942002316294136],[4.659957641270965,44.76095873577464],[4.984833010262553,44.51965074473088],[5.303148737179047,44.21814971261174],[5.611870951471326,43.901733593702026],[5.946342162160428,43.6607644789894],[6.142311948113277,43.56038868651802],[6.471565554410765,43.515224951063146],[6.688025447867282,43.57544400574865],[6.822016903261006,43.61559333470772],[6.961875823805019,43.68586100021794],[7.268995134333502,43.78625738137593],[7.426310872880317,43.931861408950674],[7.500733510465377,44.057409951457565],[7.576200535540982,44.50959831332295],[7.752520388638787,44.76095873577464],[7.990241260140898,44.96212158357928],[8.219009446217875,45.21421746327774],[8.732646744154502,45.45647577309878],[9.170898508572808,45.56756243968548],[9.472783206204783,45.69888855789471],[10.094640737506621,45.860583046596794],[11.481038488191485,45.93134603815088],[12.45761230776837,45.981899107480274],[13.296598549912327,46.002122220166136],[13.884210822477606,45.99201052916228],[14.24131502158402,45.91112669492077],[14.932648770803711,45.63827086350174],[15.553624263833274,45.385801155485844],[16.34608849380847,44.8414159228608],[17.064700917197715,44.36888163551054],[18.184617035764116,43.52526104867563],[18.79759943347304,43.2242496805673],[19.4580345308905,42.80308220966282],[20.084390180014513,42.282037541385606],[20.48420694319844,41.8414991407991],[20.767450556241,41.47129103637482],[21.339646346766788,41.011343326245665],[21.69262456654637,40.94138146080169],[21.94365354296669,41.1312964881406],[22.02135536948414,41.341270896061026],[22.136409559772684,41.53130961864214],[22.090448164347418,41.881535016964115],[22.06426968613461,42.181887391660936],[21.86825754649796,42.49240611423332],[21.724207320982945,42.692824276268915],[21.211917822586248,43.123945438111726],[20.505584722592396,43.60555575549383],[20.023247677910998,43.89671243544867],[19.47762185419332,44.24829312360623],[19.184124205700694,44.47944201138767],[18.83022470280828,44.86153187603344],[18.45096809590401,45.385801155485844],[18.25493262714543,45.70899244728259],[18.48492107569971,46.32583866330357],[18.628380707464483,46.7815329081062],[18.89554339960347,47.17691176328074],[19.11929167780119,47.44072730844355],[19.401900762843415,47.69456977086656],[20.00765519419929,47.86728007770023],[20.406153849398432,47.99940596339112],[20.843456970296273,48.1010727261436],[21.37501826464837,48.121409364319966],[21.685512485248083,48.13157809425548],[22.3958345266167,48.121409364319966],[22.80344188903022,48.02990311799057],[23.074206520505513,47.918092256334496],[23.267937862594586,47.806314483745915],[23.515273144303265,47.64378764045602],[23.762897828755584,47.36968194577962],[23.898729177720618,47.10591591693074],[23.876205682525125,46.72074201054171],[23.830707108446497,46.53842780896619],[23.721048178648292,46.002122220166136],[23.743815913232737,45.729201032241626],[23.80278108892421,45.45647577309878],[23.87476756645446,45.21421746327774],[24.081893707395572,44.942002316294136],[24.277827860946584,44.8011860043277],[24.5767955279951,44.720734116678244],[24.9515598204692,44.720734116678244],[25.308280631272062,44.76095873577464],[25.544269803938324,44.86153187603344],[25.782146251044527,45.04271112874383],[25.937015960995225,45.254583133347595],[26.27708187792388,45.48676891728904],[26.51836780090215,45.799939546778155],[27.076114421157012,46.45742741324994],[27.172725224911602,46.79166567277321],[27.386336015024142,47.05521274975169],[27.65019329895589,47.40012832425784],[27.923911051966,47.79615450782167],[28.139192361696153,48.15191637593092],[28.643826186303624,48.416413828002256],[29.04175191202767,48.558912381713014],[29.556234086193502,48.61999967848411],[30.135100570973936,48.681096875023904],[30.984930746603567,48.77276124243557],[31.86929709483126,48.85425940194357],[32.52807717154204,48.864447911427995],[33.338902769434085,48.84407116796553],[34.326818799142394,48.793134129897105],[35.07058607761117,48.74220397614897],[36.00330195713601,48.76257521170821],[37.06687526795002,48.76257521170821],[38.502058530735205,48.76257521170821],[39.904444608995014,48.895015093146924],[41.54939127284665,48.99692361602619],[42.469836730148934,49.03769474688609],[43.262988624996765,49.2212194865781],[44.236026538343985,49.42524086883636],[44.701117170860336,49.639582470048595],[45.66024918417335,49.976652084921085],[46.04512714535637,50.191972205458406],[46.5514703867169,50.417826662332104],[47.37865858689888,50.56165887933467],[48.94316762920777,50.746708176981755],[50.760135643694305,50.83928445001389],[51.254386609555205,50.89472145551154]]]}},{"type":"Feature","properties":{"fillColor":"#ffffff"},"geometry":{"type":"MultiLineString","coordinates":[[[24.963652181132883,66.57126867462756],[25.395106939180607,66.30835560866302],[25.846802453509817,66.22846601422236],[26.596662560835533,66.13723614206904],[27.313875410060657,66.13723614206904],[27.89652989889318,66.1486356519376],[28.702901069024033,66.42258661225684],[28.896529097124418,66.61705845667171],[28.98475634804294,66.80041335612135],[29.0550074143046,67.11053861617742],[28.892915623367074,67.51389835812903],[28.651392019874045,67.8608564745167],[28.34619102889765,68.16247440758588],[28.14911737775224,68.3834327453104],[27.538217624316285,68.75662269351203],[27.148994623655256,68.97883226811899],[26.74457053806031,69.16632179035233],[26.41621452750039,69.20151345397393],[26.143098676148636,69.15459386324734],[25.95770655889623,69.01396102470166],[25.811717239188265,68.79167718434081],[25.674617691849157,68.62818942775831],[25.488989515426304,68.4882588781852],[25.336248725827158,68.32524097887134],[24.979168245978645,68.0579709317354],[24.7520311615105,67.87244129856207],[24.552259363836832,67.72193717724662],[24.40097193551276,67.5369936881627],[24.266324226469496,67.32931590041377],[24.27957932390431,67.15655972884278],[24.507625622036066,66.91516974366144],[24.729615355473694,66.73161850677715],[24.963652181132883,66.57126867462756]]]}},{"type":"Feature","properties":{"fillColor":"#ffffff"},"geometry":{"type":"MultiLineString","coordinates":[[[66.38526153664719,76.83484650045685],[66.474219002126,76.57008649472314],[66.06644254307197,76.25795819720261],[65.74331665239522,75.92359924269319]]]}},{"type":"Feature","properties":{"fillColor":"#ffffff"},"geometry":{"type":"MultiLineString","coordinates":[[[9.422757259038123,60.03710142712779],[9.780553596465628,59.8447626075397],[10.13649113391939,59.811063408267344],[10.32914001055713,59.81443304109227],[10.820741334243923,59.77063278873026],[11.012588734101797,59.811063408267344],[11.278555365362347,59.8750973436848],[11.422054679133339,59.932410404069394],[11.681828450188267,60.19633128145292],[11.939147815689589,60.35913408800083],[12.003831384472447,60.67169792971092],[12.140057889846076,60.88272995675709],[12.192381595011966,61.196458169398376],[12.300811459268406,61.38776648945431],[12.320600886843733,61.44931384899345],[12.257627545358115,61.56906662715504],[12.12653969833364,61.70262605903777],[11.951632505986362,61.80545082051183],[11.554540124341019,61.94953254278137],[11.27886416266621,61.994159370412426],[10.92049879283678,62.00102630107815],[10.029681445946537,61.92565335853352]]]}},{"type":"Feature","properties":{"fillColor":"#ffffff"},"geometry":{"type":"MultiLineString","coordinates":[[[56.321380613011385,74.90554809244233],[57.75308193879036,75.0429452740149],[59.167565286433295,75.17128126059957],[59.78976269221915,75.38046159120923],[60.37413812606331,75.47727333518432],[60.917634933794716,75.5742549275565],[62.07108007666731,75.75249863027821],[62.95506078646842,75.84996635792321],[64.17868566325413,75.91504108071886],[64.369262502576,75.98019311375722],[64.47192383144387,76.39248657118054]]]}},{"type":"Feature","properties":{"fillColor":"#ffffff"},"geometry":{"type":"MultiLineString","coordinates":[[[17.33662668213278,65.59147062673986],[16.907213284804463,65.52769364685895],[16.6814726700572,65.47103449052459],[16.54511820772752,65.2729601733467],[16.618201485975696,65.00472130072569],[16.74992301293107,64.77330351588343],[17.000523045549656,64.52131631395449],[17.593013441383032,64.17209975713237],[17.93017370324583,64.0326610812959],[18.60236396561006,63.914249115405106],[18.8766065790219,63.90032498304088],[19.19340547218968,63.96299465967174],[19.352998309978858,64.08144855274749],[19.26984089224767,64.30469752732789],[18.998102076840638,64.58426971513961],[18.71820321321258,64.79432337737896],[18.417394576461845,65.00472130072569],[17.886121605674184,65.33098073078556],[17.58860729371457,65.48666337622635],[17.33662668213278,65.59147062673986]]]}},{"type":"Feature","properties":{"fillColor":"#ffffff"},"geometry":{"type":"MultiLineString","coordinates":[[[-8.821176455892164,37.962368272675384],[-8.302112294281455,38.1472673696873],[-7.808382392699664,38.38590572025726],[-7.493482010434072,38.669336672256804],[-7.276906568020588,39.05727389764697],[-7.079090227113316,39.3706790073547],[-6.946059157602529,39.78865152750148],[-6.8756430830351,40.11743018169274],[-6.821633794162039,40.77650285361393],[-6.846481285290727,41.36127220289004],[-6.586552765419976,41.751427968124524],[-6.348935009275362,41.99164714779889],[-6.033087621825283,42.24698312854498],[-5.894751994874143,42.32210218137334],[-5.412744334342253,42.427284318465574]]]}},{"type":"Feature","properties":{"fillColor":"#ffffff"},"geometry":{"type":"MultiLineString","coordinates":[[[-90.48703208168212,84.19874746392678],[-87.49634948762557,83.88336454005888],[-83.62423655247427,83.84034106300165],[-80.74166358963943,83.84034106300165],[-77.21373847094603,83.88336454005888],[-73.64278987519539,84.01243497123059],[-67.49043265601055,84.09848192534506],[-65.4253057572632,84.09848192534506],[-61.51016934505467,83.3240593383148],[-58.02526770341851,83.41010629242928],[-54.196178245324454,83.62522367771547],[-48.388008842597515,83.96941149417336],[-43.870543751587675,84.09848192534507],[-39.91238386232191,84.31359931063125],[-36.98678742242982,84.31359931063125],[-30.447218909729855,84.52871669591741],[-24.725096461117392,84.270575833574],[-21.541359158881885,84.09848192534506],[-12.72154636214838,84.14150540240229],[-4.891273537731323,84.01243497123058],[0.142473277965358,84.05545844828781],[12.016952945762656,83.79731758594438],[15.84604240385671,83.4531297694865],[19.804202293122476,83.28103586125755],[22.385610916556672,83.28103586125755],[24.5367847694185,83.36708281537202],[27.204120678297958,83.56762568396972],[27.204120678297958,83.56762568396972]]]}},{"type":"Feature","properties":{"fillColor":"#ffffff"},"geometry":{"type":"MultiLineString","coordinates":[[[58.77076771366559,63.55588874511652],[58.530129300938704,63.60132196172955],[58.31750490792077,63.73476202877682],[58.186627343587496,63.935164386953055],[58.24864491369476,64.14701684353027],[58.37529461253676,64.45981632517478],[58.501586051371504,64.65007848086152],[58.64739957973439,64.89669274659214],[58.78793316638102,65.08797252773093],[59.08323283765347,65.47247748857968],[59.349312268507795,65.64254618504872],[59.719315953576206,65.76743322775981],[60.30168102514355,65.85835083957974],[61.159923093174434,66.05180524935699],[61.267949735068306,66.1885704959868],[61.28907466493435,66.29125850137852],[61.0021961171313,66.58846471275511],[60.46659240959431,66.78323771054806],[59.80020536945256,66.90945624200438],[58.980760601688985,67.03582385154434],[58.21469966865241,67.04731922662369],[57.339428190974395,67.04731922662369],[56.435104126157775,67.10481466235962],[55.79839676630508,67.15083330734576],[54.937234384505444,67.15083330734576],[53.58111957030007,67.10481466235962],[51.66817676333115,66.73737692133643],[50.941989073298316,66.58846471275511],[50.09196776912737,66.34834975807671],[49.43611950267112,66.02902789983305],[48.70818069404604,65.71064851886258],[47.95413596721308,65.52913739935188],[47.15778187494484,65.28005486884466],[46.28052123014164,65.05411083132472],[45.2816451475703,65.00897828266893],[44.8756827094754,64.82939025869898],[44.70981181559981,64.73970503556359],[44.030388307618225,64.58289699680891],[43.57382852794736,64.50456016205418],[42.53966171027741,64.62768099564528],[42.11015676886367,64.77333011284422],[41.465405125699284,65.05411083132536],[40.80038711406882,65.43849574960626],[40.390274058638866,65.76721193327114],[39.921379286737164,66.08598029625753],[39.51412796344673,66.4397588579322],[38.98470718286355,66.84059132323344],[38.40989979218228,67.16234106865157],[37.24316686287149,67.58900394037335],[36.239801397089,67.91302565354593],[35.1197466192933,68.26129464926447],[33.75667094668335,68.68073906049445],[32.768035774353095,68.89108954524858],[31.61790502836574,69.12530760594069],[30.00913988904589,69.38355370190311],[29.03545642614211,69.53645403601286],[27.59497797695706,69.65422228279428],[26.342811579136423,69.72494713570924],[24.94442812777113,69.71315632619904],[23.719915305383395,69.58354538016368],[22.973808193201204,69.48938393102922],[22.019833044655833,69.34830076427936],[20.89725646653003,68.93789134564278],[20.333238333639713,68.71576826176785],[19.37204839013686,68.40092416042228],[18.704499370104084,68.2729233920191],[18.17441527882014,68.06380151143827],[17.852911116333132,67.88984840130496],[17.586836645128887,67.75089116175832],[17.303922000308084,67.62367329975922],[16.46276789521741,66.92093803832259],[16.058203377741872,66.61136083049989],[15.576326226896063,66.1087696803839],[15.157599415268278,65.79015546264708],[14.735840187537883,65.49513789915996],[14.38958463228224,65.18962090147531],[14.156708093130376,64.9191342656288],[13.977879788577955,64.68368157097483],[13.803223195757342,64.40390702712982],[13.268791987193708,63.91288306980205],[13.112273870208263,63.72363709587037],[12.827607081085665,63.501326435575784],[12.461252058148913,63.37920781645423],[11.710328649470368,63.19069074069635],[10.466742716173313,63.16852912097751],[9.551627735047699,63.19069074069635],[8.871387497203184,63.209442127201974],[8.074455272755173,63.4014031841164],[7.21699783422343,63.60132196172955],[6.429257926349574,63.87946784574936],[5.701658042449075,64.19165893554944],[5.120006661846876,64.47100091718957],[4.672273485778783,64.7172929012206],[2.371204171640142,66.26843047795175],[1.74401738145812,66.56557347911175],[0.962948832427945,66.85206573320725],[0.526294080130559,66.94390532869163],[0.043608014166078,66.98985471147738],[-0.465235090519257,66.97836551453058],[-0.865830834095602,66.78323771054806],[-1.213626552690293,66.61136083049989],[-2.046740708459482,66.27984388438931],[-2.688619642228741,66.14296279350052],[-2.844831012287368,66.0745874104337],[-3.525023842806227,65.83561426554185],[-4.032930751089959,65.61985492548169],[-4.723010786376553,65.5518096600313],[-5.475504580543794,65.49513789915996],[-6.332180388751471,65.48380710182919],[-7.27521020059473,65.50646988094296],[-8.37375026001086,65.58582694932133],[-9.214376222766825,65.60851107870967],[-10.372072054743596,65.64254618504872],[-11.500221858029361,65.71064851886258],[-12.392638891903959,65.71064851886258],[-13.894874232259584,65.71064851886258],[-14.637222287527091,65.75721740555693],[-15.141500071214708,65.54047293672205],[-15.981449730026382,65.0992621017918],[-16.477369743826625,64.7509124776637],[-16.906116485775787,64.34802047875199],[-17.455589388249567,64.12470122779796],[-18.382454340331293,64.03547492566368],[-19.28844288705593,64.00202996298977],[-19.809647448457135,64.02432570236226],[-20.963094931578652,64.37037236991995],[-21.559448239571832,64.64054870763948],[-22.347557067006342,65.0512084938056],[-23.255761612934727,65.50922092182226],[-23.558215123691,65.68529181594035]]]}},{"type":"Feature","properties":{"fillColor":"#ffffff"},"geometry":{"type":"MultiLineString","coordinates":[[[27.204120678297958,83.56762568396972],[30.987983533944465,82.85210217818164],[34.29425193747691,82.34754270930321],[35.63066629634786,82.34754270930321],[38.44417020976044,82.34754270930321],[40.58271115426497,82.40992527406445],[41.9668828459118,82.6614008966494],[43.967200024887134,82.85210217818164],[45.9065381675053,83.04465692203564],[46.792593472584095,83.10926316504833],[49.03501226448387,83.17408355802341],[50.316306898748024,83.43555004976052],[52.21518766883978,83.76746985019827],[55.17241397823832,83.90188177913318],[57.986919202152045,83.90188177913318],[60.817592066136356,83.5014740818613],[63.05378825598117,83.04465692203564],[64.96144459367419,82.34754270930321],[66.34434496318465,81.85521342279444],[69.71270990075492,80.78794503451704],[72.67062344394942,79.62499087289524],[74.22926311461705,79.20766700011022],[79.70626873123247,78.53662848829983],[80.2342939426617,78.53662848829983],[82.20643344313956,78.48536696069601],[84.44862072323149,78.48536696069601],[85.1331348545812,78.66500300566882],[85.9535346664657,78.7936946765074],[86.28477765203176,79.0088920094918],[86.60739378322873,79.29433038863012],[86.77566922378988,79.59880839229305],[86.97954521843077,79.79988454741078],[87.41042588849687,80.1887634173479],[87.67646948532214,80.3394130391403],[88.46551019089547,80.7301749255152],[89.2017905676502,81.00108674435452],[89.74381583219225,81.13782112359831],[90.27908756993946,81.4139290819627],[90.84838785897769,81.55333717798399],[91.52349765382122,81.57332783995842],[92.15063183341998,81.58333027954284],[92.50222508314882,81.60334940966732],[93.58153356563191,81.61336611375943],[94.11192011648178,81.60334940966732],[94.6346273888353,81.56333014168338],[95.17712259130636,81.5134125347676],[95.98767575245131,81.43378848009505],[96.45848151431872,81.3841747342167],[96.85633909656082,81.32479049750401],[97.55737467742826,81.20651504222339],[98.08622357045806,81.09866569599912],[98.69797098382274,80.97189864978348],[99.39688589878982,80.7783060937208],[100.12037592829837,80.60552536371196],[100.72524289528519,80.4625685237251],[101.49543252841669,80.20753935290044],[102.3191653164649,79.99296354446116],[102.99075132313969,79.78236817665946],[103.59809366258308,79.61626188992454],[104.21478347643273,79.43329619678815],[104.92011968732409,79.21632678137924],[105.51942558630357,79.04340668767162],[106.49516888520664,78.75934575412386],[106.97132036526911,78.6050555722042],[107.6467548502738,78.46316923771273],[109.01419163747508,78.19752781420638],[109.7526257132635,77.994098338729],[110.48513910402005,77.83191775541913],[111.20713837155365,77.70051107009921],[112.15796561917979,77.52916106365241],[112.88483959728984,77.39849999261506],[113.61676135848394,77.29820879317195],[114.192687205097,77.21811110248899],[115.41362753139666,77.08820731944847],[115.97875957697718,77.06825002013898],[117.23412777380108,77.00842258505358],[117.92451220686839,77.01838919870508],[118.89677006903482,77.05827415199337],[120.00042392395167,77.06825002013898],[120.68633613624378,77.11815719148046],[121.73824517535967,77.21811110248899],[122.69386855691485,77.36839285051344],[123.27692119637862,77.42862413242106],[123.65365197987566,77.51909882670026],[125.01046050061267,77.76111982064235],[125.6281723703933,77.91294582827788],[126.6836358837805,78.12623805410863],[127.4210679453749,78.25871037543942],[128.02779139155066,78.36084007500078],[128.71415597723154,78.5041570149036],[129.80650637063582,78.66843065718248],[130.6825529116431,78.78166997147024],[131.79710961867158,79.16438989732882],[133.27416386270312,79.45591369683314],[133.78265021369768,79.60229861541096],[134.34545872357435,79.70711627092355],[135.13407902158556,79.8331822514889],[136.02903524283764,79.98065482466286],[136.7801586197711,80.13627404709155],[137.51496216328584,80.19251734945385],[139.36949845685507,80.30542837675807],[140.09503729335785,80.36209825040432],[142.3399618203589,80.48728168873198],[143.40675916629715,80.46446855971861],[144.81940657850478,80.37344951328309],[145.87349476355098,80.29411162886542],[146.50178941719045,80.24890177014726],[147.3770064727376,80.12504222781021],[148.94170250893046,79.8647475414912],[149.61788694387397,79.72810563913701],[151.23949510156388,79.33077256341066],[152.25964691138665,79.07103502522153],[153.19413355852996,78.86418104819334],[154.00108697467562,78.62731371418462],[154.53300652747234,78.4939070569422],[155.1758221557807,78.29953839429889],[155.8651310185103,78.08554437100574],[156.39735392403557,77.91294582827788],[157.37312486970148,77.66014367246726],[158.38243559787148,77.32827638559034],[158.86467995270718,77.1681108422298],[160.7376013420419,76.48281109199182],[161.27149736005148,76.39406107220864],[162.4941664475609,75.9817956507851],[163.04790590703254,75.76708062555666],[163.8762771952032,75.49501353574085],[164.71322308109168,75.29183902236868],[165.57498116575286,75.10865366441152],[166.25082456311233,75.00287408274289],[167.13871967571347,74.85117216964109],[167.87610164118232,74.70925074483493],[170.04901841428608,74.24741618518694],[170.7816696409867,74.17227057183267],[171.69792716451138,74.09719624889263],[172.8864431785878,74.03156453751178],[174.3285261465898,73.99408508689353],[177.42626584793763,73.975352001678],[178.325431843438,73.975352001678],[179.29368672306077,73.99408508689353],[180,74.01530323385686]],[[-180,74.01530323385686],[-179.77065183426055,74.02219301385294],[-178.76942777422767,74.1441093572826],[-177.26185490624678,74.25681440958724],[-176.6999092647029,74.32263329243428],[-175.9767564015103,74.36026872011993],[-174.72672326342595,74.51099019042857],[-172.3641459672202,74.52041985602604],[-171.34369520538053,74.54871562690252],[-170.17394603776674,74.64310837229021],[-169.07079793094792,74.68089720054621],[-167.98868549573376,74.68089720054621],[-166.96876343035947,74.68089720054621],[-165.63412908186052,74.74707138905329],[-164.54538496321535,74.7754488254662],[-163.67323048984963,74.73761452121342],[-162.43501909738367,74.69034724576039],[-161.26012508976078,74.66200051671636],[-160.32951978303367,74.60533768857225],[-158.9629995922441,74.48270796204852],[-157.97992752480977,74.43559345185194],[-156.92083663961748,74.42617392674322],[-155.58590733547544,74.38850706930914],[-154.42872181249774,74.37909316368865],[-153.84822101332824,74.31322723722785],[-152.7540763538463,74.39792209802293],[-151.9740753778641,74.52041985602604],[-151.17700526303835,74.61477865988002],[-150.37426815278587,74.72815879150447],[-149.51436105741166,74.83223448338732],[-148.96420061768555,74.9648944219704],[-148.12739932573746,75.14716885494794],[-147.40774607753903,75.35948106303493],[-146.45510339522934,75.67948392205184],[-143.75327569117576,76.73010388215843],[-142.89841457565362,77.11815719148046],[-141.8201942683138,77.51909882670026],[-141.00207471343313,77.81168011360592],[-139.84082557268738,78.27912041423187],[-139.07276692744668,78.59649727749834],[-138.1849148887778,78.91581716144223],[-137.59763594756566,79.12287800476156],[-136.7907468383885,79.3828776563217],[-135.72913408405694,79.72810563913701],[-134.55518299609582,80.12504222781021],[-132.98650899504094,80.54441744398218],[-131.76262641788767,80.79758822409575],[-130.7873254897502,81.05372465682302],[-129.75402990498165,81.25374682135882],[-128.63862329227325,81.47953574522249],[-127.54266189121242,81.69568357128693],[-126.48393017243166,81.88970279885673],[-125.73665408658832,82.03641473265073],[-124.19589006220096,82.24606105399245],[-123.35508878332897,82.3828692714428],[-122.55973235227972,82.4954934792963],[-121.82292484026166,82.63400521849653],[-120.84672153196718,82.87553614274692],[-119.2356954293358,83.0038494391695],[-118.11690001603046,83.19790511452615],[-117.08352417313478,83.34145114715525],[-116.49593206454844,83.40705305332686],[-115.64883016806468,83.47287919849519],[-114.48514725299569,83.56541693920886],[-113.5392259856751,83.61849750834452],[-111.11740267511246,83.68505697633478],[-109.04645398960622,83.68505697633478],[-107.86095528251258,83.67172642264225],[-106.77659411871855,83.65840521860858],[-105.66395456197893,83.64509334458631],[-104.59584433674897,83.56541693920886],[-103.84544689472267,83.48607153925482],[-102.97308474078278,83.42020026972023],[-101.80304998614304,83.39391480636675],[-101.08742745034874,83.39391480636675],[-98.91549600921707,83.44652168445634],[-98.12762589647622,83.44652168445634],[-96.75128541139799,83.53893189796841],[-95.8370113891151,83.60521350717507],[-94.81858320804241,83.72510493284805],[-93.50654909430187,83.84576014007106],[-92.22904333931422,84.0349991410103],[-91.15029840226055,84.17135538968722],[-90.48703208168212,84.19874746392678]]]}},{"type":"Feature","properties":{"labelText":"20℃","pointType":1},"geometry":{"type":"Point","coordinates":[42.47281072233065,48.675695249004946]}},{"type":"Feature","properties":{"labelText":"10℃","pointType":1},"geometry":{"type":"Point","coordinates":[16.618201485975682,65.00472130072569]}},{"type":"Feature","properties":{"labelText":"10℃","pointType":1},"geometry":{"type":"Point","coordinates":[10.711666106447808,61.98335675958619]}},{"type":"Feature","properties":{"labelText":"20℃","pointType":1},"geometry":{"type":"Point","coordinates":[19.63230469066421,66.71711505692099]}},{"type":"Feature","properties":{"labelText":"0℃","pointType":1},"geometry":{"type":"Point","coordinates":[66.38526153664719,76.83484650045685]}},{"type":"Feature","properties":{"labelText":"20℃","pointType":1},"geometry":{"type":"Point","coordinates":[41.382151330605915,43.14555027821646]}},{"type":"Feature","properties":{"labelText":"10℃","pointType":1},"geometry":{"type":"Point","coordinates":[-23.558215123691014,65.68529181594035]}},{"type":"Feature","properties":{"labelText":"0℃","pointType":1},"geometry":{"type":"Point","coordinates":[35.63066629634787,82.34754270930321]}},{"type":"Feature","properties":{"labelText":"0℃","pointType":1},"geometry":{"type":"Point","coordinates":[64.47192383144389,76.39248657118054]}},{"type":"Feature","properties":{"labelText":"20℃","pointType":1},"geometry":{"type":"Point","coordinates":[-8.821176455892157,37.962368272675384]}},{"type":"Feature","properties":{"labelText":"10℃","pointType":1},"geometry":{"type":"Point","coordinates":[28.149117377752226,68.3834327453104]}},{"type":"Feature","properties":{"fillColor":"#f7ba6b"},"geometry":{"type":"MultiPolygon","coordinates":[[[[22.04430389406629,58.94262695311204],[22.052219390952914,58.94971466066864],[22.06499862680382,58.95221710185715],[22.19110488871453,58.947486877334036],[22.375553131281936,58.95166015615175],[22.434440612904154,58.96638488748577],[22.46805191016304,58.9780426024413],[22.487773895415522,58.9922180175545],[22.523609161266723,59.022491455323284],[22.54506778717041,59.04144038282617],[22.54506778717041,58.687423133609954],[22.531665802079093,58.688598632993376],[22.517776489046668,58.69110107418189],[22.479995727712353,58.69971466069966],[22.468465805084556,58.71124267595631],[22.471939086899983,58.7636108399542],[22.44777297971817,58.83471298223734],[22.426105499495588,58.855270385791414],[22.404994964465395,58.87165832527006],[22.386106491169382,58.88457489030443],[22.369716644319592,58.89027404808331],[22.336109161289986,58.892219543566426],[22.276943206558567,58.889434814526425],[22.245548248407413,58.878601074158624],[22.229438781524962,58.878044128453226],[22.177219390937406,58.88888549779259],[22.164997100791897,58.891937255714936],[22.06361007702611,58.92360687274601],[22.049163818288285,58.93013381934191],[22.04430389406629,58.94262695311204]]],[[[22.54506778717041,58.687423133609954],[22.54506778717041,59.04144038282617],[22.57582855236729,59.068603515836884],[22.696939468243695,59.04777145391589],[22.700826644980637,59.016799926515965],[22.719715118276646,59.0036087036277],[22.73388290390527,59.00138854977767],[22.749717712420807,59],[22.80110931419135,58.997215270959956],[22.843051910629523,59.00222015384998],[22.860828399885882,59.001663208144585],[22.92971801780358,58.982490539625935],[22.95249557469467,58.9669342042196],[23.04583168027453,58.84777069068444],[23.04527664194028,58.83638000512426],[23.021663665721576,58.82054901135101],[23.005275726242928,58.830551147646496],[22.960826873873955,58.84499359112902],[22.948329925361534,58.84443664542362],[22.884441375591575,58.83305358883501],[22.86693954470213,58.82166290276181],[22.88541221621849,58.8137435911329],[22.885829925369286,58.78374481224404],[22.848052978264253,58.7736053467651],[22.81583023078308,58.772766113208206],[22.79833221412292,58.7736053467651],[22.78124809289728,58.778743744096296],[22.780277252270363,58.793048858395366],[22.792774200269776,58.80027008039313],[22.803886413746778,58.80360412616697],[22.82624626148707,58.8197174072787],[22.812496185522257,58.82638549780035],[22.798053741526722,58.82499694802264],[22.77582931508573,58.8186035158679],[22.743326187124207,58.80290985127811],[22.72110748279665,58.78166198706446],[22.70138549805718,58.75388336202563],[22.6911048891655,58.735267639212374],[22.677772521838477,58.71360397321907],[22.666938781983692,58.70526885981051],[22.646385192658897,58.69776916521655],[22.624164581473206,58.69110107418189],[22.59555053710676,58.688323974626464],[22.5652732851087,58.68665313699726],[22.54749679585234,58.68721008321567],[22.54506778717041,58.687423133609954]]]]}},{"type":"Feature","properties":{"fillColor":"#fadfa4"},"geometry":{"type":"MultiPolygon","coordinates":[[[[10.760784140920112,59.836570742114375],[10.741179461443473,59.89034271778266],[10.688610084099842,59.903049462367804],[10.675355478409195,59.891383072618986],[10.670558914040537,59.887161250357124],[10.624716999952243,59.88344493633268],[10.532498357506487,59.87596895194066],[10.4990272698494,59.865829464227836],[10.473262792159414,59.844089507794706],[10.481862028144155,59.800829283624665],[10.329140010557154,59.81443304109227],[10.136491133919415,59.811063408267344],[9.780553596465628,59.8447626075397],[9.4227572590382,60.03710142712779],[9.222540466223851,60.24040521397122],[9.234810864029686,60.37610349540009],[9.314733177938516,60.56630020489053],[9.353673510272568,60.8520766645268],[9.351407575098655,61.46641512995308],[9.548449813248993,61.69919986715527],[9.996306260740333,61.9186453899927],[10.232843962069467,61.942848254083806],[10.920498792836806,62.00102630107815],[11.278864162666235,61.994159370412426],[11.554540124341043,61.94953254278137],[11.951632505986389,61.80545082051183],[12.126539698333668,61.70262605903777],[12.25762754535809,61.56906662715504],[12.320600886843733,61.44931384899345],[12.30081145926838,61.38776648945431],[12.192381595011966,61.196458169398376],[12.140057889846103,60.88272995675709],[12.003831384472472,60.67169792971092],[11.939147815689564,60.35913408800083],[11.681828450188318,60.19633128145292],[11.422054679133339,59.932410404069394],[11.278555365362347,59.8750973436848],[11.012588734101797,59.811063408267344],[10.820741334243923,59.77063278873026],[10.58564156424828,59.791583378065994],[10.600547948291782,59.811376197303076],[10.600555403374024,59.81138609622202],[10.611193349324989,59.8232019152574],[10.639443390642581,59.8545799065985],[10.66458223690677,59.845970157406484],[10.696249020569017,59.79652405912173],[10.73864553802725,59.80377197595009],[10.739123116241831,59.8044795172643],[10.760784140920112,59.836570742114375]]]]}},{"type":"Feature","properties":{"fillColor":"#f28d44"},"geometry":{"type":"MultiPolygon","coordinates":[[[[25.834856033343442,39.18006515503771],[25.856939315698558,39.252773284968114],[25.880275726385527,39.2711105345013],[25.90777587907074,39.28694152817369],[25.92388153071618,39.29193878158735],[25.92451095568938,39.279300689711995],[25.950271606272807,39.2738876344607],[25.981527328473316,39.271797180036096],[26.173538208019615,39.32721328724416],[26.170829773055296,39.3455505371788],[26.165412902725198,39.36985778806697],[26.178329467652393,39.3749847413132],[26.224576950093873,39.38304138201399],[26.226733207702637,39.382854525956446],[26.226733207702637,39.20337715387371],[26.19916152941579,39.20111083993667],[26.172496795484655,39.19470977763321],[26.163192748869484,39.188053131144876],[26.157775878940846,39.16916656486269],[26.153606414926585,39.15859985362377],[26.110969543458463,39.110965728741995],[26.081108093454404,39.08790969844554],[26.065412521229128,39.08457565318536],[26.045276641693892,39.08943176273443],[25.988105774076125,39.10516357439445],[25.889995574838334,39.1411056517979],[25.86416244498394,39.153602600210114],[25.834856033343442,39.18006515503771]]],[[[26.088468551525576,39.07437133789983],[26.111316681103936,39.09103393564896],[26.167499542071,39.10277557353129],[26.226733207702637,39.1317884869367],[26.226733207702637,39.005871472971414],[26.18749237080443,39.017219543267316],[26.136386871475217,39.04027557356376],[26.088468551525576,39.07437133789983]]],[[[26.226733207702637,39.005871472971414],[26.226733207702637,39.1317884869367],[26.27693939203082,39.15637969976806],[26.28610992413608,39.167762756374344],[26.291313171330614,39.18263244613744],[26.25708007820876,39.20346069322349],[26.237913131536054,39.20429611197757],[26.226733207702637,39.20337715387371],[26.226733207702637,39.382854525956446],[26.3238868713778,39.37443542496565],[26.39611053447548,39.3411026001127],[26.419994354171322,39.32582855214253],[26.414718628107277,39.32249450688236],[26.393745422479288,39.304443359354245],[26.379718780423506,39.28527069106699],[26.37957763655891,39.26860046396317],[26.40499877925301,39.25387573234056],[26.474716186489903,39.219436645437824],[26.528331756758703,39.15415954591235],[26.60666656507597,39.05332183832353],[26.612220764191857,39.044166564927636],[26.61861038206183,39.02402114869904],[26.61569023130062,39.01388168332979],[26.521800995024137,38.973320007175445],[26.450553894143674,38.96832275376178],[26.390270233354514,38.97109985331973],[26.3238868713778,38.97777557359623],[26.226733207702637,39.005871472971414]]]]}},{"type":"Feature","properties":{"fillColor":"#fadfa4"},"geometry":{"type":"MultiPolygon","coordinates":[[[[15.50215149019835,76.88137054300157],[15.524166105727524,76.89498901259591],[15.543331144549517,76.90443420401412],[15.577914238672708,76.91374206743957],[16.011665346264124,76.97192382943132],[16.051940919564448,76.9763793944709],[16.11145544052124,76.97601173047475],[16.11145544052124,76.74035614481187],[15.83527565151719,76.79942321827758],[15.529998777257578,76.8672027614361],[15.50215149019835,76.88137054300157]]],[[[13.914164543360956,77.52499389667767],[14.057498932504272,77.55859374773465],[14.114997864409203,77.56694030964877],[14.15972137187121,77.571105956947],[14.181941987732351,77.57304382172543],[14.325830460926404,77.58332824841798],[14.354719162591122,77.58387756595097],[14.479164125538674,77.5788726833784],[14.50444412275418,77.5774841305711],[14.540831563540111,77.56817626714565],[14.586317063104296,77.5244674662165],[14.754181265894196,77.50823525212235],[14.754181265894196,77.17387983388159],[14.739719388932023,77.17637634460495],[14.718330383029187,77.17858886536895],[14.665833474898541,77.18081664788873],[14.578886034119735,77.17970275662884],[14.532499312302985,77.17637634460495],[14.494997023616488,77.1708221444994],[14.46722030549219,77.17164611801795],[14.381109235627575,77.19025421399093],[13.981109617762908,77.40220641936457],[13.92083167808573,77.49748230150342],[13.914164543360956,77.52499389667767]]],[[[14.754181265894196,77.17387983388159],[14.754181265894196,77.50823525212235],[14.759026527826414,77.50776672263412],[14.876211166530178,77.54634094387582],[14.939998625929533,77.55303955319097],[15.077496528103847,77.55581664768188],[15.111942288672392,77.54942321786386],[15.152776718103068,77.54443359148523],[15.20027542346024,77.54081726171998],[15.415275574995142,77.5274810789891],[15.440553664491175,77.52609253174364],[15.498052596396104,77.52720642300353],[15.602664946628769,77.53009796397727],[15.633497236230347,77.53160095214369],[15.648831368560298,77.53225707971974],[15.665998457783228,77.53260040248261],[15.70216369652633,77.53192901871265],[15.7911090869042,77.53082275276877],[15.83499717453082,77.52638244392313],[15.872497561059706,77.5205383316381],[16.001052858564478,77.48420715467196],[16.027553557082946,77.47166442750992],[16.080276488257233,77.44970703244122],[16.110553742729273,77.44274902333443],[16.11145544052124,77.44262200133346],[16.11145544052124,77.01921901796037],[16.09235954401597,77.02012634422765],[15.827775955755309,77.01026916326923],[15.762777328088497,77.00471496316368],[15.597497941272131,77.00166320712535],[15.401943207703205,77.00138855113978],[15.374441145564468,77.00221252465833],[15.350275039608857,77.00360107190379],[15.241526603387008,77.01721191618209],[15.131664275905266,77.05693054107154],[15.052221297406092,77.0991516100282],[15.0358314509174,77.12525940176306],[14.754181265894196,77.17387983388159]]],[[[14.74562358603768,77.6592941273023],[14.865831376111402,77.67970276006095],[15.203609466362028,77.70999145528796],[15.428609850006556,77.7299804676285],[15.451387403154847,77.73193359416273],[15.643888472965966,77.74552917668525],[15.753887177361683,77.74609375041216],[15.779998778973628,77.74720764167205],[16.00527572632319,77.75888061561005],[16.11145544052124,77.76475085280813],[16.11145544052124,77.51670607960676],[15.918331144342659,77.56262207260197],[15.692054746654167,77.58065795840828],[15.226109504726482,77.61151123292407],[14.912776948496642,77.61470031695518],[14.883888246831923,77.61553955222952],[14.74562358603768,77.6592941273023]]],[[[13.592219351188142,78.05220031578688],[13.611942289499822,78.05831908961933],[13.876941682739636,78.09275817595065],[14.643054959547717,78.10386657616175],[14.90916442860848,78.10165405539774],[14.96583175611697,78.10081482012342],[14.989164349956667,78.10276794665764],[15.024929045476405,78.11102294916074],[15.056665421690695,78.14860534537954],[15.221942900787583,78.19747924950772],[15.263610842334174,78.20971679717263],[15.765832899565776,78.3352661127827],[16.102497098556512,78.35636901638314],[16.11145544052124,78.3561274434428],[16.11145544052124,77.84553203693993],[15.98166465549712,77.83526611491247],[15.91888809275354,77.8294372532595],[15.86971855328746,77.82777405002848],[15.840553282355842,77.82859802354703],[15.814720152168404,77.83027648853384],[15.769720075439498,77.83526611491247],[15.71847057112258,77.84179687272328],[15.646039963392402,77.86012268183279],[15.618330004325953,77.87330627481512],[15.395277024057236,77.86637878365804],[15.340552327844936,77.86081695823646],[15.234720227388117,77.83137512359981],[15.174165724005904,77.8097076407106],[15.133888242986107,77.79748534923961],[15.09444236636275,77.79220581068148],[15.048608777517932,77.78804016338326],[14.713052752190537,77.76527404542807],[14.608886719324875,77.7586059596245],[14.453330995351237,77.75054931545174],[14.42416572441962,77.75138855072608],[14.236803055296761,77.76734924376116],[13.951664924327979,77.71804809389886],[13.756249426471305,77.72984313963572],[13.728886605606686,77.76089477804372],[13.628330228269041,77.95054626558579],[13.592219351188142,78.05220031578688]]],[[[12.863331041509744,78.31456756784459],[13.396907091267153,78.31456756784459],[13.396907091267153,78.20760372642863],[13.236942289706679,78.21693420607106],[12.946387292186994,78.29109191729182],[12.863331041509744,78.31456756784459]]],[[[10.682358742013065,79.54608917200488],[10.96388626081316,79.64054870594121],[10.986108778831909,79.64332580599398],[11.016109464037049,79.64498901478687],[11.05055427352679,79.64471435323945],[11.104997633954438,79.6410980234742],[11.128608704780508,79.63859557940698],[11.366107938039194,79.63499450583566],[11.380830765857926,79.65220641812343],[11.26194381845487,79.6841430659494],[11.236385344252993,79.69358825736762],[11.202636718886385,79.71262359351286],[11.195692063815908,79.77499389543652],[11.229164125477482,79.77943420428218],[11.696386338089804,79.83499145596973],[11.788610458628456,79.83970642080094],[11.819719311935069,79.8399810767865],[11.844441415222756,79.83401489270261],[11.93888664404397,79.76887512160407],[12.039632916640109,79.69467987672984],[12.039632916640109,79.29732120964218],[11.963053701078387,79.27987670834],[11.920045850790123,79.2520370465968],[11.892886160335463,79.24270629609954],[11.87288665831875,79.2430343626685],[11.788799283923296,79.25256347705796],[11.746964453074881,79.27890014507288],[11.70527553773781,79.30985259875385],[11.686109542275148,79.3216552753686],[11.663887024256397,79.3216552753686],[11.638610842479839,79.31944274904274],[11.600830076806972,79.30609131011792],[11.555276872668,79.27832031515204],[11.635831834707592,79.24581909359917],[11.699331284085073,79.19747925081005],[11.709998133446918,79.16373443532052],[11.687498095082466,79.15776062035874],[11.65249824490132,79.15054321146032],[11.413331987410807,79.11303710733488],[11.236385344252993,79.09304809499433],[11.144026754519839,79.23471069338807],[11.023332596093898,79.2930450451284],[10.904026984913411,79.32984924197228],[10.87638664370309,79.34220886143605],[10.851109505285862,79.3588714617527],[10.70597076391794,79.51221465940047],[10.682358742013065,79.54608917200488]]],[[[11.337012290525568,78.96054077027746],[11.413054467065104,78.97276306174845],[11.469718935775315,78.97608947933422],[11.537776944796493,78.97747802657967],[11.602497101038798,78.97637939707556],[11.675830838741017,78.9694366441627],[11.830163953692221,78.94999694935514],[11.848330498815951,78.94515228184717],[11.984996796593823,78.92637634549357],[12.039632916640109,78.91947587521263],[12.039632916640109,78.606847837148],[11.979442596488276,78.61747741831029],[11.918192865623599,78.62928008936318],[11.644790646649861,78.73595428389261],[11.664720536372311,78.76332092019618],[11.576108930159956,78.88220215000268],[11.425415037607678,78.91873931617704],[11.337012290525568,78.96054077027746]]],[[[11.755277632679135,79.07582092095078],[11.801942825920396,79.1138763426092],[11.912665368028817,79.16778564725966],[11.940998077923325,79.18186950585387],[11.962163925142661,79.18604278403],[11.979498865869951,79.18704223436893],[12.039632916640109,79.20252467299673],[12.039632916640109,78.97071666083949],[12.032637596461527,78.97164917048856],[11.983886720772876,78.98303985756311],[11.781110762866573,79.05470276115642],[11.755277632679135,79.07582092095078]]],[[[12.039632916640109,78.606847837148],[12.039632916640109,78.91947587521263],[12.229164121217954,78.89553833273357],[12.251110075531669,78.89305114486028],[12.27972030577188,78.89193725360039],[12.30444336013837,78.89248657113338],[12.470830915056208,78.90109252727726],[12.500692370110958,78.91199493271824],[12.436664582552838,78.99414825221234],[12.403886797294923,78.99803161820898],[12.367774963573357,78.99803161820898],[12.30333137659795,78.9963684094161],[12.274721146357738,78.99470520062323],[12.222497937571983,78.98414611794512],[12.117219926727765,78.96971130571012],[12.092496872361275,78.96748352319034],[12.063886642121064,78.96748352319034],[12.039632916640109,78.97071666083949],[12.039632916640109,79.18866348445712],[13.396907091267153,79.18866348445712],[13.396907091267153,78.31456756784459],[12.863331041509744,78.31456756784459],[12.612218857464384,78.38554382591214],[12.584163667915579,78.39360046452303],[12.371594429310424,78.48088836926644],[12.397499085073463,78.48664855858023],[12.540275574727094,78.49971008532555],[12.571109772048148,78.50054931503801],[12.716386792487656,78.49581909401289],[12.750831601977398,78.49609374999844],[12.9019432072283,78.49803161477688],[12.929443361647563,78.4994201675842],[13.093608857204032,78.5149993890288],[13.113885879566446,78.51776123288765],[13.144444464261271,78.52554321551298],[13.187359809621588,78.54157256976353],[13.156665804653457,78.54609680158043],[13.097776412221734,78.54803466635887],[13.04485798151538,78.54137420587134],[12.974998473506009,78.53054809808555],[12.868608473559505,78.5238800067201],[12.841108324702105,78.52249145391279],[12.809997558114155,78.52304077144578],[12.378885271503927,78.54693603685477],[12.039632916640109,78.606847837148]]],[[[12.039632916640109,79.18866348445712],[12.039632916640109,79.20252467299673],[12.051387786945039,79.20555114561488],[12.073608397244314,79.22554016351728],[12.10166358679312,79.25387573221006],[12.115273474430762,79.29331970111394],[12.093331335555993,79.30248260566871],[12.07083129719154,79.30442810132504],[12.039632916640109,79.29732120964218],[12.039632916640109,79.62571144276339],[12.71827000395363,79.62571144276339],[12.71827000395363,79.60298637681151],[12.692080499740987,79.59595489559409],[12.638053895371295,79.58859252782499],[12.611663816772978,79.586380007061],[12.577775955694117,79.58554077178665],[12.523887635957875,79.58943176309933],[12.493330002341855,79.59082031034478],[12.46763706450734,79.58499145425367],[12.44930362451992,79.56887817147002],[12.514165880834623,79.55108642369954],[12.537220003249812,79.54832458540257],[12.567775723584495,79.54721069414266],[12.605552673818416,79.54721069414266],[12.63166427543036,79.54942322046853],[12.71827000395363,79.55978721371748],[12.71827000395363,79.18866348445712],[12.039632916640109,79.18866348445712]]],[[[12.039632916640109,79.62571144276339],[12.039632916640109,79.69467987672984],[12.048470494539341,79.68817138525485],[12.106386182502229,79.67498779227253],[12.149442671294274,79.66914367442564],[12.276943205719107,79.66220092707464],[12.311388015208847,79.66192627108907],[12.341665269680885,79.66331481833453],[12.356663704563982,79.69081115731484],[12.345275876287708,79.71331786991652],[12.304998395267912,79.73761749398783],[12.278886793655968,79.74331665296405],[12.22444153107071,79.74720764427673],[12.204719543837836,79.7505493180564],[12.164443970537512,79.78248596032051],[12.162220954535474,79.80609130798815],[12.201942443785061,79.83332824717684],[12.224720002495216,79.83610534722962],[12.329719541914928,79.83610534722962],[12.38472175847293,79.83221435591695],[12.404720303848974,79.82887268213726],[12.436943053977345,79.8208312997203],[12.46527481279305,79.81219482562669],[12.489997861597676,79.80247497822292],[12.541040420065686,79.77054596127483],[12.596942902235586,79.75637817414751],[12.71827000395363,79.7673307433872],[12.71827000395363,79.62571144276339],[12.039632916640109,79.62571144276339]]],[[[12.71827000395363,79.60298637681151],[12.71827000395363,79.7673307433872],[12.787776947814878,79.77360534819107],[12.837497712533418,79.77859496900784],[12.882775304046161,79.78762054556982],[12.912498474467464,79.79942321662271],[12.957775114901402,79.81192016407927],[13.014720919396265,79.82221984696575],[13.350554465069363,79.84999084749349],[13.37777519142345,79.85192871227193],[13.396907091267153,79.85297327873177],[13.396907091267153,79.69486318193718],[13.318054200157151,79.69413757490061],[13.046386721113757,79.69026183978185],[13.015832902936685,79.68858337479506],[12.867495538940279,79.64305115000843],[12.71827000395363,79.60298637681151]]],[[[12.71827000395363,79.18866348445712],[12.71827000395363,79.55978721371748],[12.791942595113106,79.56860351548445],[12.998607636612604,79.586380007061],[13.028886793242252,79.588043210292],[13.27499961908458,79.59748840171022],[13.331941602578631,79.59414672793054],[13.396907091267153,79.58884749373146],[13.396907091267153,79.53548413410331],[13.370525362417698,79.52821350126317],[13.35485935364171,79.52688598435527],[13.320859910440166,79.52887725971712],[13.265275956241856,79.51443481660422],[13.26472091555045,79.470954897517],[13.396907091267153,79.44436103766888],[13.396907091267153,79.18866348445712],[12.71827000395363,79.18866348445712]]],[[[13.396907091267153,79.69486318193718],[13.396907091267153,79.85297327873177],[13.789720537054073,79.87442016867968],[13.824720381673355,79.87525939839215],[13.848052981074918,79.87248229833938],[13.875554086572986,79.86692809823383],[13.910554887832937,79.85609435957015],[13.957498552498704,79.82832336460427],[13.967358586693539,79.76998901286396],[13.905970571195414,79.73290252915662],[13.8847217576455,79.72637939666186],[13.823608398132935,79.71693420524363],[13.731664656738264,79.70582580503253],[13.628330228269041,79.69664001340595],[13.58999824290558,79.69664001340595],[13.396907091267153,79.69486318193718]]],[[[13.396907091267153,79.53548413410331],[13.396907091267153,79.58884749373146],[13.474858284585187,79.58248901574832],[13.441442492305288,79.55870819126028],[13.40285968910689,79.53712463134232],[13.396907091267153,79.53548413410331]]],[[[13.396907091267153,78.20760372642863],[13.396907091267153,78.31456756784459],[14.167603376719997,78.31456756784459],[13.98999786633211,78.2858123787337],[13.88967323519653,78.24410247848242],[13.855552671274936,78.21401214714761],[13.82221985088748,78.20277404982163],[13.79860878006141,78.20054626730185],[13.718330381726851,78.19636535824782],[13.6277751931395,78.19413757572804],[13.396907091267153,78.20760372642863]]],[[[13.396907091267153,78.31456756784459],[13.396907091267153,79.18866348445712],[14.754181265894196,79.18866348445712],[14.754181265894196,78.72781933931967],[14.698608395796313,78.72637939535952],[14.677497861317985,78.72360229530673],[14.616941450216299,78.70803833005607],[14.53166580018707,78.6827545174016],[14.388888359454633,78.49150848228211],[14.413192750043693,78.47408294434635],[14.44305419953658,78.46804809348514],[14.490831376318258,78.46388244618691],[14.545831679594922,78.46110534613413],[14.569719314126026,78.45887756361435],[14.610553743556702,78.4533233635088],[14.668054583181107,78.44095611316713],[14.717496870913273,78.40637206796514],[14.728192330505362,78.38623809675393],[14.688331605543521,78.37776184328679],[14.637220380298189,78.37442016394525],[14.606386182977134,78.3735961904267],[14.579165456623048,78.37387085197412],[14.298887254918018,78.3358230611936],[14.167603376719997,78.31456756784459],[13.396907091267153,78.31456756784459]]],[[[13.396907091267153,79.18866348445712],[13.396907091267153,79.44436103766888],[13.4297208798635,79.43775939956046],[13.462182995948105,79.45429992807826],[13.477872848436581,79.47443389928947],[13.494623181601556,79.4788436901854],[13.571664808480024,79.48692321586812],[13.59444236719018,79.48414611581535],[13.768331525589373,79.43304443472925],[13.873607634275983,79.39193725703248],[13.914720535131167,79.35485076776328],[13.903886796467495,79.31915283130138],[13.894928930042166,79.2917175282205],[14.01860999872993,79.26499938861508],[14.058886528670923,79.26026916758995],[14.07930374338626,79.26665496653007],[14.09972000146093,79.27998351838306],[14.15388774926235,79.33526611408504],[14.018888475716302,79.45151519714759],[13.96069240304757,79.47179412722947],[13.932497977786511,79.48719787741554],[13.884998321350533,79.53831482025744],[13.930136682712888,79.56429290931555],[13.977497103436612,79.57971191569555],[14.007776260066258,79.588043210292],[14.072219847041666,79.60386657533432],[14.110275268700095,79.61053466669976],[14.13694381872292,79.60998534916678],[14.399999618464008,79.73027038797451],[14.439441679648418,79.75082397404196],[14.466941834067683,79.7666625952782],[14.52277660610093,79.80178833269716],[14.557774543000736,79.80609130798815],[14.584997177074298,79.80415344320971],[14.754181265894196,79.78374418669523],[14.754181265894196,79.18866348445712],[13.396907091267153,79.18866348445712]]],[[[14.754181265894196,78.72781933931967],[14.754181265894196,79.18866348445712],[15.868628945993658,79.18866348445712],[16.09249496428928,79.0741577121579],[16.11145544052124,79.05693127127252],[16.11145544052124,78.5068023950382],[16.023330689324236,78.48109435847468],[15.993330004119096,78.47692871117646],[15.646110532327334,78.45277404597581],[15.587776186148881,78.451095580989],[15.472775457978878,78.45124053985968],[15.427457809919051,78.45817566189466],[15.357219694679333,78.47484588752734],[15.29805374410444,78.50054931503801],[15.247276308586486,78.57632446090803],[15.269192696029293,78.5860672009455],[15.341665268026027,78.60942077413753],[15.403054234602957,78.6144256567101],[15.44888687236897,78.63304138356096],[15.500971796521275,78.71373748903228],[15.483330725218043,78.80831146388958],[15.40110969558729,78.8433227548257],[15.370830533395779,78.84304046796225],[15.31777572577545,78.82916259857627],[15.2955532077567,78.81971740715807],[15.21971893370674,78.77192688190193],[15.197775838191305,78.73164367772371],[15.177136421433135,78.67128753823371],[15.027914999097561,78.59901428120799],[14.992774962125356,78.59582519717688],[14.965274813267955,78.59721374442233],[14.944721221638641,78.5999908444751],[14.901943204271106,78.60873412861176],[14.85569095721072,78.62012481568631],[14.80527591608852,78.64513397235521],[14.823470114801822,78.6552658092992],[14.844858169625853,78.67359161284685],[14.837219238151716,78.70054626517208],[14.816387175097894,78.72943115139785],[14.754181265894196,78.72781933931967]]],[[[14.754181265894196,79.18866348445712],[14.754181265894196,79.78374418669523],[14.769165039007621,79.78193664278753],[14.852775572524497,79.7659683244364],[15.020415303335678,79.70359039163485],[15.262638094506006,79.61234283436332],[15.291249275825022,79.59706878685398],[15.29083347084587,79.5613708503921],[15.299581527062148,79.52610015966434],[15.440532685138828,79.3780212388189],[15.486386296695324,79.33638000534494],[15.51083183071611,79.3238830578884],[15.651388168727848,79.2738800063064],[15.772637367845196,79.23776244942641],[15.868628945993658,79.18866348445712],[14.754181265894196,79.18866348445712]]],[[[15.646943093364442,79.83978271289429],[15.684859273748753,79.86456298772126],[15.70722007640095,79.8708190895465],[15.731109618651528,79.87359618959927],[15.79777717826964,79.87525939839215],[15.836664198762646,79.8749847424066],[15.951387406586946,79.93442535452891],[15.97555446362136,79.96804809821958],[16.022773740913358,80.00888061436892],[16.056665422993028,80.02040862943625],[16.11145544052124,80.03034409645059],[16.11145544052124,79.20766135438372],[15.973885537231926,79.32470703140693],[15.940275190936902,79.38526916566704],[15.892498014155223,79.49664306883376],[15.874164579729669,79.56414795044488],[15.794443129805988,79.63040161280331],[15.738885878118445,79.66442870959442],[15.691803934381095,79.69234466343097],[15.647499085134655,79.76499939204719],[15.646943093364442,79.83978271289429]]],[[[16.11145544052124,76.74035614481187],[16.11145544052124,76.97601173047475],[16.143329620267714,76.97581482074398],[16.176383974792525,76.97276305914379],[16.30722045983862,76.9716491678839],[16.449161529656866,76.97998046804221],[16.524511337512216,76.99157714988687],[16.498603822950898,77.000823971851],[16.11145544052124,77.01921901796037],[16.11145544052124,77.44047165123206],[16.126720244441767,77.44047165123206],[16.13221740461767,77.4396972672961],[16.19471740921808,77.43441772317611],[16.22304916247192,77.43498230246487],[16.234512750309033,77.44047165123206],[17.468729615148284,77.44047165123206],[17.468729615148284,77.23664455529423],[17.418605805062654,77.17692565657607],[17.343399048358506,77.05546569617087],[17.315551755737413,76.96880340661566],[17.293331145438138,76.94999694675047],[17.272773743931744,76.94053649913833],[17.221382139542428,76.9172058130181],[17.04833221641757,76.85108947865245],[17.026943204952868,76.76971435297139],[17.047218325157672,76.76666259693306],[17.103191376262505,76.75513458186573],[17.18027305412619,76.72540282948773],[17.20096778918723,76.69942474599148],[16.99721527357568,76.5952606208453],[16.859161379631153,76.57415771724486],[16.82249832065713,76.5691528346723],[16.79860687068708,76.56776428186498],[16.748050691695017,76.56637573461953],[16.71860504161942,76.56666564679901],[16.612773897803265,76.57054138191775],[16.571941376092063,76.57499694695733],[16.33666229447527,76.65304565505262],[16.294162748532244,76.7015075696406],[16.23916244525558,76.71304321558583],[16.11145544052124,76.74035614481187]]],[[[16.11145544052124,77.44047165123206],[16.11145544052124,77.44262200133346],[16.126720244441767,77.44047165123206],[16.11145544052124,77.44047165123206]]],[[[16.11145544052124,77.51670607960676],[16.11145544052124,77.76475085280813],[16.221382143801957,77.77082824553362],[16.68777465973731,77.79693603726848],[16.800552366343414,77.80693054065783],[16.992218016319146,77.90109253153678],[17.006107332021962,77.93136596500801],[16.980274201834526,77.93304443555668],[16.95388412323621,77.93193054429678],[16.883331301025713,77.92637634419124],[16.84277343530007,77.92137146161868],[16.73291015673952,77.89971160960735],[16.711315156066583,77.88345336795302],[16.700689314330624,77.86539458951303],[16.66471862960265,77.85720825378725],[16.44416046252325,77.84887695362892],[16.4147186278866,77.84832763609593],[16.29110717705496,77.85081481840736],[16.150272367618715,77.84860229764337],[16.11145544052124,77.84553203693993],[16.11145544052124,78.31456756784459],[17.468729615148284,78.31456756784459],[17.468729615148284,77.44047165123206],[16.234512750309033,77.44047165123206],[16.300067902278567,77.47186279140212],[16.11145544052124,77.51670607960676]]],[[[17.468729615148284,77.23664455529423],[17.468729615148284,78.31456756784459],[18.826003789775328,78.31456756784459],[18.826003789775328,78.02871048506007],[18.784721373027878,78.02720642087377],[18.751663208625985,78.02777099460067],[18.69041252112064,78.03289794897209],[18.63555145355623,78.04553222442144],[18.60138702321047,78.05220031578688],[18.579162597472248,78.05470275985408],[18.552497862888366,78.05525207738707],[18.439994812267827,78.02943420339356],[18.4108276391786,78.02165222076822],[18.333885191465306,77.89833068767793],[18.37082862958331,77.87275695728214],[18.424163816347622,77.85693359223981],[18.447772979454218,77.84513092118692],[18.45166206304741,77.76957702628096],[18.296524046210536,77.51290893319945],[18.277637484374914,77.49915313561233],[18.236660003793034,77.49081421013798],[18.21388244508288,77.48887634535954],[18.011386871882422,77.49192810139787],[17.984300614722837,77.49665069710699],[17.96485709891447,77.50582885785568],[17.927494051502094,77.50833129636102],[17.90749740828366,77.50610351384124],[17.778884890318405,77.49053954859056],[17.738327024592763,77.471099853783],[17.6572189351431,77.42082214621544],[17.560829161744355,77.34637451169148],[17.468729615148284,77.23664455529423]]],[[[16.11145544052124,78.31456756784459],[16.11145544052124,78.3561274434428],[16.133052824453056,78.3555450428646],[16.23943710124114,78.34248352168115],[16.26638793812742,78.34082031288825],[16.47555160269332,78.33360290398983],[16.536384583061903,78.33166503921139],[16.719161990030297,78.32859802141726],[16.770553588857748,78.33027649196593],[16.790092527834762,78.33173227381367],[16.790092527834762,78.31456756784459],[16.11145544052124,78.31456756784459]]],[[[16.11145544052124,78.5068023950382],[16.11145544052124,79.05693127127252],[16.131870271977704,79.03838348360266],[16.128606798010846,79.00624084656845],[16.148052215976822,78.98664856201232],[16.32763671791329,78.91596222168613],[16.35138702445161,78.9102630627099],[16.39305114499739,78.9044342066188],[16.421382903813093,78.90277099782593],[16.449996949492252,78.90386962733002],[16.494506836868126,78.92726898022757],[16.455549241878327,78.96234893794102],[16.40027427705424,78.97234344689222],[16.374164583161768,78.98414611794512],[16.133784630244214,79.18866348445712],[16.790092527834762,79.18866348445712],[16.790092527834762,78.38929595719254],[16.598608018395414,78.4070663443688],[16.4066619892757,78.43054199492157],[16.33027458225381,78.45095825299623],[16.464160921180632,78.52554321551298],[16.542221070030905,78.56608581392098],[16.691383364186525,78.61276245347908],[16.665271757012718,78.6658172610994],[16.571109771695625,78.71331786861418],[16.550552370189227,78.7163848864083],[16.51319313265393,78.71360016103951],[16.484298707830792,78.70178985354686],[16.46548080721063,78.6789398181823],[16.31707954295465,78.56678772120253],[16.11145544052124,78.5068023950382]]],[[[16.790092527834762,78.31456756784459],[16.790092527834762,78.33173227381367],[16.818885800768967,78.33387756553725],[16.88193893277945,78.3416595481626],[17.045551300925847,78.37025451664702],[17.081386565380516,78.37664794646503],[17.295204164440065,78.42179107434514],[17.26777648667521,78.43386840694546],[17.24443816967709,78.43609618946525],[17.21693802081969,78.43637085101267],[17.192493437877708,78.43470764221979],[16.92193985009421,78.39415740737205],[16.878883361302165,78.38554382591214],[16.85138702232185,78.38442992909037],[16.824440000874517,78.38610839963904],[16.790092527834762,78.38929595719254],[16.790092527834762,79.18866348445712],[17.468729615148284,79.18866348445712],[17.468729615148284,78.31456756784459],[16.790092527834762,78.31456756784459]]],[[[16.11145544052124,79.20766135438372],[16.11145544052124,80.03034409645059],[16.27944183399485,80.06080627453542],[16.307773592810552,80.06275940106966],[16.334995270243446,80.06053161854986],[16.53110885438086,80.04234313743312],[16.56367683499159,80.02609252665668],[16.725826265956794,79.90332031109938],[16.79027557609062,79.8808135984977],[16.81916427775534,79.87220764235381],[16.84194183090363,79.86943054230105],[16.877220152509285,79.8697051982866],[16.902357104135454,79.88324737578759],[16.875413892565206,79.90609741115215],[16.867635725378815,79.92720794563049],[16.89666366831765,79.93942260622357],[16.926662445803316,79.94831848010881],[16.956661223288982,79.95693969800848],[16.977218630357246,79.96026611559424],[17.03916549642386,79.95693969800848],[17.226940155086922,79.9408111590309],[17.28055191111813,79.93609618863782],[17.37083053600045,79.92414855871425],[17.468729615148284,79.90720410290828],[17.468729615148284,79.18866348445712],[16.133784630244214,79.18866348445712],[16.11145544052124,79.20766135438372]]],[[[17.468729615148284,78.31456756784459],[17.468729615148284,79.90720410290828],[17.557773590267075,79.89179229603205],[17.86721992726386,79.80345916680606],[18.05027389793729,79.74497985619507],[18.087011335723332,79.72817230256962],[18.08999633826568,79.70359802251275],[18.07055282801918,79.69289398096396],[18.046665193488078,79.68580627474228],[17.979438783301475,79.67025756568553],[17.942218781478434,79.66304016234896],[17.765552523026464,79.54359435881555],[17.649717331661744,79.39235687188872],[17.63770294268033,79.37609100491835],[17.682216645495153,79.36720275634916],[17.819717406467742,79.38749694818684],[17.847774503736023,79.39360046582536],[17.87722015381162,79.40193176042182],[17.932216641649337,79.41998290798392],[17.958049771836773,79.42915344341658],[17.98638153065248,79.44552612043],[18.014442443359705,79.46526336941868],[18.038261411113485,79.52610015966434],[18.08930206186202,79.57818603489545],[18.1633300759679,79.61219787549264],[18.19360733043994,79.62081909339231],[18.237773895052932,79.62637329349786],[18.264999387924767,79.62803649672887],[18.330551148563515,79.6294250495362],[18.356941221599968,79.6283111582763],[18.658885955115398,79.55941772385788],[18.702774048303883,79.54721069414266],[18.742492673193325,79.53414916739735],[18.826003789775328,79.47459077180541],[18.826003789775328,78.31456756784459],[17.468729615148284,78.31456756784459]]],[[[18.826003789775328,78.02871048506007],[18.826003789775328,78.31456756784459],[18.991050305047594,78.31456756784459],[18.999439237699328,78.25999450474019],[19.03777694622121,78.19802856704071],[19.08534431279384,78.09345245235431],[18.866802215867573,78.03346252269901],[18.83832931362014,78.029159547408],[18.826003789775328,78.02871048506007]]],[[[18.826003789775328,78.31456756784459],[18.826003789775328,79.47459077180541],[18.85971832508484,79.45054626475836],[18.87374687093805,79.3110885618126],[18.85083007651564,79.29721069242662],[18.851387024926517,79.24832153210451],[18.918190004817937,79.16693115022954],[18.93721771008529,79.16026305886409],[18.97860718020737,79.15415954678743],[19.124439241338283,79.14553832888775],[19.186660768952322,79.14526367290219],[19.24096679582533,79.15193176426763],[19.26555442991851,79.16526031612062],[19.29194259523549,79.18220519773887],[19.31499862537015,79.18441772406473],[19.348052979894966,79.18470764180607],[19.723606107098178,79.1510925289933],[19.79944228886761,79.1245651224022],[19.809997556106772,79.09915161263287],[19.906661985491077,79.01388549563914],[20.492771151068318,78.9380340576758],[20.516387939490947,78.93525695762301],[21.124717709805598,78.88442993252247],[21.371940611468872,78.86747741446447],[21.540414811036637,78.84053802389504],[21.540552139029415,78.75991821051707],[21.390272138174954,78.65796661169675],[21.354995729850636,78.65359496962841],[21.122634886156483,78.63874053697532],[21.08138656502799,78.6372070308592],[21.054443359019608,78.63943481337898],[20.930410385612262,78.65776824780454],[20.668468477131064,78.6813735954722],[20.107772826885025,78.638885495846],[19.76138687277104,78.6180419920372],[19.71082687277817,78.61499023599887],[19.688606262478892,78.61276245347908],[19.656940460761398,78.60498047085375],[19.61182403539206,78.57389068361813],[19.598606109021084,78.54887390163321],[19.556385040064427,78.50416565036512],[19.3569412229023,78.4835968025419],[19.216938017862496,78.47164917261833],[19.161106110189394,78.46998596382545],[19.00888824455649,78.46081542839279],[18.969924926408268,78.45199585216277],[18.991050305047594,78.31456756784459],[18.826003789775328,78.31456756784459]]]]}},{"type":"Feature","properties":{"fillColor":"#fadfa4"},"geometry":{"type":"MultiPolygon","coordinates":[[[[29.055007414304782,67.11053861617745],[28.984756348043106,66.8004133561214],[28.896529097124528,66.61705845667166],[28.70290106902428,66.42258661225685],[27.896529898893334,66.14863565193764],[27.313875410060803,66.13723614206896],[26.59666256083557,66.13723614206896],[25.846802453510065,66.22846601422242],[25.39510693918055,66.30835560866302],[24.963652181132943,66.57126867462756],[24.72961535547398,66.7316185067773],[24.507625622036187,66.91516974366152],[24.279579323904613,67.15655972884286],[24.266324226469806,67.3293159004138],[24.400971935512928,67.53699368816274],[24.552259363837038,67.72193717724667],[24.75203116151056,67.87244129856208],[24.979168245978713,68.05797093173538],[25.33624872582743,68.32524097887136],[25.488989515426454,68.48825887818526],[25.67461769184945,68.62818942775834],[25.81171723918851,68.79167718434093],[25.95770655889646,69.01396102470164],[26.14309867614861,69.15459386324733],[26.416214527500586,69.20151345397397],[26.744570538060486,69.16632179035236],[27.14899462365554,68.9788322681191],[27.53821762431636,68.75662269351204],[28.149117377752532,68.38343274531047],[28.346191028897636,68.16247440758588],[28.65139201987421,67.86085647451677],[28.892915623367173,67.51389835812904],[29.055007414304782,67.11053861617745]]]]}},{"type":"Feature","properties":{"fillColor":"#fadfa4"},"geometry":{"type":"MultiPolygon","coordinates":[[[[17.79083061240252,80.12706756558636],[17.87791252050741,80.15554046435824],[18.038330079374514,80.18525695975161],[18.167495727524972,80.1858062726577],[18.20332717931699,80.18470764200768],[18.415552141519623,80.17248535365127],[18.674438478732974,80.15803527720425],[18.717355725945534,80.15929412754534],[18.760969162983717,80.1877593970385],[18.904163361465383,80.18761444074272],[18.97142028825086,80.1705984568367],[18.97142028825086,79.72434456725142],[18.82971954466421,79.71859740978289],[18.80194091993204,79.7169342028315],[18.77138519420317,79.71748352057543],[18.471660614838115,79.78276062110929],[18.154163362181542,79.90998840343639],[18.24415969830019,79.92858886556425],[18.356384279053746,79.94303894201127],[18.482772826207505,79.95304870567236],[18.514720917074087,79.95416259971766],[18.634162901934584,79.9566497784471],[18.805831910136202,79.96998596084882],[18.809440612189672,79.99470520127146],[18.736106872375522,80.02388000336178],[18.357704163624643,80.07637786851657],[18.06277465608734,80.12608337411723],[18.00749969477368,80.12803649849803],[17.93832778697737,80.1255340563733],[17.79083061240252,80.12706756558636]]],[[[18.97142028825086,79.72434456725142],[18.97142028825086,79.83790588226569],[20.152009964099207,79.83790588226569],[20.152009964099207,79.77311700808654],[20.084720612274413,79.76138305798473],[19.926662445346476,79.74192810212608],[19.5702743517505,79.71192932341987],[19.54222106814636,79.71026611163063],[19.511108400232683,79.70942688129514],[19.472494124275464,79.71305084190605],[19.452495573841393,79.72276306369686],[19.43443870628896,79.73262787106216],[19.40221786266064,79.73719787674858],[19.014442442279016,79.72608947759964],[18.97142028825086,79.72434456725142]]],[[[18.97142028825086,79.83790588226569],[18.97142028825086,80.1705984568367],[19.191246032468435,80.114982604247],[19.212635041929996,80.10220336886795],[19.23416137840862,80.08957671906339],[19.2633323682785,80.08415221964617],[19.28999709896537,80.08166504091673],[19.318885805522406,80.08332824786812],[19.34055328607637,80.08638000289895],[19.512136461263946,80.14051818716896],[19.49546814179094,80.14851379221943],[19.48054885744553,80.16831969973731],[19.404994963657334,80.1702575703985],[19.368885040772913,80.16998291152655],[19.310554502532312,80.17442321947463],[19.214578630921856,80.19692230108537],[19.09916305717236,80.25804138182184],[18.979995726345983,80.33665466475742],[19.02388763447657,80.35054016006522],[19.060829163255608,80.35054016006522],[19.09721756207028,80.34942627085776],[19.156661989518344,80.34526062178163],[19.211383820867628,80.34027099608961],[19.261665344268827,80.33471679893407],[19.3302764879842,80.32527160673651],[19.385551454135697,80.3141479490301],[19.416522977974033,80.29970550669965],[19.433605194284123,80.28637695357666],[19.561715126175034,80.24071895676086],[19.561715126175034,79.83790588226569],[18.97142028825086,79.83790588226569]]],[[[19.458744049874504,80.42067718371491],[19.463329314118376,80.45471191375893],[19.4819374103628,80.46234893787147],[19.561715126175034,80.48076894824398],[19.561715126175034,80.38643242921182],[19.548606871196533,80.38610839932228],[19.512218477219704,80.38720702997229],[19.477355958339366,80.39498901521846],[19.458744049874504,80.42067718371491]]],[[[19.561715126175034,79.83790588226569],[19.561715126175034,80.24071895676086],[19.578273773859266,80.23481750421864],[19.592023848260226,80.23115539721408],[19.65527343773625,80.21360779006389],[19.687496187474796,80.21304321376252],[19.80860900856541,80.21249389601859],[19.84082984735589,80.22096252602573],[19.91374587811251,80.37664794856727],[19.72332763442897,80.39637756329789],[19.689994812541244,80.39526367409043],[19.5819396979221,80.38693237110033],[19.561715126175034,80.38643242921182],[19.561715126175034,80.48076894824398],[19.642494202357184,80.49942016438884],[19.66888427900993,80.50166320619905],[19.701107023910634,80.49971008181825],[20.007499694476543,80.46943664424008],[20.152009964099207,80.44977457549408],[20.152009964099207,79.83790588226569],[19.561715126175034,79.83790588226569]]],[[[19.637634279241347,79.60234069958767],[19.6683292380975,79.61512756424546],[19.73888397080473,79.62553405523812],[19.763332364575835,79.6277618384909],[20.119716645951375,79.64193725606596],[20.150829313865053,79.64276123268185],[20.152009964099207,79.64274419037685],[20.152009964099207,79.47190929381318],[19.712078096042518,79.54373169025466],[19.679718019286913,79.55081939662327],[19.65763473578564,79.56637573299903],[19.637634279241347,79.60234069958767]]],[[[20.152009964099207,79.47190929381318],[20.152009964099207,79.64274419037685],[20.1888847366894,79.64221191493792],[20.214160919296837,79.63970947281318],[20.23749542386048,79.63359069935625],[20.269304276761936,79.61956787219354],[20.298885346410625,79.6083221411897],[20.357772826836033,79.59832763608605],[20.378883360367347,79.59498596362582],[20.399997710956946,79.59193420375716],[20.42499542247198,79.58943176163243],[20.567497253024154,79.58499145368434],[20.62944030553867,79.58665466547357],[20.69499588200278,79.58720397837966],[20.808052063813108,79.58499145368434],[20.874996183518803,79.58221435752549],[20.904163361168248,79.58027648686429],[20.92916107268328,79.57748413214799],[21.020553590997928,79.56581115669765],[21.0622177110379,79.55941772436876],[21.095550537763465,79.55802917628934],[21.123050691403233,79.55941772436876],[21.14756393646243,79.57033538671172],[21.10194015303408,79.58499145368434],[21.02277374497197,79.59220886262912],[20.91416168333017,79.60137939595472],[20.855552673997167,79.60525512760142],[20.7841644292851,79.6074829108542],[20.675273896550895,79.61665344417979],[20.645830153919267,79.6217880261676],[20.48061942933463,79.67872619443264],[21.001663206602814,79.7105407705026],[21.092494965674362,79.71360778892871],[21.1824951188513,79.71499633700815],[21.279998781344148,79.71638488992541],[21.332599639947553,79.71584124907811],[21.332599639947553,79.3926075443254],[21.190830229223987,79.38333130089308],[21.07444000423215,79.37136840801334],[20.968883514679458,79.36470031681247],[20.936107634976544,79.3660888648919],[20.79305267446,79.37678527815183],[20.521663666849772,79.44802856656811],[20.273330687872935,79.45498657036053],[20.223327635564146,79.46026611348196],[20.152009964099207,79.47190929381318]]],[[[20.152009964099207,79.77311700808654],[20.152009964099207,80.44977457549408],[20.41582870620467,80.41387939477573],[20.432027817779286,80.39730834981593],[20.527774811027978,80.32083129878842],[20.572498320215338,80.30220031954566],[20.812427520473108,80.21970367568464],[20.853328702964838,80.21110534793915],[20.881938933591627,80.21138000681113],[20.943328856141772,80.21220397858917],[21.095829008855873,80.21527099701528],[21.12527465759772,80.21665954509471],[21.30055236785281,80.23997497404261],[21.332599639947553,80.2446060905032],[21.332599639947553,79.82413317443644],[21.138050080756344,79.81469726563886],[20.813331602096696,79.80165100066655],[20.750000001502755,79.79998779371516],[20.654994964076355,79.7977600104624],[20.59194183457482,79.79637145754512],[20.486660003894087,79.79637145754512],[20.42360687439255,79.7949829094657],[20.39194107167666,79.7941436791302],[20.335552216317698,79.79109191926153],[20.258052827427424,79.78498840436205],[20.162773131129057,79.77499389442058],[20.152009964099207,79.77311700808654]]],[[[21.332599639947553,79.3926075443254],[21.332599639947553,79.71584124907811],[21.387775420033044,79.7152709958801],[21.501941678830395,79.71276855375537],[21.67943954305953,79.70664978029843],[21.70860672070897,79.70443725560312],[21.77610778743732,79.70138549573446],[21.83916473399714,79.70277404865173],[21.864719392534827,79.70999145275867],[21.861316681006947,79.7268600444266],[21.872497560722707,79.74206542914315],[21.922894477871726,79.74738992944809],[21.922894477871726,79.38588091163582],[21.56944275039659,79.38832092174725],[21.523052217199552,79.3913726816159],[21.438327790085765,79.3941497826126],[21.37499618465398,79.3949890129481],[21.34777450694446,79.39360046486868],[21.332599639947553,79.3926075443254]]],[[[21.332599639947553,79.82413317443644],[21.332599639947553,79.83790588226569],[21.922894477871726,79.83790588226569],[21.922894477871726,79.76545786706635],[21.795551301796802,79.76388550010947],[21.73582839841849,79.78054046713524],[21.770553590281768,79.80081939477193],[21.79972076309337,79.80609130861464],[21.83499526786273,79.80581664974268],[21.875551221863745,79.81443023604562],[21.852497099340574,79.82415771639387],[21.699440004441662,79.83387756262555],[21.664161682614015,79.8341522214975],[21.41333007857073,79.82804870659803],[21.332599639947553,79.82413317443644]]],[[[21.922894477871726,79.38588091163582],[21.922894477871726,79.74738992944809],[21.973884584140993,79.75277710096053],[22.019443511443413,79.75637817373527],[22.154441832679673,79.76499938931693],[22.26694107230519,79.7691497798356],[22.31985855262774,79.77679443322687],[22.34277343718579,79.78582000541883],[22.320690153684513,79.79499053874443],[22.248882293804694,79.80081176549321],[22.217216491088802,79.79998779371516],[22.192218779573768,79.79803466933436],[22.076385496766743,79.78498840436205],[22.054718016212775,79.7819366444934],[22.017776487433736,79.77442932295703],[21.952495574679432,79.76582336593282],[21.922894477871726,79.76545786706635],[21.922894477871726,79.83790588226569],[22.5131893157959,79.83790588226569],[22.5131893157959,79.39992947037331],[22.210826875818192,79.40637207096901],[22.176940919128256,79.40664672984099],[22.146385193399386,79.4058227532251],[22.094718934139202,79.40248108076486],[21.93193817111249,79.38581847962251],[21.922894477871726,79.38588091163582]]],[[[21.332599639947553,79.83790588226569],[21.332599639947553,80.2446060905032],[21.483329775203373,80.26638793853154],[21.697216033409333,80.27360534747632],[21.80277633518247,80.27249145343102],[21.83832931588208,80.27110290535158],[21.870412827655503,80.25846099698958],[21.8983306903528,80.21775818058256],[21.88430214002159,80.20276642050818],[21.829719541799584,80.14610290627725],[21.856105806231888,80.14360046415253],[22.054164886248408,80.10859680119684],[22.128051756026927,80.07554626262196],[22.192634582521077,80.01901245096721],[22.361663816743057,80.03749084463546],[22.452356337849483,80.26152038613698],[22.408607484742305,80.32554626560847],[22.38666152825809,80.32887267951125],[22.335760117494218,80.3587341312004],[22.361106874558246,80.41026306344354],[22.38499450908626,80.42359924100741],[22.408329008812057,80.42665100087606],[22.498050690896587,80.4291534430008],[22.5131893157959,80.42882161525189],[22.5131893157959,79.83790588226569],[21.332599639947553,79.83790588226569]]],[[[22.5131893157959,79.39992947037331],[22.5131893157959,79.83790588226569],[23.693778991644244,79.83790588226569],[23.693778991644244,79.17539415836994],[23.511665341823218,79.17886352515237],[23.407497405187794,79.18275451535652],[23.31194305485531,79.187759399606],[23.252220151476998,79.19165038981015],[22.973884581573504,79.21360778779353],[22.926662447319693,79.21914672639164],[22.89166259658445,79.22637939389388],[22.825828553865776,79.24136352468953],[22.77944183288918,79.25305175869731],[22.73721694876827,79.26554870592568],[22.69554901167001,79.27832031202603],[22.654163362722443,79.2969284034326],[22.64291191338793,79.32234954717367],[22.655830381894276,79.35998534999243],[22.61471939181867,79.3977661139448],[22.5131893157959,79.39992947037331]]],[[[22.5131893157959,79.83790588226569],[22.5131893157959,80.42882161525189],[22.612216949693938,80.42665100087606],[22.678398131851388,80.41207122669071],[22.65805053586832,80.3845672608305],[22.63277435326088,80.36997985736642],[22.619232175495732,80.34859466496314],[22.694995881705644,80.32832336660516],[22.716938021131575,80.32499694786455],[22.749160766032276,80.3241577126912],[22.832496645066634,80.40789794833586],[22.833885193146063,80.43692016485167],[22.886940000485673,80.49026489445853],[23.258052824562796,80.45304870680754],[23.284721372307946,80.45027160581084],[23.31499672083419,80.44498443824853],[23.35582923981739,80.426513673859],[23.33971786736704,80.34242248655512],[23.30180358861804,80.2806854245662],[23.242492675966595,80.26554870819604],[23.19610595499,80.25999450620264],[23.169715883175098,80.25776672294987],[23.13971710446888,80.25665283374241],[23.086940763383833,80.25248718466628],[23.0474967973179,80.24497985829208],[23.004163742320188,80.15679168542061],[23.07166480904854,80.12609100339596],[23.10138702277257,80.12081908955325],[23.15277481094035,80.11526489239769],[23.18305206073897,80.11331176801689],[23.220479966921914,80.11748504637174],[23.1758270273533,80.13638305520773],[23.118328095007318,80.15304565635007],[23.090272905292963,80.16456604138806],[23.22527313263944,80.1896972676997],[23.24805069018043,80.19247436385855],[23.429439544613725,80.20776367064109],[23.472911832738717,80.20623779070675],[23.492076876005797,80.19094848392423],[23.48286437922829,80.17266845634069],[23.489162443154193,80.15470886330147],[23.54860878155032,80.12983703730433],[23.596664427808967,80.1358184837442],[23.61971855033214,80.14276885825791],[23.693778991644244,80.17901752604489],[23.693778991644244,79.83790588226569],[22.5131893157959,79.83790588226569]]],[[[23.693778991644244,79.17539415836994],[23.693778991644244,80.17901752604489],[23.751388551555397,80.207214357735],[23.86666488733977,80.2780456554244],[23.939437867910826,80.3094177236526],[24.189437866059492,80.36331176616555],[24.21305084171554,80.36608886716226],[24.27360916320891,80.36859130928698],[24.307498932119287,80.36886596815896],[24.347774504079837,80.36775207411364],[24.506107329879736,80.34498596290966],[24.52722168046933,80.34136962673962],[24.560276031264653,80.33360290488875],[24.59999656715061,80.31289672796774],[24.551940916054118,80.3066406226559],[24.476661681137887,80.29609679980834],[24.467216493778174,80.26401519898297],[24.500553132724182,80.25471496791906],[24.532497406532478,80.25360107387375],[24.779720308522293,80.24664306524348],[24.809997558320916,80.24775695928878],[24.874368667492586,80.25046035643594],[24.874368667492586,79.3429002786149],[24.711105347748635,79.35192871071213],[24.443328859250165,79.31275939868033],[24.269927980588626,79.26075744631838],[24.232494356075023,79.22499084581445],[24.1169395443604,79.19692993293158],[24.059719087944664,79.18692016443265],[23.90916061327436,79.17637634158508],[23.789165498449496,79.17442321720428],[23.759162902684995,79.17414855833232],[23.693778991644244,79.17539415836994]]],[[[24.874368667492586,79.3429002786149],[24.874368667492586,80.25046035643594],[24.982215879428615,80.25498962195317],[25.228607175523813,80.25054168472636],[25.508888245367228,80.23637390126787],[25.54360962017222,80.23442077688706],[25.698883056824734,80.21582031475921],[25.725458147114956,80.17623138272181],[25.863883973825494,80.17164611847794],[25.89388656475215,80.1727600076854],[26.054958343340928,80.18395077440218],[26.054958343340928,79.64794890582934],[26.037776948221598,79.64582824627011],[25.81110763757829,79.61386871390437],[25.835691452256235,79.59429168474827],[25.871940613105778,79.5852661125563],[25.90304946879902,79.57165527128262],[25.942218780830828,79.541366575147],[25.975273131626146,79.50776672366602],[25.802776334588195,79.4338684075505],[25.722772597462967,79.40790558018207],[25.676662446306402,79.39888000315227],[25.195549012508053,79.33082580645954],[25.149162291531457,79.32638549851146],[25.050273893179618,79.32916259950815],[24.98610687447062,79.33276367228291],[24.959716797817876,79.3381805424214],[24.874368667492586,79.3429002786149]]],[[[26.054958343340928,79.64794890582934],[26.054958343340928,80.18395077440218],[26.081665039293902,80.1858062726577],[26.242492677939808,80.18637084895907],[26.598052977861613,80.18470764200768],[26.63721847767298,80.18331909392826],[26.79999923586185,80.17221069477931],[27.182216642029637,80.10693359424545],[27.229299543156166,80.09651946913621],[27.16777419969918,80.02192687898098],[27.144996642158194,80.00444030606057],[27.101108551085893,79.9674835187241],[27.121383666502147,79.95832824879379],[27.165550233504696,79.93969726471319],[27.235548019189274,79.91390228147672],[27.22360610803549,79.88526916301376],[27.181385040972863,79.86525726497031],[27.142219541161495,79.8535919187987],[27.060276032102692,79.83915710574698],[27.034164426542354,79.83749389879559],[26.946941374362115,79.83471679779889],[26.86860656735678,79.82916259580549],[26.63624572770302,79.780960082303],[26.53388595431477,79.73991393867763],[26.477910995792897,79.71568298176913],[26.449718474223637,79.70999145275867],[26.193050384874113,79.66499328469935],[26.054958343340928,79.64794890582934]]]]}},{"type":"Feature","properties":{"fillColor":"#f28d44"},"geometry":{"type":"MultiPolygon","coordinates":[[[[8.371527671538974,39.37291336057244],[8.391942978214058,39.44721984859083],[8.448193550688075,39.63270568903117],[8.497221946868782,39.72374725334244],[8.523611068673562,39.75222015426271],[8.54194259623315,39.779441832978144],[8.551666260009164,39.8166656497435],[8.55722045900501,39.84499359083563],[8.55395698493289,39.86770248469313],[8.520415306316377,39.902286529504686],[8.456596373995133,39.91013336240837],[8.429998397398016,39.89458084089588],[8.39597129869936,39.901313781573755],[8.398611068218235,39.94610595696888],[8.408887862573863,40.00680160502082],[8.433104553546407,40.06631278991699],[9.707227621673244,40.06631278991699],[9.713609695179521,40.04055023188049],[9.675345421203225,39.73082733206629],[9.651666641673486,39.54916381836014],[9.642221450953922,39.48638153136895],[9.63083267213914,39.43027496301356],[9.565068245173501,39.145618439203474],[9.521665572801929,39.11833190859687],[9.44263648942376,39.12442016659324],[9.410554885369498,39.140830993169985],[9.390832901511772,39.158054351803706],[9.366109848020349,39.177497863822445],[9.34249877898808,39.19416046202745],[9.321664810671198,39.20582580613204],[9.295276642141006,39.213882445885176],[9.013540267455422,39.26319122288898],[9.013332367155138,39.12638854956747],[9.016109466653061,39.101661681760234],[9.022499084818254,39.079719543300016],[9.043333053135134,39.044998168509416],[9.006942748989946,38.98805236788633],[8.902082443194484,38.90263366756043],[8.851179122690617,38.87791061406901],[8.646387100210582,38.890274047363896],[8.47448444381644,39.03654861405062],[8.425832748151132,39.1070785519945],[8.371527671538974,39.37291336057244]]],[[[8.148887633814851,40.74416351328233],[8.19249916097876,40.91360473677099],[8.228054047172067,40.938396454034475],[8.23222160296813,40.909717559363095],[8.284443854956844,40.85999679607455],[8.307082176058183,40.847358704039024],[8.356388092020751,40.836105346219185],[8.457498550387362,40.8219375613573],[8.479999542727118,40.82027435286771],[8.505277633347331,40.823608398478534],[8.543054580692305,40.831382750859404],[8.579721451344765,40.83999633794291],[8.604304313815911,40.848606109493126],[8.782637596227055,40.91846847520818],[8.810276031252572,40.934440612854516],[8.849998474459404,40.9665908818983],[8.873471260238036,40.99944305444821],[8.986526489040273,41.09895663321168],[8.986526489040273,40.06631278991699],[8.433104553546407,40.06631278991699],[8.46444320689881,40.14332580528587],[8.461666107400887,40.22666168220579],[8.457221985097554,40.32138824448966],[8.367221832489276,40.49277496384018],[8.301804542352144,40.58749389627496],[8.195970535351165,40.61597061151105],[8.178333282666056,40.636383057144904],[8.149721145217557,40.72138214133695],[8.148887633814851,40.74416351328233]]],[[[8.986526489040273,40.06631278991699],[8.986526489040273,41.09895663321168],[9.012638092280657,41.121940612928775],[9.164512634622909,41.23922729492619],[9.23305511436106,41.254714965764975],[9.513332366541519,41.14665985088691],[9.562498092701274,41.11777496368189],[9.633888244693512,40.989166260092574],[9.61277770986936,40.9211044316287],[9.659166336531191,40.85249328568356],[9.750276565831982,40.666244506596676],[9.742498397917828,40.63861084037903],[9.742776870974277,40.629997253295535],[9.750276565831982,40.59749603310742],[9.8049297337647,40.54055404680015],[9.824165344265694,40.527217865574336],[9.809444427606733,40.46833038340521],[9.800277709943618,40.442497253221276],[9.76131820660079,40.38562011758771],[9.734860419806486,40.37291336056267],[9.70555400870097,40.35402298034101],[9.657220840669332,40.308326720787015],[9.636943817247884,40.28221893307991],[9.623332024006848,40.25187301682058],[9.626666069617668,40.19318771408675],[9.656805038851301,40.1391639703548],[9.698332786899714,40.10221862786336],[9.707227621673244,40.06631278991699],[8.986526489040273,40.06631278991699]]]]}},{"type":"Feature","properties":{"fillColor":"#fadfa4"},"geometry":{"type":"MultiPolygon","coordinates":[[[[40.390274058638965,65.76721193327131],[40.41276550836312,65.77638242785724],[40.433601396415554,65.78665161020331],[40.47221373419387,65.80914305992769],[40.54415894773666,65.85720823944433],[40.59446141980433,65.89466291904331],[40.595268234512446,65.89526366459609],[40.609718307256685,65.9097137373405],[40.641662598719336,65.93637086254051],[40.65915681743763,65.94886781153775],[40.68027497521268,65.95887756590253],[40.703323376278604,65.96804809920309],[40.72943113824107,65.97499082713767],[40.75916291669006,65.97970582713612],[40.8533248983386,65.99081419183159],[40.88665769667324,65.99359132172015],[40.939712519092154,65.99525451021105],[41.0077743655969,65.99942014697194],[41.298881519320275,66.0510864238039],[41.355270384254425,66.06248472375549],[41.42499541925014,66.08970642711586],[41.64777374909829,66.18664549993827],[41.77471161645491,66.24887085565774],[41.80471037227426,66.26554869505316],[41.843322748767605,66.2885894693004],[41.90859983856478,66.3308258235653],[42.00547358983891,66.3986902314701],[42.00547358983891,64.81891823740521],[41.465405125699476,65.05411083132549],[40.800387114069,65.43849574960637],[40.390274058638965,65.76721193327131]]],[[[42.00547358983891,64.81891823740521],[42.00547358983891,66.3986902314701],[42.036663068189796,66.42053986001554],[42.06805420236293,66.45443723651044],[42.08332824253387,66.46887205561717],[42.142490404590035,66.51221464703161],[42.1751327628981,66.524429326306],[42.205684676007024,66.52901459295629],[42.23610685576779,66.52748106038393],[42.348876958817584,66.51054383172186],[42.38471983224082,66.50444032485143],[42.4684724332873,66.48765931853013],[42.552490215923115,66.47082517936434],[42.58554841006861,66.46388245142975],[42.65415954238125,66.44331357946265],[42.66687011973261,66.42220304850645],[42.955268862365415,66.41665649297727],[43.01290895143461,66.4216537626985],[43.07360840140029,66.42442322705358],[43.24388123335251,66.42970276649726],[43.29291532856655,66.42429353242028],[43.571105942117924,66.3166656473623],[43.62067312103885,66.29442222501572],[43.62067312103885,66.19964269772382],[43.60804750330169,66.19664000066558],[43.54721831998779,66.18803404552523],[43.519989028523526,66.18165589575068],[43.44832612341838,66.15554809507341],[43.294368760184966,66.09067534281337],[43.35471342757779,66.03858947480666],[43.516246776989476,65.9756774731124],[43.524993886348625,66.006942745419],[43.516658780060254,66.03658296332844],[43.47165679420692,66.05358887207382],[43.451660165933674,66.05470277475678],[43.407215131421935,66.05651091151833],[43.38513185200134,66.07270051837043],[43.45332335442458,66.1158142277933],[43.47554778806381,66.1255340469018],[43.506244649443374,66.13596343115597],[43.62067312103885,66.16146801988552],[43.62067312103885,64.5125977889139],[43.573828527947626,64.50456016205419],[42.539661710277585,64.62768099564533],[42.11015676886365,64.77333011284423],[42.00547358983891,64.81891823740521]]],[[[43.26971435241114,68.66810608098751],[43.31166077141978,68.68498229509959],[43.36693573367103,68.68803406789226],[43.38693998876289,68.68803406789226],[43.408882152679666,68.6869201652093],[43.45638275403593,68.68247984682961],[43.48610307289931,68.67803956716494],[43.62067312103885,68.64469741515236],[43.62067312103885,68.49638134523582],[43.56332399311913,68.51832581410031],[43.35499573601521,68.59832761954584],[43.33193970813062,68.60859680189196],[43.31137846298219,68.61886598423803],[43.27887725889292,68.64109800598123],[43.26971435241114,68.66810608098751]]],[[[43.62067312103885,66.19964269772382],[43.62067312103885,66.29442222501572],[43.64665984108018,66.2827606053338],[43.66554260538527,66.27249146170254],[43.68693923883109,66.25553894068838],[43.69387817271382,66.2319259614622],[43.67624283849159,66.21887206112359],[43.63499452504311,66.20304869642968],[43.62067312103885,66.19964269772382]]],[[[43.62067312103885,64.5125977889139],[43.62067312103885,66.16146801988552],[43.69248962712669,66.1774749666377],[43.71623992780502,66.1802597233451],[43.85804749779544,66.17692564211495],[43.943603524303455,66.13832093115525],[44.04860306051029,66.0781860206348],[44.052978531573274,66.05741118584723],[44.02457428416136,66.01895142315817],[44.04069137816333,65.99137114317296],[44.15154888608051,65.89466291904331],[44.17443848476938,65.87469483134379],[44.17159567563375,65.89466291904331],[44.14971922967891,66.04832458626743],[44.10367585399291,66.12400817986287],[44.07874297054843,66.16422273029707],[44.07638550926413,66.20054624815975],[44.10888671335323,66.28193663790728],[44.12360380218297,66.31469726997784],[44.134994514030666,66.33221436915227],[44.1511001484472,66.35664368898631],[44.16436005032131,66.37281800348632],[44.18193816404556,66.3858184773789],[44.21054841299275,66.4044341868842],[44.21837616161878,66.40713500987079],[44.21776582254614,66.4119262780564],[44.24110412015369,66.44664003387396],[44.25749968982626,66.46081542499962],[44.28916167285138,66.47692872494974],[44.32054901297249,66.48720549539968],[44.36027145938198,66.50289916546024],[44.44065470928897,66.61501864819981],[46.85107218343873,66.61501864819981],[46.85107218343873,65.2010598444401],[46.280521230141915,65.05411083132475],[45.2816451475706,65.00897828266892],[44.87568270947554,64.82939025869894],[44.709811815600006,64.73970503556365],[44.546670807935634,64.70205278898727],[44.03038830761852,64.58289699680904],[43.62067312103885,64.5125977889139]]],[[[43.750549307370704,67.25221254168162],[43.75180053150564,67.31151581924155],[43.75819014086551,67.34220884785447],[43.787498456658284,67.39305115725972],[43.800827038615694,67.40942384647616],[43.8141555818583,67.42553710771153],[43.85610200086694,67.4733123906866],[43.93943022200915,67.56666565854584],[44.03089525215273,67.66449737887831],[44.05915830663099,67.68067169337832],[44.09207534655786,67.68067169337832],[44.11388398307429,67.70664979942245],[44.167213448397206,67.88804624970737],[44.1627655031989,67.92387390820812],[44.13158799738005,67.92824554650429],[44.14040758087452,67.99484254051993],[44.17860412153027,68.09971617614542],[44.197313283255575,68.1445835997414],[45.23587265223879,68.1445835997414],[45.23587265223879,67.66223859900732],[44.94804382065803,67.47817992705967],[44.93166350462275,67.45721434437405],[44.921661377076816,67.43331909542513],[44.912906640898825,67.36567687881],[44.92735291959127,67.34706879612355],[44.99249648198861,67.32101442189213],[45.12526704607831,67.28027342739125],[45.16388321662362,67.2705459427491],[45.23587265223879,67.25464006424669],[45.23587265223879,66.61501864819981],[44.44065470928897,66.61501864819981],[44.483047484029726,66.67414857864338],[44.49638365409112,66.90748594866426],[44.47998808441838,66.9491424711315],[44.40832517931301,67.01158141649023],[44.30215001513312,67.07466925888428],[44.16790772119077,67.1544342090802],[44.141662599061306,67.16678620980662],[44.10832596795984,67.1740112461788],[44.07610320082654,67.1777648798689],[44.036384587183875,67.17915342545587],[44.00166320454724,67.17692565880469],[43.96832274067913,67.17387388601202],[43.934020987932115,67.16526030405282],[43.904022232112766,67.15998839142799],[43.870826716515296,67.16567993394244],[43.77888108064707,67.19622801428454],[43.75985716212324,67.21762848049718],[43.750549307370704,67.25221254168162]]],[[[43.62067312103885,68.49638134523582],[43.62067312103885,68.64469741515236],[43.671104414551735,68.63220215429942],[43.78527069000711,68.60137939233857],[43.84415437639245,68.58471680658062],[43.92054749641869,68.56442261623232],[43.97332001040019,68.5538635373448],[44.05277253003783,68.54165648488902],[44.07332610965261,68.53887939371509],[44.11859894435793,68.53526304276221],[44.140548696378346,68.53414917879422],[44.1805496184586,68.53414917879422],[44.217208871204775,68.53610230254122],[44.48915861771894,68.5527648882993],[44.546670807935634,68.55665942047534],[44.803047195137935,68.57402036752632],[44.884994497511855,68.57887268897656],[44.94360350227856,68.57943726713677],[45.13999176172666,68.57777403993106],[45.23587265223879,68.57519365535823],[45.23587265223879,68.1445835997414],[44.197313283255575,68.1445835997414],[44.209991461651384,68.17498780538472],[44.225822453163914,68.20748900947399],[44.24161122548508,68.25467559872524],[44.244922639875085,68.26457214720182],[44.22790527154427,68.29193113329922],[44.20360564634336,68.3049774068192],[44.183326709632524,68.31526184280273],[44.131660471515374,68.3405456373385],[44.05054472467202,68.37414549047327],[44.001388561643466,68.3927612386932],[43.899436965462485,68.4219207734485],[43.84665678594757,68.43247985233586],[43.782493598833355,68.44802857412577],[43.71859742780413,68.46415708899843],[43.689430227515345,68.47248840123495],[43.66304778393413,68.48136899927925],[43.63665771353408,68.49026488967587],[43.62067312103885,68.49638134523582]]],[[[45.23587265223879,67.66223859900732],[45.23587265223879,68.57519365535823],[45.264160164728196,68.5744323705971],[45.285827647025826,68.57304382501013],[45.40304565655907,68.56109620053564],[45.505271895644,68.54582216036454],[45.90332032716543,68.48220825905827],[45.959159867576886,68.44901274346063],[45.95114899787154,68.43109130674907],[45.95388032813304,68.4091491815472],[46.025688181509054,68.32666014275446],[46.18053619974163,68.25467559872524],[46.28235242826679,68.2073440612034],[46.31929778350235,68.20179746695959],[46.346107483791855,68.20874023360898],[46.3933258154255,68.19747925510927],[46.4988784702071,68.15386964760967],[46.52735519175417,68.13817597754911],[46.624869182583964,68.02614132875728],[46.714851393572644,67.92276000552516],[46.718322757539966,67.84248351846065],[46.711105347986404,67.81678772085417],[46.67152022302906,67.8044280933089],[46.624869182583964,67.80378794855442],[46.14554596076425,67.79721068375551],[45.621376041208975,67.76914979804587],[45.53638459286117,67.76081848580935],[45.50388335005704,67.7569427455901],[45.4569397000422,67.74971008239925],[45.426101684443836,67.74470518585935],[45.38249207694429,67.73553465255878],[45.322490693823966,67.71762846948457],[45.23587265223879,67.66223859900732]]],[[[45.23587265223879,66.61501864819981],[45.23587265223879,67.25464006424669],[45.37137604671534,67.22470094177976],[45.40749360175738,67.21775817513037],[45.46554565518255,67.20860289546727],[45.542911523672956,67.19261932886525],[45.57860565477375,67.18220519824854],[45.60707854355417,67.16797638067692],[45.634990686941194,67.1348495451627],[45.63790893233369,67.10651397783431],[45.65026855987895,67.07290649788087],[45.8149947975873,66.9011001720711],[45.84165954960616,66.88720701195342],[46.033630371130926,66.82489776122799],[46.24748993012639,66.83387754663056],[46.55471801061856,66.81039430075236],[46.624869182583964,66.81633555109963],[46.85107218343873,66.83549315915846],[46.85107218343873,66.61501864819981],[45.23587265223879,66.61501864819981]]],[[[46.85107218343873,65.2010598444401],[46.85107218343873,66.61501864819981],[50.081471245838614,66.61501864819981],[50.081471245838614,66.34323917153847],[49.43611950267132,66.02902789983307],[48.70818069404635,65.71064851886268],[48.7030675572323,65.70941770170516],[47.954135967213006,65.52913739935195],[47.1577818749451,65.28005486884473],[46.85107218343873,65.2010598444401]]],[[[46.85107218343873,66.61501864819981],[46.85107218343873,66.83549315915846],[46.923881511573825,66.84165953434433],[47.08860016117819,66.86859130244835],[47.21610260669502,66.89637754525398],[47.244712816927404,66.90248109083939],[47.30193327610715,66.9141540336949],[47.33221434036392,66.91886903369334],[47.36388398892268,66.92248534593125],[47.39582824167036,66.923309313358],[47.433601397099494,66.92248534593125],[47.45388029509553,66.92082215744051],[47.49748994130988,66.91554261799666],[47.598327634807674,66.93858339224397],[47.69971465282845,66.98637389014169],[47.7315177900723,67.01068876898],[47.74804688714505,67.0424881121719],[47.75221635667259,67.11845397549013],[47.7401313720315,67.137344366614],[47.706935895148604,67.16636657991717],[47.68221284600634,67.18637083500926],[47.84332277147661,67.37164306422841],[47.8899917785875,67.3922118974807],[47.93665695293157,67.42324066097706],[47.95110319290916,67.45192717811159],[47.93665312016475,67.47415161175076],[47.91693880032892,67.49165345728773],[47.8891601456271,67.5109710664052],[47.85832975684758,67.5299835253436],[47.81436540549009,67.57429503245521],[47.837215431839354,67.59400939100578],[47.879714969422594,67.61080933693069],[48.00152207837294,67.65235137968722],[48.26401902186382,67.6767883263401],[48.46627171463867,67.6929189600899],[48.46627171463867,66.61501864819981],[46.85107218343873,66.61501864819981]]],[[[48.46627171463867,66.61501864819981],[48.46627171463867,67.6929189600899],[48.63499069829555,67.70637511780365],[48.7030675572323,67.70353782378375],[48.86179734345279,67.6969223147803],[49.04721831499461,67.85359192187093],[49.080276470425304,67.85693359120506],[49.19400786235383,67.86976623637094],[49.226097102087124,67.87387085858177],[49.59443663561581,67.96499632107503],[49.889301294510744,68.01943968908108],[49.966102584840996,68.03997801505824],[50.00305177284338,68.05497741232546],[50.03416059857892,68.07095335210863],[50.057212832411665,68.09193418843165],[50.081471245838614,68.10750557056032],[50.081471245838614,66.61501864819981],[48.46627171463867,66.61501864819981]]],[[[50.081471245838614,66.34323917153847],[50.081471245838614,66.61501864819981],[51.071482425290924,66.61501864819981],[50.9419890732986,66.58846471275524],[50.091967769127564,66.34834975807678],[50.081471245838614,66.34323917153847]]],[[[50.081471245838614,66.61501864819981],[50.081471245838614,68.10750557056032],[50.11388396706866,68.12831117145515],[50.21499634218526,68.16720581767112],[50.24137878576664,68.17581177281147],[50.26915740175349,68.18359376052524],[50.35860442211862,68.20193482712637],[50.40026857140441,68.21331787344042],[50.50916289552015,68.24609375914866],[50.533401881744055,68.25467559872524],[50.53665924178438,68.25582887060926],[50.58832551861633,68.2744293264771],[50.93749235258355,68.34109496186124],[51.06763077377008,68.34970854382038],[51.5058288696946,68.41665648764211],[51.55360411395476,68.42526244278244],[51.69667077703856,68.46678077591403],[51.69667077703856,66.74285004682208],[51.66817676333142,66.73737692133653],[51.071482425290924,66.61501864819981],[50.081471245838614,66.61501864819981]]],[[[51.69667077703856,66.74285004682208],[51.69667077703856,68.46678077591403],[51.781379713524075,68.49136353872137],[52.074714672613425,68.54443357606294],[52.20110321544729,68.55497740131278],[52.33874510996202,68.48831939274748],[52.355552682705536,68.47734831078901],[52.28305051782121,68.41207122099183],[52.25722123152934,68.40235136316852],[52.198875410081314,68.39637755093128],[52.17179869370648,68.39568327813771],[52.14124298654559,68.3820648383537],[52.235824598083695,68.31164549184984],[52.258739471749664,68.30637357922478],[52.42290879683122,68.34095764040927],[52.66471100648863,68.41304017540403],[52.69922638758976,68.42747499451099],[52.73040772617543,68.4590225365402],[52.73040389340861,68.48303985330364],[52.71207428639292,68.49401093526194],[52.488044732409776,68.58554077400737],[52.40832899073888,68.584571819595],[52.361381546671964,68.58471680658062],[52.32332612152027,68.58831786518112],[52.28311540385266,68.59900663870195],[52.29485702679165,68.6166458056909],[52.35665891985491,68.63610840179382],[52.3920784080517,68.64582825961713],[52.71415710477345,68.73193361064807],[52.85946430652897,68.77021589624489],[53.19915769649384,68.85971069906867],[53.28638457702641,68.88247679169717],[53.311870308238504,68.88799977565607],[53.311870308238504,68.34090353697975],[53.21277238094069,68.28526304826858],[53.20915602998775,68.26470946865379],[53.2290630789898,68.25467559872524],[53.245544433881946,68.2463684020525],[53.311870308238504,68.23924967968246],[53.311870308238504,67.05309730820578],[52.85946430652897,66.96619923750139],[51.69667077703856,66.74285004682208]]],[[[53.311870308238504,68.34090353697975],[53.311870308238504,68.88799977565607],[53.346656808998716,68.89553831885445],[53.37748719777824,68.90165711807731],[53.439430245060294,68.9136047425518],[53.470268260658656,68.91943360651823],[53.670272832344835,68.95138548608475],[53.77555084422232,68.96693420787466],[53.84346770374157,68.97345734463448],[54.00888825295817,68.98609924190254],[54.09665679247985,68.99220274877297],[54.41832731889764,69.0088806268833],[54.47609710260002,69.00749208129633],[54.51666260284048,69.00526427593041],[54.538047776700864,69.00277708129795],[54.55915830765707,68.99567415145503],[54.53110504876611,68.97679138715],[54.338325513452105,68.95526122630417],[54.19915771318358,68.94470214741665],[53.97276307109729,68.92803956165858],[53.94443513058752,68.87136842700176],[53.9823531955725,68.8229064980519],[53.843879706812345,68.73429107193238],[53.73269652406617,68.658523544616],[53.7234611434489,68.63206483284745],[53.74665832555246,68.60832215898813],[53.81166077244569,68.56359864880562],[53.84735490354649,68.54512022203767],[53.881378180622676,68.52638244471785],[53.90582275409423,68.50277709231057],[53.92221832376697,68.47109985564799],[53.944293976368726,68.40137482065234],[53.81166077244569,68.34414673465392],[53.789440171573204,68.34429168292459],[53.72526548615866,68.37886049047171],[53.67860031181442,68.39554595668591],[53.632209780374296,68.40554808423184],[53.60193634293614,68.40789795741233],[53.32013321119865,68.34554290705955],[53.311870308238504,68.34090353697975]]],[[[53.311870308238504,67.05309730820578],[53.311870308238504,68.23924967968246],[53.33610535692981,68.23664854422918],[53.372768403728,68.2367935312148],[53.42832946846863,68.24470521356153],[53.51384216891564,68.25467559872524],[53.52137754743421,68.25555418899069],[53.5684140977702,68.25467559872524],[53.70763015193637,68.25207519820458],[53.8180542145725,68.24359131087874],[53.84666063075292,68.23776244691214],[53.86443711919378,68.21998595847123],[53.961662294505686,68.21360776998205],[54.199714664525004,68.20721436657004],[54.245410923171676,68.20735168802202],[54.37146999279031,68.25467559872524],[54.395271291012875,68.26361085832309],[54.4313812192363,68.28109741150774],[54.453048701534044,68.2952575877107],[54.47221373556192,68.30275726698687],[54.50652311512761,68.30512239380465],[54.54652024315584,68.29886627312999],[54.57332611067869,68.27886964485657],[54.5967673284497,68.25467559872524],[54.60777281169635,68.2433166679748],[54.62332153348626,68.22526549791507],[54.635826109302116,68.20665741522862],[54.66096116151522,68.17984008812033],[54.68915557462503,68.17387390270176],[54.78207779172402,68.1637344537038],[54.82332610517244,68.16775514219387],[54.844715111799474,68.17345427281231],[54.8687438881484,68.185119627564],[54.92318725615428,68.24262235646637],[54.92199615600123,68.25467559872524],[54.919227582213864,68.28269195863015],[54.85652162076997,68.31429288839041],[54.92027284352838,68.38388060193404],[54.927069839438445,68.38951454504138],[54.927069839438445,67.15048838183809],[53.58111957030036,67.10481466235967],[53.311870308238504,67.05309730820578]]],[[[54.927069839438445,67.15048838183809],[54.927069839438445,68.38951454504138],[54.939712520460205,68.39999390188422],[54.9944381581887,68.43498230060578],[55.22589112326068,68.52108765163672],[55.332641614446004,68.55111695344584],[55.454376210546116,68.56674194342293],[55.52988434859577,68.56538390511105],[55.58110044954856,68.56040955456092],[55.65730286039184,68.56686401123744],[55.68949891430202,68.57130432961708],[55.79502106180871,68.59411622187275],[55.839721691534976,68.60441591149379],[55.86721037226573,68.61360169843181],[55.899852769288486,68.62678529340377],[55.94623946796196,68.6531829906225],[55.9767990078895,68.6594238189449],[56.00610352963025,68.65803527335811],[56.050544731375226,68.65054322090054],[56.14499664827997,68.62303162099886],[56.210548419696124,68.6130371202716],[56.25249479998979,68.6080322237317],[56.29193877072862,68.605255132558],[56.329162601635005,68.6049804509392],[56.38943483360731,68.60914612641471],[56.452491744857355,68.61942289686476],[56.50860596688756,68.62776183591996],[56.542269370638394,68.63161601507886],[56.542269370638394,67.09800127248442],[56.435104126157796,67.10481466235967],[55.798396766305245,67.15083330734586],[54.937234384505416,67.15083330734586],[54.927069839438445,67.15048838183809]]],[[[56.542269370638394,67.09800127248442],[56.542269370638394,68.63161601507886],[56.591102593784456,68.63720701212435],[56.62804411625319,68.63693236922052],[56.64916227402824,68.6344299209506],[56.68693542945738,68.62580871217278],[56.764999403508,68.60276793792553],[56.79305266239902,68.59304808010216],[56.825340276848976,68.5789489571639],[56.870269788566816,68.56303407064536],[57.01305390107342,68.54443357606294],[57.01586105582564,68.54422218133013],[57.07221985718155,68.53997804276065],[57.09943772777501,68.54012299103124],[57.14166258373962,68.54359435499873],[57.276100169087044,68.5558166610918],[57.348743449475194,68.56581878863796],[57.39804839354139,68.58082581272373],[57.41526793064088,68.59179685596723],[57.42929841221053,68.61679075396171],[57.44860076769038,68.65013121782982],[57.58665466527589,68.73359679913881],[57.60846709584433,68.73970030600941],[57.651100160827696,68.74304197534337],[57.76305388455461,68.74108885159637],[57.91513059817629,68.74539947534265],[57.94401932279425,68.75373841439767],[57.97707368417315,68.77870176640238],[57.94533539424589,68.82304381950394],[57.97137451483985,68.84693906845268],[58.002220157256886,68.85331725694203],[58.05496024314981,68.86249290170258],[58.157468901838335,68.88032721162229],[58.157468901838335,67.0473192266237],[57.339428190974445,67.0473192266237],[57.01586105582564,67.06789109256093],[56.542269370638394,67.09800127248442]]],[[[58.157468901838335,67.0473192266237],[58.157468901838335,68.1445835997414],[59.77266843303828,68.1445835997414],[59.77266843303828,66.91370274764523],[58.98076060168927,67.03582385154448],[58.2146996686526,67.0473192266237],[58.157468901838335,67.0473192266237]]],[[[58.157468901838335,68.1445835997414],[58.157468901838335,68.88032721162229],[58.18429566541272,68.88499449360461],[58.24026869450938,68.87908173463205],[58.22165681777108,68.85498048414763],[58.20145035519556,68.837280263894],[58.34540938493501,68.73012543517154],[58.38999174089864,68.73136903248772],[58.421661389457256,68.73664857193154],[58.43526840837069,68.75261688489604],[58.39402009492227,68.77442931546449],[58.36554716742705,68.77970885490834],[58.309432984111595,68.7808227575913],[58.282215113517964,68.79401397938193],[58.27471160147519,68.82971190453452],[58.27221678002405,68.85581970521179],[58.27631377541627,68.89186095335185],[58.48943330070574,68.94303895892574],[58.601104754710036,68.96192931133481],[58.8119354213689,68.99331665145593],[58.86277006524068,68.99803161273957],[58.8983307076561,68.99971009358273],[58.93498992168742,68.99999999012402],[58.9650686674383,68.99972081772349],[58.9650686674383,68.95530469861913],[58.90151596913398,68.93352510263787],[58.95138549136021,68.92526247048482],[58.9650686674383,68.9243540579589],[58.9650686674383,68.1445835997414],[58.157468901838335,68.1445835997414]]],[[[58.9650686674383,68.95530469861913],[58.9650686674383,68.99972081772349],[59.094059430473976,68.99852360487215],[59.176658642659504,68.99775696983556],[59.22169492983977,68.99063874764045],[59.19165800121186,68.98109434536269],[59.14527130253856,68.98151397525226],[59.094059430473976,68.97588355869166],[59.053047190999564,68.97137452625418],[59.019714353950064,68.96748353239724],[58.97304534683917,68.9580383174781],[58.9650686674383,68.95530469861913]]],[[[58.9650686674383,68.1445835997414],[58.9650686674383,68.9243540579589],[59.00999449612675,68.92137147662794],[59.070548997821845,68.9152679310427],[59.094059430473976,68.91023365242094],[59.1004066381372,68.9088745276307],[59.27013014556661,68.83624266811319],[59.3108215463883,68.81721495553728],[59.421379097709575,68.76443481473717],[59.427215588494846,68.74525452707184],[59.420547503464036,68.71165467393723],[59.40166090639218,68.70220183219908],[59.36790847816792,68.69886778968356],[59.31944275516611,68.7024841406365],[59.277770979061415,68.70832825824056],[59.25041199296402,68.70832063142177],[59.20888520384477,68.70416258276487],[59.171241743048995,68.69497679582685],[59.094059430473976,68.64199028895496],[59.061798094410676,68.61984252675421],[59.06027222737174,68.57666013724804],[59.07235337924624,68.42456816998907],[59.094059430473976,68.41025428306149],[59.098049176852896,68.40762327579358],[59.127212505660054,68.40109251221475],[59.615272535706595,68.33554077951356],[59.648605334041235,68.33415223392666],[59.68110657684531,68.33804322778337],[59.712768559870426,68.34304808560842],[59.77266843303828,68.35521703307312],[59.77266843303828,68.1445835997414],[58.9650686674383,68.1445835997414]]],[[[59.76284028958014,68.63748932056194],[59.77266843303828,68.65154379420689],[59.77266843303828,68.62801279909907],[59.76284028958014,68.63748932056194]]],[[[58.1866273435877,63.93516438695303],[58.24864491369499,64.14701684353037],[58.37529461253678,64.4598163251747],[58.501586051371646,64.65007848086151],[58.64739957973438,64.89669274659212],[58.787933166381094,65.08797252773087],[59.08323283765361,65.47247748857973],[59.34931226850773,65.64254618504879],[59.71931595357637,65.76743322775985],[59.77266843303828,65.77576250479615],[59.77266843303828,65.16902930682454],[58.9710132971476,64.80676598176387],[58.77076771366576,63.55588874511662],[58.53012930093894,63.60132196172958],[58.31750490792098,63.734762028776856],[58.1866273435877,63.93516438695303]]],[[[59.77266843303828,65.16902930682454],[59.77266843303828,65.77576250479615],[60.30168102514364,65.85835083957977],[61.15992309317454,66.05180524935707],[61.267949735068555,66.18857049598688],[61.28907466493439,66.29125850137859],[61.00219611713152,66.58846471275524],[60.9291757989407,66.61501864819981],[63.00306749543816,66.61501864819981],[63.00306749543816,66.22288410862207],[62.28639434955206,65.94152235288824],[60.16811759367033,65.34773049815897],[59.77266843303828,65.16902930682454]]],[[[59.77266843303828,66.91370274764523],[59.77266843303828,68.1445835997414],[61.38786796423822,68.1445835997414],[61.38786796423822,66.61501864819981],[60.9291757989407,66.61501864819981],[60.4665924095944,66.78323771054806],[59.80020536945261,66.9094562420043],[59.77266843303828,66.91370274764523]]],[[[59.77266843303828,68.1445835997414],[59.77266843303828,68.35521703307312],[59.84263229943838,68.36943052918963],[59.87360380372189,68.3855438291398],[59.89638518870271,68.40138244747101],[59.96846009687863,68.46428682234654],[59.946586613045554,68.51130677926358],[59.87193298841231,68.58193971540675],[59.852493272765685,68.59623717434687],[59.822494516946335,68.60609435362215],[59.78416441017566,68.61692811412848],[59.77266843303828,68.62801279909907],[59.77266843303828,68.65154379420689],[59.78235627341411,68.66539763118215],[59.81166075643989,68.68193056102166],[59.838325508458695,68.69303892571713],[59.894157422051535,68.71249389500127],[59.923324583625515,68.7208252072378],[59.950405132766946,68.71678922639529],[59.9772110002898,68.70664977739739],[60.00082777356795,68.69609069850986],[60.039714831680044,68.68859101923368],[60.08665464892812,68.6866455223053],[60.123046885588906,68.6869201652093],[60.24388120736029,68.69386293185869],[60.38137819231906,68.7024841406365],[60.43110656032667,68.70776368008035],[60.46332549469315,68.71276853790522],[60.49443815319546,68.71887208349062],[60.538330069132485,68.73136903248769],[60.56749726942127,68.73997498762822],[60.58026819863825,68.745066165136],[60.58026819863825,68.1445835997414],[59.77266843303828,68.1445835997414]]],[[[60.1452713192283,69.57311248306854],[60.16082383507006,69.63206481082238],[60.240547164845,69.659149154016],[60.27082822910177,69.66748046625236],[60.29555131695906,69.6715087815611],[60.35165787345568,69.674148551283],[60.40415953858502,69.66775510915636],[60.42471311819986,69.66609192066545],[60.504165637837616,69.66331482949153],[60.54083251740241,69.66470337507849],[60.542206460159996,69.66477787424351],[60.58026819863825,69.65334954225955],[60.58026819863825,69.25872065516218],[60.33020108518272,69.4346819385662],[60.310821524363234,69.44831848735697],[60.29096984436063,69.46276856010138],[60.1452713192283,69.57311248306854]]],[[[60.58026819863825,68.1445835997414],[60.58026819863825,68.745066165136],[60.594711307248076,68.75082396305714],[60.91443633673731,68.90470885215524],[60.93554686769369,68.95027162211659],[60.94429397705284,68.99040223883003],[60.93026732824984,69.0872802583878],[60.894714351368066,69.12331391842389],[60.84526825308325,69.1497192424614],[60.79972077547393,69.1644287044723],[60.59346391587991,69.24943540645756],[60.58026819863825,69.25872065516218],[60.58026819863825,69.65334954225955],[61.17225780512231,69.47560007456728],[61.38786796423822,69.41086145315884],[61.38786796423822,68.1445835997414],[60.58026819863825,68.1445835997414]]],[[[61.38786796423822,66.61501864819981],[61.38786796423822,69.41086145315884],[63.00306749543816,68.92588527495745],[63.00306749543816,66.61501864819981],[61.38786796423822,66.61501864819981]]],[[[63.00306749543816,66.22288410862207],[63.00306749543816,68.92588527495745],[65.23851245772019,68.25467559872524],[65.32865455441897,68.22760973552532],[66.23346655783804,67.95593291855464],[65.32865455441897,67.29409219096438],[64.86182544605452,66.95262179095562],[63.00306749543816,66.22288410862207]]]]}},{"type":"Feature","properties":{"fillColor":"#fadfa4"},"geometry":{"type":"MultiPolygon","coordinates":[[[[-22.560140611528936,65.16838836543525],[-22.50500106538999,65.22888183485668],[-22.41073694297646,65.269066130031],[-21.556390284810774,65.269066130031],[-21.556390284810774,64.64674446936937],[-21.57333126077856,64.64778273208088],[-22.347557067006335,65.05120849380563],[-22.328058240693736,65.0492172256329],[-22.300558090962,65.04521179438825],[-22.270057680315006,65.03808593934747],[-22.23789024506374,65.03254699655412],[-22.146667478201323,65.02665710418847],[-21.949169161716895,65.02583313095647],[-21.835834502272746,65.03027343523468],[-21.800003051933402,65.06027221632036],[-21.7283344289433,65.15915680165216],[-21.728889464857787,65.17387390187542],[-21.736459732002288,65.19721221806225],[-21.759166716676873,65.2035980233324],[-21.786945342796344,65.20443725794576],[-21.808334352541124,65.2033233637037],[-21.826946260198497,65.19707488824787],[-21.836807249941558,65.1859664912073],[-21.836112978660537,65.17416381723115],[-21.8788909924956,65.1555480984693],[-21.91333389461846,65.1422119129445],[-21.99416733051828,65.11555480893054],[-22.036945344353455,65.10916137579704],[-22.07444572484917,65.10472107151884],[-22.291584014219723,65.12882232672109],[-22.544307711511124,65.15776824778112],[-22.560140611528936,65.16838836543525]]],[[[-23.873334883917096,65.86873626596048],[-23.871391294131627,65.88013458401099],[-23.866947173094445,65.89082336374497],[-23.853838533844876,65.9025842135516],[-23.68614305754305,65.9025842135516],[-23.675003049475777,65.90083312792484],[-23.638057710548765,65.89416504081674],[-23.446392057663445,65.8647155789887],[-23.255001070061383,65.83721924036155],[-23.225418089523373,65.83512878169176],[-23.21618270898125,65.84013366660889],[-23.302501675666974,65.85527038413898],[-23.378612519796263,65.86721801579279],[-23.438613893072215,65.8774871838745],[-23.563613891023692,65.90083312792484],[-23.572267018112534,65.9025842135516],[-22.714862584363935,65.9025842135516],[-22.714862584363935,65.53575616794903],[-22.85388946338327,65.55499267488887],[-23.0552787761971,65.53915405255981],[-23.255758951041514,65.50921957941546],[-23.25576161293469,65.50922092182236],[-23.558215123690957,65.68529181594039],[-23.452777862933658,65.67248535111884],[-23.25416946331154,65.73805236753759],[-23.255001070061383,65.76693725438122],[-23.307502743825125,65.75888061340248],[-23.40083694739542,65.75471496309865],[-23.531669614600332,65.75082397242358],[-23.61017036617085,65.77457427805348],[-23.630336763415244,65.77641296633936],[-23.71800231658665,65.78823852390582],[-23.72716903504869,65.78958129928702],[-23.73466872890657,65.79191589482309],[-23.744335177032042,65.79624175853161],[-23.78333472955501,65.82007598762294],[-23.789669039678813,65.82640838653998],[-23.873334883917096,65.86873626596048]]],[[[-23.853838533844876,65.9025842135516],[-23.845279692616316,65.91026306139321],[-23.832778930600284,65.91638183489817],[-23.811389920855447,65.91999817159882],[-23.793334960319214,65.9194335909599],[-23.68614305754305,65.9025842135516],[-23.853838533844876,65.9025842135516]]],[[[-23.81833457879901,66.0144271856164],[-23.81639098901377,66.03304291003275],[-23.800834654177038,66.05665588584833],[-23.78625297821577,66.06638336253593],[-23.579444885489238,66.1613769515381],[-23.538059236629522,66.1788787817124],[-23.468751909524713,66.19971466109496],[-23.446392057663445,66.19888305434506],[-23.352500918281066,66.19110107299508],[-23.273056030597786,66.17498779103732],[-23.16027831827472,66.14471435597716],[-23.02861404431991,66.10401916729393],[-22.98361205875949,66.08012390398619],[-22.97750091311815,66.0702667253475],[-22.978889466989074,66.03443908611274],[-22.80972290133161,65.99415588121809],[-22.75283431833384,66.04090881484416],[-22.746667860787113,66.04265594615083],[-22.714862584363935,66.04373734460167],[-22.714862584363935,65.9025842135516],[-23.572267018112534,65.9025842135516],[-23.585556031130523,65.90527343785755],[-23.603614808425846,65.91137695563532],[-23.746391296180263,65.9666595482455],[-23.803335191083363,65.99749755829004],[-23.81833457879901,66.0144271856164]]],[[[-22.97222519098557,66.22137451370952],[-22.965835568956322,66.2294311546886],[-22.921947477638184,66.2399902324716],[-22.856391905841747,66.25555420082623],[-22.83333587714725,66.26054382436189],[-22.801391600724003,66.2613830589753],[-22.738750455174852,66.2601242070553],[-22.714862584363935,66.26059874148525],[-22.714862584363935,66.12864410303021],[-22.727890017413813,66.13063812068157],[-22.749391556521516,66.13179778775896],[-22.75922394036303,66.13296508835418],[-22.830835340240924,66.14513397328375],[-22.84166717775497,66.14749145241001],[-22.911945341321655,66.17359924282079],[-22.94361114701178,66.19387817508243],[-22.952503205845005,66.19999694858734],[-22.962779996135794,66.21026611101462],[-22.97222519098557,66.22137451370952]]],[[[-23.190174103413256,66.35590362431759],[-23.07833481054621,66.43666076461949],[-22.94180679259307,66.46569061479545],[-22.88694763404868,66.46638488607647],[-22.714862584363935,66.45415537833719],[-22.714862584363935,66.29402291611744],[-22.941669462778748,66.29846191661215],[-22.974723816685184,66.2985992407722],[-23.027225496103426,66.30249023710161],[-23.051391602281115,66.30583190851905],[-23.073333742388,66.30999755882289],[-23.13361358639736,66.32582092542509],[-23.14611434841339,66.3297119161],[-23.17791938946999,66.34207153154273],[-23.18930816845068,66.35152435425596],[-23.190174103413256,66.35590362431759]]],[[[-22.714862584363935,65.53575616794903],[-22.714862584363935,65.9025842135516],[-22.423005856613344,65.9025842135516],[-22.432779312037837,65.87387848069187],[-22.440834047464477,65.86637878683393],[-22.449447629910026,65.86109924228799],[-22.461252215092827,65.85054779236839],[-22.462917328490335,65.83415222291836],[-22.445003508872787,65.8336029036609],[-22.43555831967757,65.83888244820679],[-22.424724576611254,65.84748840278883],[-22.401668547916756,65.87693786461705],[-22.39472580117996,65.8869323730699],[-22.38664687225515,65.9025842135516],[-21.556390284810774,65.9025842135516],[-21.556390284810774,65.69132050870049],[-21.591669081175837,65.68930053787562],[-21.6397247340048,65.72387695305389],[-21.664028169996868,65.74811553807052],[-21.667501448917506,65.75901794321686],[-21.681667329985487,65.76499938690722],[-21.724166867432814,65.77304077215916],[-21.77500152790134,65.7647094715515],[-21.65055656586435,65.65263366968185],[-21.623889922780336,65.64305114501758],[-21.60277938942329,65.63861084073937],[-21.556390284810774,65.63216776348442],[-21.556390284810774,65.269066130031],[-22.41073694297646,65.269066130031],[-22.3994445818459,65.27388000365829],[-22.35361480629456,65.2891540510027],[-22.02416992270861,65.37638854789952],[-21.786666872062938,65.4238739034327],[-21.762779236618485,65.42887878269539],[-21.7047233586801,65.44692993212715],[-21.698612213038643,65.44915771495698],[-21.80986213612414,65.43360900798365],[-21.871391298637832,65.44583129926633],[-21.940002443254798,65.46443176230144],[-21.993057253035204,65.50109863049522],[-22.037780762207717,65.49943542264998],[-22.11652946740338,65.48193359247568],[-22.33480644015856,65.48316955515082],[-22.714862584363935,65.53575616794903]]],[[[-22.714862584363935,65.9025842135516],[-22.714862584363935,66.04373734460167],[-22.677780150989122,66.04499816955007],[-22.49972534325741,65.96611022898787],[-22.421808244811587,65.92249298053946],[-22.419586184293053,65.91262817403748],[-22.423005856613344,65.9025842135516],[-22.714862584363935,65.9025842135516]]],[[[-22.714862584363935,66.12864410303021],[-22.714862584363935,66.26059874148525],[-22.493335721228334,66.26499939002144],[-22.707778932074802,66.29388427686524],[-22.714862584363935,66.29402291611744],[-22.714862584363935,66.45415537833719],[-22.421669003790555,66.43331909320204],[-22.258335113041312,66.340270993883],[-22.20250320682794,66.27194213675824],[-22.086391450950998,66.26805114608317],[-21.97430610435663,66.27290343980468],[-21.766391756560324,66.18582153410352],[-21.556390284810774,66.09505587332981],[-21.556390284810774,65.9025842135516],[-22.38664687225515,65.9025842135516],[-22.385833742346733,65.90415954361526],[-22.388336179150826,65.92694091833545],[-22.397502897612867,65.9558258051793],[-22.41111373711209,65.98818206539124],[-22.499999997231726,66.07696532956373],[-22.595279696139528,66.10749816852575],[-22.60889053563875,66.1110992438451],[-22.661945345419042,66.1205444330405],[-22.714862584363935,66.12864410303021]]],[[[-21.559448239571793,64.64054870763954],[-21.556390284810774,64.64078205846978],[-21.556390284810774,64.63916330907267],[-21.559448239571793,64.64054870763954]]],[[[-21.556390284810774,65.69132050870049],[-21.556390284810774,66.09505587332981],[-21.399444581271723,66.02722167974707],[-21.285140990917853,65.92061614728192],[-21.277778626874465,65.8905487041161],[-21.27833557399549,65.85610961875216],[-21.339723584281273,65.73290252494252],[-21.425445558976378,65.7067718509416],[-21.44894599977465,65.6972732553931],[-21.470813749835884,65.69622039536762],[-21.556390284810774,65.69132050870049]]],[[[-21.556390284810774,64.63916330907267],[-21.556390284810774,64.64078205846978],[-21.513057711449108,64.64408874308765],[-21.556390284810774,64.64674446936937],[-21.556390284810774,65.269066130031],[-21.147336013507946,65.269066130031],[-21.121669770354174,65.223876955594],[-21.084445955039257,65.15916442951544],[-21.08932362784313,65.269066130031],[-19.239445685704453,65.269066130031],[-19.239445685704453,64.00383871606539],[-19.288442887055908,64.00202996298981],[-19.809647448457156,64.02432570236226],[-20.96309493157861,64.37037236991995],[-21.556390284810774,64.63916330907267]]],[[[-21.556390284810774,65.269066130031],[-21.556390284810774,65.63216776348442],[-21.534336091728903,65.62910461167303],[-21.50330162320563,65.62906646670137],[-21.484802244910952,65.63017272742547],[-21.472101213311873,65.6304702762992],[-21.435169218905003,65.62794494459581],[-21.42433548149313,65.62585449158053],[-21.30889129654787,65.59693908762858],[-21.200626372996396,65.43158721704827],[-21.190555574599955,65.39471435696021],[-21.187778472512548,65.34027099330888],[-21.147336013507946,65.269066130031],[-21.556390284810774,65.269066130031]]],[[[-21.096946717055346,65.4408264143492],[-21.092224119630487,65.4537429825674],[-20.941875459179244,65.57818603339786],[-20.92722320427697,65.58888244664968],[-20.917503355452766,65.59388733156686],[-20.852779390406283,65.62609863410091],[-20.728889464283668,65.67416382034554],[-20.682224270877953,65.69166565051967],[-20.664169310341606,65.69082641590649],[-20.623889922206217,65.67102813516789],[-20.636669160609983,65.62277221841049],[-20.64472580158889,65.5674896258003],[-20.641944882742564,65.54283142347708],[-20.49708556983626,65.48804473811697],[-20.474445341689375,65.48777771200622],[-20.45020866222501,65.49304962303415],[-20.397917985257614,65.54991302475875],[-20.397917985257614,65.269066130031],[-21.08932362784313,65.269066130031],[-21.096946717055346,65.4408264143492]]],[[[-20.422639844758862,66.08444213983114],[-20.397917985257614,66.08891928811255],[-20.397917985257614,65.95242109813478],[-20.398891450335498,65.95359802234941],[-20.415000915534392,66.00942993421722],[-20.419445036571574,66.04388427530796],[-20.422639844758862,66.08444213983114]]],[[[-20.397917985257614,65.269066130031],[-20.397917985257614,65.54991302475875],[-20.325557708293616,65.6286010765595],[-20.269447325692568,65.70915221931261],[-20.26305770931799,65.72360229342519],[-20.263614656439017,65.74055480999613],[-20.27194595139224,65.76998901609744],[-20.309864043642506,65.85819244390416],[-20.37499999813224,65.92471313550578],[-20.397917985257614,65.95242109813478],[-20.397917985257614,66.08891928811255],[-20.174169537991418,66.12944030863275],[-20.09263992525848,66.12318420531346],[-19.99305725188691,66.024154662304],[-19.874446870310294,65.91055297674893],[-19.63555908255273,65.7469329817485],[-19.60750198569997,65.74055480999613],[-19.456111909845617,65.72569274644047],[-19.424724580543398,65.73457336630577],[-19.3963890073029,65.78915405411692],[-19.390487670314826,65.83352661371742],[-19.41777801704768,65.88333129775054],[-19.450557711325303,65.92221069304719],[-19.470279690811424,65.9351348891289],[-19.485000607793722,65.94055175783484],[-19.47583389498618,65.98110961670352],[-19.4544448852414,66.05471801837433],[-19.436389924705054,66.06332397295637],[-19.383750915472433,66.08138275025163],[-19.260280606656465,66.08972167872275],[-19.239445685704453,66.09090975417989],[-19.239445685704453,65.269066130031],[-20.397917985257614,65.269066130031]]],[[[-19.239445685704453,64.00383871606539],[-19.239445685704453,65.269066130031],[-16.922501086598132,65.269066130031],[-16.922501086598132,64.34136137551633],[-17.455589388249507,64.12470122779803],[-18.382454340331265,64.03547492566366],[-19.239445685704453,64.00383871606539]]],[[[-19.239445685704453,65.269066130031],[-19.239445685704453,66.09090975417989],[-19.23111343232057,66.091384886568],[-19.150836943541833,66.08387756484672],[-19.079723356466218,66.07749938744001],[-19.090835570265824,66.12498474297303],[-19.08889007492826,66.13694000249052],[-19.07889175537082,66.1524963373272],[-19.067224500002453,66.16123962172372],[-18.991111755975282,66.18331909164493],[-18.968612668747312,66.18832397656212],[-18.8526401538914,66.20082854968268],[-18.787778853375983,66.19193267974498],[-18.683055876479614,66.16471862861005],[-18.65305710104832,66.14942931988412],[-18.63000106669932,66.1355438207562],[-18.362503051726833,65.9530792258546],[-18.33716964495403,65.93556976216229],[-18.20583534253325,65.8165206907932],[-18.18153000098897,65.73804473967425],[-18.09166717644149,65.65748596340313],[-18.080973386151292,65.65067130968767],[-18.080973386151292,65.269066130031],[-19.239445685704453,65.269066130031]]],[[[-18.33131980876675,66.15242004172944],[-18.295141219959646,66.17527007852954],[-18.25041961633923,66.17943572883337],[-18.080973386151292,66.16441753323603],[-18.080973386151292,65.85740801241775],[-18.10111236563688,65.89332580620356],[-18.1486129768968,65.92346954496713],[-18.16125297427959,65.91902160717115],[-18.17125129949153,65.91194153061997],[-18.207555773490583,65.94046783437341],[-18.230222701986634,65.95162963776716],[-18.272472380256772,66.00038146742912],[-18.316528318497774,66.05873871100033],[-18.33131980876675,66.15242004172944]]],[[[-18.080973386151292,65.269066130031],[-18.080973386151292,65.65067130968767],[-18.06944656560136,65.64332580464637],[-18.063335419959913,65.64443969888856],[-18.048404694324233,65.65839386009645],[-18.06250000210565,65.82443237409421],[-18.07027816669671,65.83833312894916],[-18.080973386151292,65.85740801241775],[-18.080973386151292,66.16441753323603],[-17.9683341974399,66.1544342048013],[-17.950836184024638,66.15222167769844],[-17.909725189139294,66.14443969634829],[-17.75278091476457,66.08027648952736],[-17.73500060820271,66.06887817147668],[-17.7225036629456,66.05999755726577],[-17.60916900915589,65.98748779411022],[-17.41791725126609,65.9861068737572],[-17.365001676852387,66.05499267800309],[-17.341667177424597,66.10137939502101],[-17.265556333295194,66.16693115005842],[-17.232780455776492,66.1897125247786],[-17.218475339341865,66.19527435116242],[-17.1311111461485,66.21054077064332],[-17.10333633678806,66.21276855347321],[-17.041252138360107,66.208320615677],[-17.02305603125035,66.20443725851987],[-16.992500303043585,66.1941528347113],[-16.968891143986866,66.18554687447477],[-16.922501086598132,66.1376212032252],[-16.922501086598132,65.269066130031],[-18.080973386151292,65.269066130031]]],[[[-16.922501086598132,64.34136137551633],[-16.922501086598132,65.269066130031],[-15.658187415747786,65.269066130031],[-15.981449730026327,65.09926210179191],[-16.477369743826614,64.75091247766369],[-16.906116485775726,64.34802047875212],[-16.922501086598132,64.34136137551633]]],[[[-16.922501086598132,65.269066130031],[-16.922501086598132,66.1376212032252],[-16.910003659298525,66.12471008334433],[-16.736946108620486,66.1147155748913],[-16.658197403424992,66.12734985561724],[-16.508892058274796,66.19831847936064],[-16.44805908390333,66.22804260081762],[-16.436389922982755,66.23609924179652],[-16.42778015164174,66.2472076388371],[-16.417362214777597,66.27603149146432],[-16.425834656304175,66.28971862656124],[-16.50916671790361,66.39221191507568],[-16.578058244460635,66.47693634165046],[-16.565280911609136,66.49360656507486],[-16.555557251680455,66.50082397709491],[-16.527778625560984,66.50804138346041],[-16.469448087993612,66.5147094705685],[-16.17527961883269,66.53471374320122],[-16.025419237768233,66.5361022970722],[-15.956945417311033,66.51138305487785],[-15.894166947602116,66.48748779157012],[-15.764028787044971,66.42379509880847],[-15.764028787044971,65.269066130031],[-16.922501086598132,65.269066130031]]],[[[-15.764028787044971,65.269066130031],[-15.764028787044971,65.9025842135516],[-14.631463966060375,65.9025842135516],[-14.653057098751901,65.88304138239482],[-14.637222287527095,65.75721740555707],[-15.141500071214637,65.54047293672204],[-15.658187415747786,65.269066130031],[-15.764028787044971,65.269066130031]]],[[[-15.764028787044971,65.9025842135516],[-15.764028787044971,66.42379509880847],[-15.709723473444683,66.39721679433836],[-15.698333738860754,66.38333130086494],[-15.682917594994024,66.34568786824343],[-15.6872234362678,66.33248901253302],[-15.720556260907642,66.30776977599317],[-15.55888938910806,66.21638489017386],[-15.37430572398057,66.1452713030983],[-15.358057023415142,66.15582275301779],[-15.339584351124415,66.17735290368154],[-15.331111909597837,66.19831847936064],[-15.327777860389403,66.21472168232862],[-15.212501528021107,66.26416015540826],[-15.18479263726839,66.27599998209163],[-15.18479263726839,65.9025842135516],[-15.764028787044971,65.9025842135516]]],[[[-15.18479263726839,65.9025842135516],[-15.18479263726839,66.27599998209163],[-14.960279465945462,66.37193298281409],[-14.943611142418831,66.37887573520521],[-14.930278779307343,66.38276672588029],[-14.90666770904403,66.38693237052979],[-14.888889313688765,66.38916015901395],[-14.855834959782328,66.38970947261714],[-14.83666801621058,66.38861083975632],[-14.710835455906022,66.36721801890718],[-14.710835455906022,66.34776305987742],[-14.804445269053929,66.32611084078064],[-14.973472593690246,66.25291442855308],[-14.948612210576982,66.2333221453635],[-14.938889506251769,66.22096252426644],[-14.93597316879766,66.20499419998652],[-14.943195341871046,66.19221496723719],[-14.962778091645077,66.17776489312462],[-14.976945878265326,66.16970825214571],[-15.023056030102168,66.15554809338892],[-15.070835112095494,66.1436004617351],[-15.145556452404946,66.1370773323049],[-15.16166686755264,66.12777710078751],[-15.176250460375002,66.11367034838361],[-15.149444581924456,66.09637451010383],[-15.011390685940512,66.0499877930859],[-14.93388938804236,66.04222106746272],[-14.824445724927784,66.04693603702418],[-14.782777788575885,66.05970764191004],[-14.751667024454662,66.06527710181183],[-14.730555535494318,66.06610107504372],[-14.714723585425418,66.06359863258513],[-14.688334463125784,66.0561065665907],[-14.676944734196297,66.05166626231244],[-14.663057329515993,66.04360962133376],[-14.61889076180995,65.99443054084702],[-14.611112597218892,65.97444152959565],[-14.60555648749181,65.95346832039854],[-14.623889924415892,65.90943908816138],[-14.631463966060375,65.9025842135516],[-15.18479263726839,65.9025842135516]]]]}},{"type":"Feature","properties":{"fillColor":"#f7ba6b"},"geometry":{"type":"MultiPolygon","coordinates":[[[[18.14000844126617,57.41596794128418],[18.776413264569243,57.41596794128418],[18.713191986204134,57.244300842388945],[18.658054351670035,57.22083282482196],[18.551940917987256,57.18277740493231],[18.506526947006535,57.1673583983296],[18.447498321353333,57.15485763571415],[18.41722106919833,57.14416503901414],[18.393123626925153,57.13082885761509],[18.342914581349255,57.07548141501838],[18.3325386045133,57.01039504981736],[18.29874801627025,56.936103821019216],[18.210830688252255,56.9124984740673],[18.1688880922654,56.909996032738405],[18.144580840892917,56.91478729231167],[18.15833282495033,56.94166564918717],[18.20916366570696,56.98916625987511],[18.246719360231545,57.03299713153559],[18.254444122324653,57.07916259755652],[18.173332214391117,57.141937255936774],[18.148330688641874,57.23527526875258],[18.158054351676903,57.31582641615404],[18.1424980162076,57.409439086703024],[18.14000844126617,57.41596794128418]]],[[[18.11013603185633,57.504581451449056],[18.115274429395498,57.52527236943562],[18.138610839592054,57.55110931396846],[18.185302734576343,57.59223556524454],[18.219858169399572,57.608604430921055],[18.245693206939812,57.619159698236125],[18.276107787961404,57.63416290269882],[18.294719696284556,57.64582824704901],[18.338886260845218,57.68166351338676],[18.355831146104727,57.69583129906585],[18.3819427488891,57.718605041737725],[18.401664733729028,57.7386093138363],[18.419719696023666,57.760276794494956],[18.46652603129816,57.810272216986334],[18.68597030638464,57.91485595699041],[18.720554351798764,57.921939849829954],[18.88194274888223,57.919715881256145],[18.908330917429083,57.91791152932591],[19.005413055460984,57.90610885610913],[19.00388717628584,57.89888763440299],[19.033332824679146,57.82694244399432],[18.929443359570175,57.73971557636787],[18.848888397146812,57.721107483066625],[18.809165954711865,57.703605651778595],[18.79333114648748,57.659164428966406],[18.75971984872354,57.50804901142102],[18.768749236863467,57.46971893327984],[18.78833007833325,57.44832611087271],[18.776413264569243,57.41596794128418],[18.14000844126617,57.41596794128418],[18.11527633690645,57.480827331601525],[18.11013603185633,57.504581451449056]]]]}},{"type":"Feature","properties":{"fillColor":"#fadfa4"},"geometry":{"type":"MultiPolygon","coordinates":[[[[14.984998703039789,68.2630462643918],[14.997499466036626,68.30013275130916],[15.084165573256607,68.3641662600323],[15.243610382326148,68.47305297888721],[15.458332062169609,68.65693664530068],[15.449027061193698,68.7270736697565],[15.45722198490414,68.80609893789325],[15.632777213864417,68.94416046107469],[15.658609390404298,68.9522094726195],[15.68416595462526,68.95582580552488],[15.77652645111084,68.95997274294783],[15.77652645111084,68.33945102494337],[15.588888168021604,68.30499267603365],[15.426109313566196,68.33360290532113],[15.439443587909498,68.39416503889355],[15.441110610602433,68.41499328574348],[15.111387252970333,68.28138732922531],[15.101943969440365,68.27777099631993],[15.027221679789754,68.24943542494039],[15.014999389912091,68.24749755873985],[15.001110076530612,68.24638366707403],[14.986665725732724,68.24749755873985],[14.984998703039789,68.2630462643918]]],[[[15.77652645111084,68.33945102494337],[15.77652645111084,68.95997274294783],[15.869720458942886,68.9641571045892],[15.886943816899352,68.96360778796245],[15.898887634468721,68.96054077168382],[15.908756256072705,68.95669555691818],[15.956665039282043,68.7849884035238],[15.85416603087953,68.6436004637572],[15.846666335961498,68.6230468748152],[15.976387024077738,68.66583251940403],[16.09083175643891,68.73220825157806],[16.112636566000685,68.78208160422301],[16.096385955544832,68.79277038596136],[16.08860778831851,68.80249023459945],[16.087219237933866,68.81388854994239],[16.09944152862241,68.82470703102314],[16.11888885469928,68.83166503892598],[16.178886413232654,68.85165405282892],[16.2041664123455,68.8552703857343],[16.354721069723077,68.85720825193484],[16.43638610805337,68.84748840329675],[16.446109771902687,68.84388732880363],[16.4902763364537,68.81054687494495],[16.54444122276198,68.76416015586298],[16.56805419918189,68.69638061489206],[16.5640258786037,68.6487426760012],[16.55652618368567,68.63596343988519],[16.501144408793376,68.55245971706134],[16.364719390669453,68.55583190888332],[16.349441528525098,68.5555419925631],[16.23305511475216,68.5499877926463],[16.221942901329083,68.54721069349878],[16.133609771416168,68.5169372559187],[16.082775116093412,68.49749755864254],[16.072219848908684,68.48582458458075],[16.049999237273763,68.46304321311803],[15.956249237208896,68.37874603258399],[15.933053970062304,68.36943054200714],[15.911109924346384,68.3641662600323],[15.77652645111084,68.33945102494337]]]]}},{"type":"Feature","properties":{"fillColor":"#f28d44"},"geometry":{"type":"MultiPolygon","coordinates":[[[[23.52055358893193,35.294998169204085],[23.569164275507596,35.526664733492886],[23.58319091737509,35.57110595633422],[23.59388732929341,35.59221649134255],[23.608539581930224,35.60874557486304],[23.609996795209195,35.56749725319449],[23.615413666268694,35.523052216139675],[23.655485153531302,35.497982024775105],[23.71895599301513,35.50888442985802],[23.84853935236748,35.5229835503272],[24.040775298441172,35.52963256900941],[24.179025650349303,35.4523582462076],[24.2722892756754,35.36388397264067],[24.32708167996303,35.35138320986462],[24.357080458969907,35.35235595678843],[24.464721679380013,35.361938475944505],[24.49041557298289,35.365688323498404],[24.596456527168858,35.38298034656463],[24.623748779889137,35.39596939133359],[24.788887023766733,35.40888214043885],[24.910831451416016,35.40577819780171],[24.910831451416016,34.9316677422117],[24.821109771236053,34.937492370372325],[24.754304886165297,34.946243285594484],[24.762775421090154,35.01583099403982],[24.757635116114475,35.039855957030355],[24.742080688048794,35.07374572800528],[24.723052978513042,35.09055328329207],[24.39249801614302,35.188884734992165],[24.194440841107564,35.20027160643025],[23.82180404602832,35.24652481140482],[23.698331832892986,35.232357025123164],[23.681941986679906,35.224441528048416],[23.59423446687217,35.23221969634676],[23.52055358893193,35.294998169204085]]],[[[24.910831451416016,34.9316677422117],[24.910831451416016,35.40577819780171],[24.963333129247594,35.40444183336518],[25.045692443808313,35.37923049901073],[25.054372787535524,35.350273132740135],[25.400831222656727,35.31152725272458],[25.564441680336135,35.318603516014186],[25.734304428646716,35.299926758270665],[25.717498779042394,35.159164429175846],[25.728054046546557,35.14193725628434],[25.756664276662665,35.12638854953888],[25.78402709945361,35.11388778676283],[25.81235694927242,35.11152267388623],[25.866943358971167,35.1522216790249],[25.89611053404412,35.17694091859723],[26.030969620041812,35.224925994403584],[26.301109313900106,35.283050537171405],[26.290554046395943,35.13110351558963],[26.274997711223527,35.08749389668222],[26.239721298464566,35.03666305585758],[26.205554962830096,35.021659851428524],[26.135831832715095,34.99728775085923],[26.10041427554198,35.00378036542484],[25.987499237017545,35.033050537080086],[25.591386795477653,35.00777435255091],[25.335277557700334,34.984992981247785],[25.188053130596256,34.95221710161082],[25.016941070702323,34.930831909049694],[24.9280548093819,34.93054962164566],[24.910831451416016,34.9316677422117]]]]}},{"type":"Feature","properties":{"fillColor":"#f7ba6b"},"geometry":{"type":"MultiPolygon","coordinates":[[[[-24.538404464464627,65.50027465726316],[-24.367225646942018,65.60859680392662],[-24.321947096200574,65.63680267521625],[-24.309448239736813,65.6366577175384],[-24.2813143083385,65.63094201784337],[-24.17872429079017,65.61009979271267],[-24.17580130789693,65.6093304894141],[-24.172723768959525,65.60852050832881],[-24.168056489094397,65.60469055187029],[-24.123334885474016,65.59179687289691],[-24.050834655734185,65.56471252371291],[-24.038059234089346,65.56082153303787],[-23.939574101440073,65.53193805653756],[-23.89708170775307,65.5194759922494],[-23.89708170775307,65.4028450884706],[-23.90722275012547,65.40304565191349],[-23.962779996709855,65.40971374467586],[-23.9712614676587,65.4123212273483],[-23.97861290238211,65.41458129977855],[-23.982200736680763,65.42007100040681],[-23.993890760830993,65.43795776093714],[-23.99750137522051,65.44999694957033],[-24.01583480649009,65.4699859608217],[-24.183334353197722,65.49638366658826],[-24.251943228935588,65.49847179138257],[-24.26555633731405,65.49888610904671],[-24.320373233996165,65.49493766392133],[-24.40833664182736,65.48860168523811],[-24.458612443968093,65.4830474867178],[-24.508892057213245,65.48944091985146],[-24.536727502550853,65.49965905973265],[-24.538404464464627,65.50027465726316]]],[[[-24.13250160393601,65.78471374418434],[-24.12760102491632,65.79020519024925],[-24.12555694599257,65.79249572553437],[-24.122916374312894,65.79420775322897],[-24.105211257203244,65.80568695338137],[-24.023334500348035,65.7960968008537],[-23.89708170775307,65.76667139113562],[-23.89708170775307,65.54976225020384],[-23.912780759750262,65.55305480741475],[-24.01277923366945,65.5947113047987],[-24.058891296713057,65.62304687238486],[-24.069585798758226,65.6306839017115],[-24.08236312595532,65.64527129998389],[-24.122779843905207,65.74665832777407],[-24.12438990248131,65.75296083363351],[-24.13250160393601,65.78471374418434]]],[[[-23.89708170775307,65.4028450884706],[-23.89708170775307,65.5194759922494],[-23.892223356755267,65.51805114706616],[-23.8800891454897,65.51657998652452],[-23.876113891556503,65.51609802386524],[-23.845836639737428,65.51887512029816],[-23.80743217365279,65.5309600817665],[-23.80743217365295,65.53096008176652],[-23.807432173652785,65.53096008176658],[-23.89708170775307,65.54976225020384],[-23.89708170775307,65.76667139113562],[-23.704891206750972,65.72187805136329],[-23.63707351825763,65.69486999777718],[-23.57589975714952,65.68743980076705],[-23.558215123690957,65.68529181594039],[-23.25576161293469,65.50922092182236],[-23.255758951041514,65.50921957941546],[-23.375244142375095,65.49137878167107],[-23.61399280246496,65.44241384049357],[-23.71250152441944,65.42221069558734],[-23.715055348671655,65.4209707544945],[-23.722778320364682,65.41722107205163],[-23.74083709765995,65.4149932835673],[-23.87944793511042,65.40249633831036],[-23.89708170775307,65.4028450884706]]]]}},{"type":"Feature","properties":{"fillColor":"#f28d44"},"geometry":{"type":"MultiPolygon","coordinates":[[[[8.743193626346672,42.04936981176983],[8.681110382238272,42.106384277287006],[8.638887405571644,42.12027740496775],[8.608331680541914,42.13277435297949],[8.587221145909721,42.169715881183585],[8.570554732913388,42.22166442879146],[8.575832366571436,42.38360595723455],[8.665277481264127,42.51110839841376],[8.718194008116468,42.57055282611457],[9.117638588182933,42.72943878213897],[9.150832176340566,42.733329773139225],[9.253193854895157,42.71986007695599],[9.312567711241623,42.82929992715559],[9.34680366480254,43.00041198765921],[9.383333205922577,43.00860595674378],[9.42124938970041,43.010414123496844],[9.459582328646475,42.988048553590055],[9.4884014132429,42.807006836005385],[9.50027656582407,42.5986099241657],[9.520277023537702,42.572494506810216],[9.532776832231372,42.54555129963926],[9.562221527062853,42.272773743013296],[9.559999465823491,42.19221496587581],[9.552568435721046,42.11833190946762],[9.448055267281434,41.999443054066006],[9.425554275186963,41.97499847387365],[9.408331870873093,41.944580078433845],[9.396928787282294,41.869354247933686],[9.400554656956759,41.84555053719431],[9.404304504405465,41.823745727532106],[9.39888763459811,41.69888305688304],[9.37791538199267,41.65207672158839],[9.251110076525412,41.42121124264947],[9.219652175521393,41.367286681948464],[9.182567596363508,41.3649253845598],[8.790414810250182,41.557842254725635],[8.785554885882917,41.613327026631225],[8.806978226054069,41.63388442978495],[8.796943664378338,41.71027374278071],[8.712222099428402,41.91166305517259],[8.668609619422048,41.9083328244169],[8.627222061336987,41.90666198725377],[8.590970993358427,41.9635353092194],[8.659442901323125,42.00833129902345],[8.743193626346672,42.04936981176983]]]]}},{"type":"Feature","properties":{"fillColor":"#f7ba6b"},"geometry":{"type":"MultiPolygon","coordinates":[[[[-9.490834234385261,38.79388428734785],[-9.46250056408229,38.83958054599441],[-9.444514280054534,38.863052371002084],[-9.430674762959017,38.89677948127665],[-9.421945555557556,38.918052690349384],[-9.412639636545748,38.94943999175564],[-9.41325469808689,38.95494886214527],[-8.937866196109326,38.95494886214527],[-8.937866196109326,38.81331115408106],[-8.955848711572173,38.84085844463766],[-8.979549418571366,38.8501319980636],[-8.988679889381373,38.89677948127665],[-8.989445699810744,38.90069199903087],[-8.994306577235477,38.940620408261054],[-9.03064536883937,38.89677948127665],[-9.065279003599187,38.85499574038454],[-9.079028144601693,38.83055112819784],[-9.08916759359954,38.80499648481032],[-9.092778214760074,38.7714500581215],[-9.095278727289212,38.74735639574112],[-9.118473044495943,38.7172203184698],[-9.212501537459104,38.69082641530309],[-9.322223661768305,38.676666277814945],[-9.429723749219079,38.69194031798571],[-9.476042735679641,38.70527265528068],[-9.490834234385261,38.79388428734785]]],[[[-9.274236686179506,38.66874313588232],[-9.21527862863303,38.67832946630551],[-9.15972329368492,38.677913669182715],[-9.074445742847672,38.63110350785354],[-9.028057108433359,38.699996948603484],[-9.015556326669582,38.72943879179604],[-8.948195450621597,38.76284410298064],[-8.937866196109326,38.76395074657082],[-8.937866196109326,38.498081421496565],[-8.99277877445519,38.463607805789536],[-9.062778491070162,38.43721769667485],[-9.083612443381867,38.43305205991419],[-9.183889391485877,38.41971588985291],[-9.200279231366267,38.45166014260042],[-9.183751102163683,38.47805021300087],[-9.178889256868615,38.50916291021747],[-9.183889391485877,38.53694152620483],[-9.205417616591262,38.59541320951939],[-9.220140473928097,38.61944198586798],[-9.239861491427405,38.640968313947326],[-9.274236686179506,38.66874313588232]]],[[[-8.937866196109326,38.498081421496565],[-8.937866196109326,38.76395074657082],[-8.91974641016725,38.765892043006545],[-8.919723529711405,38.770271308121494],[-8.929445284560927,38.800411218159724],[-8.937866196109326,38.81331115408106],[-8.937866196109326,38.95494886214527],[-8.38489815783339,38.95494886214527],[-8.38489815783339,38.117777698567316],[-8.821176455892271,37.96236827267546],[-8.839446074776845,38.01471710357828],[-8.80680658136481,38.08902357245705],[-8.796112078051635,38.11833192696446],[-8.789445890046863,38.13944245792118],[-8.779167183855975,38.18054961715029],[-8.775821681754906,38.211761463010816],[-8.777222616083463,38.256381991783485],[-8.779724135197512,38.3011092960175],[-8.786390323202,38.32888795071949],[-8.673334117662932,38.41388702588597],[-8.768890374691125,38.51721954083507],[-8.898612030884806,38.517772659410014],[-8.918889999724968,38.50999450446301],[-8.937866196109326,38.498081421496565]]],[[[-9.42625044951103,39.01152419325632],[-9.41916846438346,39.0786056644784],[-9.396667490814366,39.11777495359797],[-9.364723199351772,39.16305162106988],[-9.33972264240873,39.22485734689997],[-9.337362277513307,39.26332856917446],[-9.338344588537268,39.29297637518772],[-9.359583846256157,39.356662750629255],[-9.293334975865037,39.39138792731791],[-9.227222459055668,39.43527221643643],[-9.144166945076222,39.52638246400687],[-9.085556043284328,39.61499785141177],[-8.93926421272679,39.94752945161508],[-8.38489815783339,39.94752945161508],[-8.38489815783339,38.95494886214527],[-9.41325469808689,38.95494886214527],[-9.417361256777667,38.991729733751924],[-9.42625044951103,39.01152419325632]]],[[[-8.38489815783339,38.117777698567316],[-8.38489815783339,39.94752945161508],[-7.278962081281522,39.94752945161508],[-7.278962081281522,39.05359199307758],[-7.493482010433922,38.66933667225686],[-7.808382392699912,38.38590572025771],[-8.01043709193435,38.288245035750165],[-8.302112294281415,38.14726736968737],[-8.38489815783339,38.117777698567316]]],[[[-8.93926421272679,39.94752945161508],[-8.931945797089838,39.96416472409362],[-8.896362312932865,40.04540253875132],[-8.890973094416097,40.054996495993635],[-8.885521073908256,40.068789896020604],[-8.874723440884338,40.09610748799025],[-8.86236284546851,40.1394386198192],[-8.840278636892549,40.336387624660176],[-8.7858657761617,40.52070619181967],[-8.72968101573656,40.63571548239105],[-8.678335181436069,40.77583311195281],[-8.668056475245066,40.90388488199244],[-8.645544042090705,41.018577562799464],[-8.657222753453766,41.04193877957812],[-8.72944450692637,41.23666381182028],[-8.789722429976905,41.421386716516906],[-8.778841011531597,41.46757507918818],[-8.781112680784474,41.48444366648175],[-8.799722660497025,41.56666565047499],[-8.815088261207507,41.61724090507971],[-8.873056419626607,41.724300379210774],[-8.880834574573726,41.75166319807522],[-8.879723536786912,41.8413849000587],[-8.862361916313375,41.864025130820835],[-8.813611987847594,41.90249635309539],[-8.77218584894109,41.9326906305547],[-7.278962081281522,41.9326906305547],[-7.278962081281522,39.94752945161508],[-8.93926421272679,39.94752945161508]]],[[[-7.278962081281522,39.05359199307758],[-7.278962081281522,41.9326906305547],[-6.407253064297702,41.9326906305547],[-6.530039949483436,41.80855948264436],[-6.586552765419924,41.75142796812446],[-6.846481285290565,41.36127220289018],[-6.82163379416204,40.77650285361392],[-6.875643083034845,40.1174301816925],[-6.886060602357338,40.068789896020604],[-6.946059157602349,39.7886515275016],[-7.07909022711334,39.37067900735468],[-7.276906568020763,39.057273897647406],[-7.278962081281522,39.05359199307758]]],[[[-8.888110314948404,41.9326906305547],[-8.79184013728153,41.9326906305547],[-8.792271607029647,41.932441721183864],[-8.812179578374582,41.917694086364236],[-8.875140205877415,41.879508966579465],[-8.888110314948404,41.9326906305547]]],[[[-9.293334975865378,42.922492998058715],[-9.259166711802948,43.0472183136863],[-9.208195675635466,43.155132301233834],[-9.169723524205097,43.18582916261374],[-8.950279236872063,43.293609622760926],[-8.876390462141842,43.31971742343802],[-8.824445709639349,43.32721710271437],[-8.657501229124705,43.30332948058407],[-8.329723363069661,43.40388490435964],[-8.265556343188337,43.55277252373662],[-8.006668085117155,43.7038879484798],[-7.898056030724206,43.76416014173725],[-7.858264439653567,43.764301295955704],[-7.51666735877933,43.73444365564035],[-7.463611607204371,43.7263870250228],[-7.363611702322203,43.67416383556423],[-7.333472721439648,43.63860702591529],[-7.295972815181642,43.59610748833188],[-7.278962081281522,43.584249609185804],[-7.278962081281522,41.9326906305547],[-8.77218584894109,41.9326906305547],[-8.745008482353954,41.952499402721415],[-8.773101811079187,41.943500530914946],[-8.79184013728153,41.9326906305547],[-8.888110314948404,41.9326906305547],[-8.888334292564025,41.933609011597355],[-8.897500993097935,42.110553722632346],[-8.810834896673953,42.18694304860696],[-8.794112186806956,42.25338363476601],[-8.840833652493359,42.391387938672494],[-8.835628888738702,42.41281072550851],[-8.80972289101669,42.5194397087119],[-8.719722752077587,42.67527772155728],[-8.720497125824465,42.698490157297954],[-8.85138893732892,42.661109918535715],[-8.920834528783189,42.62680053896986],[-8.937431338068734,42.6003417884865],[-8.995555865629626,42.532493609050675],[-9.029375076911094,42.524162296814154],[-9.061389906768113,42.57943725906574],[-9.086668010226276,42.74027250291704],[-9.14389036643189,42.89332579776976],[-9.162778860529215,42.925827040573495],[-9.188195214595169,42.95124815656135],[-9.263890267775935,42.913745888699395],[-9.293334975865378,42.922492998058715]]],[[[-7.278962081281522,41.9326906305547],[-7.278962081281522,43.584249609185804],[-7.247361679330879,43.56222153270784],[-7.204722884555281,43.56485746966308],[-7.038472638119174,43.55027390823335],[-7.04481888688548,43.490402219746386],[-7.019166953164927,43.539718623397675],[-6.999444967795853,43.560829154354394],[-6.943333610661227,43.57777404854937],[-6.7666673752978,43.56777192100401],[-6.600833893854769,43.5583267060839],[-6.530039949483436,43.556350647457435],[-6.481389046825655,43.55499266356861],[-6.342778197898781,43.556938160497],[-6.101806150039181,43.56180190281856],[-6.075834277079707,43.56582642407494],[-5.944723146143815,43.59388730978475],[-5.883334146592176,43.623329152977306],[-5.854166985018651,43.64804840806795],[-5.778611189030528,43.6172180192886],[-5.753611561243531,43.590412151765406],[-5.733333592403199,43.57638550296298],[-5.677500246362001,43.5448570086229],[-5.645833965992381,43.54499436878967],[-5.610000616413345,43.55027770228514],[-5.548889163376657,43.55221557239469],[-5.45972251570862,43.55388642641947],[-5.398056047071748,43.552497880832334],[-5.279861456307287,43.52943802018109],[-5.259166722473765,43.51832582271862],[-5.234444602487315,43.495552064556875],[-5.202569958978529,43.478397374774204],[-5.067089928177783,43.470608729501045],[-5.067089928177783,42.344271726727946],[-5.352478041314835,42.41281072550851],[-5.412744334342278,42.427284318465524],[-5.479071021302326,42.41281072550851],[-5.894751994874127,42.32210218137334],[-6.033087621825246,42.24698312854497],[-6.348935009275294,41.99164714779903],[-6.407253064297702,41.9326906305547],[-7.278962081281522,41.9326906305547]]],[[[-3.43989705895142,41.9326906305547],[-0.643345621970305,41.9326906305547],[-0.643345621970305,41.27282079465503],[-1.442067099366398,41.36127220289018],[-2.804269837577522,41.7664389122653],[-3.43989705895142,41.9326906305547]]],[[[-5.067089928177783,42.344271726727946],[-5.067089928177783,43.470608729501045],[-5.056389821535788,43.46999358840219],[-4.980000495561853,43.46110536353939],[-4.881944655159771,43.44860841454198],[-4.753750801745866,43.425689708109076],[-4.733333575712891,43.41916657134942],[-4.647083740989501,43.40763474399773],[-4.59472276550099,43.403053271399244],[-4.514552124743091,43.396347052275075],[-4.315555570718516,43.39054869558356],[-4.273056033134935,43.39054869558356],[-4.218333724880665,43.39694213771003],[-4.12194537031445,43.416381853356484],[-4.051389708943645,43.44249724213796],[-3.944722648186712,43.4677734485702],[-3.81027793931338,43.4924926649457],[-3.585556048277567,43.51027678020523],[-3.569245664581612,43.50875158192124],[-3.549861413884287,43.50693894363809],[-3.224722388395264,43.39694213771003],[-3.150592807510009,43.353561412202225],[-3.022222530680381,43.35749816697137],[-3.002500042018085,43.38333128602966],[-2.934583647076408,43.43569183565518],[-2.856389049237301,43.432777423029314],[-2.855217775074044,43.43271712716052],[-2.855217775074044,41.9326906305547],[-3.43989705895142,41.9326906305547],[-3.569245664581612,41.96652245402173],[-4.411790208019681,42.186894510742604],[-5.067089928177783,42.344271726727946]]],[[[-2.855217775074044,41.9326906305547],[-2.855217775074044,43.43271712716052],[-2.807777874671501,43.43027497475936],[-2.735555656621102,43.42638398090264],[-2.565278062747154,43.39027405267922],[-2.51055598678164,43.37763594946318],[-2.487638945085735,43.35888291850591],[-2.458472480378703,43.33791350305387],[-2.350972431642901,43.30513761734602],[-2.295555579591678,43.2961044442124],[-2.163333643157671,43.291107174491174],[-2.121944911071807,43.296661395553826],[-1.97472237721189,43.33249664215805],[-1.839166862840102,43.38055419485573],[-1.786041734316086,43.39041137413142],[-1.780876635867969,43.359924308339316],[-1.730000025135553,43.37888337954632],[-1.666944507619064,43.38527678295799],[-1.590138919944025,43.43763349981708],[-1.530000099227664,43.512496958752365],[-1.486666683224257,43.570549012177366],[-1.443888902259573,43.64054869007714],[-1.442500124383457,43.66555021489012],[-1.440277816521018,43.69138337266338],[-1.424722435783565,43.78472138688534],[-1.386150854018958,43.91785180949432],[-0.643345621970305,43.91785180949432],[-0.643345621970305,41.9326906305547],[-2.855217775074044,41.9326906305547]]],[[[-1.386150854018958,43.91785180949432],[-1.344444516270755,44.0618018918056],[-1.328958512482302,44.091037733463054],[-1.305000080954187,44.195548998412164],[-1.264166829047269,44.393325803447055],[-1.258611214251289,44.45221711665101],[-1.231816767599298,44.52802277806114],[-1.222266906532298,44.55672454883313],[-1.2071667733141,44.59735869044175],[-1.151389021748571,44.657081597891306],[-1.126111266724308,44.65110778565406],[-1.09000013834185,44.653743761324165],[-1.040625081744224,44.674926766415865],[-1.059861196173813,44.71083069310362],[-1.124313589107265,44.75683155499641],[-1.127777823404188,44.759304042924384],[-1.170138955520827,44.77388381030215],[-1.190149749715631,44.75683155499641],[-1.221444603842542,44.730163555858894],[-1.231027837080944,44.71153642548296],[-1.247164308272546,44.75683155499641],[-1.247500178233281,44.757774343118456],[-1.207222212930446,45.01332855867469],[-1.168333528796268,45.20861054225884],[-1.151944618071468,45.37138365621985],[-1.152222396875857,45.39221954427279],[-1.148611311137984,45.42749787825028],[-1.140000090782166,45.493885037963594],[-1.089444503303696,45.558605176419746],[-1.064097293899579,45.56916046125542],[-1.054166672618805,45.55055237856914],[-0.942083370402997,45.46179963099729],[-0.918888937051179,45.450138109012585],[-0.801319474419188,45.360897051467816],[-0.771111116587122,45.32193755793537],[-0.750305580950567,45.26805114127126],[-0.735397279644644,45.22053528627737],[-0.733172223030408,45.20018387543087],[-0.723638970620527,45.16371916463493],[-0.702916749267615,45.10499571887249],[-0.643345621970305,45.028470116390714],[-0.643345621970305,43.91785180949432],[-1.386150854018958,43.91785180949432]]],[[[-1.238858218314419,45.70621489715347],[-1.229027868406092,45.78791426984657],[-1.148055792245032,45.86777495978845],[-1.072968388709273,45.90301298843394],[-0.643345621970305,45.90301298843394],[-0.643345621970305,45.081549712836114],[-0.651666772850604,45.09207917870049],[-0.670694524141368,45.13110731360155],[-0.706038595877033,45.32205199893127],[-0.717777857211843,45.35721589191337],[-0.747777813190908,45.423191087270766],[-0.781527879811449,45.466522219099716],[-0.80361115923165,45.48722074698537],[-0.86250007211703,45.528884896271165],[-1.00027801049481,45.61444092277901],[-1.085694547521427,45.65749357893719],[-1.165833480844412,45.68749237347117],[-1.238858218314419,45.70621489715347]]],[[[-3.978973979112485,47.88817416737356],[-2.855217775074044,47.88817416737356],[-2.855217775074044,47.61071053405176],[-2.892050272744427,47.604442583949776],[-2.913950198796442,47.59323882594788],[-3.093472232554745,47.585968028663274],[-3.125069600552479,47.59540941081616],[-3.15375019432031,47.6118011477223],[-3.216944698026339,47.650550845667226],[-3.508889214502403,47.75860594871881],[-3.569245664581612,47.76775440421924],[-3.633265980643444,47.7774582057491],[-3.792778029516455,47.79388428269647],[-3.840972439088489,47.803192137449],[-3.886458631144535,47.83263777469392],[-3.904444682884218,47.852775557186305],[-3.978973979112485,47.88817416737356]]],[[[-4.35836764133384,47.88817416737356],[-3.994709545187827,47.88817416737356],[-4.101388925803235,47.87499236400686],[-4.155486570502944,47.837009412990085],[-4.344306006014108,47.845760355115885],[-4.35000037470968,47.871940629928645],[-4.35836764133384,47.88817416737356]]],[[[-4.790278424118412,48.423748011252144],[-4.776667107860192,48.51110458641807],[-4.750972742701549,48.53944015374611],[-4.728889463281519,48.55888366344493],[-4.699722766285163,48.57083128791942],[-4.539306145738351,48.6358299407608],[-4.354166979341073,48.67416380286852],[-3.99361133055254,48.7227706800893],[-3.810555950406354,48.72610472260459],[-3.722917066802381,48.71152495522671],[-3.57215286286953,48.76568984756176],[-3.578750138501846,48.78596878427277],[-3.569245664581612,48.794971080699455],[-3.536666862618745,48.825828552134226],[-3.512500300240561,48.83721922526712],[-3.226111398559567,48.86957931385223],[-3.12444447242035,48.86499787996917],[-3.060833436010341,48.82638550347548],[-2.879167066028685,48.678886429685576],[-2.855217775074044,48.65582866845971],[-2.855217775074044,47.88817416737356],[-3.978973979112485,47.88817416737356],[-3.982222554445343,47.8897171183699],[-3.994709545187827,47.88817416737356],[-4.35836764133384,47.88817416737356],[-4.363889702060817,47.89888765167029],[-4.392222404493054,47.93444062855207],[-4.419445037009098,47.96083069895252],[-4.443472845487236,47.97666169046471],[-4.490345957107536,48.002918233464754],[-4.534512051371337,48.01951217785398],[-4.591111176470463,48.01693725544891],[-4.691805857437998,48.03069305539958],[-4.722238064336636,48.03917694272559],[-4.705903044635932,48.06805037499112],[-4.353889471540867,48.112911206625654],[-4.192153450067792,48.299369812663315],[-4.300000189980153,48.320549023702654],[-4.440463078269943,48.34619902168248],[-4.605278011621692,48.344718915555745],[-4.711389553485162,48.334716788009814],[-4.760625352889974,48.33499526368041],[-4.782153113417394,48.36451341377551],[-4.790278424118412,48.423748011252144]]],[[[-2.861757052034932,47.54645921060808],[-2.855217775074044,47.54626445459374],[-2.855217775074044,47.53569775448],[-2.861757052034932,47.54645921060808]]],[[[-2.855217775074044,47.53569775448],[-2.855217775074044,47.54626445459374],[-2.855217775074044,47.54626445459374],[-2.855217775074044,47.53569775448],[-2.855217775074044,47.53569775448]]],[[[-2.855217775074044,47.61071053405176],[-2.855217775074044,47.88817416737356],[-2.855217775074044,47.88817416737356],[-2.855217775074044,47.61071053405176],[-2.855217775074044,47.61071053405176]]],[[[-2.855217775074044,47.53569775448],[-2.855217775074044,47.54626445459374],[-2.81077815675917,47.54494093167318],[-2.739375105498482,47.54471971521485],[-2.686111455362379,47.59569168053861],[-2.680833580655872,47.615135190237595],[-2.700278058225187,47.63707731543908],[-2.855217775074044,47.61071053405176],[-2.855217775074044,47.88817416737356],[-1.749281698522174,47.88817416737356],[-1.749281698522174,47.21603329371186],[-1.890416723112367,47.28874586976957],[-1.921389117836668,47.29777528756597],[-2.012778034652513,47.31985473421969],[-2.034166808990278,47.32027436410897],[-2.088848522130699,47.30881553529037],[-2.140750168315037,47.297939283525864],[-2.177766797527397,47.28012086693974],[-2.281250222829215,47.24027251994892],[-2.433611374202201,47.2624969535878],[-2.480278019709488,47.277221669236155],[-2.539652842249779,47.298053724522106],[-2.527500145395322,47.38610840524791],[-2.473194602134583,47.41527556682206],[-2.444027905138341,47.40610886628809],[-2.40847252793742,47.4152717727697],[-2.459596642487952,47.45298766898634],[-2.367083563563313,47.501525866123416],[-2.388333816289673,47.51027680824939],[-2.509444716705843,47.529159533839845],[-2.580833443485233,47.537773115798814],[-2.663611410948477,47.51277159098555],[-2.793056023919974,47.48888396885559],[-2.831875331104186,47.49728392246061],[-2.855217775074044,47.53569775448]]],[[[-2.170833593437578,47.126663195834965],[-2.138463981007305,47.22506332709412],[-2.12338901241975,47.24960708792457],[-2.088848522130699,47.265890329019484],[-2.04361152061756,47.28721616996398],[-1.998888978304876,47.282218938957385],[-1.938333508739845,47.27416230833961],[-1.919027939930061,47.268051135935764],[-1.897500140688294,47.251522077578215],[-1.80250002199017,47.21193695262036],[-1.773055778479318,47.208053585582434],[-1.749281698522174,47.20844203363175],[-1.749281698522174,46.47625623197261],[-1.786389122359139,46.48832703953923],[-1.824722287599741,46.57499693001523],[-1.86055563717872,46.63777161025769],[-1.916805632068133,46.69110486963274],[-2.007222652145401,46.761665331640415],[-2.033333782296722,46.77638245918439],[-2.058888928977183,46.786941538071915],[-2.082777983555616,46.79860685410915],[-2.088848522130699,46.8021420317701],[-2.1047222767873,46.81138611154381],[-2.125417010620481,46.830970775461424],[-2.133333687179061,46.84971617959968],[-2.128194566372372,46.8995094336388],[-2.088848522130699,46.94054912835732],[-2.087778079458189,46.94166564823473],[-2.034722327883685,46.981666570314644],[-1.985871779611614,47.036930072980226],[-2.004305839200754,47.06319044874732],[-2.024167043048408,47.079162594478646],[-2.061765393233479,47.10085238448431],[-2.06388902487987,47.102077468144444],[-2.088848522130699,47.11011440120479],[-2.112639185633839,47.11777497097165],[-2.170833593437578,47.126663195834965]]],[[[-1.749281698522174,46.47625623197261],[-1.749281698522174,47.20844203363175],[-1.735000004894005,47.20867538424051],[-1.749281698522174,47.21603329371186],[-1.749281698522174,47.88817416737356],[-0.643345621970305,47.88817416737356],[-0.643345621970305,45.90301298843394],[-1.072968388709273,45.90301298843394],[-1.070972309621197,45.903949735328524],[-1.0533335297809,46.01221467268215],[-1.052430622843872,46.03860474308186],[-1.120000133035091,46.1258315848998],[-1.148611311137984,46.15332793116403],[-1.105833530172902,46.258605943041516],[-1.114634530555691,46.31658172827895],[-1.168958424639186,46.32638548110879],[-1.206319576997885,46.31472016507138],[-1.217777846199169,46.297634116657264],[-1.265833385727092,46.30499268042962],[-1.469722253607074,46.392776473588924],[-1.654296880558661,46.44535827838723],[-1.749281698522174,46.47625623197261]]],[[[-2.855217775074044,47.88817416737356],[-2.855217775074044,48.65582866845971],[-2.855217775074044,48.65582866845971],[-2.855217775074044,47.88817416737356],[-2.855217775074044,47.88817416737356]]],[[[-2.855217775074044,47.88817416737356],[-2.855217775074044,48.65582866845971],[-2.811944479303122,48.61416625251462],[-2.685277925376226,48.501663204265185],[-2.465903053708587,48.630687722768926],[-2.41833353998021,48.65361022325385],[-2.307222366791279,48.67610929979685],[-2.284444814577398,48.672218305940135],[-2.12833355256123,48.63861082598669],[-2.088848522130699,48.63510577922911],[-1.812222241417373,48.61054994027688],[-1.787222381341394,48.61054994027688],[-1.749281698522174,48.61087783645288],[-1.749281698522174,47.88817416737356],[-2.855217775074044,47.88817416737356]]],[[[-1.944861175133155,49.67694091073196],[-1.942083464522625,49.72159194677937],[-1.922013897535919,49.726455689100305],[-1.844722284062016,49.71388243320092],[-1.749281698522174,49.68910331534066],[-1.749281698522174,49.43207652884156],[-1.755619859202757,49.444873213972215],[-1.856527786447089,49.6486053434034],[-1.892083395936822,49.66471864335409],[-1.913055676285524,49.66777037743162],[-1.944861175133155,49.67694091073196]]],[[[-1.749281698522174,47.88817416737356],[-1.749281698522174,48.61087783645288],[-1.722777853659636,48.611106891618306],[-1.641111272415628,48.61652375251413],[-1.615139012309555,48.62416075324245],[-1.588626370801478,48.639678967756936],[-1.52111125492695,48.636383059335174],[-1.465000168797076,48.63721465358077],[-1.368889089742481,48.64360809570792],[-1.44972229585926,48.675552387170114],[-1.494305619693591,48.68749617887812],[-1.56256948010747,48.74895478766837],[-1.578611118933111,48.83777617660854],[-1.5975000776088,49.04027556974586],[-1.60972238370249,49.2149963468965],[-1.681111342770521,49.294441239715695],[-1.749281698522174,49.43207652884156],[-1.749281698522174,49.68910331534066],[-1.715277903379729,49.680274953247476],[-1.665208341699781,49.66096876500063],[-1.620555640915995,49.655273428434725],[-1.528017861938793,49.657508860618975],[-1.501111258464903,49.66444396173512],[-1.475486154112502,49.684787745762776],[-1.410833340721695,49.70499420833812],[-1.37652791006667,49.706802383814534],[-1.322778001843485,49.70082857157703],[-1.288611170229387,49.6944427562691],[-1.264166829047156,49.68416594710436],[-1.238611217788957,49.65583037977615],[-1.228958491455785,49.6188125504047],[-1.259166733144866,49.59832765087373],[-1.298541791510957,49.577426915504816],[-1.304027913211883,49.55554963761921],[-1.291180595131209,49.5273551857951],[-1.260416873264887,49.4922180060359],[-1.244722351477833,49.47527315055504],[-1.209522479980228,49.444873213972215],[-1.16527796195129,49.40666197952754],[-1.109583485955341,49.369438187336186],[-0.859722245361866,49.366802211666084],[-0.643345621970305,49.34695645085488],[-0.643345621970305,47.88817416737356],[-1.749281698522174,47.88817416737356]]],[[[-0.643345621970305,41.27282079465503],[-0.643345621970305,45.028470116390714],[-0.608451379679787,44.98364466091294],[-0.539930587674348,44.89562223916869],[-0.540416729617675,44.98693848827497],[-0.554166683631536,45.02333068622136],[-0.608451379679787,45.05390454850252],[-0.612361130149395,45.05610657192926],[-0.638055611451648,45.07485580883417],[-0.643345621970305,45.081549712836114],[-0.643345621970305,45.90301298843394],[8.204142990444652,45.90301298843394],[8.204142990444652,45.19783506190255],[7.990241260141033,44.96212158357929],[7.752520388638914,44.76095873577469],[7.576200535540863,44.50959831332324],[7.500733510465693,44.05740995145766],[7.426310872880435,43.93186140895074],[7.26899513433375,43.78625738137606],[6.961875823805258,43.68586100021798],[6.822016903261272,43.615593334707796],[6.68802544786746,43.57544400574875],[6.471565554410802,43.5152249510632],[6.142311948113445,43.56038868651814],[5.946342162160477,43.66076447898939],[5.611870951471587,43.90173359370209],[5.303148737178844,44.218149712612046],[4.984833010262548,44.51965074473088],[4.659957641271092,44.76095873577469],[4.311353019188402,44.942002316294236],[3.667726719763778,45.032624927657366],[3.449209952752142,44.836387038105215],[3.228216062481408,44.47441610576317],[2.986637534255067,44.218149712612046],[2.439897542304209,43.946925873161206],[2.352342905222038,43.93486911592542],[1.674180565472568,43.841482415125824],[0.974765703041726,43.66076447898939],[0.119449574918804,43.510206963975634],[-0.026797005814615,43.31453755024597],[0.156120911559356,43.058756489817256],[0.445659465987319,42.607638549539104],[0.54927784938309,42.41281072550851],[0.709373421887221,42.111792016224285],[0.732846950843225,41.7664389122653],[0.610332524312696,41.34627116170071],[0.326384440183858,41.24127413106669],[-0.493914512390461,41.256272608021106],[-0.643345621970305,41.27282079465503]]],[[[-0.643345621970305,45.90301298843394],[-0.643345621970305,49.34695645085488],[-0.643345621970305,49.34695645085488],[-0.643345621970305,45.90301298843394],[-0.643345621970305,45.90301298843394]]],[[[-0.643345621970305,45.90301298843394],[-0.643345621970305,49.34695645085488],[-0.621944556961409,49.34499357514949],[-0.608451379679787,49.34322619023396],[-0.29430556095059,49.30207824044351],[-0.228333346634486,49.283607479209365],[-0.098750018477233,49.3001365762816],[-0.073333315979198,49.30554960441094],[-0.039444456743752,49.31472013771133],[1.7287391e-8,49.32877349973745],[0.070694432558639,49.35541533258481],[0.092083323041379,49.37152479976851],[0.113611122283316,49.391387939356605],[0.140555550132547,49.405967706733975],[0.169444468324627,49.41416169751852],[0.23527777388091,49.427215559142724],[0.270277787048258,49.4302749587539],[0.295240558330875,49.43145750280502],[0.376666643138265,49.44082641082241],[0.394617133054717,49.444873213972215],[0.424722182665676,49.45166017132868],[0.465763836426333,49.468814861111866],[0.488194387745807,49.486248026565306],[0.441388833479095,49.47166442642077],[0.379861041312665,49.45666123510176],[0.353611041116551,49.4541625808838],[0.315833317339241,49.45318983241964],[0.256111068040752,49.45722198049549],[0.160833325398755,49.46888733524685],[0.113194434719389,49.48777389360424],[0.075833321075834,49.52256775037603],[0.169722208413646,49.688888535206445],[0.18597221037794,49.704025253925806],[0.211111095358774,49.718883496974],[0.585833308295207,49.85277559056544],[0.640277760315541,49.86610413380788],[0.683299902659084,49.87333534631318],[3.780398684237174,49.87333534631318],[3.780398684237174,45.90301298843394],[-0.643345621970305,45.90301298843394]]],[[[0.683299902659084,49.87333534631318],[0.689027727495954,49.8742980858778],[0.713333237348877,49.875549310012616],[1.071110981952359,49.926662429555506],[1.210972087144171,49.97291184549164],[1.232499847671818,49.98166658166923],[1.37242986523529,50.06578063614478],[1.401666519903756,50.078884130162635],[1.438749893457896,50.10083008813086],[1.46111106782746,50.12416075891923],[1.505555405472649,50.20194242453249],[1.534444323664331,50.29041290238172],[1.554374943175731,50.3600616304754],[1.568526531133434,50.363975908204814],[1.568526531133434,49.87333534631318],[0.683299902659084,49.87333534631318]]],[[[1.55979157178308,50.401870728031554],[1.568526531133434,50.46510455907125],[1.568526531133434,50.39531225719022],[1.55979157178308,50.401870728031554]]],[[[1.564166539553867,50.68471528831685],[1.564444318357573,50.70582581927346],[1.568526531133434,50.71817287556066],[1.568526531133434,50.63239697963815],[1.564166539553867,50.68471528831685]]],[[[1.568526531133434,49.87333534631318],[1.568526531133434,50.363975908204814],[1.591805356340046,50.37041474654194],[1.603850851869822,50.36878969214473],[1.568526531133434,50.39531225719022],[1.568526531133434,50.46510455907125],[1.577222104629868,50.52805326932992],[1.568526531133434,50.63239697963815],[1.568526531133434,50.71817287556066],[1.598610878966952,50.809165961041344],[1.624999749208598,50.87777709335364],[1.739583138090666,50.945274361697784],[1.768888705131076,50.955825813767035],[1.792777759709679,50.96277616852012],[1.943333135925286,50.995277411324366],[2.235277652402033,51.038055424578374],[2.352342905222038,51.053506118454074],[2.359444158377187,51.05444336743267],[2.384721758542241,51.05194091916292],[2.415138479514553,51.056522353046034],[2.492221845993697,51.07611084972996],[2.516666419464684,51.08277130794244],[2.541666511830044,51.09111024699729],[2.555555335888187,51.09402465962336],[2.863055233102557,51.213333114355635],[2.955277447615003,51.24971772419781],[3.019999986389678,51.27638243750164],[3.104027513251367,51.31485749254318],[3.13166667847139,51.32416534729572],[3.179721830851065,51.33610534495136],[3.370865820052472,51.37385558120923],[3.406666262038129,51.38555144323601],[3.528888471244045,51.41166303796564],[3.550277710160231,51.409721373803734],[3.639721865628758,51.3816604493793],[3.734374751143264,51.35076141923071],[3.764166343982538,51.345275878251755],[3.780398684237174,51.344355227914214],[3.780398684237174,49.87333534631318],[1.568526531133434,49.87333534631318]]],[[[3.780398684237174,45.90301298843394],[3.780398684237174,51.344355227914214],[3.780398684237174,51.344355227914214],[3.780398684237174,45.90301298843394],[3.780398684237174,45.90301298843394]]],[[[3.444235816250171,51.52936935747164],[3.457430135226389,51.548885341305265],[3.485555171386125,51.563331619997655],[3.517360941236689,51.5772171145822],[3.571180110266482,51.596664418332296],[3.780398684237174,51.604596468398825],[3.780398684237174,51.39976746177716],[3.573055262374567,51.44444275643997],[3.538471936771145,51.45624543264398],[3.444235816250171,51.52936935747164]]],[[[3.68895793603707,51.71013642099416],[3.716180336263914,51.73395540175591],[3.780398684237174,51.746303906756225],[3.780398684237174,51.659082489758354],[3.712656242717799,51.67467500465193],[3.693680291850114,51.68513489618158],[3.68895793603707,51.71013642099416]]],[[[3.780398684237174,45.90301298843394],[3.780398684237174,49.87333534631318],[8.204142990444652,49.87333534631318],[8.204142990444652,45.90301298843394],[3.780398684237174,45.90301298843394]]],[[[3.780398684237174,49.87333534631318],[3.780398684237174,50.86591593578299],[4.886334760789043,50.86591593578299],[4.886334760789043,49.87333534631318],[3.780398684237174,49.87333534631318]]],[[[3.780398684237174,50.86591593578299],[3.780398684237174,51.344355227914214],[3.83274004767295,51.34138658056217],[3.8645830138571,51.33958054168511],[3.93725386858643,51.3622062305179],[4.223385269131327,51.3622062305179],[4.238898295364493,51.350425723062244],[4.255835524026054,51.336238872350975],[4.312013160924835,51.2863845650478],[4.302374836503589,51.26318358889256],[4.320626742883292,51.27275849844506],[4.330212105436601,51.29340363859933],[4.295557505858199,51.319950116855296],[4.276387206614515,51.34428024933163],[4.262437004393005,51.3622062305179],[4.333366722513109,51.3622062305179],[4.333366722513109,50.86591593578299],[3.780398684237174,50.86591593578299]]],[[[3.93725386858643,51.3622062305179],[3.961388597994357,51.36972045172365],[4.202839333285679,51.370520387096505],[4.212395177701694,51.37055204596868],[4.223385269131327,51.3622062305179],[3.93725386858643,51.3622062305179]]],[[[3.780398684237174,51.39976746177716],[3.780398684237174,51.604596468398825],[3.83274004767295,51.60658087306923],[3.834999784156821,51.60666654587823],[3.870833172450602,51.60027314246656],[3.899305325649266,51.56853864659121],[3.929722085336039,51.547843951472714],[4.056882703375141,51.47440208192579],[4.056882703375141,51.42571712433596],[4.056110395881035,51.4258270082201],[3.92694425858059,51.429855362243586],[3.90319419019113,51.39749527365848],[3.83274004767295,51.39048977989654],[3.826388602516715,51.38985823421547],[3.780398684237174,51.39976746177716]]],[[[3.997846611127784,51.590133654753686],[4.041943560729464,51.60527037347316],[4.056882703375141,51.608447802900905],[4.056882703375141,51.548911265982746],[3.997846611127784,51.590133654753686]]],[[[3.780398684237174,51.659082489758354],[3.780398684237174,51.746303906756225],[3.780833227084599,51.746387464722034],[3.83274004767295,51.74510476588383],[3.881944402042279,51.74388884921876],[3.964027399846202,51.733535771866514],[4.056882703375141,51.686097714978125],[4.056882703375141,51.627713364425794],[4.014305131090509,51.618747697753065],[3.973749619273065,51.61457822822575],[3.83274004767295,51.64703489491799],[3.780398684237174,51.659082489758354]]],[[[3.98680545535268,51.80207826281031],[3.992083059055744,51.846797940226224],[3.994380322445108,51.858496525252804],[4.056882703375141,51.858496525252804],[4.056882703375141,51.75446071802249],[4.00620825769167,51.78889404346012],[3.98680545535268,51.80207826281031]]],[[[4.056882703375141,51.42571712433596],[4.056882703375141,51.47440208192579],[4.103471740043972,51.44749449051807],[4.125555019464571,51.43833162275109],[4.149027347764957,51.435691814314],[4.202839333285679,51.43634100102406],[4.246735567834264,51.436870564314006],[4.264279380232665,51.44396973881936],[4.283610810538619,51.448051441859434],[4.292013164462332,51.46957780865358],[4.284721383747296,51.48832704555832],[4.264860644477722,51.50944137056672],[4.229632368756995,51.518615736634274],[4.209582817330102,51.51569365847456],[4.202839333285679,51.516498623328054],[4.082777006210733,51.53083037719409],[4.056882703375141,51.548911265982746],[4.056882703375141,51.608447802900905],[4.070693957310255,51.61138533992886],[4.169721617021025,51.60555268191024],[4.193055152705654,51.599994666795794],[4.202839333285679,51.592875849761874],[4.207509987372475,51.58947755476919],[4.202839333285679,51.59550975612205],[4.186166780372673,51.61704254240175],[4.159860604978576,51.61485670389635],[4.137221806664684,51.61555097668992],[4.111943703206975,51.63360594080109],[4.10614395278219,51.650978091704815],[4.090971461572622,51.64034270591554],[4.066388134201361,51.629714946944375],[4.056882703375141,51.627713364425794],[4.056882703375141,51.686097714978125],[4.104166012837538,51.661941546844446],[4.119443885775866,51.67464829142898],[4.155833257540621,51.68388367204608],[4.167754168791305,51.68556977970843],[4.127222079437104,51.70666505702701],[4.056882703375141,51.75446071802249],[4.056882703375141,51.858496525252804],[4.333366722513109,51.858496525252804],[4.333366722513109,51.3622062305179],[4.262437004393005,51.3622062305179],[4.252367954111094,51.375144939437746],[4.202839333285679,51.40479528424637],[4.202499399754913,51.40499878570131],[4.056882703375141,51.42571712433596]]],[[[4.333366722513109,50.86591593578299],[4.333366722513109,51.858496525252804],[4.886334760789043,51.858496525252804],[4.886334760789043,50.86591593578299],[4.333366722513109,50.86591593578299]]],[[[4.886334760789043,49.87333534631318],[4.886334760789043,51.858496525252804],[5.992270837340913,51.858496525252804],[5.992270837340913,49.87333534631318],[4.886334760789043,49.87333534631318]]],[[[3.994380322445108,51.858496525252804],[4.01805497072894,51.97905731388727],[4.051805037349482,51.985412583205346],[4.089722173178473,51.98402403761838],[4.118332847989279,51.98763276175265],[4.143749240770092,51.999160756337176],[4.365416068253467,52.17443848482907],[4.404444203154412,52.2102737314342],[4.42472170741712,52.231384262390065],[4.441666601612098,52.252494793346614],[4.494494439065591,52.32721709806316],[4.551110250250588,52.41971589122096],[4.574371350515037,52.45447157518447],[4.657957567191033,52.453124996457575],[4.845251561525686,52.41019820216627],[4.885979663992657,52.39037323538622],[4.886334760789043,52.39027516130229],[4.886334760789043,51.858496525252804],[3.994380322445108,51.858496525252804]]],[[[4.582013616458312,52.47708129867118],[4.654166225269705,52.75166322680343],[4.738818647975279,52.956661235444074],[4.78347204562607,52.964996341732444],[4.805763726900636,52.94992447032962],[4.808680075266636,52.926246643787294],[4.831249728919829,52.910137176603826],[4.867499340198549,52.89860534925208],[4.886334760789043,52.89760085227585],[4.886334760789043,52.43612028768283],[4.727368818602997,52.48227311034225],[4.582013616458312,52.47708129867118]]],[[[4.886334760789043,51.858496525252804],[4.886334760789043,52.39027516130229],[4.991944321845381,52.361106886454195],[5.126943581741955,52.330276497674674],[5.244304642520035,52.3118705837565],[5.294999603335214,52.299232480540695],[5.313137190123863,52.287254146682315],[5.330442436566216,52.27582550284984],[5.33777715201137,52.27555085994618],[5.371735581771418,52.26909636455434],[5.407499322110596,52.25193788071988],[5.422499648533687,52.2490196353275],[5.52874947971992,52.26568984790424],[5.548610683566835,52.278747542294866],[5.56624938597821,52.30527114009493],[5.581388001722985,52.325275433901595],[5.627082827921583,52.355274189720774],[5.670555113968987,52.37138365690447],[5.695130814522372,52.38011930667801],[5.731909734764486,52.39064025147178],[5.770417194106926,52.403587337633326],[5.8137354726166,52.42846300057971],[5.851249703357269,52.463054649868184],[5.878054603008991,52.50943755448981],[5.872414589915081,52.52341460961344],[5.84805534389767,52.5777740438985],[5.85499954299479,52.606910698197396],[5.75888823165127,52.60666656256814],[5.671804905656188,52.60777283843231],[5.600554932776845,52.65819168518186],[5.596735019322693,52.748260504204495],[5.619166383653123,52.779441842790106],[5.665971744345256,52.82339860604412],[5.718352309529962,52.83802034028207],[5.714444165010661,52.840270987388976],[5.667457368539954,52.851077114722614],[5.992270837340913,52.851077114722614],[5.992270837340913,51.858496525252804],[4.886334760789043,51.858496525252804]]],[[[5.445003565125788,52.851077114722614],[5.630790633792238,52.851077114722614],[5.584513177806798,52.83982085022484],[5.445003565125788,52.851077114722614]]],[[[4.886334760789043,52.43612028768283],[4.886334760789043,52.851077114722614],[5.123658203283971,52.851077114722614],[5.126111019625455,52.82249449894829],[5.196388244040634,52.755691542112345],[5.007553090314218,52.641532893475755],[5.037045959633929,52.50881575583173],[5.051792626583165,52.43803403865064],[5.016400819480623,52.40853880772681],[4.910225862747495,52.4291839478816],[4.886334760789043,52.43612028768283]]],[[[4.886334760789043,52.851077114722614],[4.886334760789043,52.89760085227585],[4.896111021594209,52.89707948221297],[4.93777753248412,52.903747567243784],[5.081063272860092,52.95735550823764],[5.132563114698996,52.98368835813949],[5.184206472359243,53.0055312959828],[5.224444406543057,53.032493610076585],[5.250693787301998,53.04916382265333],[5.301666255918121,53.07277680187963],[5.313137190123863,53.08259794759136],[5.415624632812012,53.17034530017918],[5.442499141703195,53.21193693661451],[5.462360384265935,53.228466033687084],[5.579721909621014,53.29138566220047],[5.599165922612713,53.30027771983026],[5.890832892573599,53.38221739538574],[5.981666561499821,53.39888764667711],[5.992270837340913,53.400030039678335],[5.992270837340913,52.851077114722614],[5.667457368539954,52.851077114722614],[5.64861058844923,52.8554115388755],[5.630790633792238,52.851077114722614],[5.445003565125788,52.851077114722614],[5.41194389912016,52.85374451761777],[5.37079810250475,52.880199435334134],[5.405971519331558,52.911315926603095],[5.419582835588926,52.95693971111467],[5.419054195685343,52.96090445820407],[5.409582605069204,53.03194045278701],[5.369860661952202,53.070411675062076],[5.339166626754434,53.06555176550762],[5.313137190123863,53.056116790930474],[5.296249395022244,53.04999541689887],[5.263054847294825,53.03527070125051],[5.19831035722018,52.99531554008246],[5.125050543389023,52.93239211751791],[5.119884012492435,52.89505767838284],[5.123658203283971,52.851077114722614],[4.886334760789043,52.851077114722614]]],[[[5.992270837340913,49.87333534631318],[5.992270837340913,53.400030039678335],[6.092499723594926,53.410827644332585],[6.177916067047988,53.41374588972508],[6.18728826582435,53.41242981827361],[6.194722168628573,53.40999605008699],[6.296943645790918,53.40193938075464],[6.452499388912656,53.425277717077336],[6.697499287504684,53.461936969823114],[6.721110330989291,53.464721687815825],[6.741944322016252,53.4658279249652],[6.777499195924406,53.45915983993456],[6.793534332574775,53.45352574960193],[6.867916099856757,53.42739104273261],[6.901666631054809,53.35027314263766],[6.942499650672801,53.32305143927738],[7.092290873852789,53.2564544839766],[7.20048569867555,53.24040986410972],[7.208364473428333,53.24280549820264],[7.255833135061607,53.31603623720764],[7.082916274757565,53.337078088080546],[7.049930090170051,53.34110640338872],[7.018957618016088,53.37534330881908],[7.014999879817253,53.40985868992021],[7.021944040199799,53.44249725417666],[7.032360571134689,53.482357022037945],[7.093540665539649,53.58818815249032],[7.184721954798022,53.64221955613988],[7.232082834383789,53.66721724818615],[7.29583262469356,53.68527221229806],[7.341110221321628,53.68860625481352],[7.468749523712575,53.685966485091626],[7.698332795465262,53.70027160956539],[7.843333253752576,53.71416473096821],[7.882499677975886,53.717498773483555],[7.907499305763508,53.719444270411884],[7.949166281230418,53.717498773483555],[7.981666556164839,53.71527100683204],[8.014305120420204,53.70833207294942],[8.161248210739245,53.55867766792875],[8.166596430266395,53.52888487493004],[8.129443176469522,53.509716046849974],[8.093749045369464,53.503051755871184],[8.062429417460748,53.50090025740752],[8.072984702296935,53.468189257730955],[8.09777643152239,53.44444275110499],[8.204142990444652,53.40530625551553],[8.204142990444652,49.87333534631318],[5.992270837340913,49.87333534631318]]],[[[8.092915554097374,55.55620576031356],[8.123054496264956,55.59833146763475],[8.13944433614489,55.62471770526798],[8.180415141793674,55.716800701302645],[8.185554494889118,55.743049617483734],[8.19138719162197,55.81069183409954],[8.204142990444652,55.81432762706556],[8.204142990444652,55.51206010795996],[8.092915554097374,55.55620576031356]]],[[[8.105554586469395,56.118049609224386],[8.11858832084033,56.476935702435924],[8.121178608576031,56.548259715899974],[8.160694124294821,56.64554977724276],[8.175554264368259,56.66777037811568],[8.19472123413675,56.69138335734203],[8.204142990444652,56.697194662970965],[8.204142990444652,56.0966660555825],[8.141456616131109,56.10902406290961],[8.105554586469395,56.118049609224386]]],[[[14.261872687866864,45.90301298843394],[17.051631602859608,45.90301298843394],[17.051631602859608,44.37747555754143],[16.34608849380851,44.84141592286073],[15.553624263833456,45.38580115548592],[14.932648770804008,45.63827086350176],[14.261872687866864,45.90301298843394]]],[[[8.204142990444652,45.19783506190255],[8.204142990444652,45.90301298843394],[10.925933686443797,45.90301298843394],[10.094640737506609,45.8605830465969],[9.472783206204895,45.69888855789469],[9.170898508572975,45.56756243968562],[8.732646744154465,45.45647577309876],[8.219009446218138,45.21421746327786],[8.204142990444652,45.19783506190255]]],[[[8.204142990444652,45.90301298843394],[8.204142990444652,49.87333534631318],[12.62788729665213,49.87333534631318],[12.62788729665213,45.98600345402957],[12.45761230776867,45.98189910748039],[11.481038488191587,45.931346038150934],[10.925933686443797,45.90301298843394],[8.204142990444652,45.90301298843394]]],[[[8.204142990444652,49.87333534631318],[8.204142990444652,51.858496525252804],[10.41601514354839,51.858496525252804],[10.41601514354839,49.87333534631318],[8.204142990444652,49.87333534631318]]],[[[8.204142990444652,51.858496525252804],[8.204142990444652,53.40530625551553],[8.210276614875283,53.40304945067095],[8.234443680547315,53.40055083516768],[8.246249182932047,53.40180205930244],[8.273931475025687,53.41508456387946],[8.286040309424706,53.420894619195224],[8.311873428483182,53.45631406867733],[8.319929129945876,53.50555037137451],[8.30499934191721,53.524856559621185],[8.273931475025687,53.52098928955843],[8.268194211745026,53.5202751257375],[8.233679759799145,53.52312089699507],[8.236944193075715,53.55777739360002],[8.243055326765159,53.586105334110016],[8.269582757332557,53.60749434073665],[8.273931475025687,53.60861927222216],[8.306110379703796,53.61694334970798],[8.332221974432912,53.61527632845059],[8.494443905560672,53.55499267560731],[8.560867302341421,53.51543426387309],[8.565519352049364,53.52905653642415],[8.511734019769847,53.617218031326615],[8.490831387374385,53.64888380840421],[8.484096519285913,53.68631743489772],[8.548053743579999,53.81832884016251],[8.568298125020277,53.843657704192424],[8.765817982622947,53.843657704192424],[8.775554661530975,53.840553273801504],[8.797222143828947,53.83583068569925],[8.853054057420877,53.829719552010545],[8.907499322453077,53.82804869798582],[9.002295104434573,53.843657704192424],[9.30033656557278,53.843657704192424],[9.310079066996522,53.83681688808713],[9.310079066996522,51.858496525252804],[8.204142990444652,51.858496525252804]]],[[[9.310079066996522,51.858496525252804],[9.310079066996522,53.83681688808713],[9.322360049925464,53.82819364625681],[9.351387025151041,53.79804994216647],[9.379444116808997,53.76082611125992],[9.412360188865648,53.727497106977125],[9.554999353101266,53.60443877389196],[9.577916162507506,53.5886077823796],[9.672777178872536,53.55554962694873],[9.69583320675713,53.55027771432384],[9.754328617476599,53.544721218334345],[9.764745695196666,53.5437316971076],[9.809373850787097,53.53374482319913],[9.829060566959186,53.54169847240661],[9.779026971343058,53.56208039052751],[9.754328617476599,53.56398240204341],[9.741083161005974,53.56500242997225],[9.724164980033208,53.56555175449466],[9.699443827917037,53.56832884566853],[9.672777178872195,53.57527161231832],[9.575277321941371,53.61360930719303],[9.55388738615909,53.627635955995515],[9.434165960485473,53.74402237128356],[9.417221066289585,53.771110547243666],[9.407775890085759,53.7922210781997],[9.39374924128225,53.82263566985699],[9.354139291783559,53.843657704192424],[10.41601514354839,53.843657704192424],[10.41601514354839,51.858496525252804],[9.310079066996522,51.858496525252804]]],[[[10.41601514354839,49.87333534631318],[10.41601514354839,53.843657704192424],[12.62788729665213,53.843657704192424],[12.62788729665213,49.87333534631318],[10.41601514354839,49.87333534631318]]],[[[12.62788729665213,45.98600345402957],[12.62788729665213,53.843657704192424],[13.829547346358618,53.843657704192424],[13.95916556658932,53.77499391428154],[14.195520044829337,53.70877629898036],[14.223888379705443,53.700828560906814],[14.256387725483933,53.69735719693932],[14.275627130672717,53.69906614634226],[14.366109849792338,53.69944001531968],[14.410693173626441,53.68054962419575],[14.524999635430618,53.66055299592256],[14.554721851319982,53.67860412726742],[14.620277416787758,53.76791382618052],[14.61416624438391,53.81638334323378],[14.584944825063618,53.843657704192424],[17.051631602859608,53.843657704192424],[17.051631602859608,45.90301298843394],[14.261872687866864,45.90301298843394],[14.241315021584,45.911126694920824],[14.195520044829337,45.92149922293419],[13.884210822477769,45.99201052916237],[13.296598549912346,46.00212222016614],[12.62788729665213,45.98600345402957]]],[[[23.72931610647066,45.90301298843394],[25.899120215274564,45.90301298843394],[25.899120215274564,45.20273924719069],[25.78214625104465,45.042711128743804],[25.544269803938562,44.86153187603344],[25.308280631272112,44.76095873577469],[24.951559820469072,44.72073411667867],[24.576795527994875,44.72073411667867],[24.277827860946616,44.80118600432775],[24.08189370739575,44.942002316294236],[23.87476756645475,45.21421746327786],[23.80278108892435,45.45647577309876],[23.743815913232822,45.72920103224163],[23.72931610647066,45.90301298843394]]],[[[17.051631602859608,44.37747555754143],[17.051631602859608,45.90301298843394],[18.327272348275503,45.90301298843394],[18.25493262714548,45.70899244728258],[18.450968095904102,45.38580115548592],[18.83022470280821,44.86153187603344],[19.184124205700982,44.479442011387675],[19.477621854193615,44.248293123606345],[20.02324767791106,43.89671243544865],[20.505584722592346,43.605555755493924],[21.21191782258643,43.123945438111775],[21.724207320983055,42.69282427626888],[21.868257546498057,42.49240611423335],[22.064269686134594,42.181887391660894],[22.090448164347492,41.881535016964165],[22.136409559772915,41.53130961864224],[22.021355369484127,41.341270896061076],[21.94365354296673,41.131296488140606],[21.692624566546442,40.94138146080178],[21.339646346766813,41.01134332624565],[20.7674505562411,41.47129103637491],[20.48420694319873,41.84149914079916],[20.084390180014736,42.282037541385705],[19.458034530890757,42.80308220966293],[18.797599433473238,43.22424968056731],[18.184617035764347,43.5252610486757],[17.064700917197797,44.36888163551066],[17.051631602859608,44.37747555754143]]],[[[17.051631602859608,45.90301298843394],[17.051631602859608,53.843657704192424],[25.899120215274564,53.843657704192424],[25.899120215274564,45.90301298843394],[23.72931610647066,45.90301298843394],[23.72104817864829,46.00212222016614],[23.830707108446575,46.53842780896622],[23.87620568252521,46.72074201054181],[23.89843308173194,47.10085238448431],[23.898729177720895,47.105915916930826],[23.76289782875557,47.36968194577969],[23.51527314430325,47.64378764045608],[23.267937862594636,47.80631448374589],[23.074206520505584,47.91809225633449],[22.803441889030353,48.029903117990614],[22.395834526616966,48.121409364320016],[21.685512485248182,48.13157809425542],[21.375018264648645,48.121409364320016],[20.8434569702963,48.101072726143684],[20.40615384939855,47.99940596339121],[20.117108614632986,47.903570363572044],[20.00765519419923,47.86728007770023],[19.401900762843468,47.694569770866565],[19.11929167780096,47.440727308443854],[18.89554339960341,47.176911763280714],[18.84414907708032,47.10085238448431],[18.628380707464714,46.78153290810633],[18.484921075699788,46.32583866330356],[18.327272348275503,45.90301298843394],[17.051631602859608,45.90301298843394]]],[[[14.255900045850435,53.843657704192424],[14.390968017062468,53.843657704192424],[14.33944320074744,53.804855348649255],[14.289998999489171,53.822776785360986],[14.266109480332716,53.83666227994479],[14.255900045850435,53.843657704192424]]],[[[13.875073228402284,53.843657704192424],[13.949493797132499,53.843657704192424],[13.9491653360692,53.843605046594405],[13.885276791858985,53.84013368262691],[13.875073228402284,53.843657704192424]]],[[[8.568298125020277,53.843657704192424],[8.577360162346395,53.85499571972747],[8.604582794862608,53.87902070202421],[8.659026162868486,53.892635347756254],[8.682221409231033,53.893886571891414],[8.71159650808164,53.87034227274859],[8.756387691762825,53.84666444620558],[8.765817982622947,53.843657704192424],[8.568298125020277,53.843657704192424]]],[[[9.002295104434573,53.843657704192424],[9.020555489277854,53.84666444620558],[9.105276088773849,53.86332703196348],[9.128887170973826,53.866104123137404],[9.21597100026105,53.86485673176958],[9.283401485548609,53.85554887701704],[9.30033656557278,53.843657704192424],[9.002295104434573,53.843657704192424]]],[[[8.564619144386347,54.836238293662234],[9.310079066996522,54.836238293662234],[9.310079066996522,53.86425055894706],[9.282360095715205,53.875553132109076],[9.234443658521911,53.88638305984841],[9.213054651894709,53.889717102363704],[9.063055026860525,53.89804841460028],[8.98416615622773,53.891868600827536],[8.947498308792376,53.907218947900674],[8.927499783493658,53.919715896897685],[8.906804081788948,53.934715255450214],[8.883054748981579,53.9611053645653],[8.849998490577036,54.00888823564401],[8.8442697431243,54.03475190069241],[8.885693550833253,54.04471968819661],[8.926666253506767,54.03721617615378],[8.95305442688084,54.02638245436282],[8.974998487823768,54.01819229634475],[9.001804355345882,54.02708052120806],[9.011943804343616,54.046939866744424],[9.017221446762392,54.08499908594786],[8.971109390992353,54.13166046624025],[8.96652616884699,54.13291487294802],[8.812776556696349,54.17499543083551],[8.637638085396702,54.27610397318563],[8.609582890765807,54.30499649185509],[8.6004848316,54.326381665715985],[8.621944415336543,54.37860868794081],[8.642429353582486,54.397079449175635],[8.768609997855549,54.410827622307465],[8.8265266268549,54.41471861616418],[8.844929675875733,54.405410761411645],[8.886943807097452,54.414161664822814],[8.994720473192672,54.451942447070735],[9.013957013485424,54.474994642188676],[9.011248602394858,54.50346756968406],[8.964027405865465,54.542358383133205],[8.850831981847534,54.62082673343633],[8.731134941155117,54.71892008032],[8.696943298697818,54.74694059465088],[8.65131854631636,54.806728349417085],[8.57527734396621,54.83196638304052],[8.564619144386347,54.836238293662234]]],[[[8.28055380057549,54.774993892256475],[8.282081603354868,54.82666396314079],[8.283539501716199,54.836238293662234],[8.296714551196665,54.836238293662234],[8.294443127926115,54.82527162350203],[8.296595555545366,54.77860641044276],[8.290832506766208,54.742805465165304],[8.28055380057549,54.774993892256475]]],[[[8.283539501716199,54.836238293662234],[8.293333058009807,54.900554673611964],[8.307221417490382,54.933052044934584],[8.373332966430212,55.03333282580547],[8.388193145218509,55.049163817318345],[8.408054349065935,55.05652617514255],[8.454235084919276,55.05096816002754],[8.438331619271423,55.02416229250508],[8.407637584072916,55.009300216689894],[8.37194442084325,54.99416349797053],[8.353193286911505,54.96610640631309],[8.45580102179241,54.92762376316813],[8.48027610253979,54.91582488101591],[8.497826573885163,54.916175830822],[8.664545076019522,54.91309355075441],[8.65472219807043,54.98194123059244],[8.676109307671254,55.114166264211576],[8.560137760351552,55.091732034984716],[8.492082611509034,55.06270219486305],[8.469720856418178,55.07930372735615],[8.457637768802726,55.12722016455018],[8.475137717313828,55.17958067546073],[8.49736021521204,55.19624709398562],[8.563054070002408,55.19374464571587],[8.570809383208427,55.178569792902806],[8.55930423036449,55.15937041883336],[8.576959618861792,55.14233017004642],[8.638023375245268,55.131748210702426],[8.689026815713817,55.14006423058652],[8.689443580707177,55.16027069316203],[8.661388386074862,55.20333097613906],[8.66175976074071,55.30492528769197],[8.661804183198171,55.31707762170464],[8.657521879522799,55.33252858839714],[8.757111028720587,55.33252858839714],[8.757111028720587,54.836238293662234],[8.564619144386347,54.836238293662234],[8.517810813417498,54.85499953046889],[8.42451000413348,54.852798477041006],[8.300901417370142,54.8564529233725],[8.296714551196665,54.836238293662234],[8.283539501716199,54.836238293662234]]],[[[8.204142990444652,55.51206010795996],[8.204142990444652,55.81432762706556],[8.254984044597025,55.828818883132044],[8.757111028720587,55.828818883132044],[8.757111028720587,55.33252858839714],[8.657521879522799,55.33252858839714],[8.638053882520012,55.40277100838],[8.618193607827493,55.43110657570861],[8.594582564342147,55.44208145171871],[8.536109913157702,55.449165333871576],[8.47402667952781,55.45402528214083],[8.44485951795383,55.45207978521245],[8.3074989252911,55.55332948178102],[8.273931475025687,55.512014116956614],[8.256942757089973,55.49110412606177],[8.204142990444652,55.51206010795996]]],[[[8.757111028720587,54.836238293662234],[8.757111028720587,55.828818883132044],[9.310079066996522,55.828818883132044],[9.310079066996522,54.836238293662234],[8.757111028720587,54.836238293662234]]],[[[9.70895000242255,54.836238293662234],[9.738058019309964,54.836238293662234],[9.735519416098498,54.83079529857457],[9.70895000242255,54.836238293662234]]],[[[9.310079066996522,53.86425055894706],[9.310079066996522,54.836238293662234],[9.455824218881585,54.836238293662234],[9.451873768842745,54.83353804970653],[9.445358258901194,54.825401318135164],[9.439442635032947,54.80797957355202],[9.578332888786406,54.82555389322448],[9.754328617476599,54.80683205588076],[9.902151119615667,54.791107192207164],[9.935832970730246,54.781944285724876],[9.972012508192904,54.760757447866354],[10.037360175099025,54.66823577425299],[10.03999901566624,54.63307188127038],[10.032499297675088,54.55527496202001],[10.004304884565101,54.52373504680912],[10.106109635449286,54.489440920880895],[10.126943587760536,54.48971556378524],[10.368331897321866,54.43555450421661],[10.41601514354839,54.42073840596602],[10.41601514354839,53.843657704192424],[9.354139291783559,53.843657704192424],[9.332776077567814,53.85499571972747],[9.310079066996522,53.86425055894706]]],[[[9.310079066996522,54.836238293662234],[9.310079066996522,55.828818883132044],[9.921445926822475,55.828818883132044],[9.922777173365432,55.82860564399226],[9.95638848608661,55.824996958572626],[9.999999990611457,55.821639996886745],[10.044443128097726,55.81568910382009],[10.045831673683608,55.75027465385642],[9.992776889980576,55.70499419233215],[9.83166502876935,55.671386712378705],[9.806943876652838,55.66985701257312],[9.754328617476599,55.68164307754807],[9.730123538633109,55.687065128801635],[9.646110529827865,55.6897163581088],[9.721721649287304,55.65310669904187],[9.754328617476599,55.636915863261635],[9.819166182745903,55.604721076994736],[9.754328617476599,55.563215913884456],[9.704166416019689,55.53110504814185],[9.589721664893489,55.41818999682124],[9.600832933199626,55.399581914134956],[9.610275283222393,55.39443969614331],[9.597568499923398,55.37152098971052],[9.651087928371242,55.30492528769197],[9.671457274653562,55.27957914789431],[9.613471036415831,55.19249725434753],[9.574582081277015,55.18951032887185],[9.48944281976253,55.15193938092551],[9.461525914452977,55.122146587926636],[9.507499680900423,55.050277720001134],[9.54861067289636,55.0324936047416],[9.63638877497749,55.01638793161044],[9.725624102729967,54.98992538707472],[9.746665953602701,54.94777679929763],[9.754328617476599,54.92752444133774],[9.766110431171228,54.896385204084595],[9.754328617476599,54.87112392899679],[9.738058019309964,54.836238293662234],[9.70895000242255,54.836238293662234],[9.624165539729688,54.853607190830076],[9.627058968924587,54.88342286428525],[9.642846096550215,54.90610885595993],[9.63187408543672,54.923538227361405],[9.597498890683994,54.927772505490736],[9.50277709279834,54.86833190647849],[9.455824218881585,54.836238293662234],[9.310079066996522,54.836238293662234]]],[[[10.182570035458316,55.828818883132044],[10.185049104996782,55.828818883132044],[10.184581741089062,55.82818984686929],[10.182570035458316,55.828818883132044]]],[[[8.204142990444652,56.0966660555825],[8.204142990444652,56.697194662970965],[8.220727911715187,56.70742418315649],[8.237777723062095,56.6877746719224],[8.415832504013451,56.57833098456928],[8.63776392526282,56.476935702435924],[8.643540391369754,56.474296570007766],[8.659651415631721,56.476935702435924],[8.740206718313686,56.49013139428712],[8.756914135829106,56.54899595555355],[8.713887225023655,56.5847854799606],[8.68083189577402,56.61784363539164],[8.867916094521604,56.75666427990603],[8.959999090556039,56.80527495117849],[9.07278347937347,56.80761336477315],[9.110832206862312,56.79228593687094],[9.116151816139848,56.6962852337565],[9.063694014896726,56.655162820889586],[9.044721587078584,56.59561920175224],[9.062915808383252,56.565757767384525],[9.091874103524674,56.57180405375743],[9.123332020755242,56.60300064598056],[9.168706907715546,56.61710739573732],[9.218332294312916,56.633743268272326],[9.24888800147329,56.63333130391652],[9.278311726132188,56.61312867410817],[9.310079066996522,56.594110818042374],[9.310079066996522,55.828818883132044],[8.254984044597025,55.828818883132044],[8.273931475025687,55.834219480557124],[8.276666639485768,55.83499908611873],[8.323888765170523,55.856109617075276],[8.395692824494688,55.8947181608018],[8.385276796851997,55.92333220380118],[8.311387054251782,56.05117797230457],[8.273931475025687,56.07258747277012],[8.262915601456598,56.078884114156494],[8.22388839571164,56.09277344150746],[8.204142990444652,56.0966660555825]]],[[[9.164998996223062,56.89249420489239],[9.178199780573095,56.91603087721609],[9.302568416601787,56.999855035150176],[9.310079066996522,57.001328826705894],[9.310079066996522,56.68097339487429],[9.267325390536996,56.696105945443776],[9.171839710617633,56.67464829744864],[9.164998996223062,56.89249420489239]]],[[[9.310079066996522,55.828818883132044],[9.310079066996522,56.594110818042374],[9.352915757086407,56.56846617847549],[9.323056219744842,56.67638016602302],[9.310079066996522,56.68097339487429],[9.310079066996522,56.821399472601854],[9.863047105272457,56.821399472601854],[9.863047105272457,55.828818883132044],[9.310079066996522,55.828818883132044]]],[[[9.863047105272457,55.828818883132044],[9.863047105272457,56.32510917786695],[10.41601514354839,56.32510917786695],[10.41601514354839,56.2911884276484],[10.400554664454603,56.29083251626548],[10.239366535056377,56.17260741822645],[10.21777628881648,56.141799909902886],[10.238401413410486,56.118747714784945],[10.258748991490393,56.08763505628224],[10.27972220099457,56.0188827697508],[10.250832547221876,55.917358391563425],[10.185049104996782,55.828818883132044],[10.182570035458316,55.828818883132044],[10.143054022814226,55.84117506712465],[10.128400813430801,55.86589811626732],[10.099720955244834,55.87791442082471],[10.055554396404034,55.87846374534712],[10.012290008917944,55.87462234517017],[9.982498183788948,55.87166596568386],[9.869582164598683,55.84374619547805],[9.887221331587227,55.83430098055868],[9.921445926822475,55.828818883132044],[9.863047105272457,55.828818883132044]]],[[[9.863047105272457,56.32510917786695],[9.863047105272457,56.821399472601854],[10.298229073617394,56.821399472601854],[10.305276883097463,56.74805449199869],[10.240554808901038,56.71777342774175],[10.156943311450618,56.72027208195948],[9.866388308431738,56.65027619811224],[9.886388769471068,56.641937259057386],[9.933053982530339,56.64166261615304],[10.003610611771705,56.65916442297555],[10.077220910831272,56.686103817898356],[10.177221280291747,56.69638825388154],[10.316110604889275,56.696105945443776],[10.34305476173364,56.692634581476796],[10.356943121214783,56.67652511429333],[10.33766554321653,56.63696670255911],[10.31774711887175,56.61972807905511],[10.305265423511628,56.616233834631714],[10.288082123479512,56.60805130343317],[10.245553975647908,56.573326126744576],[10.214720721971617,56.54430387472655],[10.190741775568345,56.476935702435924],[10.187776565126228,56.46860502749371],[10.214888115745715,56.476935702435924],[10.228471760000389,56.48110960330956],[10.224164969020364,56.50694276108305],[10.231873514728647,56.54874419310568],[10.315629960450053,56.56186677352781],[10.348845491606482,56.54925917758709],[10.41601514354839,56.52748898175506],[10.41601514354839,56.32510917786695],[9.863047105272457,56.32510917786695]]],[[[9.310079066996522,56.821399472601854],[9.310079066996522,57.001328826705894],[9.365554828173174,57.0122146626951],[9.417637831283685,57.01916122339651],[9.754328617476599,57.05225942388887],[9.769443505816696,57.05374528458128],[9.974273685729997,57.07173156860949],[10.123609545245927,57.01832579638449],[10.211387647327058,56.98582838634718],[10.285138132735028,56.95763397323776],[10.298229073617394,56.821399472601854],[9.310079066996522,56.821399472601854]]],[[[10.355692864949674,56.197494502043526],[10.41601514354839,56.21406246860029],[10.41601514354839,56.14946295758874],[10.38999937961901,56.161941525161495],[10.355692864949674,56.197494502043526]]],[[[10.41601514354839,56.14946295758874],[10.41601514354839,56.21406246860029],[10.437359794626957,56.219924937218025],[10.479442605932377,56.22055052992789],[10.494527188702055,56.2504318550711],[10.50492953710733,56.2710380567604],[10.494527188702055,56.27489849273401],[10.448610320127159,56.291938792129486],[10.41601514354839,56.2911884276484],[10.41601514354839,56.52748898175506],[10.420276649824416,56.526107795110704],[10.508888243177296,56.510826128120925],[10.53027724980393,56.50833130666945],[10.584999093480576,56.51138304074772],[10.646110546516923,56.52165984991262],[10.765275950004536,56.532493610418896],[10.786943432302337,56.53416442572848],[10.847638120346176,56.522357955472614],[10.866665832922251,56.51235962197836],[10.914784915046676,56.476935702435924],[10.961943614279562,56.44221878985991],[10.92138864446838,56.343605030246636],[10.907499317117924,56.328605632979304],[10.74499894903471,56.16388702209008],[10.683887495998022,56.19437025511587],[10.68388749599751,56.219440460012095],[10.641943941885984,56.229438793505835],[10.616388330627899,56.22548295233247],[10.589721681582716,56.20722198668528],[10.552429209307832,56.15724944433401],[10.574234980927997,56.120967854616936],[10.548817620277305,56.10041044223527],[10.519721035812836,56.0997200022087],[10.494527188702055,56.11180433401787],[10.41601514354839,56.14946295758874]]],[[[10.41601514354839,53.843657704192424],[10.41601514354839,54.42073840596602],[10.6097221426229,54.36054992977711],[10.646248835839685,54.33742522180927],[10.69055368400268,54.309299450068124],[10.77249908935039,54.30722046445459],[10.79499913376469,54.31235505562745],[10.831873911890796,54.330345172422824],[10.885276780504398,54.36193847536407],[10.94645691362399,54.3845100260433],[11.073888782031702,54.37638854810905],[11.093956955284625,54.20548249662778],[11.059999454681076,54.17721940343466],[10.968046808276657,54.13291487294802],[10.880554192401746,54.09075926983098],[10.861387261347716,53.99388883837736],[10.879790310369799,53.98590088784272],[10.86123944818138,53.95268249178895],[10.839119892978431,53.927612286892725],[10.818534838218113,53.89005279853217],[10.904434187713264,53.957344065341715],[10.964721673323538,53.98027039859278],[11.01305390763963,53.99527742267895],[11.055391307573757,54.00735474178657],[11.094720837317062,54.01361082374639],[11.183539400075517,54.01194000843685],[11.234725759927512,53.95694472200328],[11.251630785985128,53.93878174356735],[11.412776948523344,53.919715896897685],[11.480833065234549,53.9602737316049],[11.52195122010026,53.99199021519961],[11.52195122010026,53.843657704192424],[10.41601514354839,53.843657704192424]]],[[[11.52195122010026,53.843657704192424],[11.52195122010026,53.99199021519961],[11.576805119385426,54.03430176352822],[11.626353269925403,54.08238982350065],[11.626110063452302,54.11117552799345],[11.687499063003486,54.153255474402386],[11.74749947825319,54.156387348149394],[11.986110696640083,54.17333220362957],[12.129720673599081,54.19110869207083],[12.358265884994125,54.29920576198242],[12.372015955152506,54.309123994522395],[12.486432057314403,54.402542109698686],[12.62788729665213,54.43340354576203],[12.62788729665213,54.40752471725965],[12.50941181701188,54.37295915100157],[12.4865789413264,54.35937501254426],[12.450494758454852,54.31900026020213],[12.45570279163428,54.293334969870216],[12.475995046241053,54.28512572544855],[12.451596272396955,54.249717696837024],[12.5494708887461,54.28525925284839],[12.546595578084009,54.29875945758488],[12.583179491798262,54.32905198142714],[12.62492943311588,54.34621809208113],[12.62788729665213,54.34693242840631],[12.62788729665213,53.843657704192424],[11.52195122010026,53.843657704192424]]],[[[12.62788729665213,54.40752471725965],[12.62788729665213,54.43340354576203],[12.68077660034669,54.44494245992348],[12.72924042632178,54.42336274411326],[12.703799256060108,54.42967225251897],[12.62788729665213,54.40752471725965]]],[[[12.62788729665213,53.843657704192424],[12.62788729665213,54.34693242840631],[12.644263263741038,54.350887292452],[12.669929521943914,54.353549942629854],[13.023887624096517,54.39971925761222],[13.118609421981944,54.27645492299172],[13.484026916066625,54.11944199291332],[13.710831625482683,54.170825961308196],[13.772493370912343,54.10209276118081],[13.789451583003995,54.07886503308788],[13.81947422586535,53.96165848314024],[13.821109771977774,53.8763885591211],[13.808540348845213,53.85478592413983],[13.829547346358618,53.843657704192424],[12.62788729665213,53.843657704192424]]],[[[13.75805378988332,54.147357930352825],[13.768470746681828,54.16582869158697],[13.812776562715044,54.16673279868263],[14.001317019263354,54.065361034298974],[14.104999554862957,53.99860383837546],[14.195520044829337,53.946043893333695],[14.225555400962662,53.92860412176083],[14.249860755956206,53.92235566662015],[14.327775948970327,53.91249848734452],[14.350276961254451,53.910552990416136],[14.376387588112834,53.912220011673696],[14.425415992248645,53.92249678212414],[14.483331692092918,53.947219831266125],[14.50430393372659,53.95916366168859],[14.559444439422066,53.97666167445885],[14.745277414034831,54.028610221013594],[14.814443600663083,54.03916167308216],[14.839759449755869,54.044097874082674],[14.839759449755869,53.843657704192424],[14.584944825063618,53.843657704192424],[14.580832478179389,53.84749604045112],[14.553471556340241,53.857772810901395],[14.476665504087805,53.86457825609898],[14.412568093445884,53.859924309365056],[14.390968017062468,53.843657704192424],[14.255900045850435,53.843657704192424],[14.21888731593225,53.86901853576347],[14.195520044829337,53.87451446006421],[14.193471891022348,53.87499618076741],[14.082498542578435,53.87332915951015],[14.0393734122855,53.869785321407164],[14.000276558585199,53.85179899866432],[13.949493797132499,53.843657704192424],[13.875073228402284,53.843657704192424],[13.829189283051278,53.85950471819041],[13.859025939936714,53.99943922667285],[13.822776793235334,54.036659224812354],[13.75805378988332,54.147357930352825]]],[[[14.839759449755869,53.843657704192424],[14.839759449755869,54.044097874082674],[14.979721059919882,54.07138823426743],[15.2280540331559,54.129440326407575],[15.242215589285376,54.13291487294802],[15.302777305743177,54.147773727474885],[15.353887560389126,54.156387348149394],[15.395858756879704,54.1606292918122],[15.429443356377078,54.16221617340085],[15.493472086935867,54.16652296438036],[15.65416621528351,54.193885821959555],[15.75236034500773,54.21416471995525],[15.794166577667625,54.226104717611406],[15.83930398794729,54.24138642331582],[15.876388561661031,54.24638365432173],[16.047775257580668,54.26166536002688],[16.081386570301106,54.254302963488044],[16.1440257874022,54.25291441790091],[16.174720751755956,54.25916291175707],[16.217777240681073,54.27360535768236],[16.329441067866355,54.35680009013902],[16.31756781455357,54.373397828581005],[16.31833266445591,54.39110563693839],[16.40822219516633,54.461524944727614],[16.460552198802475,54.49971773004597],[16.48952865119378,54.51866913571956],[16.515552518149775,54.53416443106397],[16.54360960980756,54.54471588313248],[16.571662907413156,54.55110932525895],[16.638610851234944,54.563606274256585],[16.665275564538945,54.56694031677188],[16.701942444104475,54.56874465948107],[16.79333112863054,54.57582854163445],[16.884162900531123,54.589721663037324],[16.91527555903309,54.5977707055514],[16.939441695548624,54.6054115390462],[17.01916502532322,54.64749527950664],[17.036525716641506,54.66055297389727],[17.051631602859608,54.66721077717735],[17.051631602859608,53.843657704192424],[14.839759449755869,53.843657704192424]]],[[[17.051631602859608,53.843657704192424],[17.051631602859608,54.66721077717735],[17.06583213540813,54.67346955278413],[17.15631432973116,54.70121092147264],[17.25110815867947,54.7302742148413],[17.362220764316532,54.74777222761122],[17.43416593914435,54.75277708543592],[17.530551893391305,54.76221467353702],[17.592914570563323,54.769996661250445],[17.686607367358192,54.789093015195135],[17.774440754196405,54.80638885919694],[17.89694213594015,54.8238830391997],[17.91888809390929,54.82666016908843],[18.043331139814086,54.834026320964995],[18.15756767941148,54.83481071994263],[18.15756767941148,53.843657704192424],[17.051631602859608,53.843657704192424]]],[[[18.15756767941148,53.843657704192424],[18.15756767941148,54.83481071994263],[18.336109147562183,54.83603666521003],[18.63671147218207,54.72506969466594],[18.70388793569714,54.70027158754033],[18.73999786392102,54.68527222898763],[18.774719246556742,54.666381837864265],[18.83267211262347,54.621036529023286],[18.820968623778242,54.59374235152791],[18.786109919689977,54.61860655488846],[18.77208137386117,54.63360978492284],[18.755554212528693,54.65610502869936],[18.730831163386938,54.67832946233801],[18.706247332722626,54.693607335276],[18.63671147218207,54.71419287167804],[18.50394248153475,54.75349807145244],[18.483400361505403,54.759120933883366],[18.406108864176645,54.73818969123971],[18.46833038712873,54.665832513341115],[18.511386876054075,54.631103503886095],[18.54777527994753,54.58770369197401],[18.566663735330962,54.55068969536973],[18.569789879284826,54.47666166344624],[18.574302671800126,54.446525586174914],[18.59520530419502,54.42777251650318],[18.63671147218207,54.41126270780384],[18.70833204812845,54.38277436341659],[18.757774352361423,54.370826738942014],[18.84374811173319,54.35180282041853],[18.893192274276828,54.345550532510515],[18.92735864131288,54.346385959522706],[18.953887930190717,54.3516616661999],[18.970552451689286,54.34513473538772],[19.02277753817401,54.34221648999517],[19.046386723348178,54.34221648999517],[19.138885516506264,54.346664435193304],[19.21249771259238,54.353881844746525],[19.26350375596335,54.36009344900504],[19.26350375596335,54.34235832318094],[19.23076057526464,54.33367158811916],[19.25333022891749,54.278186791566156],[19.26350375596335,54.27735874104176],[19.26350375596335,53.843657704192424],[18.15756767941148,53.843657704192424]]],[[[19.26350375596335,54.34235832318094],[19.26350375596335,54.36009344900504],[19.374443065074104,54.37360383011611],[19.41749955399945,54.38055418486937],[19.43972015487202,54.3858260974942],[19.516803753639294,54.40708161543637],[19.562774655190026,54.4288864191858],[19.613330823391152,54.45471953824483],[19.627258284835932,54.46327210565363],[19.698743837368852,54.499160778704606],[19.731800095774418,54.51995849394808],[19.77138518201656,54.546104428719445],[19.836383834858452,54.59999847220223],[19.830276495221085,54.572769180738135],[19.755275714833203,54.51499939703558],[19.6977767799832,54.479438793334964],[19.65110777287248,54.455825814108664],[19.63034439766983,54.44306947584528],[19.524440754368015,54.39665985800053],[19.42833327579092,54.36527251787959],[19.40805054502738,54.35888670257191],[19.37610815059071,54.35249709321192],[19.277635583910694,54.34610748385188],[19.26350375596335,54.34235832318094]]],[[[19.26350375596335,53.843657704192424],[19.26350375596335,54.27735874104176],[19.371109022559324,54.268600461142285],[19.47874643146139,54.31415939833721],[19.571039184369056,54.34693907809765],[19.628746017781282,54.350547802231176],[19.7136077714959,54.383331314757925],[19.797006608462084,54.43754959482453],[19.822359083080926,54.4663848929967],[20.036109930873863,54.56388091716019],[20.102497090586496,54.57416535314388],[20.117108614632986,54.57788836803542],[20.216938008946215,54.60332488789868],[20.245552051945253,54.611801148406244],[20.36943983251522,54.6634529875396],[20.36943983251522,53.843657704192424],[19.26350375596335,53.843657704192424]]],[[[19.923814781185342,54.8609657158878],[19.92666244946855,54.89916229525801],[19.94117547250346,54.927768711438375],[19.9904098394598,54.95721434868335],[20.030414594307274,54.94638062689182],[20.117108614632986,54.945217495591514],[20.36194230000018,54.94193268169374],[20.36943983251522,54.942636252106965],[20.36943983251522,54.67827692140409],[20.117108614632986,54.70738684530011],[20.009649283363956,54.71978377732228],[19.959716810847226,54.79860303871635],[19.923814781185342,54.8609657158878]]],[[[20.36943983251522,53.843657704192424],[20.36943983251522,54.6634529875396],[20.39728927534634,54.675064099906365],[20.36943983251522,54.67827692140409],[20.36943983251522,54.836238293662234],[21.475375909067086,54.836238293662234],[21.475375909067086,53.843657704192424],[20.36943983251522,53.843657704192424]]],[[[20.36943983251522,54.836238293662234],[20.36943983251522,54.942636252106965],[20.422634123147247,54.94762801826016],[20.548606868858144,54.996383676518406],[20.604717258121184,55.02360534116366],[20.62499619483259,55.03472137139238],[20.672496796189023,55.06249236056095],[20.696939472634938,55.07818986338816],[20.827774063640675,55.1847152666341],[20.894439699024815,55.24304962849669],[20.922407870791154,55.2678023743073],[20.922407870791154,55.237201922216876],[20.90832902637527,55.22832487413348],[20.883537297150042,55.19672773842507],[20.84305189786403,55.14929581715194],[20.708328248741452,55.063880906147915],[20.672496796189364,55.04332732653273],[20.63082885285138,55.021102892893396],[20.58374788138468,55.000133516155984],[20.531698211730543,54.964363116868185],[20.56083107197719,54.93915559051965],[20.58638571536528,54.93984986331321],[20.65499495065194,54.94248963303511],[20.755275731522943,54.94304658437636],[20.793191899481883,54.939990978817036],[20.86513517728406,54.902492505006876],[20.922407870791154,54.89769278243741],[20.922407870791154,54.836238293662234],[20.36943983251522,54.836238293662234]]],[[[20.922407870791154,55.237201922216876],[20.922407870791154,55.2678023743073],[20.935550691021433,55.279434199623324],[20.942832947891475,55.28720093369981],[20.959060125579278,55.30492528769197],[20.982772816706586,55.33082579483704],[21.002498634843334,55.3524932771345],[21.043399792537514,55.40895082215235],[21.06444168212505,55.451660155323225],[21.085830688752253,55.50721742601189],[21.093467728194696,55.539993273004995],[21.095829022246505,55.59415437128786],[21.095830919271975,55.671798715449654],[21.092008605498393,55.714015944595076],[21.112218862125758,55.700546247134014],[21.12513544101273,55.68304823436341],[21.13471983569582,55.62915802364728],[21.128051750664326,55.57499696407899],[21.103050225851177,55.420829766543704],[21.04666329665781,55.3297195576875],[21.01782115501346,55.30492528769197],[20.98481370694168,55.27655029427274],[20.922407870791154,55.237201922216876]]],[[[20.922407870791154,54.836238293662234],[20.922407870791154,54.89769278243741],[20.984439837964487,54.8924942102272],[21.09305189235795,54.89569093129052],[21.222496040750286,54.931938180966426],[21.24506379737761,54.9550590561675],[21.227911004619898,54.98797605737991],[21.21666334401789,55.01860044462359],[21.190830224959257,55.14916228975159],[21.22763442597585,55.19971466390075],[21.263935102097037,55.24898530664018],[21.289024354682567,55.28645706722739],[21.28460394083411,55.30492528769197],[21.245826711539337,55.46693419549405],[21.197494515937308,55.57499696407899],[21.144163114874175,55.677631373467534],[21.110065466636286,55.7140884574452],[21.077079785341425,55.73276901426698],[21.058330548435833,55.781661993977366],[21.051982227167294,55.828818883132044],[21.475375909067086,55.828818883132044],[21.475375909067086,54.836238293662234],[20.922407870791154,54.836238293662234]]],[[[20.968605052399937,56.3636093240533],[20.989484065355974,56.476935702435924],[21.05222700285009,56.81748963045288],[21.062288286635578,56.84193420392427],[21.144996644859987,56.87276459270447],[21.224437704911793,56.906654342380364],[21.26138685419994,56.92276764233054],[21.357912065640562,56.987354292100974],[21.39569091214736,57.02665710862101],[21.40943908527919,57.0494384936016],[21.415550218968747,57.06944274869386],[21.415412897516774,57.09360505244257],[21.411384582208086,57.12443544122215],[21.412494652124053,57.23902130785211],[21.417285920309496,57.28193284850647],[21.434160237396213,57.302909852062726],[21.475375909067086,57.34212086929151],[21.475375909067086,55.828818883132044],[21.051982227167294,55.828818883132044],[21.044719696755976,55.88276674227495],[21.04437254100185,55.91318892203594],[21.059995633952383,55.951240553135676],[21.06694223336916,55.98457335147032],[21.059164039707753,56.055965407723704],[21.051685343861323,56.07730865343831],[20.995552074141756,56.184574129105044],[20.973606116173187,56.23790742719456],[20.968605052399937,56.3636093240533]]],[[[21.475375909067086,53.843657704192424],[21.475375909067086,57.34212086929151],[21.676940925310078,57.533882133980796],[21.705829611213062,57.55971525303909],[21.729022960549457,57.57471848307341],[21.754997272541914,57.583328232265444],[21.856246930396026,57.595825181262285],[22.098331448490853,57.63388060641455],[22.281387331929523,57.68471528900079],[22.480133052661756,57.73957441541478],[22.582775127584284,57.75527191824199],[22.606904988317808,57.7490577644279],[22.584024415978774,57.689018247213994],[22.594579700813938,57.63763044605264],[22.64332962927989,57.58527372919377],[22.905273454195424,57.454711922780405],[23.077902899534813,57.38314600015913],[23.10360717185796,57.37248993878734],[23.13569068179828,57.36444093498915],[23.16749571606781,57.31276703133799],[23.24110411810119,57.16874311556762],[23.249160748718964,57.114715583399175],[23.256107348136084,57.10096357749978],[23.30583192209116,57.07332611573156],[23.327495571622478,57.06221008550284],[23.34666443841678,57.05415724893692],[23.586109148074513,56.976654058994995],[23.655273437676783,56.96589277262416],[23.765274037656695,56.96832274675825],[23.785831450038472,56.9702682436868],[23.85027315153809,56.983879095367],[23.87360761637916,56.98888395319193],[23.955272687745094,57.01138306845007],[23.984992967894186,57.0222167902412],[24.15527342666502,57.0974884194805],[24.223327646351095,57.12887572088681],[24.373189911217423,57.21902084681244],[24.404163351241948,57.251243575230774],[24.413190833297847,57.27721405445584],[24.40916251798899,57.35429765322385],[24.36221693223331,57.58082582271027],[24.344190577625284,57.648946117179875],[24.330829630827736,57.699436171882155],[24.304092404673213,57.73165893901586],[24.28971863883072,57.79249571043334],[24.289317556238665,57.813980062071664],[25.899120215274564,57.813980062071664],[25.899120215274564,53.843657704192424],[21.475375909067086,53.843657704192424]]],[[[23.41041372543441,59.01568602132761],[23.46582794487807,59.202281948817074],[23.50527381264277,59.226795202372045],[23.613609327105905,59.2397155753107],[23.687248062170823,59.247215817275],[23.687248062170823,58.793444833223546],[23.591663369137677,58.78804778192483],[23.483051314744387,58.80998994584172],[23.475873026936952,58.82095653192383],[23.418050764877023,58.909294145481965],[23.43832780456239,58.93998717409488],[23.477218618011307,58.93749235264323],[23.507499682268474,58.937210082920785],[23.58263588708121,58.94887923172445],[23.636663419249885,58.97429275960815],[23.62430189467824,59.009506207555205],[23.59055329922154,59.03527068524431],[23.567010897104353,59.04193877027586],[23.607080460553618,59.013744357165706],[23.55638503516002,58.98777008388822],[23.514163973247264,58.98110199885741],[23.466384896219495,58.98416135975447],[23.444301616799805,58.99179839919708],[23.41041372543441,59.01568602132761]]],[[[23.495548263742137,58.69415281636162],[23.535274504203812,58.7417984047035],[23.569442768264935,58.73554991084728],[23.592081063286457,58.732769025621565],[23.687248062170823,58.74128517393925],[23.687248062170823,58.40829870621671],[23.50111007290792,58.57694243364733],[23.495548263742137,58.69415281636162]]],[[[23.687248062170823,58.40829870621671],[23.687248062170823,58.74128517393925],[23.725551591246983,58.74471281732957],[23.864233017283254,58.77304838465818],[23.82722091770586,58.79110718153595],[23.798330296061692,58.79971693072849],[23.687248062170823,58.793444833223546],[23.687248062170823,59.247215817275],[23.736381518986832,59.25222015112644],[23.936107653717272,59.27221677939963],[24.027221695339904,59.28777312800838],[24.20568847936164,59.34387968450483],[24.32208062444255,59.42888259243841],[24.32930182804722,59.46158979806319],[24.357080444034636,59.47248840588617],[24.402772908629345,59.4741554271439],[24.536663066479832,59.4572143657154],[24.722770683996714,59.45277404733537],[24.78499793674183,59.51707838866872],[24.793184138722694,59.51755648994722],[24.793184138722694,57.813980062071664],[24.289317556238665,57.813980062071664],[24.28895378892804,57.83346558692563],[24.31497955291104,57.87182616225647],[24.341939931263255,57.93165588388325],[24.358469028336742,57.961795793921226],[24.46999549535485,58.15235139535105],[24.55763627598475,58.300411214534336],[24.554510132030543,58.32471467250241],[24.51777650812329,58.35305023983045],[24.458885194918594,58.37832640754789],[24.41971586708388,58.38665771978464],[24.390552538277234,58.3908309833638],[24.355413422777076,58.39138414065337],[24.330829630826997,58.38666151383626],[24.297496793777555,58.35228349290196],[24.288330093243587,58.31603624322656],[24.242076883256175,58.27401735008226],[24.1036071885477,58.235542295041455],[24.053607932973136,58.27068710161933],[24.01082991971913,58.29860687182514],[23.99304963722659,58.30776977830669],[23.973327651857176,58.315826408924465],[23.943746551471804,58.324161515212836],[23.826385490693156,58.35471342832159],[23.77624891366679,58.348606127399364],[23.728607196807218,58.37082672827171],[23.687248062170823,58.40829870621671]]],[[[24.793184138722694,57.813980062071664],[24.793184138722694,59.51755648994722],[24.887218484749496,59.523048406853604],[25.154441849108707,59.53166198881331],[25.488883967427615,59.56485367164365],[25.772497171667908,59.63652037080078],[25.899120215274564,59.634229769253174],[25.899120215274564,57.813980062071664],[24.793184138722694,57.813980062071664]]],[[[4.941086283599922,60.791721830481094],[5.037636284423584,60.791721830481094],[5.283818725790184,60.71839904849634],[5.307916182222414,60.69242477521868],[5.313137190123863,60.6833215614099],[5.335277568638162,60.64471817232726],[5.359721677532377,60.63263702045248],[5.42805530204447,60.62722015955666],[5.436943526907783,60.65985868509773],[5.408472070574931,60.69985960717838],[5.364166254541203,60.72833253467377],[5.313137190123863,60.74536936097953],[5.237499236037252,60.77062223795485],[5.185286410037551,60.791721830481094],[5.439302799064977,60.791721830481094],[5.439302799064977,60.59864627067675],[5.3602771577103,60.56499480383735],[5.319166165714194,60.55832671880671],[5.313137190123863,60.557684712390945],[5.268332954290372,60.55291365196325],[5.241388332868155,60.5572166488904],[5.198610319614147,60.577499379653204],[5.096006378784864,60.654647825737925],[4.941086283599922,60.791721830481094]]],[[[5.144929904484968,60.36103822374474],[5.231110555832117,60.47805023174254],[5.259444226134747,60.50694275041258],[5.285554891708387,60.52165983924209],[5.312360294653729,60.52194214767917],[5.313137190123863,60.521561274591704],[5.347499836017164,60.50471498376106],[5.364721308857099,60.49277494739022],[5.389999373600176,60.4777755888382],[5.439302799064977,60.448585415956714],[5.439302799064977,60.152833063784065],[5.411110872426491,60.12971495330572],[5.401666625377686,60.13194275867187],[5.361110687697021,60.146385204597095],[5.313137190123863,60.16729489534609],[5.222748271743285,60.206691737896335],[5.164305198677823,60.282081602183894],[5.144929904484968,60.36103822374474]]],[[[5.439302799064977,60.152833063784065],[5.439302799064977,60.448585415956714],[5.459444035899423,60.436660764074986],[5.48708296883018,60.4226341152725],[5.526388650247043,60.41561891320208],[5.607221585359753,60.4149932817777],[5.64777709717788,60.46805189824829],[5.689318675356674,60.4935913267135],[5.694777503112164,60.5123824917643],[5.719999315228506,60.67443849119047],[5.700833313329724,60.694160476560114],[5.661110866920581,60.70944214354989],[5.627777100715377,60.71305082896879],[5.562499043048149,60.69027710952167],[5.534443848415435,60.639160157212814],[5.439302799064977,60.59864627067675],[5.439302799064977,60.791721830481094],[5.992270837340913,60.791721830481094],[5.992270837340913,60.23646764871295],[5.982221615815547,60.236106867866],[5.899722085306792,60.15138243560369],[5.879582870367528,60.04471971090578],[5.859166147626809,60.02346802573055],[5.806943887323143,60.00152206776255],[5.779529215017278,59.99296694666778],[5.756666194793638,59.98583223046825],[5.747221947744038,59.98666382471379],[5.733856287414286,59.99296694666778],[5.708055020228016,60.00513458594861],[5.548749437467279,60.14908982163553],[5.633333218804523,60.31194303655104],[5.439302799064977,60.152833063784065]]],[[[4.931110376608729,60.80054855835391],[5.004721643539028,60.80152510086987],[5.037636284423584,60.791721830481094],[4.941086283599922,60.791721830481094],[4.931110376608729,60.80054855835391]]],[[[4.983471855390007,60.95068740186588],[5.0122909707693,61.04027174368258],[5.055416101062065,61.062496177321805],[5.104166029527278,61.07305146215748],[5.128333095199309,61.07193755947412],[5.169304830002091,61.0684661955072],[5.242777343032799,61.05464554823931],[5.313137190123863,61.05487416901405],[5.478749759567847,61.05541229516837],[5.625277517341488,61.0891647233928],[5.920832616263681,61.123054511783494],[5.992270837340913,61.120516871889166],[5.992270837340913,60.791721830481094],[5.185286410037551,60.791721830481094],[5.145555497195062,60.807777388777765],[5.119828224442529,60.83456420861131],[5.104096884866976,60.82985687414612],[5.070138455106594,60.82971955269423],[5.045763490874094,60.84131239459572],[4.983471855390007,60.95068740186588]]],[[[4.94944428096926,61.410411825868664],[4.968055267266948,61.42082978925214],[5.070901872561649,61.444992054286445],[5.183610922346311,61.45333099334165],[5.276221756181428,61.4617729138069],[5.313137190123863,61.45747677173591],[5.394388201274126,61.44802094662339],[5.439302799064977,61.45121305058937],[5.439302799064977,61.36209449090211],[5.353888516220877,61.36527635133069],[5.329721450549357,61.365608214732674],[5.313137190123863,61.365530831578006],[5.257777204877868,61.3652725185637],[5.166388520350893,61.351661666883274],[5.145833004994927,61.34777067302656],[5.12013863983691,61.33971787517601],[5.078054899376468,61.32207870818689],[5.046944137899914,61.31735612008447],[5.003610605752442,61.34805298146438],[4.94944428096926,61.410411825868664]]],[[[4.997499472062714,61.62777708887353],[5.067777625633653,61.76805116500617],[5.102511906854741,61.784302419950905],[5.439302799064977,61.784302419950905],[5.439302799064977,61.476849788656104],[5.42472172410703,61.46977615669397],[5.411972044791696,61.465690620886505],[5.34922171616887,61.46068955711365],[5.313137190123863,61.46925634899513],[5.18833254257828,61.49888609776974],[5.139582652828039,61.51884842471566],[4.997499472062714,61.62777708887353]]],[[[4.952499383235363,61.25610734559649],[5.170832632782719,61.33361053553841],[5.313137190123863,61.35849906223465],[5.334722049745437,61.362274172216814],[5.356388564172619,61.36393736070795],[5.378854733121671,61.36197281609009],[5.399221436320602,61.35910795842824],[5.42305470284947,61.35610581802956],[5.439302799064977,61.356296937113285],[5.439302799064977,61.0799862656537],[5.40722177559627,61.07054901388716],[5.397221583791179,61.06860351695883],[5.115833281306038,61.14166259446978],[5.04895734704121,61.164958963931724],[5.048937289706514,61.16497736141173],[4.991527556852532,61.21763612332143],[4.952499383235363,61.25610734559649]]],[[[5.439302799064977,61.0799862656537],[5.439302799064977,61.356296937113285],[5.461971764943428,61.35656358201311],[5.443387995161572,61.361942308815344],[5.439302799064977,61.36209449090211],[5.439302799064977,61.45121305058937],[5.552138338877057,61.45923233144356],[5.535055155358975,61.478191363935935],[5.517888541413015,61.484443651843776],[5.501221658310556,61.48711013478879],[5.482554922677934,61.48727416946372],[5.460721973256796,61.48561098097332],[5.44730519894938,61.48073194629944],[5.439302799064977,61.476849788656104],[5.439302799064977,61.784302419950905],[5.992270837340913,61.784302419950905],[5.992270837340913,61.15426602690736],[5.96527768948971,61.156387310117964],[5.749166476801975,61.152770997880225],[5.558332902993868,61.13152693952384],[5.523611055780066,61.11721802099845],[5.505555162512451,61.10527039652396],[5.468610775147965,61.088607772050864],[5.439302799064977,61.0799862656537]]],[[[5.460389606561876,58.7500572040899],[5.490241904630271,58.82095653192383],[5.551943796927446,58.967498773996056],[5.712305055288027,58.97287750079829],[5.842916494094538,58.96263503167512],[5.882777229826047,58.954025282483144],[5.938749794345313,58.93124773026881],[5.992270837340913,58.914587703486085],[5.992270837340913,58.38795637884277],[5.753333081433425,58.48805236462346],[5.644721994910867,58.54471587246201],[5.623332484991181,58.557632451348866],[5.508471975457383,58.66763688409503],[5.460389606561876,58.7500572040899]]],[[[5.869860650939927,59.06555174950148],[5.875693812250518,59.08666228045803],[5.992270837340913,59.15929615189271],[5.992270837340913,58.94551961224423],[5.974618916414158,58.96192933801109],[5.869860650939927,59.06555174950148]]],[[[5.987221711718007,59.44554901096336],[5.992270837340913,59.4466253496198],[5.992270837340913,59.384432828178475],[5.987221711718007,59.44554901096336]]],[[[5.178888334244334,59.50680161821845],[5.304165839291272,59.62360383062935],[5.313137190123863,59.62899447454734],[5.430832857796418,59.699714642218],[5.481179694987134,59.72791288809441],[5.511666296201497,59.70374679029368],[5.506804954199652,59.66777418352211],[5.482499134627858,59.607215887775],[5.459734900310707,59.519218427547116],[5.4996523919624,59.53027344322635],[5.517802246088479,59.542762765404404],[5.525346757120928,59.616382588309136],[5.541526801413568,59.65805053164661],[5.568471422836694,59.67562101855202],[5.812083240418247,59.72332762144413],[5.940693858825739,59.73638535454961],[5.992270837340913,59.73916657120193],[5.992270837340913,59.48084797790737],[5.895277005004687,59.47666166946601],[5.807777417309126,59.46916199018966],[5.713054651552739,59.43666074738542],[5.667658819877488,59.409065252477376],[5.700554837658956,59.41846846182193],[5.732360839799412,59.42596817981291],[5.771388045544938,59.42958069799897],[5.793471828257509,59.427356725399875],[5.859096538387348,59.37895201694789],[5.85249949504356,59.34416199294259],[5.687499040294824,59.308609016060814],[5.516527173627196,59.27555086062978],[5.485554701473063,59.27638245487532],[5.464444170516856,59.27944181577186],[5.389027593006233,59.290828694853076],[5.313137190123863,59.33350454628121],[5.282083024448411,59.35096739942543],[5.203887923316472,59.43083192213379],[5.186646473631242,59.491889948724406],[5.178888334244334,59.50680161821845]]],[[[5.698332800800245,59.83277130879725],[5.70527742576121,59.86638641556971],[5.734999641650404,59.909164428823544],[5.770833029944868,59.92555237167733],[5.824166289319066,59.93943786626187],[5.875832566151871,59.9472198539753],[5.942657817390879,59.99296694666778],[5.992270837340913,60.02693092555789],[5.992270837340913,59.75451364609867],[5.980138294142364,59.75291441290699],[5.840555200043411,59.76693726765836],[5.798054694590121,59.78027343771976],[5.698332800800245,59.83277130879725]]],[[[5.992270837340913,58.38795637884277],[5.992270837340913,58.806560651541474],[7.098206913892782,58.806560651541474],[7.098206913892782,58.027178210641765],[7.07795048018238,58.01933290157996],[7.049165743559513,57.99610900625402],[7.007916462241212,57.98791505418427],[6.936110505891065,58.039161701127],[6.902777668841736,58.056106556607176],[6.781665800555345,58.111381518858764],[6.731388108025158,58.1163864153981],[6.728332502465491,58.06416322593958],[6.60291624351845,58.06943893261695],[6.558888438577753,58.09749602427422],[6.556388855203863,58.12082673377813],[6.587222108879814,58.15361024630482],[6.612777720137899,58.17499542016503],[6.685054797082728,58.20813750931683],[6.759999286127766,58.24402238831544],[6.61666584909841,58.25860594974449],[6.360277174400551,58.270828255837785],[6.347586612608893,58.270782456210725],[6.284166324096759,58.306663502442916],[6.224166412139141,58.324024193760636],[6.143054962640861,58.337772366893034],[6.011943831704571,58.37971495313502],[5.992270837340913,58.38795637884277]]],[[[5.992270837340913,58.806560651541474],[5.992270837340913,58.914587703486085],[6.053335761349318,58.89557941791234],[6.058332930696395,58.89402389936299],[6.090555194536819,58.93527221281124],[6.119165908062257,58.957008375192345],[6.191944109584256,58.97888182031028],[6.218054775157952,58.98583221377868],[6.256110200309138,58.99304962333258],[6.404166225441486,59.01721955389962],[6.485554679447315,59.02888486993672],[6.588888162266812,59.04249572161723],[6.617082614092112,59.05346680357502],[6.50388811923051,59.04888153692474],[6.39944363733872,59.036109906308866],[6.377777084196509,59.03305054541255],[6.210555095881944,59.005271929425135],[6.163610942574223,58.99583054727299],[6.124166003964717,58.981941219921964],[6.099999441585965,58.966659552932185],[6.053335761349318,58.921065543531576],[6.036388405176297,58.90450667134769],[5.992270837340913,58.94551961224423],[5.992270837340913,59.15929615189271],[6.053335761349318,59.197342944012824],[6.064722075479381,59.20443724133253],[6.146666512956187,59.244995114754374],[6.127082816909535,59.259162917776166],[6.053335761349318,59.300821868182595],[5.996527204866879,59.33291243531352],[5.992270837340913,59.384432828178475],[5.992270837340913,59.4466253496198],[6.053335761349318,59.45964275959761],[6.145555010592659,59.479301439187225],[6.123749742264408,59.48652268150744],[6.053335761349318,59.483483574426145],[5.992270837340913,59.48084797790737],[5.992270837340913,59.73916657120193],[6.053335761349318,59.742459412085864],[6.061805262534961,59.74291611812822],[6.195693148726429,59.799141241011284],[7.098206913892782,59.799141241011284],[7.098206913892782,58.806560651541474],[5.992270837340913,58.806560651541474]]],[[[7.098206913892782,58.027178210641765],[7.098206913892782,59.799141241011284],[8.204142990444652,59.799141241011284],[8.204142990444652,58.15502680692966],[8.15518759988504,58.140007021443466],[8.127498608696953,58.098884569861184],[7.93472193827921,58.07943726611035],[7.809444433231931,58.06749726845487],[7.660554878113714,58.0441665589517],[7.62166596169061,58.01943971575719],[7.559721946538161,58.01082609508359],[7.528332709391577,58.00804900390966],[7.48388864275023,58.00555418245801],[7.362777703619088,58.01277159201197],[7.251111011537205,58.034721382746966],[7.223610871220785,58.043884289229254],[7.151388149878187,58.04777528308597],[7.098206913892782,58.027178210641765]]],[[[5.992270837340913,59.75451364609867],[5.992270837340913,59.799141241011284],[6.124572157622305,59.799141241011284],[6.106388083075728,59.78777311699611],[6.053335761349318,59.764052653736314],[6.04861067255456,59.761939997937134],[5.992270837340913,59.75451364609867]]],[[[5.992270837340913,59.799141241011284],[5.992270837340913,60.02693092555789],[6.053335761349318,60.06873462531325],[6.108332650848467,60.10638428251718],[6.073541155680289,60.18099977305667],[6.204721469992194,60.29555513241189],[6.331943504098149,60.355827325669395],[6.474582668333596,60.416522981583114],[6.504166594900425,60.425827042283856],[6.524166088070956,60.429443354521766],[6.564722064465911,60.42888640318034],[6.608471858313862,60.42207716393074],[6.63493014422022,60.406105056914214],[6.607499109849869,60.377494807967366],[6.584860311536374,60.34971619198018],[6.53166580606154,60.25888825284659],[6.50888825384726,60.15332793253208],[6.505971905480521,60.107635506652],[6.521943586634734,60.08346557608445],[6.652360909354229,60.37305069553571],[6.66402723197632,60.43166349435427],[6.568055139111493,60.45971679195992],[6.221318705142039,60.4073562810492],[6.187777504952464,60.34777069505162],[6.155277268733926,60.2727737474313],[6.125346650990593,60.24124525309122],[6.053335761349318,60.23865996330642],[5.992270837340913,60.23646764871295],[5.992270837340913,60.791721830481094],[7.098206913892782,60.791721830481094],[7.098206913892782,59.799141241011284],[6.195693148726429,59.799141241011284],[6.303645141707875,59.84447479764219],[6.20666599905104,59.83193971455171],[6.164999488161129,59.81902313566491],[6.1297216574755,59.80236054990695],[6.124572157622305,59.799141241011284],[5.992270837340913,59.799141241011284]]],[[[5.992270837340913,60.791721830481094],[5.992270837340913,61.120516871889166],[6.053335761349318,61.11834771390943],[6.116388313595849,61.116107951082085],[6.248888028833164,61.09471894445545],[6.267221468615674,61.086174003864755],[6.321388257977276,61.066108695507864],[6.372221933978437,61.06194305874686],[6.406944284485633,61.06666564684929],[6.513054858478881,61.09693908428744],[6.590555183524714,61.15138245229326],[6.654999749921103,61.15166472201571],[6.793534332574775,61.14317397438828],[6.818193926220545,61.14166259446978],[6.837638365074099,61.13680268491589],[6.958749304204559,61.0787467987239],[7.098206913892782,61.09640289300033],[7.098206913892782,60.791721830481094],[5.992270837340913,60.791721830481094]]],[[[5.992270837340913,61.15426602690736],[5.992270837340913,61.784302419950905],[7.098206913892782,61.784302419950905],[7.098206913892782,61.13093144521967],[6.961249352156472,61.109855663174244],[6.930694109573267,61.11555479379251],[6.749859419453633,61.16497736141173],[6.579027653518096,61.21166610513603],[6.565582733538463,61.22711943361975],[6.583749777042669,61.2455520607603],[6.62083245372952,61.262214646518714],[6.639444369183138,61.27416230970783],[6.694999200837742,61.3430519176913],[6.712637903249856,61.39478683589175],[6.591388713511265,61.26860808864518],[6.538572800220948,61.20431900094951],[6.518244794346421,61.16497736141173],[6.501388535856961,61.13235473971724],[6.428472045012938,61.113193499741385],[6.34611033924898,61.110275254348835],[6.318749417410572,61.11471940549512],[6.237499252726309,61.13499450943971],[5.992270837340913,61.15426602690736]]],[[[7.098206913892782,59.799141241011284],[7.098206913892782,61.09640289300033],[7.313055026689995,61.123603836305904],[7.39579184843103,61.16497736141173],[7.428610815602951,61.181388873646085],[7.403055204344128,61.19388578392835],[7.370972158981317,61.199718480662284],[7.353332991992772,61.21180342658823],[7.30416629853363,61.29124831940737],[7.364166249205653,61.36499787565987],[7.455277425932252,61.426109328696555],[7.47569368409529,61.43708037193966],[7.526874051273012,61.4517288194009],[7.562464697670691,61.470340734854176],[7.455832944825545,61.44499588705344],[7.424444210971842,61.432777413726626],[7.32833289962764,61.375831597451],[7.30916596857378,61.362495427389604],[7.279443752684358,61.32555390492064],[7.273055072479792,61.27888489781009],[7.297777192467379,61.25054933048153],[7.353888510886065,61.18999482878695],[7.293445122050458,61.16497736141173],[7.278055207097452,61.158607488665325],[7.098206913892782,61.13093144521967],[7.098206913892782,61.784302419950905],[8.204142990444652,61.784302419950905],[8.204142990444652,59.799141241011284],[7.098206913892782,59.799141241011284]]],[[[5.073610322366733,62.15305328429292],[5.080138221048859,62.17666243075209],[5.158471572788812,62.21249388330472],[5.193888660667312,62.20166016151302],[5.247776974357066,62.17166136697904],[5.313137190123863,62.13414326179673],[5.446665746334077,62.057495130238976],[5.467082972368019,62.03812026190849],[5.462722793657178,62.00937652427575],[5.468888282948171,62.00680160187068],[5.496397017952916,62.025260942234695],[5.548333175767141,62.078330979576094],[5.511110312730295,62.08999633432791],[5.463054657059331,62.09583282511318],[5.422499648533915,62.10472108869112],[5.387221817848911,62.12096787732611],[5.421041493707492,62.17811965642289],[5.455554977783322,62.18416594279495],[5.851943976150267,62.198188797546266],[5.886249522949299,62.193607324947834],[5.914443974774258,62.17930220047401],[5.923680323261181,62.16006469231087],[5.919999124992501,62.113609313553695],[5.950277324352157,62.10666654690465],[5.992270837340913,62.102236376045724],[5.992270837340913,61.86531522970344],[5.942944041354963,61.86952207803307],[5.879589568030212,61.90617370396001],[5.834277166783238,61.91188429416428],[5.782221806051609,61.91527555717744],[5.433610916839314,61.93499754254685],[5.353471751227687,61.92374802363241],[5.313137190123863,61.914359884798024],[5.310138683658636,61.91366196236572],[5.291471483447992,61.910163885175166],[5.15458297925079,61.89249800496384],[5.103471756734791,61.91423033457778],[5.145832540417359,61.96940610947058],[5.187777526978095,61.956382755121865],[5.220276834040817,61.96138765166194],[5.313137190123863,61.991208968345504],[5.399096503609826,62.018814073661645],[5.313137190123863,62.05878799099196],[5.278888703703785,62.0747146673383],[5.206665982360789,62.09666441935872],[5.186388013520684,62.10110473773801],[5.115833281304958,62.10360718600833],[5.095832820264945,62.11013794958677],[5.073610322366733,62.15305328429292]]],[[[5.920138343469944,62.20672990536974],[5.949165821988231,62.2540245051909],[5.97694397339734,62.27249909919203],[5.992270837340913,62.28150981420259],[5.992270837340913,62.16367856134247],[5.920138343469944,62.20672990536974]]],[[[5.102511906854741,61.784302419950905],[5.313137190123863,61.882848440075115],[5.359582884917074,61.90457915683777],[5.417222006116219,61.91124724186858],[5.59583280925284,61.895271302085234],[5.676527493758329,61.88069153470798],[5.701665875445315,61.868606550066715],[5.987499219517701,61.830276482010845],[5.992270837340913,61.82997182920462],[5.992270837340913,61.784302419950905],[5.102511906854741,61.784302419950905]]],[[[5.992270837340913,61.784302419950905],[5.992270837340913,61.82997182920462],[6.053335761349318,61.82607302566452],[6.400833112081614,61.80388641161056],[6.469165807437605,61.800827011999445],[6.513749131272618,61.80722045412591],[6.545238875616848,61.814291094603945],[6.545238875616848,61.784302419950905],[5.992270837340913,61.784302419950905]]],[[[5.992270837340913,61.86531522970344],[5.992270837340913,62.102236376045724],[6.053335761349318,62.0957942370678],[6.268263323026417,62.07312012021606],[6.123055469470671,62.09666441935872],[6.092568868256876,62.10381698159529],[6.053335761349318,62.127232752936244],[5.992270837340913,62.16367856134247],[5.992270837340913,62.28150981420259],[6.016388408713567,62.29568861576212],[6.051666278113885,62.306663530486844],[6.053335761349318,62.307103181691154],[6.166816240799249,62.33698777615568],[6.29242992412054,62.370067597491015],[6.545238875616848,62.41154744999387],[6.545238875616848,61.87290546078304],[6.526457772882793,61.85749435260442],[6.504304884223302,61.830688485081225],[6.422777173023633,61.82888793642388],[6.383610710085179,61.831939709216726],[6.053335761349318,61.86010729214274],[5.992270837340913,61.86531522970344]]],[[[6.255694403187078,62.4561081012053],[6.369999897120294,62.484161360096266],[6.436666500374827,62.49333189339666],[6.505138414209341,62.49707793898307],[6.545238875616848,62.49488245406976],[6.545238875616848,62.43511257640407],[6.515832917523028,62.429992673709364],[6.383888256600187,62.41944122164068],[6.255694403187078,62.4561081012053]]],[[[6.252985488803461,62.577770223170035],[6.297638421877195,62.599720013905085],[6.332360733669248,62.60777664452286],[6.545238875616848,62.610865204382556],[6.545238875616848,62.53034338957559],[6.499444006799024,62.53110504882579],[6.458888069117279,62.530273454580765],[6.314722069972277,62.52416228217692],[6.26749990557272,62.529441821620026],[6.252985488803461,62.577770223170035]]],[[[6.545238875616848,61.784302419950905],[6.545238875616848,61.814291094603945],[6.738888755171729,61.857772828275074],[6.763610836443092,61.868049637439924],[6.687777532654991,61.8819427588428],[6.651666636561231,61.88499449292033],[6.604443543004606,61.882217401746914],[6.567499155640519,61.87971495347665],[6.545415876219579,61.873050701213],[6.545238875616848,61.87290546078304],[6.545238875616848,62.41154744999387],[6.551476951651523,62.41257096784119],[6.694832804560349,62.408660887579856],[6.753100161074547,62.33698777615568],[6.75929115343024,62.32937240261754],[6.767041201420625,62.316955554574236],[6.772582530449142,62.27511978250965],[6.784124849516786,62.25878906015322],[6.784707546210313,62.321037296329166],[6.775706368482624,62.33698777615568],[6.748707761638116,62.38483048594827],[6.712874412059875,62.412452694078695],[6.681207667112062,62.430786133861375],[6.639957921215512,62.447456346438116],[6.574641226161646,62.442539216385796],[6.561641216847079,62.43743896525433],[6.547777170270194,62.43555452159063],[6.545238875616848,62.43511257640407],[6.545238875616848,62.49488245406976],[6.588888162266471,62.49249267233279],[6.632266061592816,62.49850845143078],[6.631943722037079,62.512771609043284],[6.549443726950244,62.530273454580765],[6.545238875616848,62.53034338957559],[6.545238875616848,62.610865204382556],[6.552429684556557,62.610969532819695],[6.735833149612404,62.64943696104223],[6.75722219495367,62.65277100355752],[6.793534332574775,62.65228371276844],[6.9641666296788,62.64999391238359],[7.089999189041635,62.64777373383629],[7.098206913892782,62.64592194044994],[7.098206913892782,61.784302419950905],[6.545238875616848,61.784302419950905]]],[[[6.938332542749379,62.906105040566445],[6.949443811056597,62.93138887381696],[7.036388383150324,62.96749876332609],[7.090277664712062,62.983886706179646],[7.098206913892782,62.985515675662704],[7.098206913892782,62.728976027550814],[6.979027273044949,62.72152329008901],[6.954582699574132,62.72402573835876],[6.938332542749379,62.906105040566445]]],[[[7.098206913892782,61.784302419950905],[7.098206913892782,62.64592194044994],[7.363332757934472,62.586105329458405],[7.516874324045091,62.537284862598824],[7.533732903800232,62.539327758767804],[7.681388869140676,62.557220476321845],[7.772638799766298,62.57485581054448],[7.73069381320704,62.57929992297562],[7.606666564424188,62.568603522635954],[7.583888044339631,62.56610870118516],[7.551666245076376,62.56082916174148],[7.533732903800232,62.56046226120484],[7.524443612560162,62.560272210400115],[7.497777002230464,62.56249238894742],[7.474444395701482,62.56610870118516],[7.453749661867505,62.57402421629894],[7.418888092883037,62.59555054437777],[7.411943893785178,62.61700819237342],[7.522777559173562,62.666664124960334],[7.533732903800232,62.670161935498626],[7.601943976321877,62.69194029267726],[7.630277646623767,62.699165329050004],[7.785694132553942,62.72472001115216],[7.824999813969896,62.72972107492518],[7.863055239121991,62.73194121475791],[7.996804707331592,62.73603821014973],[8.075693113386649,62.714160932264804],[8.114999762674245,62.69749451373991],[8.137984284293225,62.69364165397673],[8.121805207871319,62.71930315025634],[8.046388630360742,62.75388337867417],[7.999721520276353,62.76388550622022],[7.692499169576593,62.731666571853566],[7.669444070846907,62.72888185386137],[7.556388871894171,62.69944001066824],[7.533732903800232,62.69103953977996],[7.531666287328278,62.69027327142021],[7.484860423344173,62.679645551163844],[7.389999406979484,62.68332671071812],[7.367776870366129,62.72610472397281],[7.326665878370022,62.74472047219257],[7.203332902380168,62.73554993889201],[7.098206913892782,62.728976027550814],[7.098206913892782,62.776883009420715],[8.204142990444652,62.776883009420715],[8.204142990444652,61.784302419950905],[7.098206913892782,61.784302419950905]]],[[[7.098206913892782,62.776883009420715],[7.098206913892782,62.985515675662704],[7.110554704396577,62.988052381655336],[7.265138628210764,63.011383052443875],[7.298054700267755,63.00193787623937],[7.381110175531148,62.957221992875816],[7.445138441511688,62.91471862252541],[7.467360513547021,62.91124725855866],[7.520833030115398,62.91749571369951],[7.533732903800232,62.92122851005881],[7.575555338369952,62.93333053797886],[7.60590217909845,62.95464707047057],[7.648888594206994,62.96916199053146],[7.681666376941223,62.97444152997514],[7.71861076430605,62.97721862114906],[7.747499450209602,62.97694397824489],[7.964166646368881,62.973052984388175],[7.98458290453118,62.97263335449895],[8.010971077904344,62.9669418506993],[8.056388860880986,62.95166014499438],[8.083888072041987,62.94069289580307],[8.109373106190958,62.904022222186086],[8.1497907545496,62.82103728531632],[8.179860126192693,62.80068970723681],[8.204142990444652,62.79454514585293],[8.204142990444652,62.776883009420715],[7.098206913892782,62.776883009420715]]],[[[7.880902304672418,63.0025634689498],[7.974860685104318,63.080551136098165],[8.038331999742752,63.1031913668603],[8.070554728161255,63.1084671122523],[8.098054868478016,63.10374831820167],[8.204142990444652,63.019678925258205],[8.204142990444652,62.90828887653569],[8.153610242141212,62.94409178563507],[8.006109232610527,62.99582670383535],[7.967777267528106,63.00416564289071],[7.946110249807816,62.99694060651865],[7.900833117758566,62.994720466685976],[7.880902304672418,63.0025634689498]]],[[[8.160970702939437,63.118049609908496],[8.204142990444652,63.13251225370272],[8.204142990444652,63.058469141240536],[8.160970702939437,63.118049609908496]]],[[[11.701873796716143,57.69992448185508],[11.723054904782032,57.80722046479639],[11.725082828528988,57.813980062071664],[12.62788729665213,57.813980062071664],[12.62788729665213,56.72926696484945],[12.613609298377469,56.74694062803053],[12.599372853987347,56.78367614896433],[12.349998490918836,56.96999360078246],[12.245694156660647,57.053882606033255],[12.148054113381932,57.18610763965256],[12.109998688229837,57.25000001662943],[12.142360673841836,57.27985382417779],[12.14583207652339,57.30916597273773],[12.09499932967799,57.42694093361206],[12.04763794679917,57.45728684518565],[12.009581553776854,57.42551804798387],[11.98604011953131,57.34499359252317],[11.94277762907035,57.37610625102582],[11.917776104257598,57.402221678521926],[11.902776706989869,57.42430495794264],[11.906665803820943,57.51499940839034],[11.911111813278808,57.52664947078995],[11.914582248090824,57.531524672696094],[11.922222152429697,57.56388855533356],[11.887777309723617,57.693885822301354],[11.745971675474323,57.6887473983615],[11.701873796716143,57.69992448185508]]],[[[10.559582700699934,59.724788679881215],[10.58444403916451,59.78999329554324],[10.585638824031776,59.79157974062434],[10.585641564248363,59.79158337806598],[10.820741334244019,59.77063278873027],[10.956016838470871,59.799141241011284],[11.52195122010026,59.799141241011284],[11.52195122010026,58.23182708742951],[11.495277408186269,58.23610687320149],[11.405553809176752,58.26110839801498],[11.238332750017108,58.34693910614148],[11.234725759927512,58.352064490911644],[11.201387394781875,58.399436938503925],[11.234725759927512,58.50270717040842],[11.235553723102385,58.50527190172335],[11.249999033924553,58.655273423783115],[11.234725759927512,58.81326163297569],[11.232221616327706,58.8391647342342],[11.194166191176294,58.917495724369985],[11.166666012145129,58.9244384910196],[11.119442957303477,58.941246025048486],[11.11333275277019,59.003608702219935],[11.12333201542026,59.021106714989855],[11.1694431420338,59.066520703913795],[11.195415479570272,59.07721710425329],[11.234725759927512,59.08656014217],[11.265554414662745,59.093887316830035],[11.319998750538446,59.10027313213823],[11.344165816210477,59.088191980263616],[11.429191604600021,58.987640389254864],[11.432776441692965,58.99513627447942],[11.385831823807337,59.07611082838952],[11.354928960892323,59.10672758881509],[11.298332197397485,59.113883983818084],[11.234725759927512,59.109235479815126],[11.203332891710602,59.106941217168526],[11.06416513015688,59.11666107499201],[10.900276177771048,59.14249419405087],[10.79749871713824,59.186386109987666],[10.764720934403613,59.22027585966424],[10.659166343881736,59.36388397831223],[10.662081724377686,59.43558501751096],[10.691463482176175,59.47926330509421],[10.673887265477902,59.49527741768577],[10.65763854110179,59.51360702470123],[10.559582700699934,59.724788679881215]]],[[[11.52195122010026,58.23182708742951],[11.52195122010026,59.799141241011284],[12.62788729665213,59.799141241011284],[12.62788729665213,57.813980062071664],[11.725082828528988,57.813980062071664],[11.74930478883391,57.89471815546631],[11.798679342138257,58.03909302104313],[11.880485529008183,58.202079763358824],[11.79805374942839,58.31832885719405],[11.729165070600516,58.328609460411485],[11.62277602093718,58.27610779528163],[11.601109506509431,58.25902174686746],[11.52861024523628,58.23075865367417],[11.52195122010026,58.23182708742951]]],[[[10.956016838470871,59.799141241011284],[11.012588734101712,59.81106340826733],[11.234725759927512,59.86454495931063],[11.278555365362365,59.8750973436849],[11.422054679133396,59.9324104040694],[11.681828450188448,60.19633128145301],[11.939147815689637,60.35913408800093],[12.003831384472448,60.67169792971106],[12.140057889846162,60.882729956757146],[12.1871312144306,61.16497736141173],[12.192381595011966,61.196458169398454],[12.30081145926846,61.38776648945441],[12.320600886843863,61.44931384899343],[12.257627545358105,61.56906662715511],[12.126539698333659,61.702626059037755],[11.987606402854508,61.784302419950905],[12.62788729665213,61.784302419950905],[12.62788729665213,59.799141241011284],[10.956016838470871,59.799141241011284]]],[[[12.46006870013764,56.29666138023174],[12.62788729665213,56.258244104223856],[12.62788729665213,56.103019194299556],[12.620624539162918,56.10798263436175],[12.581109991314179,56.141662588450686],[12.46006870013764,56.29666138023174]]],[[[12.624304769561206,56.418331129015144],[12.62788729665213,56.425743206056765],[12.62788729665213,56.40688856957846],[12.624304769561206,56.418331129015144]]],[[[12.916734692399814,55.54589844387391],[12.9211788048313,55.572425835725596],[12.960277555556559,55.59111022531454],[12.98194314082832,55.5991592291133],[13.038748732040744,55.62694167786697],[13.06110859010596,55.68075941444772],[12.928054827138226,55.82305146164424],[12.922180328910105,55.828818883132044],[14.216518905827328,55.828818883132044],[14.20472048078085,55.80436707205604],[14.195520044829337,55.77486139061575],[14.194998725932066,55.77318952752222],[14.19256782264182,55.72867585164141],[14.195520044829337,55.72410531436394],[14.210555074540252,55.70082855557109],[14.276943202124755,55.64721678181098],[14.341388697676734,55.578605649498115],[14.36593629127293,55.542842877029216],[14.336666109574253,55.50110625360787],[14.31249807603217,55.48666380768191],[14.195520044829337,55.38781442013077],[14.1935463008985,55.38614655671536],[14.16305540233958,55.38027189312169],[14.122499464659256,55.37944029887609],[14.058886531222868,55.38610838390673],[14.037498492466284,55.38944242642208],[14.004720671017026,55.40583036927637],[13.969444272780379,55.42110444816194],[13.9358329600596,55.43138884543106],[13.911943440904167,55.43388366688197],[13.891387925548372,55.43360902397836],[13.7305545787234,55.42555235464545],[13.71027753903843,55.424163809058484],[13.63694381862274,55.416664129782646],[13.497776018354273,55.382217390050016],[13.465831765606367,55.37360380809105],[13.455321473603881,55.3688208943387],[13.424027429971943,55.354579928281964],[13.375555048022079,55.33999632813743],[13.344720826476305,55.33916473389189],[13.29541588240994,55.341384873724564],[12.982221616499146,55.400550829832696],[12.916734692399814,55.54589844387391]]],[[[12.62788729665213,56.103019194299556],[12.62788729665213,56.258244104223856],[12.637221348448577,56.256107339576886],[12.715122902378425,56.22423425761152],[12.718681347434654,56.22277833529387],[12.799234374429147,56.22589874945527],[12.830368055076008,56.253364549729724],[12.734026893871203,56.35673140472039],[12.715122902378425,56.36359934044895],[12.669998163312073,56.37999343414043],[12.632568369585044,56.39193726456307],[12.62788729665213,56.40688856957846],[12.62788729665213,56.425743206056765],[12.634373680164629,56.439163223015726],[12.676249522064325,56.46499634207407],[12.715122902378425,56.46627115074019],[12.731387124149308,56.46680451755043],[12.794373497004472,56.4479102936599],[12.832777007065545,56.43972013564252],[12.852649670498636,56.43991851035884],[12.872360234997245,56.44249343276408],[12.883609753911685,56.44638825938796],[12.901109702422048,56.45722198117943],[12.914443007587806,56.47263717556905],[12.916833749472303,56.476935702435924],[12.930276863996937,56.50110627029744],[12.934790624382288,56.53631592419197],[12.917221066631726,56.578605666188196],[12.880207070027666,56.64298248165636],[12.817498204972878,56.65749740171725],[12.784999865779128,56.643608074366796],[12.75805474106403,56.63999938894716],[12.721943844970212,56.641521461934644],[12.715122902378425,56.64613722877719],[12.670831693298624,56.67610931717053],[12.62788729665213,56.72926696484945],[12.62788729665213,57.813980062071664],[13.733823373204,57.813980062071664],[13.733823373204,55.828818883132044],[12.922180328910105,55.828818883132044],[12.912776954200297,55.83805085891163],[12.715122902378425,56.02930181729435],[12.681388836444967,56.06194305272794],[12.66361045097733,56.07860563848567],[12.62788729665213,56.103019194299556]]],[[[13.733823373204,55.828818883132044],[13.733823373204,57.813980062071664],[14.839759449755869,57.813980062071664],[14.839759449755869,56.161401989967196],[14.717222219403197,56.161659255438565],[14.692636491712506,56.158191685523434],[14.682464599698847,56.1231918272166],[14.712360374107618,56.10096739357721],[14.750831596382454,56.059715286076425],[14.767220507107027,56.03332900972856],[14.738332750359234,56.01082610041857],[14.719999310577123,56.00027464835006],[14.635276775340287,56.00749968472206],[14.62083243238908,56.02944184863827],[14.603610998263207,56.05194092518184],[14.55513668057199,56.056247716161295],[14.54138753956937,56.05110933093624],[14.511665362395377,56.037498479256044],[14.36944389230814,55.958885180682444],[14.330275532344046,55.93694305548087],[14.263610826114927,55.88610841160909],[14.23874855849482,55.85930250537143],[14.217222230415643,55.8302764980163],[14.216518905827328,55.828818883132044],[13.733823373204,55.828818883132044]]],[[[14.839759449755869,56.161401989967196],[14.839759449755869,57.813980062071664],[16.52338575668402,57.813980062071664],[16.59960745510091,57.7699966338904],[16.66055297643652,57.74110411522037],[16.69708059880918,57.71791076588329],[16.711387620308983,57.70263672571252],[16.65580736579987,57.648946117179875],[16.62555311812946,57.6197204689264],[16.632499678830698,57.55221557376342],[16.691247940790618,57.47874449318152],[16.665830618854557,57.408535019694625],[16.629928589192446,57.378673546612106],[16.600830068986966,57.37749479661278],[16.55235861619235,57.381381996417645],[16.472221386320996,57.290275581613685],[16.465970995439307,57.27055359624404],[16.455415710604143,57.202915173680765],[16.460901251583323,57.17068861249544],[16.513885496892385,57.117218031668926],[16.497219078367777,57.03791046030193],[16.42666624317809,56.84360505794899],[16.407775890769358,56.79555513206958],[16.37499617229446,56.72083282735343],[16.30430222160163,56.65666580747222],[16.281526566413845,56.65791319884005],[16.253608693233502,56.64611052263655],[16.21611021942317,56.60721587642041],[16.133952888890644,56.476935702435924],[16.120553962395036,56.45568848732148],[16.10416412251493,56.42555237133553],[16.090553270835244,56.39499662545961],[16.054721818282133,56.313606274427286],[16.04333114514924,56.26888276424506],[16.003469480262083,56.21305085065228],[15.865554801154019,56.092216490166095],[15.78861045957882,56.11193847553568],[15.775833137885684,56.14777376085476],[15.658887874230174,56.17888641935741],[15.598054896864483,56.1947174108696],[15.375276567016328,56.13805390303139],[15.225831996298098,56.15110780337005],[15.088888168628387,56.159996028233365],[14.84805487466781,56.16138457382033],[14.839759449755869,56.161401989967196]]],[[[12.62788729665213,57.813980062071664],[12.62788729665213,61.784302419950905],[14.839759449755869,61.784302419950905],[14.839759449755869,57.813980062071664],[12.62788729665213,57.813980062071664]]],[[[14.839759449755869,57.813980062071664],[14.839759449755869,59.799141241011284],[15.945695526307738,59.799141241011284],[15.945695526307738,57.813980062071664],[14.839759449755869,57.813980062071664]]],[[[15.945695526307738,57.813980062071664],[15.945695526307738,58.806560651541474],[17.051631602859608,58.806560651541474],[17.051631602859608,58.64347915833547],[17.034442898261204,58.63721466561947],[16.90728950552426,58.6166610860048],[16.789718610444254,58.62360381393904],[16.736122129036403,58.62899016756012],[16.677776346303347,58.63693998400066],[16.461387625814666,58.65554810540209],[16.436386101001915,58.657493602330476],[16.41277695454187,58.65888214791744],[16.298332203416578,58.66305541149654],[16.237915023173286,58.66388700574231],[16.19360734882872,58.62749480779593],[16.293331139643158,58.61360931321195],[16.370552059862973,58.60527037415727],[16.41166305185908,58.613327043489505],[16.43458175829179,58.63957975372249],[16.649440778974395,58.62055207986151],[16.719024659751767,58.603610979717814],[16.77749634306616,58.58138275202663],[16.933608998815203,58.4883270075278],[16.826387387035936,58.442703261730856],[16.76999662507592,58.36721800413744],[16.788887016199624,58.32221985105093],[16.824718468751826,58.19943999363636],[16.825832371434444,58.176666274189756],[16.746942532931428,58.01096724930221],[16.639251697582438,57.98749542429505],[16.655502318984247,57.97774505919659],[16.671943649569926,57.9802703879223],[16.735622398192675,57.96506119506802],[16.742561332075468,57.95033264665335],[16.7761783745882,57.920272837569144],[16.763608951455808,57.88124083118623],[16.73708152088966,57.87263487604554],[16.659164430849557,57.883331315100236],[16.617914181661206,57.891246791498816],[16.603469838708918,57.927776349611804],[16.506212220381997,57.99197387676793],[16.419233308244543,57.88909149898353],[16.468252188536496,57.84579466848112],[16.52338575668402,57.813980062071664],[15.945695526307738,57.813980062071664]]],[[[15.945695526307738,58.806560651541474],[15.945695526307738,59.799141241011284],[17.051631602859608,59.799141241011284],[17.051631602859608,59.52725360077593],[16.94471929925095,59.54485704337071],[16.864963526461167,59.584732064869115],[16.786941519270556,59.558883653458565],[16.659858703643465,59.55027390426585],[16.61972046011124,59.58346938114909],[16.558609007075063,59.60985565749695],[16.537914273241086,59.60819243029101],[16.49909399818648,59.592910763301234],[16.521663651839333,59.571662910893224],[16.543018357139374,59.554367066891416],[16.480833071254665,59.49975587015865],[16.32999801920795,59.4677734446027],[16.173332206169164,59.4651336748808],[16.09666444323892,59.472217557034355],[16.066387173033604,59.48249816025111],[16.032463083315633,59.49016570696881],[16.07159423834247,59.45534134292183],[16.107219689360136,59.44541548356301],[16.17527770309823,59.43971635294474],[16.276416791437555,59.44398497111604],[16.309305182400692,59.45110702607781],[16.33499908298154,59.45333099867679],[16.66472054893819,59.47360610262132],[16.689373020971175,59.46367265515835],[16.749999996801762,59.42416383710315],[16.811943044083307,59.388118756196434],[16.85992812264635,59.38821794355431],[16.86801146648685,59.397926341792754],[16.85437204327252,59.40714646877194],[16.800554267977475,59.42554854992312],[16.7266654932464,59.453605641581134],[16.69541551329189,59.47047806164113],[16.836734773309274,59.48964692843583],[16.928178781307906,59.453315745039674],[16.949220670895553,59.44152448970641],[16.96442796672426,59.427814489382854],[17.051631602859608,59.396204097643306],[17.051631602859608,58.806560651541474],[15.945695526307738,58.806560651541474]]],[[[14.839759449755869,59.799141241011284],[14.839759449755869,61.784302419950905],[17.051631602859608,61.784302419950905],[17.051631602859608,59.799141241011284],[14.839759449755869,59.799141241011284]]],[[[8.204142990444652,58.15502680692966],[8.204142990444652,59.799141241011284],[10.41601514354839,59.799141241011284],[10.41601514354839,59.64724236971262],[10.413331986148478,59.667079910728546],[10.377637855048192,59.70082854490062],[10.278332726252017,59.73499680896248],[10.230901734135216,59.729091638093905],[10.26604081091989,59.69464493707642],[10.30550955914049,59.68526456947376],[10.323887830680292,59.68152235665377],[10.380970968407382,59.654090896421565],[10.41601514354839,59.57044772902347],[10.41601514354839,59.25550253788755],[10.369650833669539,59.265480053000715],[10.32722090532502,59.20527650111154],[10.23110963269579,59.038604727760344],[9.95472146482797,58.95194242538798],[9.877498608867313,58.954994198180145],[9.838887200245097,58.96686934851914],[9.82161330754434,59.01705931327689],[9.78694345432723,59.036109906308866],[9.754328617476599,59.05152567488106],[9.614166277080358,59.1177749776748],[9.551595701346685,59.11402130527006],[9.62638854445737,59.05777738860684],[9.684165954979449,59.031944269548035],[9.693054218556881,58.98305512260458],[9.605693810624643,58.92513655786496],[9.507499680900253,58.8919372482153],[9.409442911342808,58.841384874066875],[9.394439699326272,58.82095653192383],[9.348709121335162,58.75868987245303],[9.339998249043788,58.75083161655243],[9.183888419476716,58.655277256549596],[9.064165096776719,58.61638640438582],[9.030553822771424,58.60721587108566],[8.713532442450571,58.41797637982171],[8.691944131951118,58.377220170398004],[8.510276794099411,58.27027130449653],[8.273931475025687,58.178842828675776],[8.24388885675188,58.16722105926988],[8.204142990444652,58.15502680692966]]],[[[8.204142990444652,59.799141241011284],[8.204142990444652,61.784302419950905],[9.722131766176187,61.784302419950905],[9.548449813249135,61.69919986715519],[9.351407575098733,61.466415129953134],[9.35251940266761,61.16497736141173],[9.353673510272642,60.85207666452692],[9.314733177938535,60.56630020489058],[9.234810864029669,60.37610349540017],[9.222540466223961,60.2404052139712],[9.422757259038292,60.03710142712771],[9.754328617476599,59.85886024067568],[9.780553596465552,59.84476260753968],[10.136491133919492,59.81106340826733],[10.329140010557126,59.8144330410924],[10.41601514354839,59.8066946137336],[10.41601514354839,59.799141241011284],[8.204142990444652,59.799141241011284]]],[[[10.41601514354839,59.64724236971262],[10.41601514354839,59.8066946137336],[10.481862028144715,59.80082928362465],[10.481862702262779,59.80082589233517],[10.481862702302749,59.80082589213333],[10.482082375654443,59.799720780185226],[10.49250030032266,59.78028869135761],[10.49166487331064,59.763053900620605],[10.492637621774634,59.73249815474452],[10.52284621189608,59.677913671234876],[10.555574400951286,59.66689299559755],[10.576073663679836,59.64943311692065],[10.592294706961923,59.631000528494724],[10.595981596309514,59.59487151386742],[10.589304916589356,59.56221769597386],[10.558053968765478,59.54305266194564],[10.513053879937274,59.5249939037825],[10.478749262294137,59.51568984308159],[10.458838464767382,59.52408600263499],[10.438930493422731,59.536621085725415],[10.426040666474364,59.57312009784869],[10.41601514354839,59.64724236971262]]],[[[10.41601514354839,59.25550253788755],[10.41601514354839,59.57044772902347],[10.479166027287022,59.41971968595686],[10.515693649659568,59.306243889243206],[10.459999096233332,59.245132436206575],[10.43708228682658,59.25096892699162],[10.41601514354839,59.25550253788755]]],[[[8.204142990444652,61.784302419950905],[8.204142990444652,62.79454514585293],[8.214443219507302,62.79193876511107],[8.273931475025687,62.78347390352829],[8.286664972979679,62.78166199466148],[8.306943909690517,62.77666472494025],[8.49277688430277,62.71527479623279],[8.526248939830225,62.69319151681276],[8.541110047774623,62.67971802529917],[8.548332219251336,62.65388490624031],[8.5697212258778,62.675548555771854],[8.560068112396948,62.70926284990202],[8.338985452770487,62.81275177270754],[8.273931475025687,62.85884310416974],[8.204142990444652,62.90828887653569],[8.204142990444652,63.019678925258205],[8.273931475025687,62.96437513229431],[8.307498925290929,62.93777465041052],[8.360887508137694,62.89477158793193],[8.375555042002816,62.88510895060608],[8.49694441808964,62.846107490213285],[8.531769750006163,62.84721756012965],[8.656839356492299,62.971694946076525],[8.515275960846282,62.98305511193411],[8.430555361350457,62.978607166736026],[8.381943683492977,62.97082901178902],[8.273931475025687,63.0103672026183],[8.226387011214058,63.02777099529817],[8.204142990444652,63.058469141240536],[8.204142990444652,63.13251225370272],[8.24555491013814,63.14638517723705],[8.273931475025687,63.14904092802548],[8.63138769451541,63.182495105460305],[8.767841353900849,63.1928482215273],[8.804164871762623,63.19554900579925],[8.937053568252338,63.20763198747494],[9.5516277350481,63.19069074069637],[10.41601514354839,63.16975760613736],[10.41601514354839,61.95834518819576],[10.23284396206941,61.94284825408391],[9.996306260740312,61.91864538999272],[9.722131766176187,61.784302419950905],[8.204142990444652,61.784302419950905]]],[[[10.41601514354839,61.95834518819576],[10.41601514354839,63.16975760613736],[10.466742716173712,63.16852912097761],[11.234725759927512,63.182215145972286],[11.710328649470625,63.19069074069637],[12.461252058149398,63.37920781645437],[12.62788729665213,63.434753022467454],[12.62788729665213,61.784302419950905],[11.987606402854508,61.784302419950905],[11.951632505986481,61.80545082051185],[11.554540124341145,61.94953254278141],[11.278864162666366,61.99415937041255],[11.234725759927512,61.99500514228902],[10.920498792836725,62.00102630107824],[10.41601514354839,61.95834518819576]]],[[[12.62788729665213,61.784302419950905],[12.62788729665213,63.434753022467454],[12.827607081085773,63.501326435575834],[13.112273870208298,63.7236370958704],[13.268791987194163,63.91288306980209],[13.803223195757482,64.40390702712983],[13.977879788578093,64.68368157097478],[14.156708093130703,64.91913426562883],[14.195520044829337,64.96421443679527],[14.389584632282265,65.18962090147534],[14.735840187538201,65.49513789916],[15.15759941526835,65.79015546264708],[15.24021549338067,65.85301902038753],[15.576326226896128,66.10876968038389],[16.058203377741847,66.6113608304999],[16.46276789521778,66.92093803832267],[17.051631602859608,67.41289936744873],[17.051631602859608,65.54914282432368],[16.907213284804584,65.52769364685895],[16.681472670057644,65.47103449052463],[16.54511820772791,65.2729601733468],[16.6182014859761,65.00472130072575],[16.749923012931447,64.77330351588353],[17.00052304555004,64.52131631395451],[17.051631602859608,64.49119269586163],[17.051631602859608,61.784302419950905],[12.62788729665213,61.784302419950905]]],[[[21.32833100396948,60.86527252957649],[21.443579938416324,61.16497736141173],[21.444442737639122,61.167221070624464],[21.475375909067086,61.20996718191218],[21.475375909067086,60.55362891916966],[21.452774049875472,60.56249235556777],[21.4241638009276,60.579299928311116],[21.35860823545977,60.65361022995705],[21.32833100396948,60.86527252957649]]],[[[21.475375909067086,60.55362891916966],[21.475375909067086,61.20996718191218],[21.49388883592303,61.235549933214884],[21.544441210072364,61.276382449540336],[21.554443376333097,61.30944060497069],[21.53055192143654,61.44721985965259],[21.51180268453095,61.512702950985215],[21.5975057570839,61.54267794867653],[21.60333252327621,61.54471588381631],[21.5975057570839,61.55771835337985],[21.495967170707853,61.784302419950905],[22.581311985618953,61.784302419950905],[22.581311985618953,60.38408351600751],[22.48360824939624,60.39193725389259],[22.276943219498776,60.385826120203376],[22.08361052689463,60.44388580044773],[22.01444244324074,60.465271013022516],[21.869720460624592,60.5241622875119],[21.824443831867995,60.619163528939055],[21.77069283962919,60.60138320773132],[21.66416550064224,60.55249785484045],[21.588054650338734,60.509441365915166],[21.475375909067086,60.55362891916966]]],[[[22.449302663882747,60.24235536172205],[22.46277619411063,60.26388548385319],[22.484163264996823,60.2831916721002],[22.53610991452524,60.312492361073964],[22.581311985618953,60.34643774410444],[22.581311985618953,60.21361097307749],[22.565473553789843,60.21193693729896],[22.449302663882747,60.24235536172205]]],[[[22.581311985618953,60.21361097307749],[22.581311985618953,60.34643774410444],[22.626594530671355,60.38044356063466],[22.581311985618953,60.38408351600751],[22.581311985618953,60.791721830481094],[23.13428002389489,60.791721830481094],[23.13428002389489,59.92636578409722],[23.109231931315094,59.925651559035714],[23.077902899534813,59.960624112796644],[22.99124717485239,60.05735777540718],[22.9980525813354,60.0862465000248],[23.017288192472904,60.101219184069066],[22.96749877120061,60.111938464865204],[22.90610884249338,60.12638853760927],[22.874443065416415,60.145553571636924],[22.86972047731399,60.17916109030574],[22.90430260275798,60.215831763922154],[22.92680357632662,60.230968482641515],[22.967775349845226,60.25027467088762],[23.01721955110372,60.28221892363587],[23.077902899534813,60.33890113311733],[23.084650036391395,60.34520339946539],[23.077902899534813,60.34752031067289],[23.061388006970844,60.35319138871466],[22.91916657559932,60.304161087552245],[22.80110930628689,60.25846862295754],[22.760555265632036,60.24416349848377],[22.734582889380363,60.23735425923451],[22.69916533692458,60.229164139931754],[22.662776933030727,60.222221373282196],[22.581311985618953,60.21361097307749]]],[[[22.900276184475274,59.806800829571614],[22.9347190914404,59.84055329651068],[23.077902899534813,59.87687310470211],[23.08694075333341,59.87916563428905],[23.114997844990683,59.88443754691457],[23.13428002389489,59.8846140849844],[23.13428002389489,59.82351626229478],[23.077902899534813,59.81948911457061],[22.900276184475274,59.806800829571614]]],[[[23.13428002389489,59.82351626229478],[23.13428002389489,59.8846140849844],[23.160831463804584,59.88485717680385],[23.251611706284393,59.928634651744915],[23.275278073241566,59.95213698402756],[23.325576787917214,59.99999999477524],[23.335693356458137,60.02395250293699],[23.31423377272182,60.01774597594175],[23.297008505830433,59.99999999477524],[23.280273445936814,59.97943878834178],[23.2505493330209,59.94527435704674],[23.227495202162345,59.92902373564459],[23.13428002389489,59.92636578409722],[23.13428002389489,60.791721830481094],[23.687248062170823,60.791721830481094],[23.687248062170823,59.95399748301288],[23.623188030710594,59.952079763529696],[23.43159483350047,59.953815464870445],[23.274679193754594,59.85906602460557],[23.193885786467888,59.82777403907602],[23.13428002389489,59.82351626229478]]],[[[22.581311985618953,60.791721830481094],[22.581311985618953,61.784302419950905],[23.687248062170823,61.784302419950905],[23.687248062170823,60.791721830481094],[22.581311985618953,60.791721830481094]]],[[[23.687248062170823,59.95399748301288],[23.687248062170823,61.784302419950905],[25.899120215274564,61.784302419950905],[25.899120215274564,60.24218747630761],[25.774860362744846,60.23360825236341],[25.720554354906483,60.248054492340486],[25.674163823465847,60.27527619570088],[25.651178372690424,60.29520414389117],[25.367774964037665,60.25582885323564],[25.194650631035472,60.20860672754998],[25.191663744274933,60.184303269582074],[25.065830217041366,60.156105023706175],[24.954156866010862,60.136119855018194],[24.85083008085462,60.13665771995534],[24.751110084091806,60.136939989677785],[24.603332534630965,60.12194063112594],[24.60847091985596,60.09249878793264],[24.5893039888021,60.054859159903856],[24.558300041985724,60.0377533267801],[24.47249794362483,59.99041366435188],[24.421104412671355,59.98722077605521],[24.421386721108433,60.02722169813586],[24.36083221941317,60.06930160582982],[24.33305360342615,60.07193754278455],[24.287914257406555,60.06526945775374],[24.07416534535463,60.01527403494674],[23.797218329119517,59.9619369428047],[23.701938612021763,59.95443726352852],[23.687248062170823,59.95399748301288]]],[[[17.60015520951268,59.799141241011284],[18.94437470094453,59.799141241011284],[18.95360945451978,59.719993578928836],[18.645553573834377,59.58055113575654],[18.63671147218207,59.57686097466323],[18.373331081442586,59.46694185035716],[18.259443281657582,59.44638443797538],[18.08888624424179,59.36721802082752],[18.091388692512453,59.334442135119104],[17.932149892808525,59.336521159447614],[17.897777562952342,59.34388731132367],[17.896512900956616,59.344287625612],[17.859165186459563,59.356109617417076],[17.83277511605951,59.36499788099502],[17.80874823673622,59.374443057199585],[17.782775860485117,59.389160146029155],[17.766757888611878,59.4069617392958],[17.759651191231853,59.414859776402466],[17.784650819018623,59.49339676807409],[17.80916403385828,59.51818845858509],[17.843469619372456,59.53068924034915],[17.817707077423677,59.58645247385829],[17.751941677653576,59.638610854714784],[17.710590344079378,59.66940307068609],[17.720691697699067,59.65860748298803],[17.718261723564297,59.622844710519246],[17.642498029015258,59.637496952032166],[17.603961959424282,59.65062712055777],[17.628051750322697,59.66221616840767],[17.65333937762489,59.68212890167473],[17.654163345051415,59.71804808200045],[17.62967490769421,59.78647996471523],[17.60015520951268,59.799141241011284]]],[[[17.051631602859608,59.52725360077593],[17.051631602859608,59.799141241011284],[17.582757810096368,59.799141241011284],[17.448055266495146,59.73554992753759],[17.444721223980366,59.676109328525115],[17.5236778068259,59.57853699745914],[17.54315186251398,59.57300569556759],[17.521663668528902,59.61138152453606],[17.51444242620886,59.64652253706157],[17.510137570969846,59.6967315495088],[17.537498492807742,59.73221588502207],[17.588886255254806,59.736938473123814],[17.612567914563897,59.732425680609026],[17.616107958615203,59.69554900545694],[17.56117058955823,59.66844940862603],[17.589706428629313,59.639427195322696],[17.694164267132066,59.607498157497446],[17.742221819830092,59.59055330201727],[17.762359602321567,59.576801296118276],[17.78583146604427,59.532634737277476],[17.731386201012754,59.444854738169965],[17.547914520450433,59.490135199694066],[17.522661194475347,59.50749205824485],[17.546081528778018,59.53698728916885],[17.442775727051128,59.55874633200642],[17.4054832547763,59.54964827284152],[17.418956746289325,59.488468178436506],[17.404443723254417,59.46916199018966],[17.15631432973116,59.510017264910466],[17.051631602859608,59.52725360077593]]],[[[17.051631602859608,59.799141241011284],[17.051631602859608,61.784302419950905],[17.335356633226255,61.784302419950905],[17.333192821220223,61.71346664278184],[17.22735975502735,61.72277449753443],[17.15631432973116,61.71781143437683],[17.14878083521012,61.71728516250289],[17.153955457502548,61.428260788445414],[17.15631432973116,61.423937644194666],[17.209163675412185,61.32707977195997],[17.20360945434885,61.27888489781009],[17.18111037780568,61.1902770985094],[17.177876678048136,61.16497736141173],[17.16275405756761,61.046661391757254],[17.15631432973116,60.98143061731021],[17.152498231832112,60.94277571951909],[17.15631432973116,60.937795178082354],[17.283607465742932,60.771659833735725],[17.377098093769177,60.61898803467852],[17.401803953533204,60.630413047853494],[17.520553598612366,60.64305115106953],[17.55527498124934,60.64332579397313],[17.578331009133706,60.639999378276684],[17.609165191965246,60.632217390563255],[17.635829943984845,60.61860657759763],[17.650623339716503,60.600967410608575],[17.605899829533428,60.58096694956885],[17.608749394842107,60.553466809252825],[17.632082001371998,60.52041244787358],[17.657915120431028,60.50541305060625],[17.68791581199048,60.49735641998939],[17.73350525646032,60.49832533568639],[17.7284011725622,60.53673171064423],[17.773052208609954,60.57110597624137],[17.842498767933932,60.589996328650614],[17.885831835503893,60.59735489242246],[17.93722153369123,60.59805295926839],[17.96096993734318,60.59207914703114],[17.993331922955008,60.558883670148134],[18.12144281051809,60.45438386478486],[18.15756767941148,60.41957666186729],[18.15756767941148,59.799141241011284],[17.60015520951268,59.799141241011284],[17.59103965074371,59.80305098993409],[17.582757810096368,59.799141241011284],[17.051631602859608,59.799141241011284]]],[[[18.15756767941148,59.799141241011284],[18.15756767941148,60.41957666186729],[18.189943295886906,60.38838195620434],[18.20519255857556,60.379966748962374],[18.22356796521916,60.38971711406009],[18.31388854668944,60.353881828741066],[18.437845218362497,60.339996334157206],[18.5996151152994,60.235618596608276],[18.55694198048201,60.2244415131147],[18.53110886142298,60.22694396138445],[18.47083283539888,60.23499296518321],[18.44090078520702,60.24298095443248],[18.381526930538314,60.270549774831636],[18.354164111673697,60.290832505595006],[18.317081434985823,60.30818940286093],[18.396110530682336,60.208053570260404],[18.421665174070597,60.187217720922774],[18.50743103488088,60.15265654019464],[18.531665812764572,60.153053289627735],[18.63277625214107,60.14499665901019],[18.63671147218207,60.144148411570804],[18.711387614973052,60.1280517648148],[18.77666474348581,60.11083222771532],[18.816387189894783,60.09638215497108],[18.929721832389816,59.9247207774323],[18.93610764769835,59.86999510098866],[18.94437470094453,59.799141241011284],[18.15756767941148,59.799141241011284]]],[[[17.051631602859608,61.784302419950905],[17.051631602859608,63.769463598890525],[19.26350375596335,63.769463598890525],[19.26350375596335,63.38453595857977],[19.230552676703326,63.32749939651421],[19.05471993261068,63.217357642315676],[18.89749906525617,63.19166563876138],[18.737359991224594,63.17013168386302],[18.63671147218207,63.1390427980121],[18.56694410802811,63.11749265856707],[18.38222120333114,63.051666244246974],[18.289165497546776,62.997215288137625],[18.346664432397347,62.988052381655336],[18.36722184477918,62.991386424170685],[18.39624785213431,62.99333192109901],[18.532358188532328,62.985137930314636],[18.557220456152777,62.98054886961273],[18.575204843155007,62.961799632707084],[18.47041510253615,62.86041261468654],[18.20402716518737,62.77735899773364],[18.126110075148517,62.765831003148435],[18.082775110552745,62.78110504332011],[17.980760564081834,62.81846998972992],[17.9947204685418,62.73055266917095],[18.040138251517362,62.62499618162269],[18.04638670665895,62.5952758627588],[17.97805405001725,62.555274979393516],[17.83944130406377,62.48555373845039],[17.818609248778557,62.482494338838706],[17.658260340443803,62.467979418777816],[17.509164822506193,62.481662744592995],[17.474720018514176,62.50638579373566],[17.42999650833093,62.53360749709606],[17.405275356215327,62.53624726681727],[17.33083152716995,62.48777387828238],[17.359722148812693,62.36027526553255],[17.373888016094213,62.326801312978716],[17.46527480359447,62.26554870572363],[17.502496737475553,62.25849533084494],[17.509037024898305,62.202579483531906],[17.483253460804747,62.125144973672434],[17.463607782336737,62.00638580474845],[17.440345752917437,61.991733563235016],[17.40506552191232,61.989715592171706],[17.350830091183468,61.943470009002226],[17.33638764525824,61.818054214632184],[17.335356633226255,61.784302419950905],[17.051631602859608,61.784302419950905]]],[[[17.051631602859608,63.769463598890525],[17.051631602859608,64.49119269586163],[17.15631432973116,64.42949221650551],[17.593013441383448,64.17209975713251],[17.930173703246282,64.032661081296],[18.602363965610152,63.914249115405084],[18.87660657902228,63.900324983041],[19.19340547218968,63.96299465967172],[19.26350375596335,64.01502340185046],[19.26350375596335,63.769463598890525],[17.051631602859608,63.769463598890525]]],[[[17.051631602859608,65.54914282432368],[17.051631602859608,65.75462477783014],[18.590646086465043,65.75462477783014],[19.11354319992148,65.32244487699211],[19.26350375596335,65.24046020160921],[19.26350375596335,64.31121734325092],[18.99810207684112,64.58426971513967],[18.71820321321303,64.79432337737899],[18.417394576462243,65.00472130072575],[17.886121605674248,65.33098073078554],[17.58860729371503,65.48666337622649],[17.336626682132817,65.5914706267398],[17.15631432973116,65.56469042532332],[17.051631602859608,65.54914282432368]]],[[[19.26350375596335,63.38453595857977],[19.26350375596335,64.01502340185046],[19.352998309979228,64.08144855274753],[19.269840892248055,64.30469752732796],[19.26350375596335,64.31121734325092],[19.26350375596335,65.24046020160921],[19.604409791142075,65.054084054655],[20.117108614632986,64.88615198509719],[20.14066835343482,64.87843510432049],[20.467378161556553,64.79432337737899],[20.783818317619023,64.71726631513559],[20.987620548353448,64.68225469845208],[21.119165422827336,64.68436430116395],[21.27138518769368,64.61526489759359],[21.364650727780315,64.5990829562744],[21.46527479292382,64.5755462839507],[21.475375909067086,64.57065308130261],[21.475375909067086,64.3718263881519],[21.45805358931898,64.36109922762375],[21.390552526922136,64.33526610856546],[21.317775719133977,64.3084640350948],[21.272289294789857,64.29693604050959],[21.247774105494386,64.3072128109593],[20.96374703987152,64.14270020160575],[20.904998777912,64.04943849428571],[20.895553601708002,64.0024871787374],[20.79388810801663,63.88638307188711],[20.774024968428023,63.86708067769263],[20.728610979503912,63.84805296511655],[20.638332364893984,63.81333162119495],[20.53499984994454,63.799163818173156],[20.41569135649746,63.69444275763709],[20.380762114014374,63.67409134679133],[20.316665632528213,63.65999601790446],[20.26388549172742,63.665832508690244],[20.117108614632986,63.6568746237054],[20.099998475084988,63.65583038114363],[20.011943833072053,63.63582612605211],[19.89624785781183,63.607772828445945],[19.775276175873785,63.53333283216682],[19.689487453917295,63.50899819089963],[19.44721983414803,63.44027708766731],[19.358749395014286,63.43513486967578],[19.315553648895957,63.45124816962647],[19.309185022966574,63.46360779717122],[19.26350375596335,63.38453595857977]]],[[[17.051631602859608,65.75462477783014],[17.051631602859608,67.41289936744873],[17.303922000308432,67.62367329975933],[17.586836645129267,67.75089116175837],[17.852911116333075,67.8898484013049],[18.174415278820618,68.06380151143833],[18.70449937010403,68.2729233920191],[19.372048390137195,68.40092416042233],[20.117108614632986,68.64497354776283],[20.33323833364011,68.71576826176795],[20.89725646653062,68.93789134564292],[21.475375909067086,69.14924945602681],[21.475375909067086,66.31969607094841],[21.306696144538762,66.39544575847555],[20.843988548016284,66.53836933159602],[20.336731494649655,66.63852914603711],[20.117108614632986,66.66303029218801],[19.566511808501104,66.72445491614445],[19.18117491073241,66.72445491614445],[18.83267845834922,66.65284532694278],[18.519606253779898,66.52406841350472],[18.377170655666077,66.38116385043088],[18.37735559425215,66.13153683931586],[18.461740880157947,65.86116627107162],[18.471598288744175,65.85301902038753],[18.590646086465043,65.75462477783014],[17.051631602859608,65.75462477783014]]],[[[21.065969484904087,62.59798051851254],[21.10562325123061,62.76735307613569],[21.13388634442373,62.78985594673122],[21.298053733764505,62.8608322058617],[21.34583281079125,62.8545799179538],[21.37326241271313,62.86214827731311],[21.475375909067086,62.96693293420331],[21.475375909067086,61.815827478359594],[21.41055298796215,61.89054871398292],[21.36333082356225,61.92944336019906],[21.29960251997494,61.9418258682004],[21.284582139277802,61.94638442162761],[21.253330223581997,62.00555421050291],[21.285552990715985,62.06944275471278],[21.305831927426993,62.10888672545144],[21.333885186317445,62.15388487853778],[21.38027571775774,62.18235780603334],[21.38930509683985,62.2062454281633],[21.371665968564855,62.25999452337629],[21.332220062085526,62.35055161365722],[21.25916292031502,62.375831614141134],[21.15555192969549,62.41277313661004],[21.111663807810373,62.451660156007335],[21.065969484904087,62.59798051851254]]],[[[21.475375909067086,61.815827478359594],[21.475375909067086,62.96693293420331],[21.55124665526961,63.04478836362938],[21.569511414968986,63.07860563916995],[21.518608091014244,63.1252746462805],[21.501663196818527,63.15972138601313],[21.49687196734743,63.20353699504784],[21.538469333576302,63.230274182487335],[21.567428596588286,63.2213134834891],[21.5975057570839,63.2094385669136],[21.64041519996465,63.19249727172104],[21.96666336621331,63.18305205680167],[22.216941836378055,63.23638152212493],[22.33999823372244,63.276523598423296],[22.369581231133623,63.3131904779886],[22.355552685305156,63.339721663892135],[22.32374765103566,63.368049604402074],[22.298610701795667,63.375831592116015],[22.271942155724787,63.38610840128092],[22.20055389352376,63.41930387816342],[22.187845213198784,63.44513320317009],[22.2673982083314,63.50899819089963],[22.288192738412135,63.525691998671846],[22.70694159484532,63.65943910527773],[22.740137110443186,63.619857774372406],[22.780551893905226,63.62583158660965],[22.824443809841682,63.64138793521823],[22.899997708804335,63.69860839439815],[22.92631720209488,63.76277162022683],[22.923332212359696,63.80110931510171],[23.066387173717885,63.85083009500511],[23.077902899534813,63.85467513397066],[23.147914884917554,63.87805175965036],[23.2006912316657,63.88597106881599],[23.318885822429593,63.896659842337385],[23.511386882072827,64.0363769671286],[23.652221664883882,64.14082334604569],[23.687248062170823,64.15566853866592],[23.687248062170823,61.784302419950905],[21.495967170707853,61.784302419950905],[21.488746656646867,61.80041504764313],[21.475375909067086,61.815827478359594]]],[[[23.687248062170823,61.784302419950905],[23.687248062170823,63.769463598890525],[25.899120215274564,63.769463598890525],[25.899120215274564,61.784302419950905],[23.687248062170823,61.784302419950905]]],[[[23.687248062170823,63.769463598890525],[23.687248062170823,64.15566853866592],[23.69416428984141,64.15859983448644],[23.7116623026115,64.16290283141427],[23.722221381498624,64.18415831064101],[23.926940914468503,64.29096222827235],[23.995832458192638,64.38346098271512],[24.11999892545333,64.43638611050068],[24.20972062743698,64.47276305480938],[24.27805328407908,64.49693298537716],[24.33930395559389,64.52165986728625],[24.35916519815595,64.54304504114646],[24.374094018313258,64.58596037585244],[24.371177669946576,64.61929321290245],[24.424999239294152,64.67527770158438],[24.535413739371563,64.74679565841859],[24.539581311872155,64.79915620804462],[24.558300041985724,64.80455842296543],[24.731109623052077,64.85443117029553],[24.793184138722694,64.86708671437215],[24.793184138722694,63.769463598890525],[23.687248062170823,63.769463598890525]]],[[[24.55477383995045,65.75462477783014],[24.793184138722694,65.75462477783014],[24.793184138722694,65.65812623939647],[24.77166366370625,65.65666197005419],[24.748609532847127,65.64818574826182],[24.66916657576968,65.65470884630702],[24.55944251571958,65.72673032803715],[24.558300041985724,65.7335563913118],[24.55477383995045,65.75462477783014]]],[[[24.793184138722694,63.769463598890525],[24.793184138722694,64.76204418836033],[25.899120215274564,64.76204418836033],[25.899120215274564,63.769463598890525],[24.793184138722694,63.769463598890525]]],[[[24.793184138722694,64.76204418836033],[24.793184138722694,64.86708671437215],[24.803333273550663,64.86915588594388],[25.084442132494416,64.91165925629412],[25.11624910250498,64.9074935808186],[25.18027496816751,64.86694337293],[25.193887716873917,64.84554290671758],[25.230413442219913,64.81929778458812],[25.2536086885828,64.81429292676341],[25.297496810466896,64.8144378750344],[25.29849861321118,64.81458972159571],[25.31944272972106,64.8177642907309],[25.339996348051386,64.82192992749123],[25.34615217699863,64.82403555150364],[25.34615217699863,64.76204418836033],[24.793184138722694,64.76204418836033]]],[[[25.189304347249845,64.96401976720426],[25.213331226572734,64.98818969777199],[25.29849861321118,64.99196192325054],[25.31823347244699,64.99283601768695],[25.346109378766414,64.97962950354423],[25.34615217699863,64.97961635575443],[25.34615217699863,64.86892346711656],[25.337457662713177,64.89066312761844],[25.324165356538117,64.89657592530597],[25.304498655926636,64.89366151268007],[25.29849861321118,64.89657019444736],[25.230136863574558,64.92971038763898],[25.189304347249845,64.96401976720426]]],[[[25.267498015933086,65.16999815112791],[25.293052659321006,65.26638793814277],[25.29849861321118,65.28478858540147],[25.30110932865375,65.29360960278802],[25.324996950783827,65.34582520414239],[25.34615217699863,65.3912435399971],[25.34615217699863,65.0944680100986],[25.29849861321118,65.10749246563364],[25.29138757380423,65.10943602261455],[25.267498015933086,65.16999815112791]]],[[[24.793184138722694,65.65812623939647],[24.793184138722694,65.75462477783014],[25.34615217699863,65.75462477783014],[25.34615217699863,65.48264863850996],[25.303749098375135,65.51513670850136],[25.29849861321118,65.51745709831411],[25.215135569281927,65.55429840951746],[25.189580925893722,65.55957794896113],[25.1615257312626,65.5558319033749],[25.132081991043492,65.55429840951746],[25.101802823813273,65.5692978067841],[25.092735271922038,65.59187315151496],[25.08076097294054,65.60588837944692],[24.891246800057274,65.64839171108252],[24.796108237179,65.65832519725961],[24.793184138722694,65.65812623939647]]],[[[25.34615217699863,64.76204418836033],[25.34615217699863,64.82403555150364],[25.361944203045766,64.82943727230105],[25.34615217699863,64.86892346711656],[25.34615217699863,64.97961635575443],[25.37377548949837,64.97113036258077],[25.39181709699841,64.97650908938289],[25.413055425561254,65.03416443208971],[25.37055205521233,65.07943726679463],[25.35388757242748,65.09235380696663],[25.34615217699863,65.0944680100986],[25.34615217699863,65.3912435399971],[25.35527418227366,65.4108276510363],[25.35721967920216,65.44818113786084],[25.351247802705927,65.47874451055503],[25.34615217699863,65.48264863850996],[25.34615217699863,65.75462477783014],[25.899120215274564,65.75462477783014],[25.899120215274564,64.76204418836033],[25.34615217699863,64.76204418836033]]],[[[22.99652966801038,65.75462477783014],[23.216968511021893,65.75462477783014],[23.13638689033195,65.7131881564406],[23.077902899534813,65.7009426067399],[23.07735825567653,65.70082856760979],[23.000274656908005,65.7527771141647],[22.99652966801038,65.75462477783014]]],[[[21.475375909067086,66.31969607094841],[21.475375909067086,69.14924945602681],[22.01983304465631,69.34830076427943],[22.97380819320165,69.48938393102935],[23.687248062170823,69.57942265447204],[23.687248062170823,65.803278767172],[23.653888686142352,65.80638122239156],[23.518329610008152,65.8008270400436],[23.234443659890303,65.76361083595589],[23.216968511021893,65.75462477783014],[22.99652966801038,65.75462477783014],[22.797096539103144,65.85301902038753],[22.79027558449536,65.85638427201764],[22.72333143472474,65.88610838493315],[22.67583083336865,65.90222168488316],[22.64256667640268,65.89874269409682],[22.36819268554649,65.85915373637272],[21.656297336466366,66.23844897156584],[21.475375909067086,66.31969607094841]]],[[[23.687248062170823,65.803278767172],[23.687248062170823,69.57942265447204],[23.719915305383722,69.58354538016374],[24.944428127771516,69.71315632619911],[25.899120215274564,69.72120604427445],[25.899120215274564,68.9247572563778],[25.81171723918868,68.79167718434093],[25.67461769184962,68.62818942775834],[25.488989515426624,68.48825887818526],[25.33624872582743,68.32524097887136],[24.979168245978713,68.05797093173538],[24.75203116151056,67.87244129856208],[24.55225936383721,67.72193717724667],[24.400971935512928,67.53699368816274],[24.266324226469976,67.3293159004138],[24.279579323904784,67.15655972884286],[24.507625622036414,66.91516974366152],[24.729615355474323,66.7316185067773],[24.963652181132943,66.57126867462756],[25.39510693918055,66.30835560866302],[25.846802453510236,66.22846601422242],[25.899120215274564,66.22210090335642],[25.899120215274564,65.75462477783014],[24.55477383995045,65.75462477783014],[24.55353928059236,65.76200103519596],[24.558300041985724,65.78580169749877],[24.559165937075193,65.79013060098947],[24.558300041985724,65.79034719584152],[24.538608563408502,65.79527281898095],[24.414720533103434,65.76735688154213],[24.22027587355751,65.77346801523151],[24.174999244800574,65.79151914657638],[24.16700746150019,65.81402588865285],[24.11360931609363,65.79957581590878],[23.931318282557697,65.76047516815754],[23.773332604015764,65.79527281898095],[23.687248062170823,65.803278767172]]],[[[21.475375909067086,64.3718263881519],[21.475375909067086,64.57065308130261],[21.55416490066233,64.53248596225893],[21.58499908349438,64.43971252619735],[21.475375909067086,64.3718263881519]]],[[[17.051631602859608,58.64347915833547],[17.051631602859608,59.396204097643306],[17.11166381848085,59.374443057199585],[17.15631432973116,59.37345546916007],[17.17444229277544,59.37305451161262],[17.28055189889824,59.35666656875833],[17.308572753488647,59.34680176266454],[17.30097009280138,59.322841627684284],[17.26388548037403,59.29083252761956],[17.252914437130187,59.26430509705307],[17.286941546973082,59.25904847677975],[17.291942610745764,59.25721742084767],[17.370553973578183,59.24805068159907],[17.39201166028903,59.252147676990944],[17.47083281870914,59.29638670996735],[17.585830688409885,59.2822189456611],[17.740276322902105,59.26943968822576],[17.847221356036755,59.26444245721984],[18.074718479934972,59.316665646678416],[18.2785396743173,59.366107950911214],[18.43048475756484,59.42798231810974],[18.47721861199244,59.435272201798455],[18.49833297571564,59.4305496136962],[18.526386273321066,59.41930009478227],[18.610277175597332,59.36999511200162],[18.643156042715646,59.32186887922029],[18.593051908705206,59.30166624941103],[18.522220597845376,59.295829758626155],[18.309997552832385,59.21971894703751],[18.02138518184529,59.04193877027586],[17.893957146204798,58.90478897978545],[17.891941072166958,58.87416075977478],[17.894721996108387,58.85888671960328],[17.789443984230218,58.94305420052467],[17.75666426575549,59.018325791049506],[17.768886571848554,59.09666444671876],[17.764718999347053,59.12076186443636],[17.666248329693246,59.167354564645166],[17.624164589232976,59.074440013079425],[17.578327176366884,58.95050811888848],[17.591388703524387,58.94360352504725],[17.629095075896544,58.91020200791428],[17.581109997333613,58.847496046470894],[17.349998458222956,58.752220162139395],[17.15631432973116,58.681631200347915],[17.051631602859608,58.64347915833547]]],[[[25.899120215274564,45.20273924719069],[25.899120215274564,53.843657704192424],[43.59409744010448,53.843657704192424],[43.59409744010448,49.290644610932986],[43.262988624997035,49.22121948657815],[42.46983673014904,49.037694746886075],[41.54939127284689,48.99692361602621],[39.904444608994936,48.89501509314698],[38.50205853073544,48.76257521170834],[37.881874324043935,48.76257521170834],[37.066875267950195,48.76257521170834],[36.00330195713616,48.76257521170834],[35.07058607761121,48.74220397614897],[34.326818799142416,48.79313412989717],[33.338902769434014,48.844071167965524],[32.528077171542236,48.864447911428044],[31.869297094831495,48.85425940194358],[30.98493074660371,48.772761242435706],[30.135100570974146,48.681096875024025],[29.556234086193683,48.619999678484135],[29.041751912027962,48.55891238171307],[28.643826186303727,48.41641382800225],[28.139192361696075,48.15191637593131],[27.92391105196623,47.796154507821655],[27.65019329895597,47.40012832425782],[27.386336015024142,47.05521274975166],[27.172725224911858,46.79166567277332],[27.076114421157172,46.457427413249945],[26.51836780090241,45.79993954677826],[26.277081877924047,45.486768917289],[26.038697184436636,45.32400771664617],[25.937015960995495,45.25458313334764],[25.899120215274564,45.20273924719069]]],[[[25.899120215274564,53.843657704192424],[25.899120215274564,57.813980062071664],[30.322864521482042,57.813980062071664],[30.322864521482042,53.843657704192424],[25.899120215274564,53.843657704192424]]],[[[25.899120215274564,57.813980062071664],[25.899120215274564,59.634229769253174],[25.979995731552435,59.6327667371109],[26.038697184436636,59.62303141335178],[26.263053881476367,59.58582304838137],[26.38971710592955,59.56166078334712],[26.458328238242586,59.54110716501731],[26.48805045413161,59.53332517730388],[26.53166389439781,59.53777312250179],[26.57527543763814,59.55228424851089],[26.621662136311613,59.557212838149155],[26.650550860929798,59.55332184429176],[26.675827028646154,59.5474929803255],[26.736938481683353,59.52249145551218],[26.772773728287973,59.50388337282595],[26.8172187627992,59.48081971812269],[26.85499764802165,59.46763229038356],[26.883605961227715,59.45915986264373],[26.921382910708473,59.45082855040704],[26.97277260889547,59.44443510828057],[27.033332840383537,59.44248961135219],[27.519094326887547,59.42951134880875],[27.55305098197408,59.428604116767815],[27.84805296232048,59.406654364747226],[27.88791276889691,59.40859986167561],[27.933330551873382,59.41721344363475],[27.953884131487655,59.42527007425235],[27.978050229288954,59.44054411442329],[27.995965974922456,59.4545783900453],[28.015831011536193,59.478599539575384],[28.02194214522592,59.48304748477369],[28.03944015799584,59.502220145620015],[28.066247922544335,59.54443741348081],[28.069580068033815,59.570129378320644],[28.063470831370637,59.60290909679554],[28.028747551708193,59.64873884412776],[28.002914432650243,59.67207334768278],[27.99291230510414,59.689712514671896],[28.00860976921615,59.7588882638596],[28.074581131806724,59.79457856219352],[28.10180283516695,59.79332733805876],[28.110992368378305,59.78983177643285],[28.110992368378305,57.813980062071664],[25.899120215274564,57.813980062071664]]],[[[25.899120215274564,60.24218747630761],[25.899120215274564,61.784302419950905],[28.110992368378305,61.784302419950905],[28.110992368378305,60.52902923562173],[28.02032278190677,60.52799989363717],[27.82388686452009,60.52610778444023],[27.80783082378224,60.546401974788864],[27.806663494653776,60.54860686098306],[27.778190605873192,60.57131193906184],[27.742567051881338,60.56645582355981],[27.734165201251017,60.53555296064479],[27.73805236234074,60.511383068791645],[27.519094326887547,60.48246730053238],[27.47305297058051,60.47638704325129],[27.295555102256117,60.503883350800834],[27.271387107428495,60.53360746371641],[27.21916387925512,60.58374404074277],[27.02451132114811,60.53152464533588],[26.90527723757748,60.476104734813475],[26.666942597835373,60.42666626334767],[26.5636100828865,60.4280548089348],[26.500135438773214,60.44499587036336],[26.4782276148984,60.47790907752341],[26.56999779522033,60.57985687965254],[26.594997423007044,60.59805295926839],[26.623054514665398,60.60694122284565],[26.658609388572472,60.60819244698115],[26.695693962286043,60.59193803152715],[26.74971963614348,60.57534025437076],[26.721942917182673,60.61777494463729],[26.691942225622483,60.642498032494586],[26.65235899769101,60.64638519358488],[26.611387262887206,60.63860703863787],[26.54608918965971,60.58191681757711],[26.52694320332114,60.56527711227511],[26.45638657408034,60.496803301414445],[26.469371794335302,60.45818709215433],[26.47319221108282,60.42763517904528],[26.416526806218485,60.39166261098899],[26.146110553562607,60.39388275082098],[26.105136883018304,60.31978607752933],[26.07874870964355,60.29402543260636],[26.038697184436636,60.281205328207406],[25.92166326671571,60.243743907308954],[25.899120215274564,60.24218747630761]]],[[[28.110992368378305,57.813980062071664],[28.110992368378305,59.78983177643285],[28.1697159006344,59.76749421899973],[28.195827495363687,59.748672469244866],[28.20471761725264,59.71735001515526],[28.21298028812049,59.69443510277415],[28.244159690965716,59.67804719863449],[28.3668022269286,59.66123962589114],[28.389995576265164,59.66693496245756],[28.407217010390127,59.681240086931325],[28.418746940716005,59.70360184202286],[28.421802507560926,59.73443602485423],[28.41430282828418,59.75749588550616],[28.41735649810306,59.78818895283371],[28.423601581092385,59.799141241011284],[28.68588732630808,59.799141241011284],[28.694162360119833,59.79270170663369],[28.727079400046193,59.781520829088265],[28.83221815473155,59.78346632601591],[28.886799753159725,59.799141241011284],[30.322864521482042,59.799141241011284],[30.322864521482042,57.813980062071664],[28.110992368378305,57.813980062071664]]],[[[28.423601581092385,59.799141241011284],[28.437076586446665,59.82277297530317],[28.495828642457525,59.85527421810724],[28.51930426151756,59.860687246236125],[28.66569136836597,59.81485749890402],[28.68588732630808,59.799141241011284],[28.423601581092385,59.799141241011284]]],[[[28.886799753159725,59.799141241011284],[28.956521982159074,59.81916428988353],[28.981105812823046,59.829719536004404],[28.99949146933846,59.844403795614596],[29.02735902281114,59.86666105847331],[29.036178606305953,59.89506151183326],[29.028331771275532,59.930549602683925],[29.06277463952614,59.9691543523586],[29.106801979889497,59.98846437337187],[29.194578184944305,60.00680160720617],[29.216928444930176,60.0043338265012],[29.216928444930176,59.799141241011284],[28.886799753159725,59.799141241011284]]],[[[28.110992368378305,60.52902923562173],[28.110992368378305,61.784302419950905],[29.216928444930176,61.784302419950905],[29.216928444930176,60.16640953717767],[29.16235731483789,60.1686058054695],[29.046386735387387,60.18166349986012],[29.026388171373128,60.18582154851754],[28.99949146933846,60.19847591538043],[28.59832956316211,60.38721466579034],[28.446735391005518,60.548954016737525],[28.50548171722403,60.55148313951554],[28.522706984115985,60.523578661661986],[28.56388472045495,60.499717714040514],[28.581939684567146,60.49027253783527],[28.656105037941245,60.46221161341134],[28.68249510834164,60.45388030117482],[28.70573615433193,60.46087266150329],[28.732494363916373,60.67721558236457],[28.730966561136995,60.716243755980315],[28.67673109169135,60.735824587131276],[28.410551052905817,60.665130597723305],[28.388885506349368,60.64902113053978],[28.383466709712195,60.624294287345265],[28.341106429321428,60.59415433859283],[28.146663666802226,60.529434200136734],[28.110992368378305,60.52902923562173]]],[[[29.216928444930176,59.799141241011284],[29.216928444930176,60.0043338265012],[29.49277115656281,59.97387694046034],[29.76277540614791,59.94026946050741],[29.791664130766264,59.93582151530876],[29.930828098267796,59.90248871697412],[30.009164818196382,59.88110350439928],[30.039440152660347,59.87276460405906],[30.076248186444104,59.867630012885684],[30.15555192504445,59.86388396729927],[30.18485640807006,59.87165832819454],[30.21805192366776,59.89693832867863],[30.246662133900486,59.96693421252593],[30.23388291518063,59.98290635825674],[30.169996267996055,59.99867250245296],[30.076663983566903,60.004165631536125],[30.036972044432503,60.007999404895145],[29.97138213892225,60.0180511648353],[29.947580347539088,60.0271873580939],[29.89346694590904,60.09346390957853],[29.902009950759634,60.12068557422401],[29.879858029969853,60.145271301914306],[29.84555054743089,60.160270699181126],[29.824165334855024,60.16832732979941],[29.748603809074098,60.186935412485695],[29.72166062009967,60.19221495192937],[29.672218315866814,60.196098318967074],[29.57999799838001,60.198600767237565],[29.553565961119205,60.19771574654595],[29.518608108387582,60.193603497516335],[29.471040723973772,60.182857503497246],[29.444717397916747,60.16749190278671],[29.400550839075095,60.159019475046875],[29.216928444930176,60.16640953717767],[29.216928444930176,61.784302419950905],[30.322864521482042,61.784302419950905],[30.322864521482042,59.799141241011284],[29.216928444930176,59.799141241011284]]],[[[30.322864521482042,53.843657704192424],[30.322864521482042,61.784302419950905],[34.74660882768952,61.784302419950905],[34.74660882768952,53.843657704192424],[30.322864521482042,53.843657704192424]]],[[[25.899120215274564,61.784302419950905],[25.899120215274564,66.22210090335642],[26.038697184436636,66.20511961721007],[26.59666256083557,66.13723614206896],[27.313875410060803,66.13723614206896],[27.896529898893505,66.14863565193764],[28.70290106902445,66.42258661225685],[28.896529097124528,66.61705845667166],[28.984756348043277,66.8004133561214],[29.055007414304953,67.11053861617745],[28.892915623367173,67.51389835812904],[28.65139201987438,67.86085647451677],[28.346191028897636,68.16247440758588],[28.149117377752702,68.38343274531047],[27.53821762431636,68.75662269351204],[27.14899462365571,68.9788322681191],[26.744570538060486,69.16632179035236],[26.416214527500756,69.20151345397397],[26.14309867614861,69.15459386324733],[26.038697184436636,69.07539805737663],[25.95770655889646,69.01396102470164],[25.899120215274564,68.9247572563778],[25.899120215274564,69.72120604427445],[26.038697184436636,69.72238292137051],[26.342811579136935,69.72494713570939],[27.594977976957637,69.65422228279442],[29.035456426142105,69.53645403601286],[30.009139889046082,69.38355370190311],[30.322864521482042,69.3331932362555],[30.322864521482042,61.784302419950905],[25.899120215274564,61.784302419950905]]],[[[30.322864521482042,61.784302419950905],[30.322864521482042,65.75462477783014],[34.680145101823165,65.75462477783014],[34.69012833772686,65.71693420202631],[34.74660882768952,65.64162454593105],[34.74660882768952,65.55445359043274],[34.673049916131674,65.44789886813766],[34.61804963549935,65.44331360148755],[34.54138183385396,65.45109558920171],[34.49499130241384,65.44970704361475],[34.422492970296105,65.41886902801622],[34.381244656847684,65.38262177834082],[34.47443389003274,65.27818298752726],[34.55054474033568,65.25193786539779],[34.74660882768952,65.04160426668606],[34.74660882768952,61.784302419950905],[30.322864521482042,61.784302419950905]]],[[[30.322864521482042,65.75462477783014],[30.322864521482042,69.3331932362555],[31.617905028366067,69.1253076059408],[31.960285754240285,69.0555835768142],[32.53473667458578,68.93859967650934],[32.53473667458578,67.14029439797773],[32.36471556511083,67.16192626153753],[32.339576718845535,67.16262816114994],[32.24027251920495,67.14471435125722],[32.192764291029846,67.12997438197101],[32.21582794573328,67.12915037582962],[32.25944138599982,67.12275697241796],[32.49735639585231,67.03137208194318],[32.50876760391658,67.02502943513149],[32.5208282595745,67.01832580842301],[32.53473667458578,67.01019346344285],[32.53473667458578,66.955260616096],[32.52943421471497,66.94859314660852],[32.51832581130469,66.88220215412821],[32.53473667458578,66.87663825560777],[32.53473667458578,65.75462477783014],[30.322864521482042,65.75462477783014]]],[[[32.53473667458578,67.14029439797773],[32.53473667458578,68.93859967650934],[32.768035774353564,68.89108954524863],[33.7566709466837,68.68073906049449],[34.74660882768952,68.37611627248917],[34.74660882768952,66.60261520574957],[34.74096681436572,66.60165404057767],[34.7083282501095,66.58193968202687],[34.68721009233411,66.57192992766267],[34.6619338859029,66.5641479399485],[34.55138396140063,66.53804017798609],[34.51291273912523,66.53165436267841],[34.47901915668234,66.53234863547198],[34.44318391007806,66.54553985726244],[34.36061860309756,66.61344908996273],[34.29784012880401,66.6392440749276],[34.15749357853497,66.66998290316809],[33.93332670310042,66.68470765753108],[33.855552664306174,66.69247435289225],[33.81853483493455,66.70331574021736],[33.797771459732985,66.73338317612041],[33.77651977455815,66.76124572582785],[33.74374772161673,66.77539823649715],[33.59887695796277,66.82304382483886],[33.51846694349774,66.81275938885568],[33.53582763481711,66.78610230237013],[33.56999206611107,66.76832581392938],[33.6077728096451,66.75582886493197],[33.62804411953692,66.74609375347137],[33.53485488635255,66.71971130988982],[33.48387908826146,66.72137449838107],[33.4406828966912,66.73494870295116],[33.25138856612347,66.79443357589201],[33.18804168090344,66.81498719422132],[33.15499115229085,66.82887268880586],[33.08860015981065,66.85693357451566],[32.942764274511376,66.924987794201],[32.90165711528175,66.94442747113288],[32.834716798278805,66.98054502617504],[32.81374358877423,66.99845887478313],[32.798199685620226,67.02502943513149],[32.79749296737265,67.0262374907698],[32.80179975835193,67.0530319374223],[32.79388428195267,67.08581541123442],[32.69609832253275,67.11192321191152],[32.66777038202258,67.11943055672128],[32.61249162571971,67.13040159996444],[32.53473667458578,67.14029439797773]]],[[[32.53473667458578,66.955260616096],[32.53473667458578,67.01019346344285],[32.538887017738375,67.00776672953566],[32.55908585349522,66.98587799206473],[32.53473667458578,66.955260616096]]],[[[32.53473667458578,65.75462477783014],[32.53473667458578,66.87663825560777],[32.67971800649781,66.8274841432189],[32.850547789790824,66.78581236711403],[32.91277314551087,66.76901245990416],[32.93082427685516,66.73623657419625],[32.83596802241311,66.72679139799152],[32.80089568997039,66.7265777696374],[32.93443300099,66.69136048892409],[32.969711296252456,66.6863708460217],[33.05998991086312,66.6827545337839],[33.11971281831228,66.68414307937087],[33.19499207437127,66.63943482282565],[32.862548840712066,66.5852813900758],[32.943153397126196,66.58870695441612],[33.05496217258195,66.58742522300656],[33.070865638230146,66.5887298735874],[33.11271666393202,66.60207367046763],[33.240131381676235,66.61623380795578],[33.28360750049063,66.61219786582808],[33.40637969237139,66.59443663102445],[33.427627544779966,66.58901214330984],[33.4406828966912,66.58075561017306],[33.52492140017495,66.5274810603841],[33.48721313077715,66.52221681329269],[33.4406828966912,66.52910063821373],[33.43471525970017,66.52998350865369],[33.38971710661349,66.53997800938095],[33.34221650525666,66.5491485426819],[33.306938171279,66.55442808212575],[33.19919967799166,66.56400299167825],[33.08094786673041,66.52768706191921],[33.12472150890454,66.51345824434793],[33.33026884206771,66.48332212836198],[33.4406828966912,66.47834087025169],[33.544364909873764,66.4736633238033],[33.563049299461454,66.39221191950611],[33.50207900064453,66.31206512707456],[33.64067275113765,66.30018707136449],[33.64067275113765,65.75462477783014],[32.53473667458578,65.75462477783014]]],[[[33.64067275113765,65.75462477783014],[33.64067275113765,66.30018707136449],[33.75000000952457,66.29081727466638],[34.10971833427561,66.24901580392856],[34.49694063210865,66.10693359103414],[34.531105024689396,66.09359742097291],[34.56666566710447,66.07804869918317],[34.712493886870334,65.99081419183159],[34.74660882768952,65.96799147635524],[34.74660882768952,65.78080647024733],[34.68915938331514,65.80164338065151],[34.674163818814975,65.77720643399846],[34.680145101823165,65.75462477783014],[33.64067275113765,65.75462477783014]]],[[[34.74660882768952,66.60261520574957],[34.74660882768952,68.37611627248917],[34.92108003914211,68.32242814934618],[35.119746619293664,68.26129464926458],[36.23980139708914,67.9130256535459],[36.958480980793254,67.68093894349317],[36.958480980793254,66.27322201408592],[36.90832518964169,66.27638245555943],[36.75777434305894,66.28581237812631],[36.71527101142408,66.28749085897005],[36.654434201291565,66.2885894693004],[36.225688947105255,66.32026670596332],[35.91443634535602,66.35331727328997],[35.7322082621107,66.36997985904793],[35.579704291780956,66.38107300882075],[35.557197588419115,66.38217161915111],[35.5091323701871,66.38774109385133],[35.43688963328475,66.40159608116062],[35.40493775371823,66.40797423093466],[35.377983105157966,66.41574096501097],[35.16458131014531,66.48483278047786],[35.07874297519987,66.51483153629721],[35.02763364970912,66.53926085613148],[34.97415923611578,66.56387329704506],[34.92108003914211,66.58226313502777],[34.87554930926933,66.59803772833993],[34.84582519635376,66.60498045627418],[34.77110672440352,66.6067886317511],[34.74660882768952,66.60261520574957]]],[[[36.958480980793254,66.27322201408592],[36.958480980793254,67.68093894349317],[37.243166862871476,67.58900394037335],[37.881874324043935,67.35543484094391],[38.40989979218273,67.1623410686517],[38.98470718286393,66.84059132323347],[39.170353133896995,66.70003597112988],[39.170353133896995,66.11303892472988],[39.11082457744442,66.10443114276404],[38.60777281566379,66.05220032648702],[38.553047177935355,66.05081178090006],[38.49276731914438,66.05247496939063],[38.19915771715125,66.06721497739147],[37.98999023898256,66.07916260186579],[37.96804811378149,66.08082579035636],[37.90998839482256,66.08749391410248],[37.881874324043935,66.09149011763475],[37.6736068788278,66.12109376723714],[37.48276521362334,66.16775510881422],[37.40693663304285,66.19303894206473],[37.39527131700595,66.1974792604446],[37.295272844572025,66.22415160056727],[37.26638795272049,66.23136901012049],[37.14777373206641,66.2519378820881],[37.01610564978927,66.268600467846],[36.97443391239926,66.27221678008374],[36.958480980793254,66.27322201408592]]],[[[39.170353133896995,66.11303892472988],[39.170353133896995,66.70003597112988],[39.51412796344681,66.43975885793219],[39.76562757037942,66.22128155874651],[39.383605956918416,66.1438751135031],[39.170353133896995,66.11303892472988]]],[[[34.74660882768952,65.78080647024733],[34.74660882768952,65.96799147635524],[34.85013198733344,65.89873502856341],[34.8677673215559,65.88026426732876],[34.88437653499386,65.85301902038753],[34.912443920518996,65.8069781375677],[34.92108003914211,65.79281171208467],[34.964717853962895,65.72122957213514],[34.93061447593328,65.69705964156759],[34.92108003914211,65.69893357676534],[34.88888547933021,65.70526122045618],[34.84137725115568,65.73054505370669],[34.81526948919213,65.7463684184006],[34.75804903001341,65.77665710947588],[34.74660882768952,65.78080647024733]]],[[[34.74660882768952,65.55445359043274],[34.74660882768952,65.64162454593105],[34.75221633327948,65.63414763987356],[34.778324133957426,65.60039521164913],[34.74660882768952,65.55445359043274]]],[[[34.74660882768952,53.843657704192424],[34.74660882768952,61.784302419950905],[43.59409744010448,61.784302419950905],[43.59409744010448,53.843657704192424],[34.74660882768952,53.843657704192424]]],[[[34.74660882768952,61.784302419950905],[34.74660882768952,65.04160426668606],[34.92108003914211,64.85443506975817],[34.936103810964084,64.83831787034552],[34.9572143419208,64.65277099822202],[34.92108003914211,64.6330987788457],[34.83526611746555,64.5863800057424],[34.810821543994564,64.5683288743968],[34.78777314292864,64.54776000242992],[34.92108003914211,64.47848325663982],[34.96068574460236,64.45790101770888],[35.135871873839505,64.38496400801296],[35.324829095380665,64.32652283197314],[35.398727432670796,64.320510846927],[35.42222597090068,64.32292173465765],[35.538604720655314,64.35552979163867],[35.567615513087844,64.39828492443672],[35.596675860484595,64.40405273513795],[35.63249205940008,64.39526365891862],[35.804161063757135,64.34290314800842],[36.27790834251198,64.1437454242049],[36.26721190345728,64.07916260720145],[36.26388548776043,64.01956939438509],[36.28249360916209,64.0097122151094],[36.47332002072869,63.97026824437074],[36.49846649381226,63.967071523307595],[36.52261354392459,63.96765898192376],[36.5605468625472,63.96804810453824],[36.59665679077057,63.96388242906255],[36.79693604407555,63.92874528801815],[36.958480980793254,63.91146183087963],[36.958480980793254,61.784302419950905],[34.74660882768952,61.784302419950905]]],[[[36.4395751806083,64.93789671288988],[36.473743444670674,64.9502563404348],[36.512077345492855,64.94859315194424],[36.54860307083936,64.9362335243988],[36.571521777272096,64.92734526082086],[36.60916136658625,64.92082216277583],[36.65304565570443,64.92262267271838],[36.83304976635094,64.99192811653944],[36.867492673316065,65.0763854940023],[36.8602752637625,65.12164307506998],[36.848045330851335,65.1416625837993],[36.834159836266565,65.15720367877077],[36.85686491434558,65.1783142097268],[36.958480980793254,65.19717737419407],[36.958480980793254,64.53603863596052],[36.94554139372946,64.54553223577909],[36.920272814116515,64.56944273836496],[36.86666107907121,64.6160888650196],[36.75582884613004,64.70054628119777],[36.72915650600811,64.71609496427237],[36.70373918407256,64.72859954008806],[36.67638015925928,64.73595427109399],[36.607772820999685,64.74220276494964],[36.56193540813325,64.74387358025956],[36.45860289318415,64.8866577314808],[36.4395751806083,64.93789671288988]]],[[[36.958480980793254,61.784302419950905],[36.958480980793254,63.769463598890525],[39.170353133896995,63.769463598890525],[39.170353133896995,61.784302419950905],[36.958480980793254,61.784302419950905]]],[[[36.958480980793254,63.769463598890525],[36.958480980793254,63.91146183087963],[37.08902357308142,63.897495269349406],[37.139160150107614,63.894439702504656],[37.17276763006106,63.889160163061035],[37.2037391730596,63.87929535696634],[37.24568559206807,63.84818649251622],[37.26805114121157,63.82360839164454],[37.29749298440379,63.81318663420933],[37.35916138878241,63.804992682139584],[37.38874055342717,63.80332566088185],[37.42263413586966,63.804714206468816],[37.504714965643586,63.81471253996307],[37.53777312107479,63.822078691839124],[37.87152100531483,63.91471101239688],[37.881874324043935,63.917637125498786],[37.94915772265762,63.936653137598455],[37.99665832401354,63.95610048006375],[38.061935413810716,64.00444030248457],[38.064417057345125,64.00671279804992],[38.064417057345125,63.769463598890525],[36.958480980793254,63.769463598890525]]],[[[36.958480980793254,64.53603863596052],[36.958480980793254,65.19717737419407],[37.00054930118068,65.20498658856411],[37.04165649912477,65.20721435521563],[37.118881213397344,65.19525147710351],[37.36915588950916,65.14776612938488],[37.4733199987038,65.12414552333973],[37.69026946458558,65.05581666075],[37.7317276123361,65.03685758954299],[37.881874324043935,64.9396079234812],[37.97693633864378,64.87803648398818],[38.03923033573227,64.75991820012587],[38.064417057345125,64.74733021690575],[38.064417057345125,64.10972234672063],[38.06304931649356,64.11331178485847],[37.97887420875435,64.31666565269745],[37.881874324043935,64.37293036034751],[37.80124281302926,64.41970060557168],[37.688598649276514,64.42276000518285],[37.56082152214054,64.38415525550869],[37.39027404728438,64.35498046711626],[37.35916138878258,64.35165405141908],[37.334018709750126,64.35247801884577],[37.19165802118533,64.39193724322212],[37.1669387660952,64.39999391255452],[37.14471437117044,64.40887451059899],[37.127212525633695,64.41943358948635],[37.006103522242825,64.50109862213799],[36.975822457986226,64.52331542895854],[36.958480980793254,64.53603863596052]]],[[[38.064417057345125,63.769463598890525],[38.064417057345125,64.00671279804992],[38.080131532141024,64.0211028882423],[38.08450700320401,64.0569991881116],[38.064417057345125,64.10972234672063],[38.064417057345125,64.74733021690575],[38.16443633451496,64.6973419333151],[38.188041686922304,64.71804808801954],[38.32777406535121,64.75360106490137],[38.35277559016362,64.75637815607524],[38.65110015344021,64.777481060213],[38.868598943845086,64.75582887026752],[38.93221284515204,64.7435913105366],[39.170353133896995,64.67621777082232],[39.170353133896995,63.769463598890525],[38.064417057345125,63.769463598890525]]],[[[39.170353133896995,61.784302419950905],[39.170353133896995,63.769463598890525],[41.382225287000736,63.769463598890525],[41.382225287000736,61.784302419950905],[39.170353133896995,61.784302419950905]]],[[[39.170353133896995,63.769463598890525],[39.170353133896995,64.67621777082232],[39.229713441001365,64.65942382961555],[39.362271466494846,64.615544393253],[39.3891601392657,64.60664368881561],[39.4958267354458,64.57582092685436],[39.545963273757366,64.56317140276764],[39.61444091738417,64.55747986025358],[39.7373504694321,64.55345154494472],[39.91603471457461,64.6100463726994],[39.87818908501032,64.61762235887772],[39.85235596595112,64.61109159529906],[39.83249282636342,64.60082245166763],[39.7940902841724,64.5948410126116],[39.79513167400506,64.62720489524906],[39.8176994306321,64.66394041618213],[39.86277009656857,64.66581727174201],[40.01805115807207,64.63275145077824],[40.0577697717149,64.62109376155985],[40.08166502066331,64.6124878064195],[40.130310070692985,64.5886535720204],[40.164085379373034,64.56247712997481],[40.21693420025679,64.55247496371334],[40.276289210448866,64.54838486049167],[40.276289210448866,63.769463598890525],[39.170353133896995,63.769463598890525]]],[[[39.70138548947966,65.4277648796978],[39.70388031093029,65.46290589222383],[39.72380829783498,65.51040649358009],[39.751388539105164,65.5508117531977],[39.774436940171086,65.57083130064206],[39.81221009560079,65.59359739327056],[39.856658924164094,65.61192320623404],[39.89193725814198,65.62469483685004],[39.91582488027228,65.63304136400905],[39.93998718402207,65.64109803334145],[39.97859956051468,65.65165711222949],[40.022491437737415,65.65914916468631],[40.202217111427444,65.71026611699568],[40.276289210448866,65.73269600434924],[40.276289210448866,65.01335250964101],[40.24249267641164,65.02859495738943],[40.21582792439193,65.03637694510337],[40.18138122337501,65.0422058090698],[40.059158317302035,65.11553956819955],[39.78276825240732,65.31944276056146],[39.75388336055664,65.34220885318979],[39.71804811395259,65.37831115459437],[39.70416258065325,65.40525817633602],[39.70138548947966,65.4277648796978]]],[[[40.276289210448866,63.769463598890525],[40.276289210448866,64.54838486049167],[40.4505462518963,64.53637695611565],[40.49721525900753,64.53512573198088],[40.5237388568072,64.54096222276593],[40.532215117314024,64.56470489662541],[40.489896435491175,64.68100860564358],[40.45054625189664,64.78915404178332],[40.412208557021756,64.86088562697199],[40.37596130734653,64.92345426696414],[40.27943803164669,65.01193237163147],[40.276289210448866,65.01335250964101],[40.276289210448866,65.73269600434924],[40.34870643908193,65.75462477783014],[40.40597805203407,65.75462477783014],[40.80038711406917,65.43849574960637],[40.84266860894576,65.41405675897951],[41.382225287000736,65.10218934189471],[41.382225287000736,63.769463598890525],[40.276289210448866,63.769463598890525]]],[[[41.382225287000736,61.784302419950905],[41.382225287000736,65.10218934189471],[41.46540512569965,65.05411083132549],[42.11015676886365,64.77333011284423],[42.539661710277755,64.62768099564533],[43.573828527947796,64.50456016205419],[43.59409744010448,64.50803791566496],[43.59409744010448,61.784302419950905],[41.382225287000736,61.784302419950905]]],[[[40.34870643908193,65.75462477783014],[40.390274058639136,65.76721193327114],[40.40597805203407,65.75462477783014],[40.34870643908193,65.75462477783014]]],[[[43.59409744010448,49.290644610932986],[43.59409744010448,53.843657704192424],[57.9243248382577,53.843657704192424],[57.28385538812636,52.65388269898152],[57.28945421737567,52.08634648246433],[57.54459204401323,51.47480659848654],[57.24220542106598,51.32970186619857],[55.989739954044474,51.617834849873894],[55.06396073032987,51.78617422184585],[51.58990361360778,51.2663028173018],[51.25438660955516,50.894721455511565],[50.76013564369441,50.83928445001385],[48.94316762920806,50.74670817698183],[47.37865858689918,50.561658879334686],[46.5514703867172,50.41782666233212],[46.04512714535667,50.191972205458455],[45.66024918417361,49.97665208492106],[44.70111717086036,49.639582470048595],[44.236026538344106,49.42524086883634],[43.59409744010448,49.290644610932986]]],[[[43.59409744010448,53.843657704192424],[43.59409744010448,64.50803791566496],[43.80346289384758,64.54396098134777],[44.03038830761869,64.58289699680904],[44.709811815600176,64.73970503556365],[44.87568270947554,64.82939025869894],[45.2816451475706,65.00897828266892],[46.280521230142085,65.05411083132475],[47.15778187494527,65.28005486884473],[47.954135967213006,65.52913739935195],[48.70818069404652,65.71064851886268],[49.03369490588859,65.85301902038753],[49.43611950267149,66.02902789983307],[49.72505146365123,66.16970417421678],[50.091967769127564,66.34834975807678],[50.94198907329877,66.58846471275524],[51.66817676333159,66.73737692133653],[52.44158605251943,66.88593325091954],[52.44158605251943,53.843657704192424],[43.59409744010448,53.843657704192424]]],[[[52.44158605251943,53.843657704192424],[52.44158605251943,66.88593325091954],[53.58111957030036,67.10481466235967],[54.937234384505416,67.15083330734586],[55.798396766305245,67.15083330734586],[56.435104126157796,67.10481466235967],[57.339428190974445,67.0473192266237],[58.2146996686526,67.0473192266237],[58.98076060168944,67.03582385154448],[59.80020536945261,66.9094562420043],[60.4665924095944,66.78323771054806],[61.00219611713169,66.58846471275524],[61.28907466493439,66.29125850137859],[61.267949735068726,66.18857049598688],[61.15992309317454,66.05180524935707],[60.30168102514364,65.85835083957977],[59.71931595357637,65.76743322775985],[59.34931226850773,65.64254618504879],[59.08323283765361,65.47247748857973],[58.787933166381094,65.08797252773087],[58.64739957973438,64.89669274659212],[58.501586051371646,64.65007848086151],[58.37529461253678,64.4598163251747],[58.24864491369516,64.14701684353037],[58.1866273435877,63.93516438695303],[58.31750490792115,63.734762028776856],[58.53012930093911,63.60132196172958],[58.77076771366577,63.555888745116654],[58.46704353011874,61.658610109492166],[58.75175687097515,60.17582882191862],[58.86881570295575,58.0699179193749],[59.12559201074839,56.66586983344616],[59.12009881386256,56.476935702435924],[59.076532916273976,54.97852135944776],[58.07435627927534,54.122365234242395],[57.9243248382577,53.843657704192424],[52.44158605251943,53.843657704192424]]]]}},{"type":"Feature","properties":{"fillColor":"#f7ba6b"},"geometry":{"type":"MultiPolygon","coordinates":[[[[4.856527328488717,53.18360900877232],[4.868888854996947,53.188331603990996],[4.883541107206695,53.183467864956675],[4.912221908564566,53.14193725581645],[4.910555362751608,53.09458160397528],[4.903332710295092,53.084159851094604],[4.876666069035602,53.05693817142604],[4.858611106893518,53.03916168208989],[4.804721832311597,53.00694274901219],[4.787499427835591,52.99888610840879],[4.764721870474831,52.99027252198365],[4.75361061094652,52.98860931395923],[4.738610267624415,52.989715576161906],[4.724166393297121,52.99541091920843],[4.715832710263655,53.003883361817934],[4.708333015482005,53.02055358884647],[4.707360744481088,53.04013442991774],[4.713888168366758,53.05610656741383],[4.721666336059282,53.06610870356799],[4.743332862843091,53.08610534664537],[4.856527328488717,53.18360900877232]]]]}},{"type":"Feature","properties":{"fillColor":"#f7ba6b"},"geometry":{"type":"MultiPolygon","coordinates":[[[[-6.248750209717427,58.51013565046744],[-6.23472309107848,58.504165649177686],[-6.223333358524457,58.49638366708748],[-6.165972709678147,58.42291641213936],[-6.168194770636862,58.2592315671893],[-6.224722862327846,58.18360900864352],[-6.35527849220261,58.03152465826654],[-6.386111259376591,58.009162902898304],[-6.473889350763155,57.94832611091489],[-6.541111945888257,57.915687560867376],[-6.735278129400294,57.825828552333256],[-6.964931011063822,57.72631454474862],[-6.981111526397532,57.727081298979314],[-7.121875762920864,57.81666183468188],[-7.124236583569626,57.83562087991168],[-7.103889465206102,57.83666229267563],[-7.092223167215916,57.832771301138045],[-7.083611488324738,57.82471466051458],[-7.065834045233638,57.820831299051015],[-7.028889656233016,57.83222198505649],[-6.832222938438232,57.90222167990051],[-6.879445076062069,57.93249511729028],[-6.935000419745537,57.94971466077435],[-6.946111678975526,57.95277404762309],[-6.988889217463726,57.959300995068425],[-7.021944999540356,57.951942443919215],[-7.032639503466958,57.95277404762309],[-7.075278282265109,57.96249389663927],[-7.113334178963298,57.985553741481766],[-7.127430915810133,58.12791061424599],[-7.094445228667116,58.18193817116175],[-7.057361602758234,58.22180175763638],[-7.036250591503338,58.23569107052921],[-6.797778129776422,58.30221557618005],[-6.560277938838813,58.35971832278146],[-6.550278663539631,58.36332702620424],[-6.3552780149844,58.457496642918656],[-6.31055641164331,58.47916412360341],[-6.292778015100758,58.48832702646401],[-6.27458381670627,58.50944137578395],[-6.263333797293747,58.5126342773548],[-6.248750209717427,58.51013565046744]]]]}},{"type":"Feature","properties":{"fillColor":"#f7ba6b"},"geometry":{"type":"MultiPolygon","coordinates":[[[[-10.474723815800543,52.14555358907299],[-10.463335037544969,52.18020630004904],[-10.359724044941048,52.22972106804983],[-10.265001296492121,52.26749420047328],[-10.250556944539253,52.27138519206439],[-10.204168320150094,52.28110504105929],[-10.161875724250692,52.28582763749031],[-10.157084464432302,52.27207946754618],[-9.948890685236004,52.230690002247854],[-9.92027854915683,52.22999572676607],[-9.883890152059672,52.22999572676607],[-9.84429830303922,52.23490054137559],[-9.84429830303922,52.15193682556332],[-9.872501373804099,52.15138244647678],[-9.886667251403448,52.15055084163687],[-9.942501068654638,52.14472198423308],[-10.025001524897759,52.13610839879433],[-10.053890228803496,52.13138580236331],[-10.09305572524443,52.12360382176447],[-10.184722899996062,52.107215881834684],[-10.444931983877094,52.09312057414966],[-10.467779159622465,52.10472106989833],[-10.473611832663535,52.129165649143204],[-10.474723815800543,52.14555358907299]]],[[[-10.132501602565833,51.59333038217634],[-10.130001068465253,51.612220765317026],[-9.995625496685948,51.71457672067822],[-9.974306107789225,51.73027420076349],[-9.905555725433814,51.757774353705656],[-9.84429830303922,51.778236402808275],[-9.84429830303922,51.637374712784926],[-10.02583503626462,51.595275879263575],[-10.040278434954011,51.59291076541079],[-10.132501602565833,51.59333038217634]]],[[[-10.371946334563482,51.878883362849415],[-10.263612748111917,51.98805236719479],[-10.249444961402244,51.99304962234205],[-10.123889923654035,52.02555084348538],[-10.101667404156228,52.03083038345669],[-10.091112137267514,52.03333282408422],[-10.05694579991742,52.038604735364345],[-9.986667633296733,52.04999542273025],[-9.84429830303922,52.105833878245434],[-9.84429830303922,51.82301254405252],[-9.939167023187196,51.799438477720216],[-10.051389694702914,51.771110535575424],[-10.101945875926376,51.7522201550181],[-10.338592529033656,51.78292083712349],[-10.371946334563482,51.878883362849415]]],[[[-9.84429830303922,51.637374712784926],[-9.84429830303922,51.778236402808275],[-9.776668548745116,51.80082702610042],[-9.59250068787499,51.864715576139744],[-9.580973624414447,51.87235260127265],[-9.642223357731591,51.86943817257075],[-9.688333510350603,51.86110687195606],[-9.710000992835067,51.856384278108415],[-9.84429830303922,51.82301254405252],[-9.84429830303922,52.105833878245434],[-9.801111221463033,52.12277221692456],[-9.760416984909977,52.149578094384935],[-9.811389923108553,52.15249633872411],[-9.844167709495075,52.15193939260045],[-9.84429830303922,52.15193682556332],[-9.84429830303922,52.23490054137559],[-9.744862556347053,52.247219084589666],[-9.769166946443374,52.26416015500584],[-9.784584998911653,52.2648582461249],[-9.835834502353423,52.28665923974684],[-9.839723587417577,52.37971496546205],[-9.768076615711287,52.42916011874951],[-9.213872790277897,52.42916011874951],[-9.213872790277897,51.491017617257256],[-9.23013973226794,51.48235702573912],[-9.352779388050775,51.470550537244954],[-9.366666793879979,51.469718932405044],[-9.378334046489071,51.470832824652376],[-9.454723357920976,51.530830383100586],[-9.638334275250806,51.50943756191574],[-9.70361137367033,51.46860504274108],[-9.712223052582129,51.463466645181796],[-9.768056869833318,51.45194244409505],[-9.802785872887936,51.446720123182665],[-9.817501067919771,51.445549011876416],[-9.843819618490704,51.54541397093853],[-9.779167176318744,51.58388519189768],[-9.745279313322168,51.599441529570925],[-9.610000610941782,51.642971037790154],[-9.628528593792474,51.68741226114849],[-9.84429830303922,51.637374712784926]]],[[[-9.768076615711287,52.42916011874951],[-9.639111518238856,52.518161773130615],[-9.626445769930484,52.526660920451526],[-9.611611365296692,52.53166198606932],[-9.604278565548013,52.532661437615445],[-9.452716826137543,52.53655624484383],[-9.448833465820988,52.531665801706595],[-9.331666945163024,52.57110595686377],[-9.222501753871551,52.5849990848572],[-9.213872790277897,52.586646507107616],[-9.213872790277897,52.42916011874951],[-9.768076615711287,52.42916011874951]]],[[[-9.811668394878701,52.5938873290122],[-9.731250762497568,52.64110565171431],[-9.565000534932826,52.745826720928285],[-9.485834121573776,52.80055236809637],[-9.405555725077717,52.886383056753026],[-9.394723892945809,52.9266662584952],[-9.468403815157835,52.929370881397695],[-9.474166868964684,52.938747405705605],[-9.280834198696368,53.13971710110683],[-9.263612747399725,53.14985656686728],[-9.253612517524353,53.14971923750916],[-9.231668472380063,53.14305114657427],[-9.213872790277897,53.135014069261175],[-9.213872790277897,52.61444987837373],[-9.241666793145113,52.613327027002],[-9.499000550210372,52.61161041131717],[-9.633917808147608,52.587772368563705],[-9.811668394878701,52.5938873290122]]],[[[-10.177072506837938,53.41277122562259],[-9.213872790277897,53.41277122562259],[-9.213872790277897,53.24546317478927],[-9.497501374182868,53.22305297782714],[-9.608057022964866,53.23221588069838],[-9.903889655963571,53.31895065321959],[-10.176528931322856,53.40971755974394],[-10.177072506837938,53.41277122562259]]],[[[-9.213872790277897,51.491017617257256],[-9.213872790277897,52.42916011874951],[-7.953021764755249,52.42916011874951],[-7.953021764755249,51.85660374944599],[-8.086668013765628,51.81082916250274],[-8.169306755213718,51.791942597582704],[-8.215250014389989,51.80321884166403],[-8.22055053649126,51.80983352659389],[-8.209917068413667,51.82521820192365],[-8.20694541806948,51.83666229271119],[-8.178334235253786,51.85152435231928],[-8.210556031363488,51.88443756153697],[-8.286666871025243,51.88944244279203],[-8.365835190911248,51.89221954471918],[-8.384352685280327,51.892417908773496],[-8.421938895394556,51.881546021491985],[-8.399444579554306,51.875549317381974],[-8.371946335722464,51.87638855091306],[-8.357778549012792,51.875549317381974],[-8.343611718149964,51.8727760310921],[-8.334722518148125,51.8669433606344],[-8.311683653776143,51.813980101298235],[-8.307333946116737,51.803230285992484],[-8.307250976027104,51.77824401800631],[-8.310695649141845,51.74180221490414],[-8.344306946895227,51.72110748225498],[-8.557500838445842,51.63388824521812],[-8.737222670711517,51.576110839990015],[-8.882778168210471,51.56721496456047],[-8.983890533240764,51.55971527136905],[-9.112222670332748,51.54804992787028],[-9.16361236550644,51.51777648863825],[-9.213872790277897,51.491017617257256]]],[[[-9.213872790277897,52.42916011874951],[-9.213872790277897,52.586646507107616],[-8.983890533240764,52.630554200462875],[-8.818334578574436,52.665550230959184],[-8.848890305213894,52.68999481278742],[-8.94694519001994,52.72360992359471],[-9.02805709788286,52.73055267324583],[-9.033334731327216,52.719161988463306],[-9.065555571590071,52.68860626182385],[-9.090833664785173,52.667221069330175],[-9.129167556386198,52.63527679431051],[-9.15125083999893,52.62096786518882],[-9.166944504446928,52.61666107246944],[-9.17972374019303,52.61582946762953],[-9.213872790277897,52.61444987837373],[-9.213872790277897,53.135014069261175],[-9.197223663259821,53.1274948114844],[-9.173612595381812,53.11388397089839],[-9.15416717522778,53.10694122383064],[-9.069444656654225,53.11721801636583],[-9.001476288770988,53.14559173582446],[-8.937917709979873,53.14172744852754],[-8.94111251956224,53.26416015571804],[-8.960279465362753,53.267219542469235],[-9.036528587646107,53.27165985149283],[-9.05083465697738,53.26874542279093],[-9.202222824934031,53.24638366740805],[-9.213872790277897,53.24546317478927],[-9.213872790277897,53.41277122562259],[-7.953021764755249,53.41277122562259],[-7.953021764755249,52.42916011874951],[-9.213872790277897,52.42916011874951]]],[[[-10.200139999200866,53.54235839866563],[-10.186111450959636,53.55027771120596],[-10.036111831383186,53.600555420659276],[-9.997501374538965,53.60596847435143],[-9.911667823508509,53.64797973610688],[-9.924446105991132,53.691383361879815],[-9.906389236800674,53.75860595738658],[-9.896945953048968,53.762496948977684],[-9.84916782443276,53.76985549975708],[-9.684167862626623,53.78416442887878],[-9.628334045375436,53.78076172002397],[-9.56138992422219,53.859718322416875],[-9.567084312058292,53.89277648968386],[-9.697500228859113,53.89665985000042],[-9.725557327924943,53.89582824774388],[-9.767640112858203,53.89402389565204],[-9.777222632494983,53.89082717954272],[-9.910556793634976,53.95041274991657],[-9.926389693968048,54.12388610801291],[-9.949750900897055,54.18088531440612],[-10.013402938259413,54.218189239696294],[-10.083612441492724,54.14860534597402],[-10.071666717113484,54.12554931769272],[-10.06569480818734,54.09110641509943],[-10.082500458355716,54.086387634305694],[-10.10583496099053,54.08888244624205],[-10.124028206275632,54.096588134762335],[-10.128889082744875,54.11193847710672],[-10.112222671044943,54.22999572819046],[-10.081666946988856,54.257217406779105],[-10.064444542428735,54.26943969640154],[-10.001874924118763,54.300964354655655],[-9.799861908967905,54.33430099369279],[-9.33638954159404,54.31694030651108],[-9.265834807146788,54.297492979830096],[-9.213872790277897,54.29331755062919],[-9.213872790277897,53.41277122562259],[-10.177072506837938,53.41277122562259],[-10.200139999200866,53.54235839866563]]],[[[-9.213872790277897,53.41277122562259],[-9.213872790277897,54.29331755062919],[-9.058473586053873,54.28083038376744],[-8.748611448967093,54.26332855159032],[-8.62000084010496,54.257217406779105],[-8.474862099581122,54.273468017350766],[-8.515278815044137,54.32430267292774],[-8.529445648490334,54.329162598716884],[-8.587778090731781,54.339580536247475],[-8.604444505015083,54.33805084287187],[-8.62666702192952,54.33305358772462],[-8.647222518693606,54.33110809322075],[-8.668126106462061,54.343536378172054],[-8.661666870646474,54.3552703850582],[-8.65111160375776,54.3622207634005],[-8.564313190363112,54.39638233249568],[-7.953021764755249,54.39638233249568],[-7.953021764755249,53.41277122562259],[-9.213872790277897,53.41277122562259]]],[[[-8.798334121407063,54.69575881869876],[-8.7397232048121,54.72735595597753],[-8.669168472948218,54.75971984776274],[-8.62083435147182,54.7699966428813],[-8.530000685503678,54.78458023071924],[-8.490835189062745,54.793609619869635],[-8.368612290255022,54.831939698416754],[-8.353889466532006,54.839439391608174],[-8.315556525611088,54.87381744386799],[-8.337362290717149,54.90235901003284],[-8.349028587479395,54.90513610937661],[-8.371946335722464,54.90305328293125],[-8.382639885232777,54.89638519199637],[-8.383056639624522,54.88145446900091],[-8.396945954564048,54.88277435399373],[-8.437499999385185,54.89694213812004],[-8.457500456552557,54.91749572835717],[-8.459722518882991,54.938331603418355],[-8.457222938045886,54.99679946849097],[-8.317501066851479,55.10888671975889],[-7.953021764755249,55.20067086509252],[-7.953021764755249,54.39638233249568],[-8.564313190363112,54.39638233249568],[-8.434446334798213,54.4474945059335],[-8.395557403600474,54.46193695135941],[-8.38098526009099,54.467086793247155],[-8.348333358734132,54.4699935906745],[-8.284439086530583,54.47332763614194],[-8.267084121513093,54.52180099608678],[-8.20111274761178,54.57305145279203],[-8.170000077432029,54.59138488722568],[-8.18833351186568,54.633605957363905],[-8.390556335399312,54.62444305449267],[-8.559722900776276,54.61332702584302],[-8.584445954374662,54.60971832165934],[-8.62666702192952,54.61777496355779],[-8.680000305080128,54.62805175867636],[-8.789861678380339,54.65860748273244],[-8.798334121407063,54.69575881869876]]],[[[-7.953021764755249,51.85660374944599],[-7.953021764755249,53.41277122562259],[-6.157823085280872,53.41277122562259],[-6.149723053597071,53.386108398392885],[-6.034583568929079,53.10999679494456],[-6.013055800253113,52.94499969551222],[-6.069444657101013,52.8658294665159],[-6.107500076931892,52.83999633889082],[-6.118750572565869,52.83055496166607],[-6.137500763974637,52.8016662603437],[-6.216111659813551,52.66388320822546],[-6.361945151159229,52.392776488615574],[-6.381944657646495,52.277221680742734],[-6.331666945609812,52.24999618651681],[-6.320555685860909,52.23874664414631],[-6.327500342038987,52.22249603357465],[-6.35944509498207,52.17902374183097],[-6.369444846934019,52.17638778748259],[-6.38666725149414,52.17694091796898],[-6.914722919729167,52.20610427800759],[-6.995382309028068,52.26982116570342],[-6.988889693490584,52.26416015500584],[-6.973889351260897,52.233604430949754],[-6.970556259056932,52.221939087450984],[-6.974166869767568,52.16805267381399],[-7.001806258594806,52.13846969700983],[-7.036389350336645,52.13277435332689],[-7.105139254768632,52.13193893543307],[-7.16027832119798,52.15027618292063],[-7.3688898080495,52.134162901707086],[-7.435000420419255,52.126106262392],[-7.578888892601118,52.10027313218356],[-7.620278357899437,52.064720152980215],[-7.601944923465784,52.063049317192586],[-7.567500114345543,52.05916595429266],[-7.546319961333892,52.051799774822086],[-7.586667060146056,51.993190764754075],[-7.712778090754454,51.93888854998881],[-7.953021764755249,51.85660374944599]]],[[[-7.953021764755249,53.41277122562259],[-7.953021764755249,54.39638233249568],[-6.692170739232602,54.39638233249568],[-6.692170739232602,53.41277122562259],[-7.953021764755249,53.41277122562259]]],[[[-7.953021764755249,54.39638233249568],[-7.953021764755249,55.20067086509252],[-7.670000077075931,55.27194213774127],[-7.657500266363455,55.27443694967762],[-7.632500647521872,55.265552521159904],[-7.550972460607261,55.1448860174386],[-7.550472736125884,55.13746642937964],[-7.55313921040573,55.12780380202703],[-7.541528226175449,55.085968018252345],[-7.57500076338381,55.07555389377566],[-7.616666793925324,55.053886413874565],[-7.636389732586027,55.03833007878469],[-7.682291983349218,54.95089721772778],[-7.663333892668001,54.95388793850823],[-7.644166946867488,54.9611053468756],[-7.456250190081757,55.0449943540823],[-7.446528434559903,55.0556907659664],[-7.464694975550815,55.14502334679673],[-7.50052833563463,55.173854829060176],[-7.506861686420554,55.17785644571521],[-7.521111487373013,55.187232970023125],[-7.52019500849989,55.196189880148864],[-7.511944771447872,55.27443694967762],[-7.396389485651611,55.37833022968896],[-7.376667022330962,55.379993439368775],[-7.322596251993925,55.36882782527876],[-7.322596251993925,54.39638233249568],[-7.953021764755249,54.39638233249568]]],[[[-7.322596251993925,54.39638233249568],[-7.322596251993925,55.36882782527876],[-7.24083423620071,55.351943968994135],[-6.956111907104063,55.24944305300026],[-6.935139655948232,55.23846816934601],[-6.935833931430018,55.21971893378409],[-6.953611373003483,55.21166229188563],[-7.067222595482774,55.17443847689466],[-7.14416694651139,55.15083312859751],[-7.159167288741079,55.145828247342436],[-7.183611870569319,55.13194274804019],[-7.197500229661998,55.12138366809757],[-7.252507210974031,55.07059478725105],[-7.253056050483092,55.04679870617414],[-7.09500026693161,55.036941527821114],[-7.068889140293072,55.03916168104123],[-7.05138921722628,55.046802521811415],[-7.029167175651896,55.06194305318965],[-7.019722938636713,55.07027435380435],[-6.994167326934941,55.1102752681391],[-6.966944695082819,55.15610504246101],[-6.889722822964161,55.16777038595978],[-6.824722289787831,55.1680526733672],[-6.730278015692422,55.180274962989635],[-6.692170739232602,55.18905587412048],[-6.692170739232602,54.39638233249568],[-7.322596251993925,54.39638233249568]]],[[[-5.493832114283215,54.39638233249568],[-5.457357070239715,54.39638233249568],[-5.461112023556828,54.38555145298141],[-5.493832114283215,54.39638233249568]]],[[[-6.692170739232602,53.41277122562259],[-6.692170739232602,54.39638233249568],[-5.600048809019782,54.39638233249568],[-5.596780300694715,54.391109467306244],[-5.593680858793914,54.38500976682348],[-5.58998060256594,54.371154784869326],[-5.559166908362873,54.290832520169765],[-5.562222482060167,54.283050536987545],[-5.586667061305038,54.26499938996132],[-5.608333587942655,54.249717713587685],[-5.655555726282045,54.22700882046391],[-5.66694450453762,54.23499298075434],[-5.692083834604329,54.24471664538652],[-5.730556486750376,54.2474975577842],[-5.746111868576776,54.248054503907866],[-5.825000285505732,54.23957824782724],[-5.859723091056068,54.22596740724123],[-5.873472689603727,54.20916366618318],[-5.871945380678503,54.19749450704713],[-5.86541748147554,54.18582916354836],[-5.86458397010868,54.16694259604495],[-5.885000228404322,54.11638641482149],[-5.900000095293956,54.096801758782384],[-5.920278548891424,54.08583068818203],[-5.968334198597674,54.063888549564695],[-6.043889045399242,54.03138732842137],[-6.071389676264829,54.027633666188386],[-6.08194446523012,54.02832794167017],[-6.108333588298752,54.036384583568626],[-6.174027919033445,54.072219847596024],[-6.189028263846502,54.09041213961765],[-6.199722291280238,54.095970153942474],[-6.266975401551727,54.09983062818549],[-6.240834235488516,54.074714659532376],[-6.330278397229609,54.01305389398772],[-6.347361565904656,54.01416397059777],[-6.357223032651637,54.01082611207642],[-6.38138914012636,53.95152282652663],[-6.380139349707807,53.913330077337626],[-6.373611450504844,53.89971923933499],[-6.236389160147542,53.67138671776635],[-6.157823085280872,53.41277122562259],[-6.692170739232602,53.41277122562259]]],[[[-6.692170739232602,54.39638233249568],[-6.692170739232602,55.18905587412048],[-6.613333701009165,55.20722198544541],[-6.515556334709791,55.233055115653855],[-6.376389503112097,55.23916626046507],[-6.35333347224743,55.23777770950149],[-6.145833493192865,55.22069168103602],[-6.101250649499077,55.20944213866552],[-6.063750744604964,55.191524505360135],[-6.061745226471279,55.188996193170205],[-6.061745226471279,54.39638233249568],[-6.692170739232602,54.39638233249568]]],[[[-6.061745226471279,54.39638233249568],[-6.061745226471279,54.888187885932226],[-5.835046541845055,54.888187885932226],[-5.791389465675773,54.851387025097736],[-5.778750419078223,54.85527420105157],[-5.746945379943637,54.85360717831785],[-5.746532470090617,54.85346801114021],[-5.746532470090617,54.7404239248413],[-5.755483626567307,54.740242003733655],[-5.785833357877898,54.71971893342799],[-5.819027901239535,54.70971679702566],[-5.866806029855743,54.68971633985829],[-5.878055572226244,54.68249511843702],[-5.889861582796987,54.673053741212264],[-5.924444674538827,54.63180160527207],[-5.902431010160316,54.60228729185529],[-5.882569313537963,54.606521605550014],[-5.874722480022279,54.61972045806166],[-5.855834005991914,54.63749694895502],[-5.816389084517356,54.655548095981246],[-5.80305576243802,54.66138458207622],[-5.746532470090617,54.66978158847484],[-5.746532470090617,54.39638233249568],[-6.061745226471279,54.39638233249568]]],[[[-5.746532470090617,54.7404239248413],[-5.746532470090617,54.85346801114021],[-5.734167100044382,54.849300385598475],[-5.70930623916445,54.83166503970051],[-5.690417289794031,54.80916213932223],[-5.707896233314232,54.76379394602579],[-5.712166786521282,54.75602340717204],[-5.72191715286428,54.74927520852132],[-5.743283272338311,54.740489960739076],[-5.746532470090617,54.7404239248413]]],[[[-5.746532470090617,54.39638233249568],[-5.746532470090617,54.66978158847484],[-5.728486538403744,54.672462462103226],[-5.629167556476889,54.679443360377],[-5.599166869434144,54.67916107296958],[-5.574306011137582,54.677219391519614],[-5.53520870274397,54.65089797857488],[-5.431319713709955,54.485965729476014],[-5.435833455021674,54.45846557653385],[-5.457357070239715,54.39638233249568],[-5.493832114283215,54.39638233249568],[-5.535881042832318,54.41030120829062],[-5.542480945719879,54.413101196291315],[-5.55970621007043,54.434799193540506],[-5.558230875963318,54.4421234139179],[-5.557138919109426,54.461051940514494],[-5.558014392152841,54.477802275567534],[-5.56243085925604,54.492134093346145],[-5.568264485560586,54.50205230639536],[-5.572680950080415,54.506298064418544],[-5.591681002438187,54.516799927885614],[-5.615514754214327,54.52713775511701],[-5.627347947002684,54.5314674364933],[-5.640181064093849,54.53546905573171],[-5.698125362764695,54.57263183602648],[-5.704722403278456,54.53360748199758],[-5.65694475258567,54.47830200263228],[-5.639790536072872,54.46049499439083],[-5.600048809019782,54.39638233249568],[-5.746532470090617,54.39638233249568]]],[[[-6.061745226471279,54.888187885932226],[-6.061745226471279,55.188996193170205],[-6.034444808384059,55.154579162139314],[-6.042500497019039,55.10277557494768],[-6.049445153197117,55.087219237274425],[-6.03611183111778,55.05777740546567],[-5.844445227736339,54.8961105358635],[-5.835046541845055,54.888187885932226],[-6.061745226471279,54.888187885932226]]]]}},{"type":"Feature","properties":{"fillColor":"#f7ba6b"},"geometry":{"type":"MultiPolygon","coordinates":[[[[-1.560486197392749,60.4736785889467],[-1.610347270970256,60.47839736938118],[-1.59305572507513,60.507774353116396],[-1.546944618257551,60.535827636588806],[-1.413333416162834,60.605968475410414],[-1.296527862480641,60.63339614866343],[-1.287500142923606,60.613327026430284],[-1.296111345321636,60.491104125824684],[-1.286666870182485,60.47110748301486],[-1.163888931395927,60.45443725572315],[-1.0385417936617,60.44277191178942],[-1.066111326260918,60.35805511460423],[-1.101111173633285,60.27583312995922],[-1.16500008086219,60.26013565052372],[-1.180555581940279,60.224998474244956],[-1.212222337546744,60.102775573639356],[-1.22055578223083,60.02249908430608],[-1.261389017240103,59.86027526854131],[-1.268611192645305,59.851104736346336],[-1.306944608629794,59.857498169049514],[-1.371944665725674,59.891662597472056],[-1.377916693796442,59.90430450443248],[-1.327648639583619,60.00222015374322],[-1.310416698263868,60.00930023177982],[-1.268333434931361,60.093605041444384],[-1.262083411124251,60.111385345498725],[-1.260972380669187,60.12749481205413],[-1.285000085876424,60.21999359128768],[-1.291388988540506,60.241386413382926],[-1.36280095593023,60.243885040292156],[-1.387500047792564,60.237220764145235],[-1.519722223295163,60.201110840010244],[-1.647777795867629,60.224716186491925],[-1.655000209695941,60.22610473623782],[-1.664722442549035,60.23082733144206],[-1.676250219153252,60.24291229243593],[-1.692152857868171,60.28506469726822],[-1.666944503859874,60.29972076419393],[-1.655277967409885,60.303054809652274],[-1.628333568584551,60.307220458889965],[-1.593194603932102,60.307220458889965],[-1.474722385355758,60.314994812200226],[-1.445833444510419,60.318603515471374],[-1.426944494232118,60.321388244502685],[-1.345833540042171,60.33999633796733],[-1.320277929385845,60.356384277506],[-1.445833444510419,60.46054840107399],[-1.50222229960898,60.469718933268965],[-1.560486197392749,60.4736785889467]]]]}},{"type":"Feature","properties":{"fillColor":"#f28d44"},"geometry":{"type":"MultiPolygon","coordinates":[[[[-8.98923683337921,37.02631380027151],[-8.984167089522487,37.05221556069836],[-8.94909762197625,37.10131454194385],[-8.924445149943438,37.130134586478334],[-8.906528475153948,37.160621652270606],[-8.858057022359674,37.27277375071469],[-8.828889860785637,37.38055421086193],[-8.79586221262997,37.44251251178105],[-8.787223814473862,37.52416229079523],[-8.787500393118307,37.72222136555257],[-8.805833832900703,37.76638792439354],[-8.791866301622008,37.81909179700688],[-8.790972724956191,37.82916260463594],[-8.794706180922887,37.86718076802376],[-7.078630801812601,37.86718076802376],[-7.078630801812601,37.2179517009643],[-7.127223024086618,37.220550522540805],[-7.173334111985696,37.21721648002534],[-7.258611662823284,37.20805357354374],[-7.284722328397038,37.20499421264702],[-7.337500572170995,37.18735883970999],[-7.356389027554144,37.17582701235847],[-7.391389389153915,37.175273893783526],[-7.409444817843564,37.20166017013207],[-7.431854230873398,37.25318908679708],[-7.419028283370153,37.180549639175524],[-7.444583894628579,37.17874525775096],[-7.471944816466817,37.1777725092868],[-7.559583661355703,37.15319061436327],[-7.580417149089271,37.144439710952156],[-7.618680937380475,37.11547851219899],[-7.758334144010405,37.034996023599035],[-7.897778522923488,37.00888826163657],[-7.912960040270178,37.00877593874283],[-7.973055843241127,37.00833131029515],[-8.012917508128453,37.02207948342698],[-8.0445842917905,37.04304886016439],[-8.067779538153218,37.05471800896811],[-8.110834130052012,37.07430267288555],[-8.175279625604105,37.09221648277861],[-8.37375070343279,37.10207749482106],[-8.658889774711326,37.108886734070325],[-8.814723954789827,37.066940315061345],[-8.926668154672086,37.016105671189734],[-8.98923683337921,37.02631380027151]]],[[[-8.821176455892271,37.96236827267546],[-8.302112294281471,38.14726736968737],[-7.912960040270178,38.33535938461357],[-7.808382392699684,38.38590572025731],[-7.493482010434036,38.66933667225686],[-7.276906568020593,39.057273897647065],[-7.210881380681655,39.16187916426216],[-7.07909022711334,39.37067900735468],[-7.078630801812601,39.37212248331466],[-7.078630801812601,37.86718076802376],[-8.794706180922887,37.86718076802376],[-8.799305934218637,37.91402052558391],[-8.810556421003355,37.93193816824379],[-8.821176455892271,37.96236827267546]]],[[[-7.078630801812601,37.2179517009643],[-7.078630801812601,39.37212248331466],[-6.965281029754626,39.728258009093445],[-5.168024770245993,39.728258009093445],[-5.168024770245993,36.41360140339252],[-5.172639379949601,36.411872854209605],[-5.219166768263904,36.37055206662569],[-5.312500485141527,36.23110579068674],[-5.326111801398895,36.19749451668093],[-5.333333972874982,36.17194366734509],[-5.33450842553026,36.16255950569058],[-5.335828291033579,36.13902662741873],[-5.33830882671765,36.112071978858125],[-5.345088952425783,36.11273574437672],[-5.356168745587127,36.12646103705265],[-5.355798709376586,36.16330720493016],[-5.38833378892997,36.17888639528002],[-5.425486578148877,36.173748010054794],[-5.444583899964016,36.13874435769577],[-5.426042097042057,36.07534408474328],[-5.44888972307308,36.05221558272342],[-5.613611237574162,36.006103526954064],[-5.802222735808584,36.07721710753685],[-6.044167028840263,36.18610763760023],[-6.158333768873547,36.305274976828684],[-6.226944939900932,36.40471649792124],[-6.262222770585936,36.47583007850312],[-6.237222213643292,36.46381377394573],[-6.217639446752287,36.468887311854076],[-6.174722679597721,36.51443862222965],[-6.234445083754565,36.57818984498806],[-6.271051245635814,36.59891166589686],[-6.297500601271565,36.6138839760892],[-6.33722304768105,36.62055206111984],[-6.373028290303068,36.63257978654792],[-6.391069897803504,36.6403732338473],[-6.432500364460509,36.692356120443435],[-6.443611129474505,36.71888734506234],[-6.439445028135822,36.741523743057485],[-6.355556487463389,36.8608321977901],[-6.578888903756422,37.01943971370508],[-6.725833891101843,37.09194183987461],[-6.978721623713227,37.212608332919274],[-7.078630801812601,37.2179517009643]]],[[[-6.965281029754626,39.728258009093445],[-6.946059157602519,39.7886515275016],[-6.875643083035072,40.11743018169267],[-6.82163379416204,40.77650285361392],[-6.846481285290736,41.36127220289018],[-6.586552765419924,41.75142796812446],[-6.348935009275408,41.99164714779903],[-6.033087621825246,42.24698312854497],[-5.894751994874127,42.32210218137334],[-5.412744334342278,42.427284318465524],[-5.168024770245993,42.36851230543105],[-5.168024770245993,39.728258009093445],[-6.965281029754626,39.728258009093445]]],[[[-5.168024770245993,36.41360140339252],[-5.168024770245993,39.728258009093445],[-3.257418738679385,39.728258009093445],[-3.257418738679385,36.74700932507864],[-3.259166727808918,36.746940603953306],[-3.336944831658968,36.73721695207797],[-3.359930747012243,36.719509143720416],[-3.425555689430325,36.693607344578425],[-3.460000261133514,36.691940323320885],[-3.483194578340601,36.69555284150732],[-3.529444691143453,36.71582794545134],[-3.601527923004994,36.74638365261194],[-3.848889347935824,36.75249482501596],[-4.399861805539786,36.72145460193411],[-4.435555936640185,36.69707870854592],[-4.46194457459211,36.655830395097496],[-4.490139490994807,36.61527252167616],[-4.513023242847868,36.59891166589686],[-4.63972235103563,36.50832748854094],[-4.711528307385322,36.48819350010041],[-4.757778652477214,36.485691051830656],[-4.787917130067001,36.48874665738998],[-4.822917452952254,36.497634882253294],[-4.852500914941345,36.50083160331644],[-4.878055558329152,36.50083160331644],[-4.913888946622649,36.498886106388056],[-4.940000541351992,36.49166107001605],[-5.080139154344124,36.446521762710915],[-5.168024770245993,36.41360140339252]]],[[[-3.257418738679385,36.74700932507864],[-3.257418738679385,39.728258009093445],[-1.346812707112777,39.728258009093445],[-1.346812707112777,37.550922728145416],[-1.35083342876402,37.54943845851216],[-1.448333401838966,37.49096681391205],[-1.467361230559504,37.472358692511136],[-1.484722386455246,37.438606264286705],[-1.509444467727235,37.421943678528805],[-1.567777861719605,37.39971924488941],[-1.633415231593688,37.37686155300685],[-1.643611204223077,37.3727722231485],[-1.68402792342556,37.3459701496771],[-1.79458342286182,37.22749328919042],[-1.813264018398399,37.19041444526931],[-1.823611249813382,37.15083311436399],[-1.826666700513556,37.12499620125351],[-1.846666813120407,37.081939712328676],[-1.900572764429302,36.975479257280426],[-1.902222380357387,36.97222138207195],[-2.06152796311784,36.779785169744855],[-2.12291692395462,36.73346711244005],[-2.192083342871797,36.72041321210145],[-2.217222692429345,36.74555205836634],[-2.231111516487545,36.76444244949022],[-2.291319598009977,36.825618749843386],[-2.347083567100867,36.840549467027074],[-2.481944576389992,36.82999422090671],[-2.557916866367293,36.813053120762845],[-2.584305775322832,36.78652572891116],[-2.598333585570174,36.758605958705175],[-2.6111114105571,36.72957991263553],[-2.644861477177074,36.697776775391105],[-2.6925000968522,36.68527219957542],[-2.722500323834822,36.6816635141563],[-2.768888958249079,36.67832947164101],[-2.87347246504396,36.706592564834295],[-2.892083644915829,36.72916032146094],[-2.923472649773942,36.747356401076104],[-3.103050219597478,36.749956799670855],[-3.124999991313473,36.750274646468654],[-3.230833522084652,36.74805450663666],[-3.257418738679385,36.74700932507864]]],[[[-5.168024770245993,39.728258009093445],[-5.168024770245993,42.36851230543105],[-4.411790208019738,42.186894510742604],[-3.103050219597478,41.844586528087376],[-2.804269837577522,41.7664389122653],[-2.66443338252329,41.72484666262747],[-1.442067099366568,41.36127220289018],[-1.346812707112777,41.350723613207954],[-1.346812707112777,39.728258009093445],[-5.168024770245993,39.728258009093445]]],[[[-1.346812707112777,37.550922728145416],[-1.346812707112777,41.350723613207954],[-1.346812707112777,41.350723613207954],[-1.346812707112777,37.550922728145416],[-1.346812707112777,37.550922728145416]]],[[[-1.346812707112777,37.550922728145416],[-1.346812707112777,37.86718076802376],[-0.75758540964032,37.86718076802376],[-0.760000041854198,37.85943983612589],[-0.761015647619558,37.8459548850272],[-0.801388967514015,37.80138398864926],[-0.841944440617169,37.74888611757177],[-0.858333351341685,37.71554948647014],[-0.809444552831394,37.66096879701206],[-0.786944508417719,37.64777374245466],[-0.721631955849318,37.63936995608333],[-0.702500061703688,37.62444307166612],[-0.723472303337587,37.60221863802673],[-0.744166727453035,37.59388732579089],[-0.918333418158056,37.551799791277915],[-0.952500094912011,37.55583190063862],[-0.977916719981408,37.5748596132147],[-1.048333395163354,37.57916261014236],[-1.238611217789128,37.57527161628565],[-1.327500086652947,37.55805207918576],[-1.346812707112777,37.550922728145416]]],[[[-1.346812707112777,37.86718076802376],[-1.346812707112777,39.728258009093445],[-0.184079024710125,39.728258009093445],[-0.317638864347202,39.514858263474196],[-0.326111137228168,39.49472044226701],[-0.337638938239149,39.4380531403768],[-0.247016397480107,39.16187916426216],[-0.241111132905587,39.14388275427524],[-0.195000006292219,39.05360413966497],[-0.182499998824255,39.02915952747844],[-0.143333342312019,38.97833251042567],[-0.092222197225055,38.929718006386054],[-0.065000029286921,38.90499495724407],[-0.041114962334746,38.8892097653582],[0.008888900302964,38.8622131499377],[0.048541660043782,38.85971070166795],[0.077083345051733,38.85762788328742],[0.147777760322469,38.82832336154701],[0.198472179131386,38.80374146662297],[0.215277738704287,38.758041375209416],[0.20722219210154,38.732208256151125],[0.164166671047155,38.69748687351489],[0.144166635870192,38.68470765479486],[-0.052777800623574,38.59333039113886],[-0.294583339754979,38.484024063952575],[-0.320000003538837,38.471523282188684],[-0.379305603987973,38.43624878097751],[-0.511666758899878,38.324996956862776],[-0.600277771529989,38.185272205252716],[-0.698095309261127,37.99289210068324],[-0.750555639946185,37.889717106331204],[-0.753463359104697,37.880395415079505],[-0.75758540964032,37.86718076802376],[-1.346812707112777,37.86718076802376]]],[[[-1.346812707112777,39.728258009093445],[-1.346812707112777,41.350723613207954],[-0.493914512390631,41.256272608021106],[0.326384440183688,41.24127413106669],[0.563793324453831,41.32906210812235],[0.563793324453831,40.58934143024796],[0.541944373398508,40.56916045523633],[0.519166588896042,40.53388215997279],[0.518939371641068,40.528739941981144],[0.356388867871317,40.30083085372655],[0.280555564083045,40.236656207026556],[0.213055546986709,40.18360138460764],[0.047499999207275,40.03374097805181],[-0.17916669189043,39.73610685480162],[-0.184079024710125,39.728258009093445],[-1.346812707112777,39.728258009093445]]],[[[-0.026797005814785,43.31453755024597],[0.074758189490989,43.450412491232825],[0.563793324453831,43.450412491232825],[0.563793324453831,42.38551809335042],[0.445659465987148,42.607638549539104],[0.156120911559356,43.058756489817256],[-0.026797005814785,43.31453755024597]]],[[[0.563793324453831,40.58934143024796],[0.563793324453831,41.32906210812235],[0.610332524312525,41.34627116170071],[0.720719293245389,41.72484666262747],[0.732846950843225,41.7664389122653],[0.709373421887051,42.111792016224285],[0.563793324453831,42.38551809335042],[0.563793324453831,43.450412491232825],[2.474399356020439,43.450412491232825],[2.474399356020439,41.544422377190315],[2.267083151249494,41.4598579387914],[2.247082961212925,41.44242477333796],[2.164721952316597,41.34249877503913],[2.151249660962264,41.31194306787842],[2.11736084044162,41.28929900434997],[2.07833289911423,41.275276188313796],[2.054166298020959,41.26860810328316],[1.761666533654761,41.21860505365714],[1.706859601075223,41.210013511129844],[1.61638879985685,41.195831295494656],[1.322499986611149,41.12944030301429],[1.039444198290198,41.06249235919273],[0.993055447731535,41.048049913267164],[0.964444385773504,41.032775873096],[0.899444416628057,40.98027420796666],[0.703611017921332,40.79687116877392],[0.730555484485194,40.77111052385055],[0.848055492737274,40.72943878646106],[0.870277719631986,40.73249435330575],[0.896597135493323,40.72576142095778],[0.885277736336263,40.70277403444186],[0.857916582208816,40.68027495789886],[0.68972219386302,40.57166290350614],[0.664305491364416,40.56277463992819],[0.636388857058535,40.56180189146397],[0.621423528829439,40.58436964809067],[0.709166632717256,40.59583283407369],[0.734722127831105,40.63999556014761],[0.696666586534604,40.63749694464485],[0.610138779432816,40.62499620159565],[0.589166653943209,40.61277772826935],[0.563793324453831,40.58934143024796]]],[[[2.474399356020439,41.544422377190315],[2.474399356020439,43.450412491232825],[3.795954022318823,43.450412491232825],[3.722499833092627,43.4116592265396],[3.546666624422073,43.31971742343802],[3.414097067656257,43.28721618063446],[3.334999562880455,43.265274055432144],[3.313055501938209,43.25527192788621],[3.258055221305028,43.227493273184734],[3.141110886805848,43.13888551259885],[3.081388482649004,43.06944274732564],[3.003611075665503,42.8811035303911],[3.01222183144273,42.79804991343843],[3.041388528438972,42.61263656871523],[3.058124788491625,42.544162757854565],[3.110277400841085,42.526313795277815],[3.177654730685902,42.4368057216484],[3.16916654601539,42.42610932130873],[3.118055362213624,42.2251320011589],[3.111458047866165,42.19881440489394],[3.117083078327141,42.14443967825656],[3.146874671167097,42.11659242090087],[3.179096935007351,42.10596466193044],[3.211110835708951,42.066520691191386],[3.220555315046738,41.94693755484013],[3.201666356371334,41.892776495271676],[3.175277718419409,41.867492662021334],[2.946657417655375,41.72484666262747],[2.937430382064974,41.7190895198504],[2.717499720499859,41.62749479507386],[2.676666275018647,41.61277770624429],[2.605833067132835,41.59082795422387],[2.557777411460791,41.5772171025435],[2.5377774149988,41.570274335893885],[2.474399356020439,41.544422377190315]]],[[[5.072388173058584,43.359466544355655],[5.077479829500987,43.38551712453523],[5.099205035588795,43.392940535624064],[5.146804824303331,43.41666412307967],[5.188611018248935,43.43388366017882],[5.210814424284663,43.450412491232825],[6.295611419153655,43.450412491232825],[6.295611419153655,43.1379400806449],[6.169756416304836,43.11534117474088],[5.816526888272165,43.117637621475296],[5.678474423135299,43.190483109346985],[5.358680248984683,43.248744958359396],[5.257638450976856,43.3488159049287],[5.218054758467872,43.339023572970234],[5.09638880373592,43.33693696053791],[5.072388173058584,43.359466544355655]]],[[[4.562132086199242,43.450412491232825],[4.987496874472207,43.450412491232825],[4.980901230328925,43.43752289158783],[4.967864054790709,43.42861174755393],[4.758961192389222,43.37414933185863],[4.65277767968297,43.3597183068033],[4.613055233273656,43.361522688227865],[4.592638007240225,43.366523752001115],[4.5736799426179,43.38749312873887],[4.59611033907828,43.42815398357061],[4.574721332450906,43.44666291761348],[4.562132086199242,43.450412491232825]]],[[[0.074758189490989,43.450412491232825],[0.119449574918633,43.510206963975634],[0.974765703041555,43.66076447898939],[1.674180565472568,43.841482415125824],[1.706859601075223,43.84598249886886],[2.439897542304209,43.946925873161206],[2.986637534255237,44.21814971261182],[3.052309176574797,44.287814160992774],[3.228216062481408,44.47441610576317],[3.449209952751971,44.836387038105215],[3.667726719764005,45.032624927657025],[4.311353019188232,44.942002316294236],[4.659957641271092,44.76095873577469],[4.984833010262548,44.51965074473088],[5.229599106616397,44.287814160992774],[5.303148737179072,44.21814971261182],[5.611870951471417,43.90173359370209],[5.946342162160477,43.66076447898939],[6.142311948113274,43.56038868651814],[6.295611419153655,43.539360589564836],[6.295611419153655,43.450412491232825],[5.210814424284663,43.450412491232825],[5.231527320825478,43.46583174569366],[5.229027272874248,43.49319077050558],[5.024166121107726,43.55263520228448],[5.010277258334952,43.51443862291376],[5.028193933124271,43.48409271134011],[4.990430843547131,43.456146227911916],[4.987496874472207,43.450412491232825],[4.562132086199242,43.450412491232825],[4.535554869512282,43.45832823365083],[4.316874502927249,43.50207520131653],[4.286110897204821,43.50555419210281],[4.249305263739757,43.49291608888677],[4.241433147934515,43.48595427454825],[4.289860233550371,43.45804975797955],[4.197777276229999,43.46110536353939],[4.162221899029362,43.47110749108549],[4.132325660042682,43.50849915071842],[4.130415935604219,43.53985594484982],[4.111814511411573,43.551175485343876],[4.104513633169518,43.55561829499368],[4.056249614358478,43.56277465128278],[3.964722137216768,43.54083252608115],[3.91319418842221,43.521247862163705],[3.843610772223258,43.47555543628363],[3.795954022318823,43.450412491232825],[0.074758189490989,43.450412491232825]]],[[[10.370418027699554,43.450412491232825],[12.02742951385348,43.450412491232825],[12.02742951385348,41.98195144242785],[12.021110516232511,41.98583220105587],[11.912498461839732,42.03596877808229],[11.885276797194479,42.03777312079217],[11.862220769309545,42.03110503576136],[11.830762852079147,42.03027344151582],[11.80499841310342,42.05749510616164],[11.739358913914657,42.1495475949215],[11.72555541731083,42.18222046050454],[11.703887935013029,42.22444152241712],[11.627707475470629,42.298259720038175],[11.53416632460943,42.34277343463356],[11.497499483759782,42.35749815028123],[11.4513168508808,42.37417602839213],[11.372776026442523,42.4046478405466],[11.326679242420624,42.42422286931733],[11.183887484985576,42.48485948029406],[11.187151918261975,42.512496942062285],[11.158054365926944,42.554992685593675],[11.080275526495143,42.63221739986568],[10.775136962046872,42.89902496710283],[10.732637424463462,42.92867660588291],[10.680693639831134,42.9465217744073],[10.588888151596677,42.9574966504174],[10.533331887492864,43.0527725347489],[10.540833463794854,43.12332916399009],[10.542637806504786,43.150135031512605],[10.538331983395551,43.18083189289251],[10.53027724980393,43.22360990614635],[10.518332490225873,43.257495861770565],[10.422777162352816,43.39804841357454],[10.377637855047851,43.44583128465325],[10.370418027699554,43.450412491232825]]],[[[12.02742951385348,41.98195144242785],[12.02742951385348,43.450412491232825],[13.664307751114332,43.450412491232825],[13.731634152756975,43.31407890569896],[13.848054896693611,43.07833101090358],[13.86249923964499,43.00638579736079],[13.873610507951355,42.964439378352324],[13.88249970068506,42.94221498342762],[13.89749909795222,42.9133300915766],[13.905553831543443,42.90138242838748],[13.923610692681336,42.84471892054893],[13.938035545420087,42.80790796361069],[13.938035545420087,41.02911270401904],[13.899999610481359,41.078048707801486],[13.837221136187111,41.152496330899396],[13.79805471196346,41.193328847224905],[13.775833143220666,41.21110533566559],[13.737653714513215,41.23474119534842],[13.731634152756975,41.23861550115904],[13.712221138940208,41.2511100905125],[13.644165022228322,41.25971604565302],[13.61444377420952,41.25597000006712],[13.566803915660273,41.23805235740724],[13.276110662033489,41.29513549513484],[13.211111080036517,41.28249359786702],[13.169998152299627,41.26888274618676],[13.146944060155136,41.259162888363846],[13.116805079272922,41.24333189685092],[13.029582960662594,41.26013563682801],[13.005415933706274,41.29791258630894],[12.979999540925974,41.326385513804325],[12.951944346293999,41.35305022710821],[12.932220463898545,41.37027739102632],[12.913055429871235,41.38360597298356],[12.892221438844842,41.39555359745805],[12.8549995436789,41.40999604338384],[12.65610980383127,41.45783996772741],[12.576110824567138,41.50721742464367],[12.517775533548956,41.567771926338764],[12.471942882605845,41.60721589707748],[12.447082512011377,41.62763215524046],[12.351387965661047,41.69444273889542],[12.307359962911185,41.72484666262747],[12.215832722293612,41.78805160196919],[12.20708178016747,41.8169403265868],[12.177777297141517,41.86805344612975],[12.158471108894844,41.89208222247851],[12.123332032109488,41.92305372676236],[12.02742951385348,41.98195144242785]]],[[[6.295611419153655,43.1379400806449],[6.295611419153655,43.450412491232825],[6.909652068602772,43.450412491232825],[6.888193604119465,43.43457793297239],[6.846388803907359,43.42416380235528],[6.794166582319008,43.42277525676832],[6.636388763623245,43.31110380276442],[6.637499801409831,43.28777313197588],[6.599444376258077,43.19249724764438],[6.516769421747924,43.177651882142],[6.295611419153655,43.1379400806449]]],[[[6.295611419153655,43.450412491232825],[6.295611419153655,43.539360589564836],[6.471565554410802,43.5152249510632],[6.516769421747924,43.527800648647194],[6.68802544786729,43.57544400574875],[6.822016903261101,43.615593334707796],[6.961875823805087,43.68586100021798],[7.268995134333579,43.78625738137606],[7.426310872880265,43.93186140895074],[7.500733510465523,44.05740995145766],[7.539186336156922,44.287814160992774],[7.576200535541034,44.50959831332307],[7.752520388638914,44.76095873577469],[7.990241260141033,44.96212158357929],[8.206217450720263,45.200121056721535],[8.206217450720263,44.058045106368816],[8.156318653231097,43.98277283482457],[8.164650933337942,43.95874785252735],[8.067777636987898,43.8930511328407],[7.948888773430383,43.846382125729804],[7.738888733146496,43.79624558741807],[7.665485364777851,43.7795753361267],[7.531934735861739,43.782043444355224],[7.515832895497567,43.79096984202641],[7.484166150550436,43.78277588995701],[7.4392928914599,43.75752256398141],[7.420277103046999,43.73707963131045],[7.391609207739236,43.72754668861796],[7.246805188427743,43.701660143113656],[7.155694011701883,43.66055298388386],[7.074721354817939,43.57221986620209],[6.909652068602772,43.450412491232825],[6.295611419153655,43.450412491232825]]],[[[8.206217450720263,44.058045106368816],[8.206217450720263,45.200121056721535],[8.219009446217967,45.21421746327786],[8.732646744154465,45.45647577309876],[9.170898508572805,45.56756243968562],[9.472783206204895,45.69888855789469],[10.094640737506609,45.8605830465969],[10.116823482286872,45.86171527389657],[10.116823482286872,43.999369075141345],[10.111804004145142,44.00374983838083],[10.09083176251147,44.018608081428795],[10.059721001035143,44.03305436012124],[10.027334199226743,44.04417418440249],[9.983606356679502,44.05387878858835],[9.714996343758628,44.11471556000606],[9.661109927094174,44.14083098750194],[9.372776031778017,44.2852707003957],[9.369004889339813,44.287814160992774],[9.336526885076296,44.30971906791939],[9.231110583876614,44.34693910477358],[8.815553647869876,44.42555236463255],[8.747220991228176,44.42805098013514],[8.639999379448057,44.388328533725826],[8.49527646767666,44.32263185275366],[8.452903730386874,44.287814160992774],[8.274026869763304,44.14083098750194],[8.23430442335416,44.10041426829929],[8.206217450720263,44.058045106368816]]],[[[10.116823482286872,43.999369075141345],[10.116823482286872,45.86171527389657],[11.326679242420624,45.92346740303386],[11.481038488191587,45.931346038150934],[12.02742951385348,45.95963037554311],[12.02742951385348,43.450412491232825],[10.370418027699554,43.450412491232825],[10.357498175529997,43.45861054208791],[10.324513423390044,43.47513197362724],[10.29513836325475,43.542564394655074],[10.287607208833265,43.59130096650881],[10.276665704994457,43.69374466671451],[10.276943212794492,43.714439400548315],[10.274166121621136,43.7433280864513],[10.267498965745915,43.79610822725124],[10.252222060678207,43.8433303916521],[10.236248985791406,43.8790245227525],[10.215693470435951,43.90499496326299],[10.17944335586401,43.94471740967299],[10.116823482286872,43.999369075141345]]],[[[13.559175510391052,45.31148973230251],[13.938035545420087,45.31148973230251],[13.938035545420087,44.838504751690905],[13.839165703960077,44.876384731005714],[13.731634152756975,44.99544393345318],[13.68111037746354,45.05138398382695],[13.603054030231874,45.1577758596726],[13.559175510391052,45.31148973230251]]],[[[12.02742951385348,43.450412491232825],[12.02742951385348,45.31148973230251],[12.161610670352273,45.31148973230251],[12.154225332464875,45.30196381011842],[12.161109910746404,45.263885504510256],[12.361944179652312,45.05610657192926],[12.443703637739247,45.008235934362745],[12.495276457005616,44.987010962410466],[12.520137795470532,44.98263549134731],[12.538053502389232,44.960617059243816],[12.47999955193859,44.85277175177936],[12.448783873311243,44.817749013015884],[12.426804543171102,44.85360717879138],[12.43937299843327,44.881732950533035],[12.4226369706696,44.90013123763168],[12.389860155805763,44.868400574523434],[12.396944037959202,44.79138182307207],[12.290137294146177,44.83826066448563],[12.26152611604374,44.77624510435328],[12.247637756563336,44.72388459344256],[12.245414751834232,44.69388579890858],[12.279998774304204,44.476104738780975],[12.288887037881636,44.45166016530959],[12.349937557159322,44.287814160992774],[12.353470784041576,44.278331766512736],[12.368331891986145,44.246665950720796],[12.422359462869224,44.189304337322426],[12.446388239217981,44.167770382424806],[12.518609992690756,44.10999297190364],[12.54583169605121,44.08860779804343],[12.689721116551368,43.98749542292683],[12.72055437022766,43.97694397085763],[12.740554792552928,43.97222138275532],[12.753574352849796,43.971000665895815],[12.764720929068801,43.97027588582699],[12.818609242758555,43.96319200367412],[12.903055199350945,43.92472078139906],[12.982732529636785,43.87840233337145],[12.982732529636785,43.450412491232825],[12.02742951385348,43.450412491232825]]],[[[12.982732529636785,43.450412491232825],[12.982732529636785,43.87840233337145],[13.055971134036838,43.83582687960876],[13.125555053528672,43.78665925699488],[13.171182632091757,43.75405882683276],[13.19333265585442,43.73583220122748],[13.295277593087349,43.67541502098402],[13.356666553924242,43.649162310750796],[13.426109319196883,43.62277220163588],[13.480415327036496,43.61096573138008],[13.55208206490795,43.60166550344633],[13.599443447786598,43.569999687654786],[13.621525759336919,43.53704451363399],[13.664307751114332,43.450412491232825],[12.982732529636785,43.450412491232825]]],[[[12.02742951385348,45.31148973230251],[12.02742951385348,45.95963037554311],[12.4576123077685,45.98189910748039],[12.982732529636785,45.99455672316819],[12.982732529636785,45.62730195349594],[12.922498709049592,45.618331916635725],[12.863887768541872,45.59555053165565],[12.799891812695313,45.56929791017542],[12.798887257389651,45.56888581835108],[12.706944447702881,45.53110503610367],[12.638053910564167,45.502220144251964],[12.617221816563756,45.494438156538536],[12.587499600674391,45.483886704470024],[12.418262467476723,45.44117353853272],[12.448471057598681,45.483257278993165],[12.50399112334901,45.4912605218795],[12.580693226321387,45.54381561345468],[12.489651697548652,45.56749343999769],[12.394444454585653,45.53305053303205],[12.287081727301882,45.4733276255825],[12.161610670352273,45.31148973230251],[12.02742951385348,45.31148973230251]]],[[[12.982732529636785,45.62730195349594],[12.982732529636785,45.99455672316819],[13.296598549912346,46.00212222016614],[13.731634152756975,45.994636083819124],[13.884210822477598,45.99201052916237],[13.938035545420087,45.97981926963792],[13.938035545420087,45.31148973230251],[13.559175510391052,45.31148973230251],[13.504790291268591,45.50201034866484],[13.55499841327503,45.494438156538536],[13.591739664001125,45.481697071912095],[13.589443217266478,45.516937271796735],[13.665833472396173,45.543052660578155],[13.731634152756975,45.54772388604372],[13.749929447052352,45.54902267876355],[13.731634152756975,45.57513792954556],[13.716943727042121,45.59610748299707],[13.731634152756975,45.598169818960784],[13.798054711963971,45.6074943620776],[13.73569296394777,45.69430161272095],[13.731634152756975,45.6973263615063],[13.65611074967643,45.753608684333074],[13.62999915494754,45.769996627186686],[13.57947252615105,45.78195954401343],[13.542637817859372,45.783329003196286],[13.415067660129466,45.72055052890204],[13.367942824776208,45.737442035366314],[13.216943738054816,45.776939393836315],[13.193332655854817,45.77805329651903],[13.12090110679435,45.767841334671346],[13.071249006974256,45.70964812702738],[13.096109377568553,45.651664714970934],[13.087777136176953,45.63652420219978],[13.063610070505831,45.63388822652968],[13.000831596211583,45.629997271387595],[12.982732529636785,45.62730195349594]]],[[[16.6155084926773,43.450412491232825],[17.759247608553302,43.450412491232825],[17.759247608553302,42.79346427388426],[17.742637616952493,42.79708099774052],[17.552497851360613,42.840827926692214],[17.43916320886524,42.87388612083794],[17.364997855490287,42.91527558850481],[17.203746814515682,42.981941223889464],[17.180482849354973,42.97548293444561],[17.14527513120089,42.97666168444562],[17.07166289640071,42.98638154226859],[17.012359618840605,43.00624464314217],[17.012356053942785,43.006330411810126],[17.010622020473534,43.04804990793184],[17.268886582861,43.011940018423275],[17.29888533868035,43.006942748702045],[17.300503946934263,43.006330411810126],[17.438955310303925,42.95395277359978],[17.522777571212032,42.92027281951084],[17.657358169089264,42.88082884877218],[17.649841300434844,42.889076227288115],[17.578525551083544,42.943824784187484],[17.518886577354806,42.95277022954866],[17.48069383075125,42.9812469510959],[17.47166441295434,42.99055480584843],[17.47102110087861,43.006330411810126],[17.470554343038145,43.017776470493686],[17.45499803314459,43.03333281910244],[17.326526633215394,43.116386397340534],[17.251663212994913,43.15415955276967],[17.222499845473294,43.161384589141676],[17.17784501537386,43.173885332191105],[17.131385803850605,43.19888306295201],[17.068193429459427,43.24097059746481],[17.04499818309688,43.272495259037896],[16.939998608175074,43.36471557652453],[16.881664285027114,43.40360642868882],[16.860832229741675,43.405273449946606],[16.838054638813105,43.405273449946606],[16.81361006534121,43.40694426525596],[16.76416396705673,43.411384583635254],[16.736385351069714,43.416107171737906],[16.637777321249075,43.441108696551],[16.61888886586513,43.44888305744615],[16.6155084926773,43.450412491232825]]],[[[19.98455631380079,39.728258009093445],[21.58045967168652,39.728258009093445],[21.58045967168652,38.32463755540226],[21.53999899466652,38.31596757778084],[21.337221164573236,38.39180374646594],[21.266941075262196,38.339164721169766],[21.238330826315007,38.321662914347485],[21.164165511654346,38.300064073418525],[21.108747498158607,38.35555266402338],[21.118747728678727,38.37471769805177],[21.13854025244251,38.39339829358801],[21.086387640093108,38.503051776528764],[20.98791313767225,38.67110826270044],[20.946498883766026,38.70013126952562],[20.901107784055284,38.731941240065964],[20.80971909952899,38.75943754761522],[20.76881790311984,38.759925857588144],[20.73277471923899,38.804439533468894],[20.749721510460347,38.909721378112806],[20.781108850581802,38.93166350331438],[20.946498883766026,38.94064858874111],[20.970275867709518,38.94194031247929],[21.03110884507538,38.92131425872918],[21.02615547795557,38.89957426358109],[21.047636045122317,38.88207625081117],[21.08513641595829,38.86402511946625],[21.140831008099497,38.93193818493336],[21.164510731668315,38.9820785560114],[21.14430426909246,39.00874326931597],[21.102012630070533,39.05082700977641],[21.083049764811165,39.056663500561456],[21.04527664809683,39.01332853596625],[20.946498883766026,39.05269325126272],[20.933052075518333,39.05805204614842],[20.820831296990946,39.11360548407066],[20.77471924122176,39.0852737495087],[20.699304599452148,39.05402373083956],[20.564399470573886,39.16187916426216],[20.534442898603174,39.18582917328422],[20.345970154268457,39.288051618316956],[20.295831680216452,39.321800213774395],[20.25194359704625,39.4006881552516],[20.245277409041307,39.44138335012565],[20.227775563504736,39.51943969735731],[20.17381667270479,39.6287460245436],[20.057775516145114,39.68180084696252],[20.01002884341881,39.691200262254654],[19.985414505479582,39.69475172717614],[19.98455631380079,39.728258009093445]]],[[[19.289789209920798,40.42145158585862],[19.318885794385267,40.43888854536442],[19.341804500818398,40.43138503332108],[19.391664499199806,40.387912747273504],[19.402915953854688,40.36999510461379],[19.406803114944807,40.350135797792746],[19.432870845787647,40.32719421090388],[19.46397398044519,40.337306985393695],[19.479442601280766,40.354858385895],[19.487638489091353,40.438743597093435],[19.48638231006624,40.443362913444815],[19.45360754648169,40.56388474855913],[19.307209018763103,40.64530943963325],[19.356107728265613,40.69617462949492],[19.404998772234876,40.81971740107116],[19.413330084471568,40.86638640818188],[19.452419272637542,40.88384245409179],[19.470621120760484,40.883190148158974],[19.52166366319358,40.90985490017749],[19.52326204308264,40.93659208761699],[19.508607865828935,40.97277448997568],[19.461109161498655,41.00694275403771],[19.43621445086228,41.0210647574321],[19.45055387666298,41.059997576456624],[19.51374818679443,41.254020709086944],[19.510135668608484,41.276103988506975],[19.498607635308986,41.29388427100008],[19.475137707327292,41.30902482248587],[19.45222089792054,41.30971526251261],[19.442497246045377,41.40694427059094],[19.51999664193562,41.56999969298994],[19.56666564904674,41.58499909025693],[19.57042445330469,41.58933525016313],[19.66985364011991,41.58933525016313],[19.66985364011991,40.121678047215724],[19.503053683481085,40.19749450601046],[19.451387406649133,40.22673034766774],[19.40110777837816,40.279998798441284],[19.289789209920798,40.42145158585862]]],[[[17.759247608553302,42.79346427388426],[17.759247608553302,43.450412491232825],[18.337039346239393,43.450412491232825],[18.541543973429675,43.34998837164126],[18.797599433473067,43.22424968056731],[19.458034530890586,42.80308220966293],[19.66985364011991,42.626876857867124],[19.66985364011991,41.58933525016313],[19.57042445330469,41.58933525016313],[19.584720613158595,41.60582731277589],[19.586940752991097,41.63861082530258],[19.57082938878176,41.685268411542665],[19.581941586243886,41.69569016897856],[19.587917694210986,41.72484666262747],[19.59916495611003,41.779720289732666],[19.597705833413386,41.80610656608104],[19.52475740284666,41.83524322038011],[19.479442601280937,41.8522186218504],[19.440414427664678,41.86096952526151],[19.416248329863947,41.861244206880485],[19.36777114727656,41.848999020330595],[19.29944228468679,41.89472199220006],[19.278888705071836,41.90332794734093],[19.23235891643924,41.91173173371243],[19.176109308697505,41.931522360450344],[19.152776702167955,41.948886884535284],[19.13798330643624,41.982772840159555],[19.145969398659133,42.01958083522868],[19.138610834887174,42.04332734185465],[19.078609451767193,42.11166383126334],[19.050067882902738,42.13700867906391],[18.879371627009675,42.279438008997204],[18.847358694178467,42.28693772698824],[18.81083296883213,42.284721381208044],[18.647081376613926,42.374301928972955],[18.62562179287778,42.418952926305224],[18.70347024154853,42.39902114534863],[18.70763587830902,42.41985703340089],[18.678609832239204,42.460552228274366],[18.541543973429675,42.45519351061237],[18.508052833538216,42.4538841432439],[18.50319671803601,42.44943999209761],[18.522775652160817,42.43013380385116],[18.51694299414237,42.39999389381262],[18.35706710342913,42.496559136372696],[18.214721668501227,42.57943725906574],[17.877220150570906,42.76777647600011],[17.759247608553302,42.79346427388426]]],[[[19.66985364011991,40.121678047215724],[19.66985364011991,42.626876857867124],[20.08439018001451,42.282037541385705],[20.484206943198558,41.84149914079916],[20.573456932577102,41.72484666262747],[20.7674505562411,41.47129103637491],[20.946498883766026,41.32736675449248],[21.339646346766813,41.01134332624565],[21.58045967168652,40.9636130457608],[21.58045967168652,39.728258009093445],[19.98455631380079,39.728258009093445],[19.983608227029038,39.76527405509057],[19.98777769655686,39.86721802445271],[19.93749617126008,39.93749238397078],[19.857290261305025,40.043468462693625],[19.841110217012385,40.05138397780735],[19.825553907118604,40.054718020322696],[19.754997239162606,40.0829772807495],[19.66985364011991,40.121678047215724]]],[[[13.938035545420087,44.838504751690905],[13.938035545420087,45.97981926963792],[14.241315021584,45.911126694920824],[14.932648770803837,45.63827086350176],[15.553624263833285,45.38580115548592],[15.848641576986694,45.18313829377607],[15.848641576986694,43.69677716701614],[15.782152170136044,43.75624466533816],[15.599443442450934,43.84527588858043],[15.457499518879274,43.922634130252106],[15.405553798506105,43.96527098928749],[15.281665806916578,44.07305144943484],[15.232221605657571,44.11916350520397],[15.151666642922265,44.196388258190694],[15.117984753092514,44.2707595743866],[15.145137776369609,44.28006742913914],[15.20388793535517,44.254997262957545],[15.29131795252681,44.253398883068144],[15.52229023444437,44.26325606234394],[15.503332131107584,44.27610779391341],[15.478610049835652,44.27555084257199],[15.44861028743128,44.28318788201517],[15.43902930258726,44.287814160992774],[15.270555506479923,44.36916349969829],[14.990554820426325,44.57943725373008],[14.971110342857116,44.601661687369415],[14.926387800544774,44.654998779511516],[14.894721016883011,44.69527434449503],[14.887777321077635,44.71624375994759],[14.878609652673504,44.811386116879476],[14.880275744775815,44.85207747898579],[14.894026744089274,44.88944242539634],[14.909582124827807,44.91152191076475],[14.919303879677102,44.96596907282242],[14.831526745465851,45.11541368225602],[14.48277663777668,45.31110383614407],[14.44860934158595,45.321243285141634],[14.323054328737896,45.35096739805721],[14.286595347734249,45.314994830000785],[14.253887174239821,45.23194121304738],[14.248193734698987,45.19715118904264],[14.239721306958643,45.16416167498079],[14.23083304338087,45.14416121394055],[14.216665279074277,45.1233291586546],[14.155832301708017,45.03944398617131],[13.97583101724365,44.824024181380196],[13.938035545420087,44.838504751690905]]],[[[15.848641576986694,43.69677716701614],[15.848641576986694,45.18313829377607],[16.136589063093325,44.985332066972745],[16.34608849380851,44.84141592286073],[17.064700917197797,44.36888163551066],[17.17231893034357,44.287814160992774],[17.759247608553302,43.845687194755875],[17.759247608553302,43.450412491232825],[16.6155084926773,43.450412491232825],[16.49916457529565,43.503051743833055],[16.469232563818764,43.53353880962527],[16.430553442983125,43.54568864158307],[16.354026795556706,43.55082702680829],[16.310276033838704,43.54305266591314],[16.190551743268657,43.511665325792194],[16.17027663932464,43.49193954637076],[16.136589063093325,43.48390800911937],[16.102706896845177,43.47583007918723],[16.03694343281518,43.48180389142465],[15.98833276154295,43.50444028942019],[15.91881849000464,43.56694032675824],[15.925831795049078,43.62773896408237],[15.848641576986694,43.69677716701614]]],[[[17.759247608553302,43.450412491232825],[17.759247608553302,43.845687194755875],[18.184617035764177,43.5252610486757],[18.337039346239393,43.450412491232825],[17.759247608553302,43.450412491232825]]],[[[15.629581455463608,38.22929764858969],[15.654443723083887,38.24027252459979],[15.715276700449408,38.25582887320854],[15.737360018584809,38.2574958944661],[15.760276789276759,38.26610564365882],[15.794721593268378,38.28152083804821],[15.815277108623832,38.30249404755284],[15.848641576986694,38.36460698995632],[15.848641576986694,37.91754984481041],[15.781110780302981,37.91693877097646],[15.775833137885343,37.91693877097646],[15.75610925549006,37.92082976483317],[15.720275867196676,37.93110657399808],[15.667846676202828,37.95784376143763],[15.635137573552072,38.004581448631995],[15.629998220456628,38.19284056461203],[15.629581455463608,38.22929764858969]]],[[[15.82902621091182,38.62797926092503],[15.848641576986694,38.65566586293818],[15.848641576986694,38.61086104744439],[15.84555341095836,38.61277390083751],[15.82902621091182,38.62797926092503]]],[[[15.796841367530234,39.728258009093445],[15.848641576986694,39.728258009093445],[15.848641576986694,39.6167681463683],[15.807914750800023,39.67930223145976],[15.799860946363651,39.70749664456923],[15.796841367530234,39.728258009093445]]],[[[15.848641576986694,37.91754984481041],[15.848641576986694,38.36460698995632],[15.89555452484376,38.451942451038235],[15.906110777550225,38.472770673556454],[15.92239759730478,38.52526475058215],[15.922637938881621,38.545967111234745],[15.89472200144263,38.57611085403971],[15.876943577261102,38.59333039113886],[15.848641576986694,38.61086104744439],[15.848641576986694,38.65566586293818],[15.84979055398452,38.65728761543261],[15.984442696841484,38.72166443090106],[16.023609159779767,38.72388457073339],[16.045276642077397,38.723609927829784],[16.06749724295014,38.72083283665569],[16.098886480097235,38.71263505181952],[16.129165647327852,38.71555329721201],[16.136589063093325,38.720043040735845],[16.178192154437852,38.74520493599226],[16.194999688466794,38.76916503225772],[16.208028086859347,38.797719388558605],[16.59184879056116,38.797719388558605],[16.573608404341883,38.77971648432623],[16.549999219167375,38.742492692134874],[16.534511550642492,38.70943833075563],[16.548885355199218,38.64860535339045],[16.561664573919074,38.6027755673436],[16.569999680207616,38.55416106330398],[16.574996949928675,38.520271313628086],[16.57638739254162,38.448566441662194],[16.569166188936038,38.42833326586373],[16.532775888015692,38.391662592247314],[16.515552518149548,38.3769378765989],[16.490554826103278,38.35805511229387],[16.470554365063208,38.346382130722986],[16.448886882765635,38.33693695451825],[16.414165500129002,38.32444000552141],[16.358469010962153,38.309162132583424],[16.330413816330918,38.297912613668984],[16.159997933133752,38.128257747608586],[16.143331514608633,38.06916426563595],[16.138885505151507,38.04152297110073],[16.136589063093325,38.027260611515544],[16.135553359662197,38.02082823726698],[16.113470080241257,37.97527696560604],[16.087776179661148,37.94610597126541],[16.057287216843065,37.924232487432164],[15.996110916489727,37.91888426790484],[15.848641576986694,37.91754984481041]]],[[[15.848641576986694,39.6167681463683],[15.848641576986694,39.728258009093445],[16.500114490824263,39.728258009093445],[16.529998796842335,39.662914288605634],[16.555690761682172,39.64458084882301],[16.596942907897073,39.629714978955974],[16.626388545141822,39.622772212306415],[16.803944592769998,39.574004414947545],[16.803944592769998,38.90473251549417],[16.730831130007118,38.87554931999898],[16.614997872008683,38.81763458802597],[16.594997410968915,38.800827015282266],[16.59184879056116,38.797719388558605],[16.208028086859347,38.797719388558605],[16.20805358880557,38.797775281204565],[16.218748092119256,38.83638382493109],[16.22110748914406,38.868606553350105],[16.21978952066695,38.92138290009768],[16.194164261454944,38.93193818493336],[16.157081584767184,38.94819260038713],[16.136589063093325,38.97483684527526],[16.099720010083274,39.02277375088539],[16.06416320043479,39.12916566544567],[16.060184158955035,39.16187916426216],[16.057220472500035,39.18624497040702],[16.056110363869436,39.22499846240396],[16.05333327269517,39.256385802525074],[16.03381728886137,39.34436797040104],[15.98090172363527,39.449645982278525],[15.926666254190707,39.516525284731756],[15.903888701976712,39.53388214328322],[15.853054058105329,39.60999299358639],[15.848641576986694,39.6167681463683]]],[[[16.803944592769998,38.90473251549417],[16.803944592769998,39.574004414947545],[16.82360839883529,39.568603525919514],[17.03416442259021,39.466110232034794],[17.145553606872056,39.39638519703914],[17.135971070501057,39.3655510142072],[17.115970609460305,39.31457901016881],[17.108886727307265,39.263053887555486],[17.11367615317486,39.16187916426216],[17.116664882253872,39.098743446970104],[17.141803728519164,39.05374525516896],[17.158191671373118,39.03902437228771],[17.169166547383213,38.99777222607213],[17.169166547383213,38.96333311315834],[17.12694169141878,38.91944123593629],[17.09784506823968,38.90784456126778],[16.975831996468628,38.939022067086796],[16.952915187061706,38.93874742418279],[16.929443362054883,38.93582917879007],[16.83487893989468,38.91707994188516],[16.803944592769998,38.90473251549417]]],[[[13.938035545420087,41.02911270401904],[13.938035545420087,41.58933525016313],[14.89333856120339,41.58933525016313],[14.89333856120339,40.56412397218207],[14.830762863433335,40.631519299640615],[14.774860372731041,40.673049921526854],[14.753470436948646,40.675968166919404],[14.625138294212604,40.64763259959079],[14.504720698719439,40.619720456203595],[14.40194319937109,40.59999847083435],[14.362984673708695,40.62735749564678],[14.390971188257367,40.63805006321928],[14.474547377795489,40.71020127829735],[14.452775946216832,40.747913341746994],[14.311943989587007,40.826244370597976],[14.268887500662231,40.8402023393175],[14.216040615519773,40.81819153403222],[14.166942602144275,40.80693818235113],[14.073888793386288,40.82193757961852],[14.046805379348086,40.86222077142122],[14.028748518210534,40.90124511227032],[14.01777553922625,40.91971587350497],[13.989166258149453,40.963329313771],[13.938035545420087,41.02911270401904]]],[[[14.89333856120339,40.56412397218207],[14.89333856120339,41.58933525016313],[15.848641576986694,41.58933525016313],[15.848641576986694,39.728258009093445],[15.796841367530234,39.728258009093445],[15.787498492636985,39.792495719735825],[15.748332958854462,39.92721557480587],[15.728887552129663,39.95693968772139],[15.712221133604714,39.979721072702205],[15.66374875165485,40.03305053802541],[15.642257692772876,40.04293059775653],[15.618749630697778,40.06457899365017],[15.58305453172693,40.07444000569228],[15.560693744505954,40.07610702694984],[15.509790420551042,40.070064534629125],[15.458610517951001,40.02861021964543],[15.416387559012435,39.991451274770725],[15.354860308853176,40.000896450975404],[15.313055044063503,40.031387310819525],[15.264305115597892,40.071800235970386],[15.137359621423002,40.16069030499369],[15.10444354936618,40.17235565974556],[15.01249884265377,40.1955490090823],[14.941944110438726,40.23416138557559],[14.927221291816352,40.27111053486334],[14.964166647051911,40.341384894381406],[14.990624429664877,40.36395265100805],[14.991665858212741,40.39569090222051],[14.965783388400169,40.443362913444815],[14.964443225696868,40.4458313120133],[14.898331638042578,40.55874632461928],[14.89333856120339,40.56412397218207]]],[[[13.938035545420087,41.58933525016313],[13.938035545420087,42.80790796361069],[13.939722056890673,42.80360413450103],[13.987221729091686,42.71110917410988],[14.016666398465702,42.66999818211366],[14.058332444777534,42.61972045086884],[14.074998863302085,42.600273147118],[14.13055419825048,42.54110719100987],[14.199998860549329,42.482498186242935],[14.504165644403656,42.26138304488592],[14.565832151755899,42.21888734006917],[14.604721068179174,42.204994218666286],[14.628887165980132,42.19888304626244],[14.661388408784035,42.1891632271541],[14.716249470938862,42.16805265748292],[14.714998246803873,42.14193726870144],[14.72166536396412,42.10402679182016],[14.73652647190869,42.08790969781836],[14.754720693213528,42.07777404287208],[14.76218223839544,42.074783323344604],[14.831249237665475,42.042774184565076],[14.894026744089444,42.020549789640484],[14.939722073580413,42.01583099559042],[14.996386510574382,42.004440322457526],[15.025971405011774,41.98485945259171],[15.06277657389893,41.952774045625574],[15.099164977793123,41.93721769701699],[15.141920071876541,41.92802428325996],[15.162360178365532,41.92444227234898],[15.373055459313605,41.90554808717292],[15.404721275105317,41.90388489868235],[15.765275956023459,41.916942593072974],[15.848641576986694,41.924522857477676],[15.848641576986694,41.58933525016313],[13.938035545420087,41.58933525016313]]],[[[15.848641576986694,39.728258009093445],[15.848641576986694,41.58933525016313],[15.891204099053683,41.58933525016313],[15.89097119393449,41.58846666017274],[15.890415210463345,41.56527327212086],[15.898331654732317,41.530273452528604],[15.926248560041927,41.485828418017036],[15.98499964818285,41.439716323532366],[16.033054335984502,41.418884268247155],[16.136589063093325,41.38118067776875],[16.657775885262765,41.19138335029652],[16.788887016198714,41.15471650944653],[16.803944592769998,41.150515203691896],[16.803944592769998,40.32495282497405],[16.7915248888948,40.311382305795064],[16.749721521130823,40.24485778591509],[16.74131773475949,40.216526012638326],[16.688053116752712,40.14707945331401],[16.641349808315056,40.11830137563953],[16.629997269275748,40.10985566112191],[16.608610159674754,40.08617400181265],[16.499164575295424,39.822357192818174],[16.490137093239866,39.79999923177917],[16.486663832246734,39.773746482831086],[16.490554826103278,39.749160755140394],[16.500114490824263,39.728258009093445],[15.848641576986694,39.728258009093445]]],[[[16.803944592769998,40.32495282497405],[16.803944592769998,41.150515203691896],[17.049720771199134,41.0819397016582],[17.183748250501424,41.02957915203268],[17.254997255510204,40.989440908500626],[17.294857023371833,40.964786539441775],[17.321941366565284,40.942771901389335],[17.47360990988284,40.82888414031993],[17.496387500811807,40.81971740107116],[17.759247608553302,40.73145216889487],[17.759247608553302,40.29695221764347],[17.67346953329826,40.304023742023446],[17.636386856610898,40.30332946922988],[17.549999235857115,40.299720745095556],[17.506803528454498,40.29749681121126],[17.392776471477134,40.33055113387513],[17.203817352910505,40.41249464219703],[17.234332361066105,40.443362913444815],[17.245830554976465,40.454994218495585],[17.268054949901,40.473327619562895],[17.289997113817435,40.469718934144],[17.317010879901545,40.48829267678832],[17.07659531880512,40.52048110388006],[17.046943680024867,40.515274038571874],[17.017776479736256,40.50638581370856],[16.99833297003761,40.49888609571758],[16.94222068374836,40.46777726998192],[16.91930391305624,40.4505500673493],[16.912138551237213,40.443362913444815],[16.874164567036473,40.40527343859202],[16.863796236046426,40.39035034822729],[16.803944592769998,40.32495282497405]]],[[[15.848641576986694,41.58933525016313],[15.848641576986694,41.924522857477676],[15.856943116220862,41.925277699361345],[15.913610456826234,41.93527220008866],[16.02291488698637,41.94666291193619],[16.053886429985255,41.94388582076226],[16.08249664021713,41.93610383304883],[16.136589063093325,41.91471883501275],[16.145553590182317,41.911174782371006],[16.19367788722252,41.82943723686981],[16.19277571586764,41.78999330484572],[16.164997099880964,41.75777437047924],[16.138885505151507,41.74055479466472],[16.136589063093325,41.73920631572345],[16.11213476106362,41.72484666262747],[16.030551926429723,41.67694093207314],[15.980277060080425,41.65319063139515],[15.937776554626964,41.640552528179114],[15.919859879837702,41.63138578893057],[15.89763831109508,41.61333082481855],[15.891204099053683,41.58933525016313],[15.848641576986694,41.58933525016313]]],[[[17.759247608553302,40.29695221764347],[17.759247608553302,40.73145216889487],[17.761108416901436,40.73082733204802],[17.93722153369123,40.678604142589506],[18.012638111200943,40.643051165707504],[18.026107769948112,40.612220776927415],[18.035831460538077,40.577774037194786],[18.039163606027387,40.555271166599994],[18.08166504063695,40.52499389639485],[18.12749862073531,40.49443818923413],[18.21743144599327,40.443362913444815],[18.27471925756936,40.4108276209393],[18.424859998107024,40.28846739341469],[18.44083024681288,40.26499940117395],[18.459720599221953,40.231109612782745],[18.512496945969872,40.1347198644832],[18.514442442898428,40.102912894472695],[18.391109466909086,39.816246020414326],[18.375274642629734,39.798191056302244],[18.349441523571443,39.7919387683944],[18.1994438342781,39.83749391153697],[18.177221297665085,39.8469390877417],[18.15583039401224,39.85666657238346],[18.082082734785388,39.90291594960496],[18.040761947201645,39.937706012325066],[17.996595388360504,39.998813632594874],[18.01940728061635,40.01117705419216],[18.01221848131155,40.10131455329844],[17.906387312144716,40.25499723491339],[17.857219689530496,40.28443907810578],[17.78499983308393,40.294441205651935],[17.762775438159167,40.29666138419924],[17.759247608553302,40.29695221764347]]],[[[18.25493262714548,45.70899244728258],[18.484921075699788,46.32583866330356],[18.628380707464544,46.78153290810633],[18.89554339960341,47.176911763280714],[19.11929167780113,47.440727308443684],[19.401900762843468,47.694569770866565],[20.00765519419923,47.86728007770023],[20.40615384939838,47.99940596339121],[20.8434569702963,48.101072726143684],[20.946498883766026,48.10501493588223],[21.375018264648475,48.121409364320016],[21.58045967168652,48.12813759965297],[21.58045967168652,42.81379621453982],[21.21191782258626,43.123945438111775],[20.946498883766026,43.304920249239196],[20.505584722592346,43.605555755493924],[20.02324767791106,43.89671243544865],[19.477621854193444,44.248293123606345],[19.18412420570081,44.479442011387675],[18.83022470280821,44.86153187603344],[18.450968095904102,45.38580115548592],[18.25493262714548,45.70899244728258]]],[[[21.565343842466916,37.15506363715616],[21.58045967168652,37.19572738910023],[21.58045967168652,37.067645654896566],[21.565343842466916,37.15506363715616]]],[[[21.174163806433796,37.82611083184378],[21.17943873523921,37.880395415079505],[21.184164036954257,37.92902375561772],[21.367221817418567,38.11416625148894],[21.5347194552229,38.16054915611056],[21.58045967168652,38.18589260686723],[21.58045967168652,37.53017022785223],[21.576387398560883,37.53444289401199],[21.285276412070516,37.7838859371642],[21.21791456815197,37.81541059873712],[21.174163806433796,37.82611083184378]]],[[[21.58045967168652,37.067645654896566],[21.58045967168652,37.19572738910023],[21.583053586565143,37.20270539273179],[21.60499954453428,37.22415924667507],[21.630275712250977,37.23444368265842],[21.672359452711987,37.27096557523777],[21.695831316434123,37.316661833884325],[21.681388870508215,37.37638853538624],[21.659721388210755,37.42388154863829],[21.649719221949624,37.441940306801996],[21.604721068863114,37.50471494832976],[21.58045967168652,37.53017022785223],[21.58045967168652,37.86718076802376],[22.535762687469823,37.86718076802376],[22.535762687469823,36.7084252251612],[22.51277541097039,36.66777039275331],[22.480970376700668,36.59944153016323],[22.481001106696525,36.59891166589686],[22.485553746324797,36.52041243446689],[22.503643050478217,36.489215842244164],[22.507776244222782,36.45388412053512],[22.48888778884009,36.386108415234276],[22.39749906559848,36.473884581574794],[22.377498643273384,36.535552985953416],[22.369229658621936,36.59891166589686],[22.356109636646238,36.69944000259704],[22.296943680538106,36.81499482363938],[22.15246389780998,37.01853560660959],[22.1489763389342,37.019431839415795],[22.120830525034194,37.02666475007709],[22.05902673494495,37.029994959826126],[22.02916336483679,37.02471925314876],[21.979442584933167,37.00721740761179],[21.945552835257104,36.99263764023442],[21.929719908003563,36.97402193072929],[21.9242324699988,36.85666276697708],[21.93798254015644,36.81332780238182],[21.96166609649248,36.79804992944389],[21.93805311726595,36.76221464412447],[21.87513542449409,36.723537459029274],[21.70360757435509,36.81666563894896],[21.581109986662966,37.06388474821733],[21.58045967168652,37.067645654896566]]],[[[22.535762687469823,36.7084252251612],[22.535762687469823,37.86718076802376],[23.10553652927818,37.86718076802376],[23.10361100462461,37.84165955363318],[23.165901168945766,37.614994062694905],[23.195831283396274,37.59527587137785],[23.277496354762718,37.55332945236887],[23.331178666917335,37.53284072007064],[23.351453794102376,37.54491018418627],[23.36256600703865,37.55152510965894],[23.421800604515113,37.52722931722508],[23.491065703253128,37.48171890166087],[23.491065703253128,37.421979728785],[23.417638761806586,37.40971757838372],[23.351453794102376,37.398802555657184],[23.230693820251474,37.37888718960414],[23.096385968252036,37.391242984382586],[23.1365261088103,37.42763518232897],[23.128887172341706,37.44805144049144],[22.97916412595214,37.51583097855854],[22.92971992469313,37.53499605130156],[22.77735900560839,37.590133653385635],[22.752914432136663,37.58541106528321],[22.725551613272273,37.56340025999867],[22.728054061542025,37.48555374706859],[22.758609768702968,37.4080505184113],[22.809165936904094,37.34555051978788],[22.90440751990866,37.17804719090577],[22.936662691342917,37.11951066027433],[23.01458167840815,36.93610762108159],[23.086940753332726,36.74832914954027],[23.10547838554672,36.59891166589686],[23.109996781217433,36.56249238087548],[23.20145414582737,36.440200794719374],[23.13777543591948,36.42624665876633],[23.08999632017742,36.4399947931841],[22.969371793993673,36.521800980053854],[22.954719552480412,36.54804993495026],[22.92052737419116,36.59891166589686],[22.88805387838147,36.6472168131383],[22.782081593710814,36.799301153578654],[22.730552677045296,36.80583191715749],[22.63249780451423,36.803607944558166],[22.592496882433636,36.790691365672046],[22.572776794090373,36.773887625694954],[22.535762687469823,36.7084252251612]]],[[[21.58045967168652,37.86718076802376],[21.58045967168652,38.18589260686723],[21.74152563933967,38.275135022740756],[21.77680397331767,38.30596924428676],[21.853609096414743,38.33958051829222],[21.958610529647387,38.32943723652727],[22.025205626637128,38.29797746098575],[22.042221059227586,38.27388763137225],[22.1489763389342,38.21580785685128],[22.173192971685353,38.202632896571004],[22.219997403222408,38.183605183994985],[22.378330237518583,38.14638518585542],[22.45555495179042,38.13333128551716],[22.535762687469823,38.11361678595878],[22.535762687469823,37.86718076802376],[21.58045967168652,37.86718076802376]]],[[[21.58045967168652,38.32463755540226],[21.58045967168652,39.728258009093445],[22.535762687469823,39.728258009093445],[22.535762687469823,38.871717475723194],[22.523851410079374,38.86606980375325],[22.535762687469823,38.853874344272235],[22.535762687469823,38.34416239124179],[22.533885941926428,38.344993585136024],[22.393747328934353,38.35187150446893],[22.374303819235934,38.334575660467124],[22.19388580849295,38.337219224241096],[22.168331165105258,38.34693908206441],[22.1489763389342,38.35799897022192],[22.125553113136277,38.37138365553625],[22.04277421651716,38.39804840755494],[21.975555423843105,38.40666198951391],[21.947776807856258,38.409439080688],[21.713054647585295,38.353050215753626],[21.58045967168652,38.32463755540226]]],[[[22.535762687469823,37.86718076802376],[22.535762687469823,38.11361678595878],[22.536941547485583,38.11332703042507],[22.652221686909513,38.076110826337356],[22.721456514906265,38.042842875319366],[22.76110838420624,38.0063857913417],[22.79944228502893,37.971382138982335],[22.862775813638393,37.93957900173859],[22.90805433942154,37.938049301933006],[22.955623620861275,37.94902038389114],[22.9763850990376,37.979927079572974],[22.949165331418158,38.001663203239445],[22.899164217532586,38.0261077767106],[23.021387084890762,38.06055068367681],[23.114133846444588,38.0607719388492],[23.12472153558099,38.062492386552776],[23.16888809442196,38.074440011027264],[23.215761167327344,38.100341810169255],[23.224649430905288,38.15339659387354],[23.118329990479992,38.21041109023281],[23.025276181721438,38.21749876643804],[22.966941819858903,38.21360777258133],[22.94305419772911,38.208053590233305],[22.835277570348353,38.226387030015985],[22.773469908777486,38.238883979012826],[22.535762687469823,38.34416239124179],[22.535762687469823,38.853874344272235],[22.555830002869186,38.83332825808657],[22.581943494624284,38.82541274297279],[22.764303208243916,38.78374863240157],[23.06624795523993,38.68791200267685],[23.18846892557241,38.65562059417482],[23.28416443979353,38.65374373861499],[23.317497238127828,38.64402388079202],[23.33673284926499,38.60839842977475],[23.305553446420333,38.56749727208006],[23.336942683567656,38.53708268042328],[23.351453794102376,38.5302777301506],[23.399440746450296,38.50777436463051],[23.491065703253128,38.47308511964446],[23.491065703253128,38.03451477718162],[23.351453794102376,38.00206121374282],[23.23680495394109,37.97541045429119],[23.176668185109406,37.95194246205051],[23.109165186972064,37.91527558248589],[23.106533548005604,37.880395415079505],[23.10553652927818,37.86718076802376],[22.535762687469823,37.86718076802376]]],[[[22.535762687469823,38.871717475723194],[22.535762687469823,39.728258009093445],[22.86584564458374,39.728258009093445],[22.866247177605544,39.72652435714542],[22.91305540319479,39.618888845268486],[22.926942833519604,39.589023578134345],[22.942081449264776,39.57541276516872],[23.013414195361477,39.53393347432348],[23.013414195361477,39.3459366263499],[22.995277387187286,39.35277558953953],[22.940830225129616,39.35936736766803],[22.823886858500657,39.26610566034839],[22.817499146166085,39.242355359670626],[22.82360838282989,39.21221924368393],[22.83388519199457,39.18804931311621],[22.85213561849242,39.16187916426216],[22.855483994208726,39.15707777011801],[22.861042674700148,39.16187916426216],[22.87638662660379,39.17513273422935],[22.90250677341971,39.16187916426216],[22.913330084813367,39.15638733009126],[22.97124861083853,39.10633085401906],[22.9866657409691,39.07933044454671],[22.986497873527583,39.06416321855244],[23.013414195361477,39.04832210477423],[23.013414195361477,38.9811990087344],[23.00971983311291,38.97777555908425],[22.937774658285264,38.928604142417896],[22.83305359774937,38.891105668607736],[22.750205982331067,38.870689410445266],[22.680580134694196,38.87924577190654],[22.649822220049657,38.89759825937796],[22.614442840402546,38.909023272552815],[22.535762687469823,38.871717475723194]]],[[[23.013414195361477,39.3459366263499],[23.013414195361477,39.53393347432348],[23.023054106148663,39.52832796093526],[23.118053450550008,39.456939698734004],[23.138053911589736,39.439994804538685],[23.263193127314935,39.326385480424676],[23.27638624613138,39.30999757628575],[23.327497468647948,39.2254142595267],[23.343677512940758,39.18180085797536],[23.32860072247522,39.16187916426216],[23.320552843687153,39.151245112099446],[23.20610809256118,39.10527037778229],[23.16110993947484,39.09360502303042],[23.122497562981664,39.087776197778794],[23.084165559184783,39.085758226714916],[23.065177916443645,39.104396816675944],[23.077150357115045,39.14249420868828],[23.098447803202305,39.130607598764016],[23.10409544311551,39.10711289330038],[23.17444227676964,39.13027190259504],[23.212081904798424,39.1522216933306],[23.215115026560596,39.16187916426216],[23.221525183977292,39.182289129233084],[23.178607952245102,39.255554208279875],[23.162080752198165,39.27235794825623],[23.121248235872713,39.30527494946813],[23.013414195361477,39.3459366263499]]],[[[23.013414195361477,38.9811990087344],[23.013414195361477,39.04832210477423],[23.034164445299382,39.03610992094684],[23.072776783078098,39.03694151519255],[23.051387776450895,39.0163879355772],[23.013414195361477,38.9811990087344]]],[[[23.491065703253128,38.03451477718162],[23.491065703253128,38.47308511964446],[23.601943972354263,38.431106562985974],[23.960552227189112,38.281661992266834],[24.07402612687696,38.19499589584268],[24.064720169150064,38.151107773957676],[24.005554213041933,38.067771925996794],[24.01082991971913,37.971382138982335],[24.0305519050886,37.87249756923137],[24.05666349981783,37.84527586587126],[24.086524972899838,37.798191061637795],[24.08999823389331,37.77666473355845],[24.06583213609207,37.68318939788497],[24.033956524713005,37.65284348631138],[23.94763754532795,37.6719398402559],[23.77444077690575,37.83444214407962],[23.562845221629004,37.98051453818914],[23.590276720576583,38.00360490611598],[23.59478951309154,38.02846907076179],[23.5751361690904,38.042911516687695],[23.511663422003153,38.03930283126823],[23.491065703253128,38.03451477718162]]],[[[23.491065703253128,37.421979728785],[23.491065703253128,37.48171890166087],[23.498332981734166,37.47694395916142],[23.521387112593118,37.45999527091391],[23.517082218639416,37.432704926184954],[23.499164575979762,37.42333222411571],[23.491065703253128,37.421979728785]]],[[[21.58045967168652,39.728258009093445],[21.58045967168652,40.9636130457608],[21.692624566546442,40.94138146080178],[21.94365354296673,41.131296488140606],[22.021355369484127,41.341270896061076],[22.136409559772744,41.53130961864224],[22.128794638045452,41.58933525016313],[22.535762687469823,41.58933525016313],[22.535762687469823,39.728258009093445],[21.58045967168652,39.728258009093445]]],[[[22.535762687469823,39.728258009093445],[22.535762687469823,41.58933525016313],[23.491065703253128,41.58933525016313],[23.491065703253128,40.26183745846855],[23.401039126339356,40.27985764422215],[23.37666319423613,40.2655486869819],[23.35361099911819,40.24527741580437],[23.351453794102376,40.24172726017229],[23.332151415381702,40.20996094773312],[23.351453794102376,40.17443463480775],[23.368053445043984,40.14388273225018],[23.479721066280888,40.0452728441187],[23.491065703253128,40.03787674920546],[23.491065703253128,39.9547767795639],[23.43694305302688,39.97110749074318],[23.379444118176366,39.99277497304115],[23.351453794102376,40.056808854533415],[23.32249834061588,40.12305067696491],[23.324026104680456,40.182079311620896],[23.312913907218217,40.21825791992791],[23.294582364462258,40.23583220088517],[23.26305197309614,40.248886101224],[23.177497882328964,40.27304840497288],[23.11083220822985,40.29916383246899],[22.899440757462173,40.39665985663299],[22.866155500027478,40.443362913444815],[22.8436088438699,40.47499847358762],[22.868747728849996,40.50333024686387],[22.888885511341698,40.50388336543881],[22.92222214244316,40.51249694739778],[22.946662921862867,40.51972198376984],[22.977046967529873,40.549159994195975],[22.944927220521947,40.626522068634756],[22.901454934474373,40.6444397112939],[22.863262187870475,40.62902451690451],[22.704441082316066,40.518325811364036],[22.66318844407359,40.443362913444815],[22.62999725327012,40.383049004952625],[22.548191066400022,40.14936827322964],[22.56888580023326,40.05722046859296],[22.59499739496289,40.012214649972975],[22.61583328301515,39.995552064214735],[22.625825886716825,39.989170081673365],[22.70284463816779,39.95791243618561],[22.856872539795518,39.78138731632589],[22.860553738065107,39.75110625206878],[22.86584564458374,39.728258009093445],[22.535762687469823,39.728258009093445]]],[[[21.58045967168652,42.81379621453982],[21.58045967168652,43.450412491232825],[23.491065703253128,43.450412491232825],[23.491065703253128,41.58933525016313],[22.128794638045452,41.58933525016313],[22.111010966036652,41.72484666262747],[22.090448164347492,41.881535016964165],[22.064269686134594,42.181887391660894],[21.868257546498057,42.49240611423335],[21.724207320983055,42.69282427626888],[21.58045967168652,42.81379621453982]]],[[[23.491065703253128,40.26183745846855],[23.491065703253128,40.658796629628284],[23.702398845163263,40.658796629628284],[23.827011122118392,40.46131514777193],[23.841418478537104,40.443362913444815],[23.85860825782663,40.42194365116876],[23.882982254188846,40.40027237481894],[23.922775277707842,40.384162907635414],[23.961109178530364,40.37860868657282],[24.0038871917842,40.385131823333154],[24.175554260401327,40.34985732212198],[24.239580164778374,40.31291200560139],[24.381526953246805,40.182079311620896],[24.394094479353498,40.148017900450895],[24.30971909987079,40.11937331146214],[24.292844782784584,40.13138198920109],[24.28472136910949,40.154441849852844],[24.162498463036513,40.27853774000425],[23.93055343265496,40.36124420120285],[23.90777588044068,40.367218013440436],[23.84138872072714,40.372219077213515],[23.729721060775034,40.351249700475364],[23.699233994982592,40.320968636218424],[23.691108684281744,40.29777528688186],[23.70208166326603,40.26846693237445],[23.724719997002012,40.2408294706064],[23.78742789418692,40.19221879933377],[23.879997264453664,40.17388152678467],[23.90805435611128,40.16347122893461],[23.974441515825163,40.129165643420606],[23.99097061289808,40.112495430843865],[24.014371860795563,40.01395414536552],[23.988538741737443,39.95263289674193],[23.94221878740632,39.94332887475656],[23.93222045391235,39.943054193137584],[23.899997725493847,39.96804809113149],[23.82694244203492,40.02555085874906],[23.790552141114745,40.088260652959434],[23.76249694648294,40.12471769822247],[23.725555424013965,40.16805266281792],[23.703052514704382,40.1916656420442],[23.671108261956476,40.2183303940634],[23.64596937697621,40.23083113711215],[23.491065703253128,40.26183745846855]]],[[[23.491065703253128,40.658796629628284],[23.491065703253128,41.58933525016313],[24.446368719036432,41.58933525016313],[24.446368719036432,40.946316678505625],[24.431110372983596,40.9441604469763],[24.394302377914983,40.93555449183617],[24.33721924018721,40.89527130003307],[24.31735799762515,40.876525895894815],[24.313608157986494,40.83860779219526],[24.152915965380203,40.740966781045586],[24.09041403101611,40.71763611025705],[24.060274120977965,40.71694183746348],[23.991804104169262,40.72902678339011],[23.966110242303614,40.737495417078094],[23.912082671420137,40.75694275954373],[23.886665349484474,40.77527619932607],[23.841386784986526,40.78680039985909],[23.722011547196757,40.744647979315346],[23.696388262440053,40.71277620070282],[23.689373021655115,40.67943953088684],[23.702398845163263,40.658796629628284],[23.491065703253128,40.658796629628284]]],[[[24.446368719036432,40.946316678505625],[24.446368719036432,41.58933525016313],[25.401671734819736,41.58933525016313],[25.401671734819736,40.91411274731773],[25.351942075499153,40.93887711348083],[25.306318290987747,40.94561387859528],[25.235553724470776,40.93833162172467],[25.176387768362474,40.94193268032552],[25.157983790185483,40.96726990130725],[25.16360854964296,40.99165725428094],[25.141803745893014,41.010337811102545],[25.074508685031788,41.00762177319348],[25.0377006512482,41.00455857952994],[24.887496960419583,40.91555023674408],[24.85860823580157,40.89499665712947],[24.801343912735774,40.85196684271261],[24.78027724566539,40.851943962256655],[24.626457203884,40.861175548821905],[24.599163065103085,40.89833069964476],[24.564580900944975,40.950622569186464],[24.50777434186216,40.95499420748263],[24.446368719036432,40.946316678505625]]],[[[23.491065703253128,41.58933525016313],[23.491065703253128,43.450412491232825],[25.401671734819736,43.450412491232825],[25.401671734819736,41.58933525016313],[23.491065703253128,41.58933525016313]]],[[[23.491065703253128,39.9547767795639],[23.491065703253128,40.03787674920546],[23.50485801552037,40.02888490126435],[23.60430526640556,39.99707793125367],[23.675552374388133,39.97138213364684],[23.746664057944372,39.92527391064448],[23.718471541860765,39.91388703156326],[23.643608082925255,39.916107171395936],[23.604026790734395,39.92069243804622],[23.491065703253128,39.9547767795639]]],[[[26.16440582053616,40.051971436424026],[26.24332999908114,40.17179870840414],[26.25985716041322,40.19693755466926],[26.267637251101178,40.21846771551486],[26.26700972265013,40.25901796211792],[26.231666580070282,40.3016586152051],[26.21159364489506,40.32214738621843],[26.24193955646814,40.34027099169879],[26.35697475060304,40.39651906285322],[26.35697475060304,40.14845564310516],[26.347499838068757,40.138328549902894],[26.32193756786205,40.10859681016831],[26.21791267714542,40.05290605079466],[26.16440582053616,40.051971436424026]]],[[[25.401671734819736,40.91411274731773],[25.401671734819736,41.58933525016313],[26.35697475060304,41.58933525016313],[26.35697475060304,40.607949184726614],[26.35277364771963,40.60749815011036],[26.31485747976069,40.59415818599729],[26.288883206483376,40.59220885630174],[26.148605336298715,40.59220885630174],[26.118608477505006,40.59512710169429],[26.076105107155,40.613670337064605],[26.057357805990875,40.653598785009024],[26.04471970277484,40.73582460176857],[26.041942611600973,40.807212825255476],[26.022777538858293,40.82971952861732],[25.91165924214374,40.84777069867681],[25.8055496360206,40.85248565996022],[25.771110523106927,40.85137938409645],[25.756408704438726,40.84920613423585],[25.748607652511225,40.84805296839994],[25.719993609512187,40.84583282856727],[25.68221666003126,40.85221864387563],[25.580554960391737,40.86943055415594],[25.501388543243536,40.886657718074105],[25.419437408102795,40.90526580076056],[25.401671734819736,40.91411274731773]]],[[[26.35697475060304,40.14845564310516],[26.35697475060304,40.39651906285322],[26.41805267325799,40.426383969548056],[26.45557957945132,40.443362913444815],[26.5431556519149,40.48298646283621],[26.604719177856566,40.5076332050769],[26.62499238477477,40.510276807565276],[26.646663661124535,40.508323683818105],[26.682914743566585,40.50985334490889],[26.777221673485883,40.55583191199321],[26.79749677742973,40.56777190964942],[26.82582855070615,40.591587057643835],[26.792913446520288,40.650688166435316],[26.773744579725417,40.65999222713606],[26.763891233217294,40.659988394369066],[26.691942225622654,40.63916017185028],[26.67110444054424,40.636932366484814],[26.63694380330105,40.636100772239104],[26.580272668644398,40.631652827040455],[26.43804930153118,40.616653429773805],[26.35697475060304,40.607949184726614],[26.35697475060304,41.58933525016313],[27.312277766386345,41.58933525016313],[27.312277766386345,40.72075769426458],[27.29152678694669,40.70026779212026],[27.17666244464607,40.631652827040455],[27.137382508582107,40.617942826716785],[27.020280837070743,40.59221648312058],[26.970550533322466,40.55471038249158],[26.9588861596069,40.55193613850992],[26.878326421783868,40.532775884108844],[26.725410448383172,40.47805024637978],[26.67992592106492,40.44825745338113],[26.68109260031369,40.443362913444815],[26.684926984837603,40.42727661705845],[26.614997845332482,40.35610961002982],[26.58166121423119,40.326381664347764],[26.55083082545167,40.306388868841],[26.440273274130163,40.237487801272096],[26.35697475060304,40.14845564310516]]],[[[25.401671734819736,41.58933525016313],[25.401671734819736,43.450412491232825],[27.312277766386345,43.450412491232825],[27.312277766386345,41.58933525016313],[25.401671734819736,41.58933525016313]]],[[[27.312277766386345,40.72075769426458],[27.312277766386345,41.58933525016313],[28.13779464267249,41.58933525016313],[28.161363614775077,41.56893785676733],[28.1972198350025,41.53790665920462],[28.216941820371915,41.52359770196438],[28.242774978145007,41.50888061313498],[28.260786039655898,41.502075206652194],[28.267580782169645,41.49863809694641],[28.267580782169645,41.07456226291945],[28.242774978145178,41.079162610484104],[28.213054659281852,41.08026884763365],[28.161363614775077,41.07766562004874],[28.157911288689775,41.07749175646012],[28.131942745205492,41.07166289249312],[28.117227553401904,41.06526948908146],[28.07652662873545,41.05971147396701],[27.9969425174383,41.02777101527113],[27.97951124901067,41.00117494333557],[27.94207762251699,40.96874238061497],[27.888053884400904,40.96804048100279],[27.855274204640466,40.976936332684886],[27.828052539995213,40.99388885369871],[27.77652358461529,41.00999069406339],[27.73194122865152,41.0124931423332],[27.68610764855282,41.0072097701227],[27.505342482055767,40.98130797098105],[27.48513601948025,40.9641647407837],[27.460548394763894,40.91360473981565],[27.452495558198336,40.892486582040874],[27.44555283026358,40.852355965327604],[27.312277766386345,40.72075769426458]]],[[[28.267580782169645,41.07456226291945],[28.267580782169645,41.49863809694641],[28.292911516456968,41.48582458525004],[28.33194352283948,41.46943664239626],[28.45805359000292,41.419433592769735],[28.792499541088375,41.29721068669659],[28.834995284619936,41.28221891624821],[28.938049323898042,41.2561035274673],[29.028884889850076,41.24387742732165],[29.048467618026564,41.2555503701779],[29.088882440203804,41.246242515425195],[29.107391374246276,41.22155380632444],[29.055549603154134,41.08249665299945],[29.036247247674453,41.05457688279364],[28.902492514249616,40.97777559246339],[28.827182750916563,40.955974582765634],[28.62777330338014,40.96054076301181],[28.51930046746503,40.99026487592732],[28.46805382052264,41.02013014306169],[28.44805335948263,41.03374482750837],[28.423469528817918,41.04360580083585],[28.3761062489138,41.054435728575015],[28.267580782169645,41.07456226291945]]],[[[27.312277766386345,41.58933525016313],[27.312277766386345,42.51987387069798],[27.48408961421142,42.51987387069798],[27.449579248546456,42.47298049718847],[27.464992507195404,42.449432365279165],[27.515203494097932,42.43513490633882],[27.55388261493374,42.4488754139374],[27.616664883279782,42.44721985226528],[27.679164881903432,42.41831970677646],[27.7003421959173,42.39527130571037],[27.703887931046097,42.36888886212893],[27.755413053659026,42.25429916273248],[27.780551899923978,42.22721861359105],[27.857219701569193,42.1641616636262],[27.89916228781135,42.13360595646492],[27.938888566987146,42.10304258377073],[27.968608847135897,42.07249450342897],[28.000553138598207,42.03707505394681],[28.021800991006955,41.99416351329262],[28.013053881647977,41.98221588881813],[28.028331754585395,41.93748475181695],[28.032493597294433,41.909156811307184],[27.987739579836784,41.89050676176015],[27.965482703181692,41.86360929498346],[27.967634201645865,41.8284683211719],[28.03015874886419,41.72484666262747],[28.076663988902396,41.647773731784184],[28.090549483486086,41.63138578893057],[28.132217388109098,41.59416199673922],[28.13779464267249,41.58933525016313],[27.312277766386345,41.58933525016313]]],[[[27.312277766386345,42.51987387069798],[27.312277766386345,43.450412491232825],[28.267580782169645,43.450412491232825],[28.267580782169645,43.41794875795697],[28.161363614775077,43.40570433413528],[28.150411609413595,43.40444181698638],[28.12722015710301,43.394985181196034],[28.08485410820515,43.357070910262735],[28.071662886414344,43.322776784334565],[28.053331382372487,43.28082273850736],[28.015831011536534,43.22582245787481],[27.944999700676362,43.167213453108616],[27.887355817555374,43.036937710469545],[27.886386863143173,43.014152531437105],[27.89638136387009,42.92498778079499],[27.90388297888728,42.89110945198922],[27.90166473608076,42.85555268105526],[27.87916565953759,42.84110260831119],[27.898120897978174,42.78401947058342],[27.894094479695468,42.70305250477753],[27.80554963068522,42.708053607265185],[27.77194021499099,42.71360778961321],[27.732912080090216,42.711105341342886],[27.510690701582746,42.55221938847211],[27.495830522793938,42.535827651566194],[27.48408961421142,42.51987387069798],[27.312277766386345,42.51987387069798]]],[[[28.267580782169645,43.41794875795697],[28.267580782169645,43.450412491232825],[28.554645486625038,43.450412491232825],[28.54166032553036,43.437774654035536],[28.52555465239942,43.42581940274238],[28.479442596630065,43.39332578675692],[28.453331001900267,43.38527678295799],[28.43138883798423,43.389434831614835],[28.408466337499306,43.3984642106966],[28.382495896988473,43.41276550240411],[28.335966108355365,43.42165376598206],[28.299720755706176,43.42165376598206],[28.267580782169645,43.41794875795697]]],[[[21.58045967168652,43.450412491232825],[21.58045967168652,48.12813759965297],[21.685512485248182,48.13157809425542],[22.395834526616795,48.121409364320016],[22.803441889030353,48.029903117990614],[23.074206520505584,47.91809225633449],[23.267937862594636,47.80631448374589],[23.51527314430325,47.64378764045608],[23.76289782875557,47.36968194577969],[23.898729177720725,47.105915916930826],[23.87620568252521,46.72074201054181],[23.830707108446575,46.53842780896622],[23.72104817864829,46.00212222016614],[23.743815913232822,45.72920103224163],[23.80278108892435,45.45647577309876],[23.874767566454523,45.21421746327786],[24.08189370739558,44.942002316294236],[24.277827860946616,44.80118600432775],[24.576795527995102,44.72073411667833],[24.951559820469242,44.72073411667833],[25.308280631272112,44.76095873577469],[25.401671734819736,44.80075986923303],[25.401671734819736,43.450412491232825],[21.58045967168652,43.450412491232825]]],[[[25.401671734819736,43.450412491232825],[25.401671734819736,44.80075986923303],[25.54426980393839,44.86153187603344],[25.756408704438726,45.02310805531057],[25.78214625104465,45.042711128743804],[25.937015960995325,45.25458313334764],[26.277081877924047,45.486768917289],[26.51836780090224,45.79993954677826],[27.076114421157,46.457427413249945],[27.172725224911687,46.79166567277332],[27.220640051922594,46.85078165935808],[27.312277766386345,46.96384173359488],[27.312277766386345,43.450412491232825],[25.401671734819736,43.450412491232825]]],[[[27.312277766386345,43.450412491232825],[27.312277766386345,45.31148973230251],[28.267580782169645,45.31148973230251],[28.267580782169645,43.450412491232825],[27.312277766386345,43.450412491232825]]],[[[28.267580782169645,43.450412491232825],[28.267580782169645,44.38095111176767],[28.702471012464624,44.38095111176767],[28.644298567686064,44.32769776384339],[28.62957954311571,44.2965202193094],[28.62933302224296,44.287814160992774],[28.628883373296162,44.27193449161962],[28.632770534386225,44.1574935732599],[28.66027450746907,43.97554779845257],[28.647220607130635,43.95442964067695],[28.613605500358346,43.88165283288879],[28.59499358490507,43.83165741008139],[28.58527755984875,43.80081939448286],[28.579437275011344,43.76137542374437],[28.58324433514747,43.74776457206417],[28.57638166945202,43.7330474832346],[28.56999968691082,43.68971251863934],[28.57756425221811,43.59165574908212],[28.60041238154156,43.561866750135096],[28.60513496964421,43.53395081269571],[28.59249496940214,43.50332259268504],[28.55763243254654,43.45331954305897],[28.554645486625038,43.450412491232825],[28.267580782169645,43.450412491232825]]],[[[28.267580782169645,44.38095111176767],[28.267580782169645,45.31148973230251],[29.22288379795295,45.31148973230251],[29.22288379795295,44.79350004355178],[29.214160913121077,44.79305267709685],[29.06749343357643,44.82276153637474],[29.049716945135685,44.84734726406526],[29.04290960291189,44.92415238716194],[29.067497266343594,44.947479263898686],[29.103397360264523,44.963287336240455],[29.04443740569201,45.00318907096198],[28.98381042986125,45.00575636654855],[28.899997692798138,44.966659551563964],[28.869194017241682,44.940509784026176],[28.864644987658664,44.8788070783217],[28.893743507864087,44.86318971516306],[28.947355281624596,44.826656324283306],[28.926940920487766,44.77832792273381],[28.901662817029887,44.755409255015536],[28.865964891877468,44.74901960694103],[28.795827853811033,44.71638108139979],[28.782079680678805,44.69567872074714],[28.780828495258845,44.660961132162754],[28.789928451449725,44.642387389518376],[28.7997150536159,44.64019775696045],[28.84930230611934,44.64831923489487],[28.906591406667644,44.68630601867795],[28.910400402544724,44.692337051413006],[28.93002699460743,44.70122527627632],[28.975444777583334,44.67217634974992],[28.950229663131097,44.67695236429836],[28.924423218580216,44.685802455067915],[28.90451621510573,44.66958237965554],[28.877971633875575,44.64746092742621],[28.838893905295095,44.63418960468198],[28.800552377654128,44.63050077959343],[28.763050071077146,44.625583649541284],[28.757499682781145,44.519721973099365],[28.751800552162706,44.42610931597392],[28.702471012464624,44.38095111176767],[28.267580782169645,44.38095111176767]]],[[[27.312277766386345,45.31148973230251],[27.312277766386345,46.96384173359488],[27.386336015024142,47.05521274975166],[27.476110930948938,47.1725669733722],[29.22288379795295,47.1725669733722],[29.22288379795295,45.31148973230251],[27.312277766386345,45.31148973230251]]],[[[27.476110930948938,47.1725669733722],[27.65019329895597,47.40012832425782],[27.92391105196606,47.796154507821655],[28.139192361696246,48.151916375930966],[28.643826186303727,48.41641382800225],[29.04175191202779,48.55891238171307],[29.22288379795295,48.58041916625455],[29.22288379795295,47.1725669733722],[27.476110930948938,47.1725669733722]]],[[[31.514509210633662,46.57909392540779],[31.539997109679064,46.56179428735419],[31.55652427101097,46.55012513855047],[31.587774289680283,46.54194260735136],[31.620273596743743,46.54027558609363],[31.680381794040784,46.545799261166906],[31.694133761225146,46.549129470915204],[31.722881331624535,46.551212328010365],[31.76374625225094,46.55332565366547],[31.768795980279602,46.55170862407938],[31.837497705529643,46.52970888038749],[31.852527610071377,46.5226745531985],[32.08879284530286,46.509919091430405],[32.08879284530286,46.232637001600715],[32.027206420361495,46.25638580320879],[31.918661110311007,46.28382872302734],[31.88978767804548,46.28158949679096],[31.831104263402437,46.27693175600518],[31.81040952956903,46.27873609871506],[31.790134425625013,46.28416062514401],[31.768795980279602,46.306841443276426],[31.765970224849752,46.30984496316523],[31.768795980279602,46.311558114448616],[31.81499862898596,46.33956907608058],[31.85141181036238,46.34226606630017],[31.88216020116181,46.3405189440885],[31.917213447200027,46.34027101440796],[31.94277192335454,46.343040478763044],[31.975408551869805,46.350128154968274],[32.056720737689716,46.391685490076895],[32.007003790552744,46.448040014969195],[31.966659545485015,46.45304870556106],[31.81632995407523,46.483016954105665],[31.809715256775462,46.48499299702394],[31.772359834209908,46.49359511939781],[31.768795980279602,46.49356524151371],[31.698648450766143,46.49297715350622],[31.67002294818127,46.48226546081423],[31.602775583973084,46.50360870652901],[31.527078633766564,46.55748749637468],[31.514509210633662,46.57909392540779]]],[[[31.84583429300808,47.1725669733722],[32.08879284530286,47.1725669733722],[32.08879284530286,46.59089453351122],[32.01360319549991,46.63429261947135],[31.993045821833107,46.65387724467416],[31.97082328521992,46.69359969108348],[31.966415409856154,46.72680662755198],[31.948741902825304,46.740684495317],[31.935964581131316,46.76402283163969],[31.944213856672718,46.798240650665946],[31.951131807125194,46.81415940866606],[31.9797172398753,46.8451309129494],[31.98289033976706,46.85078165935808],[31.99304961588473,46.868873586809116],[32.008041386333275,46.90498351503231],[32.011238107396764,46.926101672807135],[31.980823515739985,47.007499689372935],[31.84583429300808,47.1725669733722]]],[[[32.08879284530286,46.232637001600715],[32.08879284530286,46.509919091430405],[32.092483510158274,46.50971984021845],[32.18110656309682,46.49137877361693],[32.27664946351348,46.4685898005327],[32.319709785205475,46.461936969139],[32.34804535253369,46.459156045198654],[32.37003470786369,46.471632286972685],[32.41609953350479,46.49776838297697],[32.614711765552215,46.61388015536073],[32.641620653199766,46.642280570005994],[32.51859282738968,46.60832976706524],[32.45609282876643,46.58471678783894],[32.421371446129626,46.56832884498465],[32.39999389908826,46.56137086341255],[32.37525939036033,46.55748749637468],[32.37003470786369,46.557378788254184],[32.328323367164444,46.55651091514352],[32.14186096707476,46.56026458754877],[32.08879284530286,46.59089453351122],[32.08879284530286,47.1725669733722],[33.04409586108616,47.1725669733722],[33.04409586108616,46.1238193689717],[32.97127343544778,46.11725421368203],[32.90380478097859,46.111171716568094],[32.84609984459257,46.11997984047696],[32.81179429779388,46.12929536076314],[32.77443693948737,46.12998963355648],[32.7447128265718,46.12609863969976],[32.63443754497331,46.10915374550427],[32.58554077121141,46.09609984516527],[32.538047796673595,46.077560442562685],[32.50040816864481,46.07624437111065],[32.4099807729969,46.091659526786145],[32.337493900464835,46.108039842821086],[32.26450346432239,46.12693023394553],[32.24331666517884,46.17304991653367],[32.14739293053645,46.21003978476675],[32.08879284530286,46.232637001600715]]],[[[29.22288379795295,44.79350004355178],[29.22288379795295,45.31148973230251],[29.757232147061824,45.31148973230251],[29.73193932628999,45.22623824966263],[29.70860671976135,45.21332550354225],[29.668188103531804,45.2101287824791],[29.664331449716997,45.211803430555676],[29.641105657364676,45.17388153280376],[29.660274524159377,45.11276245294829],[29.64138030026851,44.98193359173496],[29.60832597760424,44.84540939395521],[29.54943845845247,44.820266714923264],[29.450828570320425,44.80888366860904],[29.389995592954904,44.8022155835784],[29.363841069943252,44.80079146325465],[29.344177227778346,44.799720762127436],[29.22288379795295,44.79350004355178]]],[[[29.22288379795295,45.31148973230251],[29.22288379795295,47.1725669733722],[31.133489829519554,47.1725669733722],[31.133489829519554,46.621100691975165],[31.07332991902672,46.61444090075395],[31.053050982315654,46.611930864380554],[31.015270238782534,46.603599552143976],[30.941104885407583,46.58249664800627],[30.83277130668563,46.54832458989256],[30.779998792704134,46.48137664607083],[30.793539028560076,46.44533156516428],[30.765136716888605,46.379013046819466],[30.655689235483635,46.25360108521659],[30.566318525111427,46.15770398832795],[30.509162910158125,46.096374526784246],[30.246242504010695,45.87359619693592],[30.163608555662222,45.829719534636354],[30.14443968886758,45.820541374517006],[30.06333160755713,45.799854267502724],[30.04735756480028,45.81276321957],[30.030132297907983,45.83131028770663],[29.983604445015715,45.84318160527914],[29.929992671255604,45.81777191016192],[29.802146902751133,45.735057822144654],[29.79742621167503,45.71492003965227],[29.82568740784194,45.68651962500752],[29.859924313272643,45.67557908903859],[29.822772995216212,45.648330672455245],[29.780134200440386,45.62887953593781],[29.742631893863233,45.624011999565255],[29.67971609811684,45.69623565006401],[29.677215585587874,45.73957061465944],[29.68957521313297,45.768566114739656],[29.68138122234876,45.80359268626961],[29.636104593591256,45.82068252873631],[29.596107465563534,45.68338775126034],[29.593344222516755,45.56929791017542],[29.59304810466682,45.5570716825618],[29.61916353216293,45.48776244468894],[29.67416381279537,45.46554563786856],[29.732978819096843,45.47144697597082],[29.753467551395204,45.44943237663375],[29.7604122150708,45.322208406787524],[29.757232147061824,45.31148973230251],[29.22288379795295,45.31148973230251]]],[[[31.133489829519554,46.621100691975165],[31.133489829519554,47.1725669733722],[31.762654036620376,47.1725669733722],[31.84235382103151,47.0415191723975],[31.96502686426919,46.92537305997183],[31.964160929981915,46.88999174458394],[31.954877075639047,46.85078165935808],[31.90818786217045,46.65359114218472],[31.859714512349854,46.62831876851948],[31.811937332348577,46.615680704018814],[31.614925377216593,46.64818574087417],[31.419717803508775,46.62540818866057],[31.337009445283627,46.60194015770526],[31.26805495126922,46.60803987052327],[31.237350463070698,46.61291123966299],[31.189056401562596,46.62454988119191],[31.17694090964642,46.62554167734561],[31.156101227541967,46.623603807236066],[31.133489829519554,46.621100691975165]]],[[[29.22288379795295,47.1725669733722],[29.22288379795295,48.58041916625455],[29.556234086193513,48.619999678484135],[30.135100570973975,48.681096875024025],[30.566318525111427,48.727608898385974],[30.98493074660354,48.772761242435706],[31.869297094831325,48.85425940194358],[32.528077171542066,48.864447911428044],[33.04409586108616,48.85147991869811],[33.04409586108616,47.1725669733722],[31.84583429300808,47.1725669733722],[31.83999252698038,47.17971039143504],[31.75152204913154,47.25235367182318],[31.72665788448535,47.2317542925814],[31.762654036620376,47.1725669733722],[29.22288379795295,47.1725669733722]]],[[[32.481098186346344,45.39402009293019],[32.49388123783302,45.42193223631716],[32.52874373597342,45.45748521319899],[32.57387541645994,45.482490532064105],[32.898597715670064,45.64276886328878],[32.931232447159516,45.65762327357032],[32.97127343544778,45.6707264520181],[33.02248381023412,45.6874847466529],[33.04409586108616,45.69431819450871],[33.04409586108616,45.28503637708921],[33.011657715261265,45.30443571239812],[32.97127343544778,45.32451394979828],[32.9345703224418,45.342761986402195],[32.86400986043378,45.357627856269175],[32.84054566224506,45.359710674649705],[32.72734450843541,45.35457228942448],[32.68623351643862,45.33533478126128],[32.656723031877505,45.312625870416184],[32.569847101151254,45.31985473955467],[32.509719856164,45.339706419557444],[32.481098186346344,45.39402009293019]]],[[[33.04409586108616,45.28503637708921],[33.04409586108616,45.31148973230251],[34.95470189265277,45.31148973230251],[34.95470189265277,44.838245433094954],[34.72415161480336,44.80929567168016],[34.51859282205487,44.74443054623839],[34.462074262486794,44.720401769889804],[34.441242207201356,44.70484925404787],[34.39859772134753,44.650825515931615],[34.3769378658684,44.62165068882382],[34.359710701950064,44.59332274831462],[34.336513519846505,44.54908750938995],[34.17375089061595,44.459436006852734],[34.13013075967109,44.4354095439075],[34.011657731950834,44.395820624897965],[33.95554350992063,44.38110349735376],[33.93027496902215,44.37915037360659],[33.79526901146289,44.387207042938826],[33.71068190065205,44.39436339922787],[33.45957566900876,44.51277541239796],[33.38706971007275,44.55957032009019],[33.36905288005477,44.584362049315814],[33.46470642741501,44.60304260613765],[33.55443571750283,44.62360381257105],[33.5386047259903,44.672492998229586],[33.5197105408144,44.781105052622365],[33.54054259610001,44.82555388118578],[33.55617141884409,44.84227752020854],[33.601444253549005,44.85776902150059],[33.62123108623496,44.91748809618332],[33.61249543646181,44.96263123625528],[33.566516869377494,45.087490079283384],[33.54624176543348,45.10846328878762],[33.5133285582732,45.12943266552503],[33.42610167774063,45.17332458146234],[33.39623641060632,45.18478010191194],[33.36235428774904,45.184017187750044],[33.338874835923036,45.17416380252621],[33.27617262981613,45.15554429896929],[33.175403577686836,45.19012452738707],[33.14637757033148,45.209434509685536],[33.12304686082831,45.22914886823634],[33.073192592239366,45.267635344148516],[33.04409586108616,45.28503637708921]]],[[[33.04409586108616,45.31148973230251],[33.04409586108616,45.69431819450871],[33.184150687045644,45.73860169896187],[33.35915373391907,45.78749084590493],[33.623046888529984,45.877479563974305],[33.66818619583563,45.957351674786366],[33.646377559319205,45.97081757819575],[33.62637709827902,45.99818419111199],[33.62299346208431,46.12401582131929],[33.614017470733586,46.14262769805811],[33.59352873843562,46.156234755685944],[33.525329609193705,46.112972265225494],[33.510818483184664,46.08387757778735],[33.495269761394525,46.066375732250265],[33.47443391205712,46.053039562188815],[33.429641721791086,46.04596326813959],[33.38346098593837,46.08741762183776],[33.3158187693233,46.12442778567504],[33.26914976221241,46.14166261512736],[33.18859863224429,46.16012574954266],[33.124851242252305,46.13109970347284],[33.04409586108616,46.1238193689717],[33.04409586108616,47.1725669733722],[33.99939887686946,47.1725669733722],[33.99939887686946,46.22801839947772],[33.95720673712668,46.213607789955006],[33.77297593645517,46.24811554423712],[33.68164063965958,46.221656793753766],[33.67103196709252,46.21547318592957],[33.70568466964579,46.164985659097056],[33.72957229177592,46.14499665764231],[33.89999390476595,46.03860474308186],[33.96818540718863,46.01721573645523],[33.99939887686946,46.017298873481174],[33.99939887686946,45.31148973230251],[33.04409586108616,45.31148973230251]]],[[[33.99939887686946,46.22801839947772],[33.99939887686946,47.1725669733722],[34.95470189265277,47.1725669733722],[34.95470189265277,46.22554062160612],[34.81248473248513,46.18137360195141],[34.70249175932406,46.175819380888754],[34.63151933296041,46.08221055652962],[34.58263014730272,45.99818419111199],[34.56638335866688,45.985961923733896],[34.54082871527919,45.983734118367806],[34.501937863115245,45.98664856970868],[34.405193332243016,46.01273345121467],[34.441375734601195,46.09387970533328],[34.20609282893747,46.25916289438288],[34.183319109490355,46.274433140502026],[34.17375089061595,46.27687298054071],[34.155822763225956,46.28144454851997],[33.99939887686946,46.22801839947772]]],[[[33.99939887686946,45.31148973230251],[33.99939887686946,46.017298873481174],[34.114265428117335,46.01760482035439],[34.17375089061595,46.031398786439794],[34.18140028707012,46.03317258983361],[34.35832215636327,46.01616288703673],[34.497425070600116,45.87477874098772],[34.64915466718253,45.78555297579538],[34.9359588626931,45.646488195652125],[34.95470189265277,45.63321820898909],[34.95470189265277,45.31148973230251],[33.99939887686946,45.31148973230251]]],[[[34.666206375555646,46.08637619328994],[34.73346330232255,46.1081848298067],[34.79948042582572,46.08772277201689],[34.823646562341935,46.07261656057227],[34.87244035469325,45.96568678107474],[34.879611964619585,45.94268417963582],[34.901939379668875,45.89527893287152],[34.92433930756857,45.8570823535008],[34.95470189265277,45.79988756313354],[34.95470189265277,45.74708636208781],[34.91087340415902,45.80273817285337],[34.86197279763013,45.868297571088135],[34.85227202621127,45.889102951865596],[34.75485230894958,46.011310565586484],[34.716926578431185,46.03082275536843],[34.7005386355774,46.04638673079529],[34.666206375555646,46.08637619328994]]],[[[34.95470189265277,46.22554062160612],[34.95470189265277,47.1725669733722],[35.91000490843608,47.1725669733722],[35.91000490843608,46.65142772962965],[35.907203682165175,46.65109252668145],[35.811794270433495,46.618595116644144],[35.76054762349128,46.59290315180448],[35.72874069219523,46.57304763903505],[35.69915773349885,46.54471586575829],[35.649845123899354,46.501651750014844],[35.628036487382246,46.489158633784996],[35.5827636526771,46.47221373958928],[35.54845810587864,46.46082686050801],[35.51818466844031,46.4554023727934],[35.484222405913954,46.44164657284273],[35.37622834578413,46.35166295144827],[35.35221862746778,46.33165739373362],[35.28119660742499,46.25453186682023],[35.19623183358493,46.15443037426138],[35.16061021533483,46.12853240788587],[35.12442781297557,46.112487788019564],[34.99672315997583,46.074226361332194],[34.98012162748239,46.08602903753621],[35.05464172471579,46.1416549495932],[35.10942841570875,46.15554048289238],[35.151790631840015,46.16359711351015],[35.18526458439379,46.17235184968774],[35.204292296969356,46.184433001562354],[35.24804689145435,46.23332977532459],[35.26756287528866,46.25981140626391],[35.28290938959492,46.27054214664531],[35.33429719075593,46.32165909895468],[35.34796905698596,46.34963988371004],[35.19804384182828,46.44331359410046],[35.21568297010242,46.41026306548821],[35.20540619965249,46.38706971615187],[35.119712812977525,46.299430832548126],[35.110763534849525,46.294082651736005],[35.05665206896032,46.26012801602877],[35.03387831079834,46.25012968253452],[34.95470189265277,46.22554062160612]]],[[[35.91000490843608,46.65142772962965],[35.91000490843608,47.1725669733722],[36.86530792421938,47.1725669733722],[36.86530792421938,46.78983694388828],[36.76387784992937,46.75109862593405],[36.74166108182379,46.764579782981116],[36.70012666588593,46.77248763256142],[36.613601684965374,46.77526855650177],[36.515129079570556,46.75305174968122],[36.41665651289071,46.72443391263022],[36.395545943219304,46.717208876258155],[36.214576710928156,46.65956495442197],[36.19318007748234,46.66693877183144],[36.06748964020886,46.67027281434679],[35.91000490843608,46.65142772962965]]],[[[34.95470189265277,44.838245433094954],[34.95470189265277,45.31148973230251],[35.20443862253313,45.31148973230251],[35.33859252214995,45.28610993814959],[35.34102614939148,45.31148973230251],[35.433517143977966,45.31148973230251],[35.45790480964922,45.29846573292804],[35.48894882678303,45.28818512971134],[35.54553986048592,45.29305266608384],[35.62458562753053,45.31148973230251],[36.468756754036214,45.31148973230251],[36.4311027528683,45.271099081297166],[36.41053771366768,45.199714651862564],[36.40519332690752,45.15596009609203],[36.41499328568494,45.12817764733836],[36.44165420493681,45.09831617425584],[36.45346067519267,45.0772781561501],[36.22818372984119,45.00582504663191],[35.85693357773846,44.98638153693361],[35.83395385675584,44.99388121620996],[35.811794270433495,45.024574283537504],[35.785408032800035,45.05276869664692],[35.72790526518287,45.08054735134874],[35.677215569582245,45.10026550395139],[35.641929608785404,45.11138153418011],[35.59304046184218,45.11915589507544],[35.56235122728111,45.12053681384339],[35.52658462204499,45.118457789515446],[35.428878802293866,45.074157703274125],[35.37622834578413,45.039893773333894],[35.14887618049909,44.89193724684782],[35.133872989180304,44.87595747429765],[34.99839018123322,44.833255767945616],[34.964149481751065,44.83943174895148],[34.95470189265277,44.838245433094954]]],[[[34.95470189265277,45.31148973230251],[34.95470189265277,45.63321820898909],[35.04498533498911,45.56929791017542],[35.0706863445821,45.55110170309155],[35.08456800639948,45.52484512137664],[35.09359359142957,45.46394346392748],[35.076095578659135,45.44776152260903],[35.04595566862099,45.43609620657196],[35.0137405283063,45.42335891599771],[35.05873872010761,45.36540221716433],[35.120548239989716,45.328598016147],[35.133041394934764,45.32499695754689],[35.20443862253313,45.31148973230251],[34.95470189265277,45.31148973230251]]],[[[34.95470189265277,45.74708636208781],[34.95470189265277,45.79988756313354],[34.97942352192183,45.753318787791784],[34.9811248832213,45.751441970946416],[34.991096503492656,45.73332978633687],[35.053878771838754,45.65386963988044],[35.07082366603407,45.63457107845261],[35.132767126074135,45.56929791017542],[35.24916075542234,45.44664765864081],[35.31929779348877,45.37693404451585],[35.35971067992483,45.35110471950935],[35.37622834578413,45.3421407998215],[35.38276670780971,45.338592516874826],[35.433517143977966,45.31148973230251],[35.34102614939148,45.31148973230251],[35.34304046734826,45.332496636823066],[35.232200607589675,45.44304656132556],[35.14693451633775,45.52748872386525],[35.1073030889343,45.56929791017542],[35.07404326755335,45.604385368787575],[35.05403901246146,45.61946869977511],[35.02278899379252,45.65663147741668],[35.009956348626815,45.67396162274525],[34.96038055570847,45.73987580355299],[34.95470189265277,45.74708636208781]]],[[[35.62458562753053,45.31148973230251],[35.697345725255275,45.328460694695366],[35.86304475014265,45.40442655801377],[36.13623809397319,45.458320601496325],[36.29083250950191,45.46527099496478],[36.48526764520318,45.44137574601598],[36.60456847311701,45.41860198785349],[36.63679503430228,45.377906792980184],[36.636936188520735,45.3497085471036],[36.620403297396194,45.333461758468445],[36.574569717297095,45.33151626154006],[36.5405426074546,45.341377273582225],[36.49408722869799,45.33866119695779],[36.468756754036214,45.31148973230251],[35.62458562753053,45.31148973230251]]],[[[33.04409586108616,47.1725669733722],[33.04409586108616,48.85147991869811],[33.338902769434014,48.844071167965524],[34.326818799142416,48.79313412989717],[35.07058607761121,48.74220397614897],[35.37622834578413,48.74887943946908],[36.00330195713599,48.76257521170834],[36.86530792421938,48.76257521170834],[36.86530792421938,47.1725669733722],[33.04409586108616,47.1725669733722]]],[[[36.5804405094093,45.19269561702566],[36.66971586828117,45.205268872924876],[36.702350599770284,45.19999696029964],[36.728599554666005,45.203315749178046],[36.83665465771787,45.22803879832003],[36.86530792421938,45.23846600406067],[36.86530792421938,45.087175795271285],[36.71651457002508,45.0991516012686],[36.62554168262142,45.12734605309282],[36.5804405094093,45.19269561702566]]],[[[36.6698112615876,45.33255769008741],[36.680263526297324,45.359577185964554],[36.72498320371328,45.39790725402012],[36.75110625802813,45.41415404265541],[36.82770158553808,45.43568037073419],[36.86530792421938,45.42906903997728],[36.86530792421938,45.346876132479345],[36.76964186657892,45.38387681116541],[36.71887969684303,45.36193085319684],[36.697696691750934,45.34158323640287],[36.6698112615876,45.33255769008741]]],[[[39.899471509101325,43.450412491232825],[41.17791632295975,43.450412491232825],[41.320419640878356,43.22374939579174],[41.382151330605964,43.1455502782165],[40.30909265407796,43.21178846812563],[40.271930686836924,43.24679566737922],[40.25443267406695,43.27443696191443],[40.21843718683891,43.31640626137937],[40.18613816645683,43.327482275083085],[40.109153740109264,43.35388185473323],[40.05138395640654,43.37026975887255],[40.00296782708426,43.379264836627215],[39.94553373955057,43.39693451089124],[39.91690064886188,43.41293716389748],[39.899471509101325,43.450412491232825]]],[[[36.86530792421938,45.087175795271285],[36.86530792421938,45.23846600406067],[36.88859557745383,45.24694061031471],[36.96234513370615,45.27902222322905],[36.96679307890446,45.30762480664316],[36.956800229745106,45.31148973230251],[37.08552386719429,45.31148973230251],[37.0675926383085,45.25106811298201],[37.11040878565626,45.234428407680014],[37.154159547374604,45.23942567740124],[37.226371777002385,45.24887085360598],[37.313842754449354,45.27540587227668],[37.38776422331362,45.31148973230251],[37.555619170343455,45.31148973230251],[37.71332549247029,45.2960968120579],[37.73463439814316,45.298812849967135],[37.735565643796356,45.31148973230251],[37.82061094000268,45.31148973230251],[37.82061094000268,44.70944150134784],[37.78308107345532,44.72335435532409],[37.799293522049425,44.690120705632864],[37.82061094000268,44.66602349392403],[37.82061094000268,44.65792168532081],[37.81339264498757,44.638042464444595],[37.78118325612048,44.6332149890452],[37.75874710821324,44.62985230642721],[37.556655885379314,44.65415955844696],[37.48408128507464,44.671443942862766],[37.37442780213382,44.7426262035292],[37.29916379971337,44.85942841593936],[37.29638670853967,44.87165068331797],[37.309501662143305,44.89332199838242],[37.27861095833798,44.928556035584094],[37.27637482662897,44.93110657468219],[37.202911372866026,44.97977829921962],[36.882209762145635,45.08581543120732],[36.86530792421938,45.087175795271285]]],[[[37.82061094000268,44.70944150134784],[37.82061094000268,45.31148973230251],[38.77591395578599,45.31148973230251],[38.77591395578599,44.25895192199438],[38.75374222836308,44.27331924315422],[38.7139927944038,44.287814160992774],[38.59984971244603,44.32943725923644],[38.57110597481346,44.33387757761648],[38.41360473476266,44.35026552047003],[38.350822466416446,44.35499573539113],[38.32443235730176,44.35971069667477],[38.21970366994685,44.383605945623515],[38.19748686312647,44.38943480958977],[38.17554473792438,44.400688161271205],[38.15859984372901,44.415821085938205],[38.146099100680146,44.44054792913272],[38.13332367601197,44.46665956257658],[38.116096512093975,44.48915863911998],[37.86540220609163,44.69283674354193],[37.82061094000268,44.70944150134784]]],[[[37.82061094000268,44.65792168532081],[37.82061094000268,44.66602349392403],[37.822696666973115,44.6636657879165],[37.82061094000268,44.65792168532081]]],[[[36.86530792421938,45.346876132479345],[36.86530792421938,45.42906903997728],[36.896377565167256,45.423606884393735],[37.09414674338365,45.340545640622],[37.08552386719429,45.31148973230251],[36.956800229745106,45.31148973230251],[36.86530792421938,45.346876132479345]]],[[[37.38776422331362,45.31148973230251],[37.39777372656056,45.316375748768905],[37.434429185254544,45.32331847670389],[37.555619170343455,45.31148973230251],[37.38776422331362,45.31148973230251]]],[[[37.58374022857333,45.42741773858131],[37.58915086771116,45.56929791017542],[37.591369641197275,45.627479569480215],[37.60249329824484,45.650543224184105],[37.63085174602958,45.65814592358515],[37.68744661249889,45.675758377351315],[37.78118325612048,45.7248380702538],[37.80985260093644,45.73984909033004],[37.82061094000268,45.749219468591065],[37.82061094000268,45.31148973230251],[37.735565643796356,45.31148973230251],[37.74082183873469,45.383041384152875],[37.70165634366646,45.557765955355876],[37.65542984690143,45.567676561076894],[37.644569411886664,45.55614090095821],[37.64748382451273,45.520263687493184],[37.646240227196415,45.45151519501354],[37.63137819009603,45.423873900479066],[37.607490529251436,45.41533279265485],[37.58374022857333,45.42741773858131]]],[[[37.737483963452405,46.66710663927353],[37.77693176695789,46.65498352053817],[37.78118325612048,46.65224753159786],[37.80540848850529,46.63665770757467],[37.82061094000268,46.63155410452366],[37.82061094000268,46.487345127551464],[37.78118325612048,46.57260722118815],[37.737483963452405,46.66710663927353]]],[[[37.82061094000268,45.31148973230251],[37.82061094000268,45.749219468591065],[37.83457185602708,45.76137925117587],[37.85123823583683,45.783042900706846],[37.86831665743216,45.81666563429809],[37.87693786621014,45.83887481429963],[37.88430022403435,45.87269592260719],[37.89068220657572,45.9229087678209],[37.91276548599649,45.98748779077249],[37.927490240359475,46.01165772134004],[37.95116806690231,46.03200150536776],[38.19623563899137,46.129570003667254],[38.22068787799634,46.13568113735664],[38.26665498549556,46.130958549253705],[38.314155586851655,46.097770699189994],[38.35555268133771,46.07331849889982],[38.40637969839082,46.0452728281125],[38.4539413530116,46.02637864293678],[38.5479774340788,46.026863081427905],[38.56616592559044,46.043388384448974],[38.57085417365079,46.09112928866767],[38.5149917527836,46.12915037377752],[38.42470551135432,46.16749573418565],[38.36102563909148,46.21003978476675],[38.313145197507204,46.24202835283735],[38.77591395578599,46.24202835283735],[38.77591395578599,45.31148973230251],[37.82061094000268,45.31148973230251]]],[[[37.82061094000268,46.487345127551464],[37.82061094000268,46.63155410452366],[37.84554289927024,46.62318421606142],[37.87360382369485,46.62136841376605],[38.00054169105181,46.61887359231497],[38.02540968846438,46.620681767791666],[38.05471421020553,46.631099692460054],[38.09970856924002,46.6683273174184],[38.12165832126044,46.68110274208664],[38.26752091978233,46.72418594423414],[38.290687555896284,46.70429229737135],[38.30228043651249,46.67901612965443],[38.387771615704025,46.65277100752502],[38.45749281793303,46.64068602288319],[38.584949502537484,46.65721128718968],[38.58165359411572,46.69595719108298],[38.558177936341735,46.71235276075538],[38.48304366726887,46.73901368000759],[38.41749572861954,46.74304962213529],[38.3933906453687,46.73456956757593],[38.383911129122225,46.711200723979005],[38.3663101349415,46.74513244051565],[38.410331706797024,46.82693483333372],[38.45264471762577,46.85078165935808],[38.46651840296266,46.85860061041063],[38.49040223104089,46.86034010580369],[38.67383573879414,46.86119078645356],[38.702484121835084,46.861515061751334],[38.77591395578599,46.88149892298346],[38.77591395578599,46.24202835283735],[38.313145197507204,46.24202835283735],[38.26776505541153,46.27234648935507],[38.160812395457526,46.348594661110326],[38.08734510892782,46.390129077048186],[38.066932683531945,46.39651489235655],[37.983215339774915,46.39324952992422],[38.00440217763361,46.367519392276165],[37.99339296158172,46.34568024848426],[37.89776612744373,46.407207498643515],[37.82401657119175,46.47998047366508],[37.82061094000268,46.487345127551464]]],[[[38.77591395578599,44.25895192199438],[38.77591395578599,46.88149892298346],[38.77748869627425,46.88192748714738],[38.800376895432066,46.889289844971586],[38.91414642145418,46.93775940074016],[38.98998259013905,46.97721099829772],[39.014991741771155,46.99387358405562],[39.074707022401526,47.02720642110512],[39.183593758413394,47.020263654455846],[39.259780876904586,47.00825501543136],[39.2795715423573,47.01721192037763],[39.29998780051994,47.07693482782713],[39.28612848031916,47.1725669733722],[40.6865199873526,47.1725669733722],[40.6865199873526,43.450412491232825],[39.899471509101325,43.450412491232825],[39.89256285085207,43.465267167533284],[39.87457277277184,43.49095917108775],[39.84540557248346,43.5104103076049],[39.69664764773944,43.601661670679846],[39.589988717094,43.674705494553166],[39.4719238209629,43.757766738325074],[39.45429990761147,43.77096175416773],[39.416938793967915,43.80998992778342],[39.39192964233598,43.84387971617468],[39.37679292361685,43.85971070768721],[39.286941526999954,43.92694092123173],[39.05165862133555,44.080268858988234],[38.77591395578599,44.25895192199438]]],[[[36.86530792421938,46.78983694388828],[36.86530792421938,47.1725669733722],[38.83309204025091,47.1725669733722],[38.810546890419744,47.1622085458979],[38.55963899477882,47.11145020892826],[38.52275848685957,47.11693571119281],[38.35388182731299,47.12165071119125],[38.235824596715645,47.10942840509796],[38.13373564036789,47.06221390623131],[38.071380628730424,47.09498216512037],[37.896659851579784,47.097213725823565],[37.859710702292205,47.09693145610072],[37.83581541462843,47.09276581934006],[37.80165864886686,47.081382734311376],[37.78118325612048,47.07678985478487],[37.751167289267755,47.07005690849496],[37.64833067239556,47.074996957717644],[37.60942839936081,47.08581542587166],[37.55957029800521,47.08644485134852],[37.538879396938455,47.07860564313728],[37.45998382864224,47.01110078668859],[37.393600462980714,46.94915770069207],[37.32102965672817,46.90012360547786],[37.2472839332425,46.93290328523756],[37.19693372786179,46.925682081632544],[37.03951262747978,46.874023431619605],[36.993049621904504,46.857490540494325],[36.97700838188048,46.85078165935808],[36.91666029593006,46.825542454980166],[36.86790467638684,46.790828699162205],[36.86530792421938,46.78983694388828]]],[[[36.86530792421938,47.1725669733722],[36.86530792421938,48.76257521170834],[37.066875267950024,48.76257521170834],[37.78118325612048,48.76257521170834],[38.50205853073527,48.76257521170834],[39.904444608994936,48.89501509314698],[40.18613816645683,48.91246670721836],[40.6865199873526,48.94346660123541],[40.6865199873526,47.1725669733722],[39.28612848031916,47.1725669733722],[39.277626045428576,47.231235514048365],[39.26902388434024,47.249851223553435],[39.25151824475097,47.263183599563035],[39.09248351084278,47.28054045811439],[39.067489612848135,47.27777099375925],[38.956657418622854,47.25422669461625],[38.93026351545666,47.21721265929699],[38.83309204025091,47.1725669733722],[36.86530792421938,47.1725669733722]]],[[[40.6865199873526,43.450412491232825],[40.6865199873526,48.94346660123541],[41.54939127284672,48.99692361602621],[42.46983673014904,49.037694746886075],[43.262988624996865,49.22121948657815],[44.181219191788706,49.41374915772339],[44.236026538344106,49.42524086883634],[44.507732050485814,49.55045903161801],[44.507732050485814,43.51784754666368],[44.05364939591885,43.7631660331312],[43.18797656759625,44.10211273443946],[42.57238978976454,44.287814160992774],[42.39693297253655,44.340743467519644],[41.71810934222333,44.37843052220893],[41.235862969458424,44.3533055608587],[41.02480816578699,44.287814160992774],[40.91202204498296,44.2528160429286],[40.863965528307176,44.03933065158162],[41.13117364325899,43.52476051782571],[41.17791632295975,43.450412491232825],[40.6865199873526,43.450412491232825]]],[[[44.63255382572927,43.450412491232825],[47.48650176015553,43.450412491232825],[47.48373414135904,43.426933305425734],[47.45442961961828,43.08956910894739],[47.46630476995779,43.01380537568269],[47.538047776016754,42.95304870521926],[47.61471557766197,42.90442657436154],[47.70853044227124,42.72199632234759],[47.73234175749923,42.64255905634724],[47.948875426257814,42.45860289857956],[48.087051391658235,42.35209654302304],[48.11387634558554,42.33026885881719],[48.305961608105804,42.0929031347726],[48.319442765152644,42.05776978778022],[48.32332609347611,42.03596115126396],[48.36721038259424,41.9515151946718],[48.39422608441919,41.92020032868578],[48.42430114714085,41.902759536413726],[48.58395384694069,41.83576966444656],[48.613044740327155,41.82443237904454],[48.67527009604663,41.78443528973145],[48.724990837235055,41.73776244985373],[48.737552961979546,41.72484666262747],[49.03609465794705,41.4179000989123],[49.13971327538559,41.26485059811142],[49.14081955124993,41.229709624300085],[49.1549835215049,41.15164948301606],[49.19275663821901,41.06110381360577],[49.20638274353615,41.03916168840419],[49.21553225468649,41.02746557868912],[47.52181791784693,41.27084695094413],[46.51057260845912,41.64538225071744],[46.54787005626355,41.70839990367881],[46.546824020790986,41.72484666262747],[46.52638480769872,42.04621130048815],[46.32287445124814,42.32160263264848],[46.1364394371613,42.484392026428964],[45.51797870488207,42.985553834521056],[44.99604798712953,43.25806721940111],[44.77355509162271,43.374236454136735],[44.63255382572927,43.450412491232825]]],[[[44.507732050485814,43.51784754666368],[44.507732050485814,47.1725669733722],[46.41833808205242,47.1725669733722],[46.41833808205242,43.450412491232825],[44.63255382572927,43.450412491232825],[44.507732050485814,43.51784754666368]]],[[[46.41833808205242,43.450412491232825],[46.41833808205242,45.31148973230251],[47.41779970439781,45.31148973230251],[47.40100289746588,45.2833811640272],[47.37109373294277,45.23332975863434],[47.24082182307086,45.05581663667266],[47.13526154147041,44.940261854345636],[47.11665345878396,44.86526107395798],[47.07332991505939,44.78318024418405],[46.94886778274963,44.76888274652913],[46.88665771938241,44.748603809818064],[46.77290724104961,44.69158172535532],[46.715270984747235,44.60248565479617],[46.67998506266542,44.51540376124922],[46.69846724477054,44.44762422318189],[46.71360016943788,44.42513273474259],[46.76027680336739,44.39192963104125],[46.80220793002394,44.38846206112561],[46.83152007858337,44.396240216072556],[46.989158640085975,44.36609651198296],[47.01221466797091,44.360824599357386],[47.03762436308796,44.34755323789801],[47.104467540796676,44.287814160992774],[47.26583097470245,44.14360045185708],[47.35026551042415,44.02664945840894],[47.49012754477104,43.81054304635836],[47.58498383792795,43.7222137614429],[47.56637571652635,43.68470766081447],[47.55499267021247,43.65637968158933],[47.532760609754064,43.59803773162332],[47.52499391439295,43.57415769759683],[47.4872055053267,43.456382736721764],[47.48650176015553,43.450412491232825],[46.41833808205242,43.450412491232825]]],[[[46.41833808205242,45.31148973230251],[46.41833808205242,47.1725669733722],[48.32894411361903,47.1725669733722],[48.32894411361903,45.82727253532733],[48.25694276652939,45.76804350343946],[48.22387694556505,45.74415588130955],[48.1927566602443,45.73748779627891],[48.13721464319252,45.74053956907176],[47.978042587832135,45.72804262007418],[47.854301441538894,45.71678922967868],[47.83054351404155,45.65582276362778],[47.61597442861523,45.7571716475548],[47.59665678078346,45.76415250958274],[47.555614468870374,45.76797865612315],[47.40100289746588,45.74619291281861],[47.3902282596959,45.74467469855739],[47.40100289746588,45.71322863691142],[47.41429520885265,45.67443467908106],[47.480506913021145,45.652584075703885],[47.540683751686615,45.636238099710155],[47.55998993993336,45.600265492938775],[47.568180097950915,45.56373976759312],[47.54367063844825,45.52846147232941],[47.486190790001785,45.5714569079899],[47.50151442385231,45.557487479684596],[47.51776887802106,45.521934502802765],[47.519981391034264,45.494987481061685],[47.4819297599347,45.418807989389336],[47.41779970439781,45.31148973230251],[46.41833808205242,45.31148973230251]]],[[[44.507732050485814,47.1725669733722],[44.507732050485814,49.55045903161801],[44.70111717086036,49.639582470048595],[45.66024918417344,49.97665208492106],[46.0451271453565,50.191972205458455],[46.55147038671703,50.41782666233212],[47.37865858689901,50.561658879334686],[48.32894411361903,50.674058146151495],[48.32894411361903,47.1725669733722],[44.507732050485814,47.1725669733722]]],[[[48.32894411361903,45.82727253532733],[48.32894411361903,47.1725669733722],[50.23955014518564,47.1725669733722],[50.23955014518564,46.77222679873935],[50.221584312072025,46.760898615133726],[49.93582151482224,46.601928692310196],[49.826652503976106,46.56026458246339],[49.80595780780223,46.560903165157505],[49.77262876463749,46.56193160983713],[49.62005237418805,46.57498929397502],[49.387214634421525,46.493316676499546],[49.28082275796163,46.43859861622724],[49.25360870783106,46.42332460112493],[49.21665952848116,46.37803647651913],[49.2225265289656,46.34630585192629],[49.22252653986385,46.34630584656071],[49.25721742612291,46.29027559160005],[49.15442657016297,46.28665161382884],[49.04638672074907,46.19582367469542],[48.911094660700144,46.1305465848979],[48.78193665351142,46.09276580264998],[48.69644926837151,46.0598449686716],[48.72491456904811,46.023178089106466],[48.73888395863844,45.96804044830702],[48.76165771680019,45.85470580581182],[48.713325482483924,45.830268859159105],[48.62678908069256,45.91081998912779],[48.59943388864713,45.94706727751782],[48.57082367841491,45.96408460713383],[48.45262529359866,45.93360520687503],[48.37332151628351,45.87498474252283],[48.341369636716934,45.83749389553151],[48.32894411361903,45.82727253532733]]],[[[50.23955014518564,46.77222679873935],[50.23955014518564,47.1725669733722],[51.972474059645855,47.1725669733722],[52.12933980747175,46.85078165935808],[52.15015617675225,46.80808016449132],[52.091033942426236,46.81478502857465],[51.96523615622432,46.85078165935808],[51.779922457158364,46.903808576649624],[51.68381120512362,46.959156065954915],[51.68207547746391,46.98929592685192],[51.63499449941634,47.042495710804076],[51.220825192437815,47.11360550996159],[51.19415663751255,47.114994077155075],[51.01055146420532,47.06860353698221],[50.974296605788936,47.05887983291842],[50.844154368399586,47.00804901404473],[50.70971679497774,46.94638065038396],[50.612770087726005,46.907493600249836],[50.52165984313967,46.872215256658706],[50.43276981257782,46.90089038265404],[50.36402469909478,46.85078165935808],[50.36332704079393,46.85027313206092],[50.23955014518564,46.77222679873935]]],[[[48.32894411361903,47.1725669733722],[48.32894411361903,50.674058146151495],[48.94316762920789,50.74670817698183],[49.80595780780223,50.790668168850736],[50.76013564369441,50.83928445001385],[51.254386609555176,50.89472145551158],[51.19918832031309,50.833589962212216],[51.033902362452466,50.35087014919242],[51.29959552630054,49.91426599114199],[51.761350425326725,49.41374915772339],[51.7833399303615,49.38991374752707],[51.8014471603071,49.339191590193],[51.600995622909544,47.93459633332743],[51.972474059645855,47.1725669733722],[48.32894411361903,47.1725669733722]]]]}},{"type":"Feature","properties":{"fillColor":"#f7ba6b"},"geometry":{"type":"MultiPolygon","coordinates":[[[[11.525276184067177,58.048469543424694],[11.735883712715934,58.04171371454209],[11.741665840143249,58.02777099606391],[11.735554695138822,58.00152206416377],[11.725971221947056,57.992080688435735],[11.659442901623054,57.95749664308298],[11.646110534706327,57.95082855224593],[11.594444274897615,57.93249511723265],[11.584999084412198,57.930831909124606],[11.57472038268146,57.93166351324109],[11.525277137756524,57.94999694825437],[11.518124580352728,57.98069000241844],[11.509721755956024,57.989715576213165],[11.497776985174136,58.009857177741324],[11.499999046368565,58.034023284967645],[11.525276184067177,58.048469543424694]]]]}},{"type":"Feature","properties":{"fillColor":"#fadfa4"},"geometry":{"type":"MultiPolygon","coordinates":[[[[16.875415802030464,69.35819244415991],[16.935136795255936,69.39456939692974],[17.04383087159104,69.39881896964307],[17.203052520700854,69.40415954578648],[17.29111099269972,69.40748596208904],[17.38999938935362,69.4124908448211],[17.480831146016843,69.41970825222424],[17.487671852111816,69.42285004480743],[17.487671852111816,69.18169793110584],[17.406944274821864,69.1616516112184],[17.2119407655512,69.0902709958806],[17.194721221666242,69.08193969747322],[17.173332214086436,69.06666564945218],[17.165691375898373,69.05748748759326],[17.164163589239454,69.04568481469266],[17.18235969554752,69.0436019896204],[17.201663970652675,69.04443359385284],[17.214303970620104,69.03637695323495],[17.205692290961625,69.0259628297553],[17.16722106933245,69.01609802248184],[17.092777252321735,69.00360107392991],[17.045555115050565,69.00332641614044],[17.08222198482896,69.04943847658491],[16.90055465669774,69.0541534423084],[16.875831603833074,69.22137451184625],[16.875415802030464,69.35819244415991]]],[[[17.18666458104834,69.49374389641466],[17.196662902725382,69.49999999998654],[17.459302902453526,69.5676269534321],[17.487671852111816,69.57448221908271],[17.487671852111816,69.42635796067374],[17.48166656505406,69.43026733389456],[17.45305252046157,69.43527221662661],[17.406274795401554,69.43609619124953],[17.3856945038528,69.43385314939474],[17.319999695081695,69.4369354250915],[17.261108398686282,69.44444274887599],[17.23791503925569,69.45360565214304],[17.18666458104834,69.49374389641466]]],[[[17.487671852111816,69.18169793110584],[17.487671852111816,69.42285004480743],[17.49083137509627,69.42430114733124],[17.487671852111816,69.42635796067374],[17.487671852111816,69.57448221908271],[17.528888702325226,69.58444213867429],[17.662498474148062,69.59748840343241],[17.84416580227928,69.5891571043978],[17.859720230296965,69.58402252206692],[17.964443206512986,69.52304077161692],[18.07416534450837,69.43083190931983],[18.085136413803752,69.41888427760134],[18.09992790219317,69.35950469999437],[18.08694076565454,69.34944152851791],[18.056388854807675,69.34832763688645],[17.96888732925177,69.34304809573767],[17.9572219849323,69.34054565405803],[17.917499542463297,69.32554626445369],[17.906803130957396,69.31874084467562],[17.875831604130383,69.23971557634499],[17.952220917005008,69.19943237325549],[17.968051910214555,69.19970703104497],[17.981109619386977,69.20138549810171],[18.002080917134563,69.19846343981469],[17.999164581054693,69.1881866455434],[17.901386261227493,69.16804504399865],[17.86249923716848,69.16276550284987],[17.583885192815274,69.1569366454949],[17.522220611755504,69.19027709959796],[17.487671852111816,69.18169793110584]]]]}},{"type":"Feature","properties":{"fillColor":"#f28d44"},"geometry":{"type":"MultiPolygon","coordinates":[[[[14.443332672072227,35.96027374263955],[14.510276794417885,35.92527770995188],[14.548332214395064,35.892219543503685],[14.56388854978728,35.877777099613816],[14.569999694818609,35.869438171331],[14.564582824681874,35.8235359192094],[14.519721984902167,35.79999542240594],[14.423887252831957,35.81860351566338],[14.377359390264077,35.845970153811386],[14.366943359365683,35.85472106927768],[14.3472213744825,35.8724975586205],[14.33791542049771,35.88180160524922],[14.33305454249581,35.89499664308207],[14.32909584045971,35.97846603387798],[14.364998817441656,35.99193954470981],[14.374998092704706,35.9908294677962],[14.443332672072227,35.96027374263955]]]]}},{"type":"Feature","properties":{"fillColor":"#f7ba6b"},"geometry":{"type":"MultiPolygon","coordinates":[[[[-7.043750286164244,62.24166488652999],[-7.036666870014822,62.23360443115719],[-6.990834236069241,62.19305419935148],[-6.973889350813037,62.18249511731023],[-6.945834159854216,62.16805267345627],[-6.91638946526497,62.15388488768066],[-6.841389656065519,62.12444305407288],[-6.735000610251217,62.043609619072186],[-6.721806049240748,62.03180313120141],[-6.696250438702712,61.977355956964615],[-6.704722404454642,61.93888473524222],[-6.717778205935208,61.93332672127166],[-6.725277900674335,61.93444061279583],[-6.773056030397866,61.949996948173954],[-6.869167327964536,61.99749755856211],[-6.961112022420191,62.046661376906684],[-7.034581661230198,62.11211013789711],[-7.130307674540426,62.12559890739334],[-7.234236717211595,62.177074432378845],[-7.233195304803035,62.19569015505909],[-7.210833549624823,62.28472137447176],[-7.193889141107006,62.30624771121352],[-7.131527900770498,62.30305099487224],[-7.087500572306662,62.29083251960837],[-7.068194866159575,62.28347015390842],[-7.06000041974302,62.275829315120745],[-7.052222251916173,62.257499694720266],[-7.043750286164244,62.24166488652999]]]]}},{"type":"Feature","properties":{"fillColor":"#f7ba6b"},"geometry":{"type":"MultiPolygon","coordinates":[[[[-2.528472662008943,49.42638778687653],[-2.555555820503177,49.42333221433448],[-2.590833663962526,49.42249298093414],[-2.597222328185029,49.42249298093414],[-2.654444694547099,49.42582702636356],[-2.668611288066776,49.43277359010975],[-2.654166936864127,49.457775115963294],[-2.579166889160251,49.4908294678077],[-2.53652811053038,49.50819396976111],[-2.500972509388058,49.503887176552134],[-2.528472662008943,49.42638778687653]]]]}},{"type":"Feature","properties":{"fillColor":"#f7ba6b"},"geometry":{"type":"MultiPolygon","coordinates":[[[[16.391666412364454,56.464996338039064],[16.394580840772548,56.532493591089526],[16.420276641669297,56.586387634057004],[16.542499542334294,56.776382446517744],[16.54830004652052,56.78402328491211],[16.764775043502627,56.78402328491211],[16.726665496800436,56.70221710182521],[16.635555267203465,56.51888275141692],[16.57666397088845,56.406944274782326],[16.56999778767489,56.391246795670064],[16.57110786438903,56.37430191017642],[16.575414657846167,56.36429977389172],[16.5716629030407,56.354995727676254],[16.553054809431355,56.326385497782205],[16.496109008977744,56.240829468023755],[16.486385345349333,56.231384277051625],[16.47360992423479,56.22444152843189],[16.43722152716294,56.211387634071855],[16.42972183205222,56.208885192897874],[16.41847038272524,56.2131881712656],[16.410831451286374,56.22499847433367],[16.403331756764857,56.27416229252005],[16.391666412364454,56.464996338039064]]],[[[16.54830004652052,56.78402328491211],[16.61430358884189,56.87096786492479],[16.62916564939609,56.879165649515535],[16.644996643086177,56.8836059569613],[16.749443054199677,56.93972015394626],[16.848052978318165,57.06416320803953],[16.899997710924026,57.13499450691103],[16.96124839758467,57.22652435274254],[16.9655532837917,57.241661072042014],[16.960277557198673,57.256942748830745],[16.959857940964138,57.27721786505601],[16.966110229693477,57.293609619148086],[16.973331451558707,57.30527496354849],[16.982776641941626,57.31555175798926],[16.993053436382404,57.32471466062648],[17.009998321286844,57.33749389624124],[17.022220611589024,57.34499359135196],[17.03555297860534,57.351943969561326],[17.05666351338867,57.359161376926345],[17.102081299109116,57.349441528387345],[17.124164581528543,57.3208312990825],[17.05055236823758,57.186660766860605],[17.008888244572702,57.1319427488357],[16.961109161256523,57.07527160653816],[16.92666626004608,57.03805541990867],[16.88027572610033,56.92971801766156],[16.848331451563656,56.84388732915783],[16.838888168430838,56.82958221450541],[16.82805252083818,56.82527160654806],[16.812637328882417,56.824996948391984],[16.782220840633514,56.807914733820304],[16.770275115737515,56.79582977318536],[16.764775043502627,56.78402328491211],[16.54830004652052,56.78402328491211]]]]}},{"type":"Feature","properties":{"fillColor":"#f7ba6b"},"geometry":{"type":"MultiPolygon","coordinates":[[[[13.502570152172414,54.54976654049547],[13.383514404254624,54.57835769659238],[13.310555458011642,54.57332611074438],[13.284136772265683,54.564300537071745],[13.248749732876966,54.55777740466363],[13.226527214009181,54.641178131231534],[13.24472045885562,54.65666198740063],[13.263332366886988,54.6666641234218],[13.278610229484093,54.671386718630195],[13.292221069223258,54.673332214290326],[13.364442825204742,54.679443359272845],[13.383888244524272,54.68083190904697],[13.42708206162758,54.68249893190492],[13.441596031207476,54.67478561397612],[13.668609619127825,54.521522521912495],[13.631109237662935,54.40110778821716],[13.506388664262479,54.342216491772604],[13.469444274842767,54.32833099374971],[13.35763835903518,54.27318954468348],[13.357498168934063,54.25971984860464],[13.406943321121005,54.265132904040826],[13.42097091664506,54.26027297969057],[13.427638053954375,54.24791336058367],[13.426943778926502,54.23582839976049],[13.395416259743053,54.221660614135324],[13.25333213798424,54.25721740734012],[13.156110763586716,54.30554962159588],[13.118818283093855,54.33673095710622],[13.146962165850084,54.54560470569155],[13.337763786252927,54.56640243531091],[13.447461128343631,54.48893737799094],[13.483854293795838,54.48373794544529],[13.503089904743298,54.493095397994786],[13.51660728441505,54.51337051380239],[13.502570152172414,54.54976654049547]]]]}},{"type":"Feature","properties":{"fillColor":"#fff9b9"},"geometry":{"type":"MultiPolygon","coordinates":[[[[53.717212677356315,73.78568267961742],[53.74582671978084,73.77886962645226],[53.800827028258595,73.77360534408791],[53.82582855281464,73.77249145200551],[53.849159243143674,73.77249145200551],[53.89860153148908,73.77887725590347],[53.941658023729985,73.78970336922873],[54.037773133013786,73.82026672474609],[54.06506347734444,73.84581756978866],[54.084716795573115,73.86219787683098],[54.21582794035061,73.90165710231241],[54.24971771321276,73.91081238141061],[54.34304809618695,73.92776488949981],[54.3805465682957,73.93441772418976],[54.460273741086155,73.94442749402958],[54.48054504486214,73.94692993064467],[54.50249481231663,73.94802856382483],[54.51452557265442,73.94802856382483],[54.51452557265442,73.6983393399944],[54.49346542305989,73.69539642429368],[54.41115570052011,73.66609192043177],[54.39490890497757,73.65351867836716],[54.37449264162848,73.64334869005222],[54.29557419066549,73.62335205431242],[54.1877670292414,73.60470580805628],[54.060821533648266,73.60581970013862],[53.95638274765423,73.6266479460595],[53.76027298042601,73.71651458936009],[53.717212677356315,73.78568267961742]]],[[[54.03694153062577,73.38317870728469],[54.24665832665994,73.50971984975723],[54.40242004123809,73.5656662023909],[54.417003632004764,73.56999206225731],[54.47834014905078,73.5856704675819],[54.51452557265442,73.59431129200097],[54.51452557265442,73.39756609415068],[54.507217403645484,73.39637756434786],[54.47554779329016,73.38638305341055],[54.42887878318072,73.37052917850133],[54.367210388903914,73.34887695185063],[54.33582306044991,73.33888244870639],[54.29943848042376,73.33193969487075],[54.21429443624504,73.32415771698908],[54.04638290245447,73.36511993656433],[54.03694153062577,73.38317870728469]]],[[[54.51452557265442,73.39756609415068],[54.51452557265442,73.59431129200097],[54.714225767882056,73.64199829277555],[54.82166290481939,73.65887451414596],[55.173881530552194,73.71109771797205],[54.85527038798716,73.72776794415978],[54.54222106859032,73.70220946966577],[54.51452557265442,73.6983393399944],[54.51452557265442,73.94802856382483],[54.54972076457068,73.94802856382483],[54.80027007950957,73.97727203207711],[54.776100157341375,73.99081420665118],[54.75582885356533,73.99525451607872],[54.700271602942905,74.00082397649106],[54.65637969748519,73.99859619232609],[54.63249206501155,73.99859619232609],[54.590614319085034,74.00804138277681],[54.693603517143686,74.06971740650482],[54.74999999960511,74.0883178682609],[54.91905423301487,74.1407756796596],[55.311838467952526,74.1407756796596],[55.311838467952526,73.36899206925357],[55.31016159345023,73.36924743849244],[55.28443908965198,73.37359619450552],[55.22971344141757,73.39387511993971],[55.19860076541369,73.40332031039043],[55.17887878212417,73.40776061981796],[55.021377560464884,73.43609619117035],[54.99777221768579,73.43997192120878],[54.97165680104712,73.44219970537375],[54.90415954501708,73.44108581329118],[54.86110687139836,73.43914794827197],[54.80165863183532,73.43247985467963],[54.53541183404718,73.40096283334822],[54.51452557265442,73.39756609415068]]],[[[54.91905423301487,74.1407756796596],[55.02124404896546,74.17248535047872],[55.140075681653116,74.17665099966291],[55.15357589814221,74.1773223913687],[55.17565917709612,74.1737365726828],[55.18774032345459,74.16915130368255],[55.24748993023684,74.15582275374203],[55.267768863464084,74.15138244431466],[55.311838467952526,74.14683758758095],[55.311838467952526,74.1407756796596],[54.91905423301487,74.1407756796596]]],[[[55.14171600586843,74.26643371900042],[55.216659543927335,74.30470275788741],[55.311838467952526,74.29913437742387],[55.311838467952526,74.23719384400158],[55.294998172185274,74.23970031681426],[55.266105650894986,74.24331665330493],[55.2418823225683,74.25559234677257],[55.22837829525025,74.25492859231105],[55.20355224807173,74.2522582999764],[55.19004822075368,74.25175476399016],[55.17471695156223,74.2524261479029],[55.14171600586843,74.26643371900042]]],[[[55.234298702624926,74.36608887026273],[55.311838467952526,74.41423807525845],[55.311838467952526,74.35250876212669],[55.25888824460918,74.35887145618386],[55.234298702624926,74.36608887026273]]],[[[55.311838467952526,73.36899206925357],[55.311838467952526,74.1407756796596],[55.37083607428133,74.1407756796596],[55.79972076800499,74.09942627128055],[55.82499694501138,74.09803771895486],[55.86200332920714,74.10817718167209],[55.811382294547286,74.13874053718928],[55.8030187766495,74.1407756796596],[56.90646425854874,74.1407756796596],[56.90646425854874,73.87037421998873],[56.66777038478432,73.8819274895717],[56.56784057327849,73.88011932522295],[56.67443847837666,73.85525513078841],[56.6983261108503,73.85137939295674],[56.90646425854874,73.84046604641442],[56.90646425854874,73.6296321789802],[56.84290695431184,73.64832306106388],[56.78888702641723,73.59387207307282],[56.90646425854874,73.57417775429052],[56.90646425854874,73.30890328756091],[56.90637970210861,73.30886840588266],[56.85555267226624,73.3385925295608],[56.78749847409148,73.36387634381146],[56.75805282927894,73.36026000732073],[56.7480468780613,73.3333206177453],[56.74958038216687,73.24526214658647],[56.718879696527836,73.24275207272711],[56.570831302563704,73.2533264141627],[56.156097413470604,73.28471374261687],[56.12860107395744,73.28804015996178],[56.08998870976626,73.29721069016938],[56.063323972641115,73.30720520110663],[55.980152129908674,73.3269042960427],[55.74916076895482,73.34637451523554],[55.658882143082394,73.34553527560325],[55.61610412970708,73.34359741058404],[55.5763854950917,73.33915710115667],[55.55274200505636,73.34417724887555],[55.44951629401038,73.36039733744241],[55.42149734877961,73.3618698137314],[55.39347839575555,73.3640823389938],[55.344078065495125,73.3640823389938],[55.311838467952526,73.36899206925357]]],[[[55.311838467952526,74.1407756796596],[55.311838467952526,74.14683758758095],[55.36749267199434,74.14109802202472],[55.37083607428133,74.1407756796596],[55.311838467952526,74.1407756796596]]],[[[55.311838467952526,74.23719384400158],[55.311838467952526,74.29913437742387],[55.55832672437111,74.28471374380575],[55.669021605799514,74.27220916680204],[55.70346450997749,74.26791381694738],[55.74186706815698,74.29282378808915],[55.664993286737,74.32609558319717],[55.5444412244928,74.33692931818064],[55.419715883613435,74.34721374826364],[55.31666564994521,74.3519287101413],[55.311838467952526,74.35250876212669],[55.311838467952526,74.41423807525845],[55.323326114086285,74.42137146064175],[55.36443710406354,74.4347000105821],[55.4155426049781,74.44108581448006],[55.43693542249463,74.4394226097042],[55.893051150979204,74.4555511448566],[56.05027008294394,74.46360779077486],[56.16193389688203,74.4697113049782],[56.24971771559052,74.47581481918161],[56.281383515116886,74.48754882940693],[56.258049013958896,74.5010986334322],[56.00833130140779,74.54165649209381],[55.90443420644931,74.54693603336034],[55.70610046588507,74.55192565548134],[55.52693939591711,74.56219482666194],[55.49790954450526,74.5690155014853],[55.528190610328124,74.64748382262047],[55.57166290376284,74.6597137471739],[55.648605350243656,74.67387389950227],[55.67818450655585,74.67873382874603],[55.77332306167182,74.68887329146315],[56.17471313412892,74.69775390252494],[56.497215273427855,74.68942260415662],[56.58499145489208,74.67858886917315],[56.61110687153075,74.6772003168474],[56.76110839720968,74.67359924705215],[56.785827639864465,74.67359924705215],[56.90646425854874,74.68182352362497],[56.90646425854874,74.1407756796596],[55.8030187766495,74.1407756796596],[55.58943176313073,74.19274902480373],[55.52443695150879,74.20555115040423],[55.311838467952526,74.23719384400158]]],[[[55.817699433384405,74.80449676719593],[55.834991455948625,74.82471465702048],[55.920547482699305,74.84220886393825],[56.32138061301157,74.90554809244247],[56.90646425854874,74.96169726436364],[56.90646425854874,74.7057951875768],[56.899719237967304,74.70555114710203],[56.830551147710196,74.70277405024365],[56.81054687472613,74.69941711509387],[56.764022824189794,74.68928528182795],[56.72971343930437,74.68803405962386],[56.626655576184874,74.69219970880806],[56.6005477889974,74.69358825334075],[56.57652282640208,74.70401001354548],[56.55029296799552,74.7334289513824],[56.48429870605929,74.79303741721378],[56.324165347114445,74.79748534829946],[56.29972076470284,74.79776000854264],[56.22554779342232,74.79832458793157],[56.20249176333664,74.79721069584917],[56.17332458180317,74.79192352513138],[56.10471344148374,74.77998351972354],[56.059989925844945,74.77693176262193],[55.9880447387294,74.7744293182136],[55.93859863176175,74.77470397845696],[55.91360473665668,74.7785949673978],[55.817699433384405,74.80449676719593]]],[[[57.60073716430133,74.1407756796596],[58.42715531235562,74.1407756796596],[58.38471985168644,74.1310882599779],[58.251663204645695,74.13304138389952],[58.197212216654634,74.04470825249757],[58.216655728871785,74.00735473996184],[58.13582611207238,73.98526001293453],[58.1149978661515,73.98332214012208],[57.9449920674885,74.00082397649099],[57.86027145395502,74.03032684608428],[57.74518585063544,74.05748748974463],[57.733772277360686,74.06214904546385],[57.68960190083044,74.09248351744492],[57.60471725799272,74.13748169332706],[57.60073716430133,74.1407756796596]]],[[[56.90646425854874,73.87037421998873],[56.90646425854874,74.1407756796596],[57.41482189436223,74.1407756796596],[57.41499328686933,74.08082580952487],[57.52471160633684,74.06442260633588],[57.5542983998933,74.05761719041493],[57.826686859140864,73.95045471372094],[57.91165924456408,73.91554260219067],[57.939434055149604,73.79956817949568],[57.91374206915617,73.78498839955802],[57.75721740945778,73.72554015999481],[57.724159238983475,73.71526336715607],[57.69748688019996,73.71276855219912],[57.63226699587125,73.74173736800128],[57.626770019141816,73.75273895091118],[57.59887695595927,73.77388000433126],[57.508605959537874,73.81637573580508],[57.489158628698476,73.82110595658514],[57.42638397179047,73.83415222462435],[57.402770999560005,73.83831787380836],[57.27388000170339,73.84860229609848],[57.171104428278284,73.8566436753211],[57.04638671685012,73.86360168805913],[56.90646425854874,73.87037421998873]]],[[[56.90646425854874,74.1407756796596],[56.90646425854874,74.68182352362497],[56.98458099245164,74.68714905107748],[56.94582366868764,74.70332336293711],[56.922492978358605,74.70637512003884],[56.90646425854874,74.7057951875768],[56.90646425854874,74.96169726436364],[57.709880065055096,75.03879928659208],[58.50109004914495,75.03879928659208],[58.50109004914495,74.53345319099425],[58.2247085561678,74.57666015703853],[58.191947934290454,74.57523345745676],[58.181373592854754,74.55673980801771],[58.26277160766551,74.52970886502777],[58.32305144961657,74.51609802539286],[58.42443847850899,74.49971008110646],[58.50109004914495,74.4706003275495],[58.50109004914495,74.15765394168479],[58.42715531235562,74.1407756796596],[57.60073716430133,74.1407756796596],[57.55957413033093,74.17484283531417],[57.533882144337326,74.18193054092944],[57.508605959537874,74.18331909325536],[57.46082305734626,74.18414306619201],[57.41471099717478,74.17956542664302],[57.41482189436223,74.1407756796596],[56.90646425854874,74.1407756796596]]],[[[58.50109004914495,74.53345319099425],[58.50109004914495,75.03879928659208],[60.09571583974116,75.03879928659208],[60.09571583974116,74.99890149947046],[60.01666259673868,74.99999999695007],[59.99027251985672,75.00193786976234],[59.930198673088114,74.99726867679885],[60.07555389415705,74.97082519375846],[60.09571583974116,74.96813482567465],[60.09571583974116,74.72816380307712],[60.05054474014963,74.72360229616447],[60.006942746044615,74.7199859596738],[59.87130737566957,74.62477111783886],[59.76374435668396,74.58901214501816],[59.70832824701239,74.58554076810032],[59.682495120068324,74.58720398066941],[59.655548093248626,74.58998107752768],[59.59860229809368,74.59776306320254],[59.57444000537669,74.60220337263007],[59.53472137076125,74.61137390283744],[59.488327028688445,74.62637329479827],[59.399162294898304,74.65693664252245],[59.28763580328882,74.64138030841713],[59.13957596125124,74.55248260541907],[59.1219329839318,74.54136658074111],[59.09318542221439,74.48324585010107],[59.1472167981824,74.43858337786497],[59.051933291286616,74.43887328921767],[59.02777099856962,74.4394226097042],[58.88582611101566,74.44720458758587],[58.783607479735394,74.46110534636654],[58.74874496353442,74.4740142842839],[58.736103056409206,74.49192810322467],[58.71693420443518,74.49971008110646],[58.50109004914495,74.53345319099425]]],[[[58.50109004914495,74.15765394168479],[58.50109004914495,74.4706003275495],[58.61388397076695,74.42776489399091],[58.722213745701765,74.30303955311138],[58.7427673313793,74.26693725498666],[58.724159240172185,74.23580932787343],[58.57638549865817,74.17484283531417],[58.50109004914495,74.15765394168479]]],[[[57.709880065055096,75.03879928659208],[57.75308193879033,75.04294527401487],[59.16756528643327,75.1712812605997],[59.789762692219085,75.38046159120927],[60.09571583974116,75.43114794123498],[60.09571583974116,75.03879928659208],[57.709880065055096,75.03879928659208]]],[[[56.90646425854874,73.6296321789802],[56.90646425854874,73.84046604641442],[57.05860138250114,73.83248901205525],[57.28777313103285,73.82498931607495],[57.33055114440799,73.82415771368693],[57.361381530717324,73.81429291121299],[57.48165512188916,73.75526428367294],[57.567520145310084,73.69548034825692],[57.58544158590877,73.67222595243993],[57.60471725799272,73.61928558020088],[57.58610534816336,73.61053466980951],[57.35110473787876,73.54971313682296],[57.32804870779296,73.54998778927325],[57.0929946913497,73.58094024680184],[57.05307388017383,73.5865173366654],[56.90646425854874,73.6296321789802]]],[[[56.90646425854874,73.30890328756091],[56.90646425854874,73.57417775429052],[56.90927124073494,73.57370758161346],[57.004604342960135,73.55703735542579],[57.120605472630984,73.53003692244761],[57.147102354036576,73.52295684628336],[57.25249481363784,73.49123382197638],[57.22748565963042,73.45027161019419],[57.03638458425456,73.3636016835681],[56.97776794707954,73.33831786931745],[56.90646425854874,73.30890328756091]]],[[[60.09571583974116,74.99890149947046],[60.09571583974116,75.43114794123498],[60.37413812606337,75.4772733351843],[60.917634933794716,75.57425492755658],[62.071080076667386,75.75249863027824],[62.95506078646855,75.84996635792317],[63.28496742093358,75.86751142683572],[63.28496742093358,75.5836726406988],[63.28221130720493,75.58332824402663],[63.25916290657045,75.58193969949394],[63.18582152988472,75.5808258074116],[62.96749115358091,75.56275939944675],[62.53804779167291,75.50193786646037],[62.51776885844549,75.49803161861695],[62.38901900933263,75.46887969598606],[62.2819366457727,75.44053649518241],[62.241104126867924,75.43275451730062],[62.216934204699726,75.4322051968141],[62.170547484285066,75.44775390926145],[62.143882754952756,75.44941711403732],[62.017772672576655,75.44067382530392],[61.69860076924488,75.36720275574112],[61.68721008432374,75.33776855120857],[61.67749023362967,75.31581115430288],[61.6502685543598,75.27915954348475],[61.51430129896093,75.22387695310566],[61.48220825016722,75.2194366436783],[61.45832824714472,75.21914673232561],[61.42165755880177,75.22567748800338],[61.397354125134086,75.23637390065818],[61.17290878655365,75.21665191736867],[60.88582611339342,75.15637206762437],[60.805267330421884,75.08081817346931],[60.76055145202736,75.03359222121543],[60.73665619010251,75.02499389984814],[60.7158279441818,75.02192687605094],[60.69360351648396,75.0202636712749],[60.297775267194766,74.99609374910682],[60.09571583974116,74.99890149947046]]],[[[63.28496742093358,75.5836726406988],[63.28496742093358,75.86751142683572],[64.17868566325416,75.91504108071899],[64.36926250257613,75.98019311375725],[64.47192383144392,76.39248657118065],[64.79803466998914,76.47415160899033],[64.8795932115298,76.48357559796003],[64.8795932115298,75.7992435426758],[64.8455352746933,75.79998779389649],[64.73526001308113,75.78498840193583],[64.5402679409712,75.75526428605076],[64.37303161750867,75.73304748780413],[63.86360931092048,75.67137145628305],[63.61651992482598,75.69060516248874],[63.53735351280238,75.63609313888804],[63.48804473595624,75.62359619133571],[63.32499695003145,75.58998107871673],[63.304435727109535,75.58610534867813],[63.28496742093358,75.5836726406988]]],[[[64.8795932115298,75.7992435426758],[64.8795932115298,76.48357559796003],[64.93748474258615,76.49026489303333],[64.96081543291518,76.49275207853924],[64.98553466777685,76.49414062307193],[65.06711578162327,76.49025726358212],[65.07693481518282,76.46984100023326],[65.11109924049543,76.46693420270435],[65.1613769498511,76.4683227550301],[65.33442687616451,76.50332641218176],[65.3581771863096,76.51360321281373],[65.38846588158361,76.55136871571449],[65.41442870919815,76.55941772438825],[65.5260925309293,76.57859802443551],[65.54859924052846,76.58221435313317],[65.57554626734816,76.5811004610506],[65.62469482571885,76.56805420080462],[65.92276001205755,76.52777099459331],[65.94970703108407,76.52693176275409],[65.97442626594591,76.52804565483666],[66.01922607609657,76.54129791026497],[65.90776062009672,76.62608337023727],[65.88693237417607,76.6372070321595],[65.8327712975377,76.65554046312326],[65.80442809673411,76.66304015910362],[65.75762176429629,76.68185424549324],[65.8847198489135,76.73248290960407],[65.92608642940252,76.74414062531741],[65.94775390716245,76.74887084609742],[65.99887084835734,76.75332641442736],[66.02499389444716,76.75332641442736],[66.05220031481457,76.75221252234479],[66.15165710813898,76.7583312954506],[66.38526153664719,76.83484650045705],[66.474219002126,76.57008649472317],[66.06644254307196,76.25795819720258],[65.74331665239521,75.92359924269346],[65.40887451548127,75.87969970778454],[65.21304321153235,75.84609985406797],[65.19247436695241,75.84136962549485],[65.1662368790947,75.82692718347192],[65.13665771498927,75.80802917311905],[65.02388000117571,75.79553222556655],[65.00027465839656,75.7941436732408],[64.97554016463249,75.7941436732408],[64.92164611878627,75.79832458132739],[64.8795932115298,75.7992435426758]]],[[[60.09571583974116,74.72816380307712],[60.09571583974116,74.96813482567465],[60.10471343844608,74.96693420481762],[60.154159545413734,74.96609497297857],[60.27693939182291,74.96443176040947],[60.4188842793767,74.96304321587678],[60.583328247078555,74.96720886506097],[60.609436034266025,74.96554565249187],[60.62943267779883,74.96081543171181],[60.66276550072325,74.94442748742546],[60.68249511346414,74.9272079485441],[60.58263397481221,74.86984252577986],[60.55554961787101,74.86219787801974],[60.534996032193305,74.85942077336824],[60.5127716044957,74.85748290834903],[60.48943328471529,74.85693359565556],[60.392219542251496,74.85803222883573],[60.246658326000045,74.85914612091813],[60.20373916388104,74.84644317818311],[60.261665347411906,74.8174896212833],[60.34082794081348,74.80303954980917],[60.36749267793863,74.78637695307265],[60.31860351311565,74.76054382612858],[60.2731895438327,74.7479095484544],[60.24304961896058,74.7430419897596],[60.09571583974116,74.72816380307712]]]]}},{"type":"Feature","properties":{"fillColor":"#fadfa4"},"geometry":{"type":"MultiPolygon","coordinates":[[[[48.21443557744182,69.060256958449],[48.23210144013734,69.0840911866556],[48.26506042433052,69.12818145706164],[48.265621185422454,69.18623352075961],[48.27221298182774,69.2226333618456],[48.289161681731684,69.25387573210944],[48.31749343897482,69.28276824936114],[48.371101379041825,69.32192993188566],[48.39166259777318,69.33526611296219],[48.413879394910815,69.3477630612844],[48.43749237029428,69.3588714603949],[48.58249664289271,69.42498779341867],[48.60777282679994,69.43525695760812],[48.634994506493754,69.44413757366921],[48.66387939471134,69.45193481488378],[48.83277130092192,69.48915100053836],[48.909713744710004,69.50248718269825],[48.94332122822095,69.50694274879704],[49.00901794486755,69.5097122192697],[49.11943817100299,69.5091552737782],[49.24415588418212,69.50555419958533],[49.27193641662598,69.50215648462628],[49.27193641662598,68.78536050485799],[49.147216797271675,68.76748657181362],[48.91276550244548,68.73609924340131],[48.820407867197,68.72582244909438],[48.78540801995728,68.72303771947011],[48.583045959350095,68.73081970261643],[48.21887969998943,68.89025878920617],[48.21443557744182,69.060256958449]]],[[[49.27193641662598,68.78536050485799],[49.27193641662598,69.50215648462628],[49.291938781523925,69.49971008319147],[49.31276702836649,69.4963684080757],[49.34748840286045,69.48831176778403],[49.37943267784763,69.47970581103499],[49.47887420603617,69.44802856415902],[49.57054901131334,69.42164611830289],[49.69332122762252,69.38693237284303],[49.72470855711819,69.37831115694239],[49.90693664548867,69.3311004642437],[50.104164123459455,69.28109741180326],[50.142768859409095,69.26666259781194],[50.17527008097115,69.25138854998295],[50.19360351556974,69.24053955103291],[50.312770843169,69.15623474155902],[50.32943725581013,69.12448883012588],[50.31193542493174,69.10081481921935],[50.26221466083747,69.06469726539619],[50.17721557567437,69.01138305614319],[50.135131835494605,68.9916534422154],[50.11332702678337,68.99497985817958],[50.12304687451543,69.04290008571908],[50.14749145470246,69.06330871618448],[50.16582489038442,69.07887268031041],[50.18249511754261,69.09553527843448],[50.224433898490545,69.14638519266337],[50.198184967231704,69.15303802459171],[50.12998962382407,69.13832092333759],[49.959434509089725,69.07609558080364],[49.86776733393003,69.00471496614661],[49.805549621513556,68.95220947242807],[49.755271911927785,68.91720581067129],[49.69665908822124,68.88109588588225],[49.6783294681397,68.87303161655647],[49.4884605402543,68.81970977826934],[49.44374084419916,68.80998229933643],[49.27193641662598,68.78536050485799]]]]}},{"type":"Feature","properties":{"fillColor":"#f28d44"},"geometry":{"type":"MultiPolygon","coordinates":[[[[12.430797576979202,37.80325698934411],[12.441665650034011,37.80610656812465],[12.466388701599797,37.91610717818844],[12.510138511232535,38.015136719366744],[12.55819415993856,38.060550689229814],[12.733610152482772,38.139717101900324],[12.821664809871063,38.06888580245309],[12.892846108269957,38.02527236865369],[12.923610686539407,38.024860382035165],[12.955554961826222,38.032775878830854],[13.019165039200335,38.05888366658516],[13.069478035304797,38.09016799964226],[13.056109428283005,38.13378143344167],[13.100345611052834,38.184509276931074],[13.318610191059841,38.217494965125695],[13.357915877509738,38.18694305418855],[13.372013091746963,38.152774811505964],[13.367151260412754,38.120758056328896],[13.382499694123673,38.10749816831853],[13.711387634812809,37.97666168182485],[13.760693550502326,37.970966339168314],[13.791110992234445,37.972221375194444],[13.82098579469545,37.97873687783141],[13.886665344895372,37.998054504653766],[13.916525840228461,38.01034164474204],[13.944304465531948,38.02957916186509],[14.013887404624002,38.03582763601612],[14.039367198944092,38.03302997675637],[14.039367198944092,37.11010970099853],[13.998055458542416,37.11027526892787],[13.95575523353148,37.10034942620682],[13.932360648724375,37.094718933631476],[13.887638092817458,37.0994377134614],[13.738332748793969,37.157775879511085],[13.329999923882712,37.36110687319212],[13.272429466583953,37.39853668292168],[13.256666183840181,37.42194366493258],[13.218332291174262,37.455276489664534],[13.155971526645532,37.4912452700587],[12.922916411816837,37.57305145329595],[12.792777060812153,37.579021454247474],[12.756109238300686,37.57305145329595],[12.728749275286674,37.56610488951782],[12.681387901303218,37.55513381898442],[12.656109809966713,37.559783935476524],[12.514165878754214,37.658882141640554],[12.468332290815656,37.69916534505518],[12.430797576979202,37.80325698934411]]],[[[14.039367198944092,37.11010970099853],[14.039367198944092,38.03302997675637],[14.132776261053483,38.022773742962926],[14.242776871117277,38.01221466069596],[14.311943054548168,38.01221466069596],[14.367916106678198,38.01832961978008],[14.519444465607263,38.04277038653763],[14.643470764156138,38.07728576740547],[14.784721374784176,38.15444183415062],[14.874443054817123,38.17055511419814],[14.96944332184544,38.157218933040895],[15.088748932288176,38.1224975588638],[15.150833130245703,38.145553589432836],[15.30166626031409,38.2072219842194],[15.51541614552422,38.29291152933594],[15.545831680628028,38.296939849347815],[15.647936820908981,38.26457595763342],[15.503609657040187,38.07860565186488],[15.427776337168783,38.00083160354404],[15.369025230362459,37.94388580349193],[15.235277175773478,37.78527069169476],[15.219720840477079,37.764442443426034],[15.217776298771017,37.709163666018576],[15.20083236651968,37.65138244636792],[15.168054579910539,37.56193923953449],[15.149998664785265,37.542774200653795],[15.118610381759373,37.51943969688524],[15.092498779100541,37.490272522136614],[15.085832595150231,37.46305084158425],[15.092706680686021,37.34832382188147],[15.186943053867937,37.18388366726539],[15.203887940257383,37.15749359140704],[15.230692863500675,37.12485504139766],[15.180276869917627,36.935272217140295],[15.023610114731056,36.69860839872731],[14.779165268727398,36.70443725645076],[14.721387863981269,36.718605042302016],[14.553609847523436,36.78027343708858],[14.45916557275604,36.83415985179428],[14.441110611768877,36.87332916241084],[14.414164543649608,36.91402053753946],[14.393888472737272,36.942497254117946],[14.373609542706422,36.96638488773309],[14.34712028427402,36.989292145265004],[14.276388169048747,37.04249572831381],[14.245832443207073,37.06221771194563],[14.144999503550773,37.099021911938344],[14.101804733688754,37.10985946575691],[14.039367198944092,37.11010970099853]]]]}},{"type":"Feature","properties":{"fillColor":"#fadfa4"},"geometry":{"type":"MultiPolygon","coordinates":[[[[58.40915679936618,70.25360870361294],[58.4288787845326,70.26692962650871],[58.49027252165189,70.26998901415926],[58.60235214239861,70.25679779003084],[58.63832855224226,70.23803710966229],[58.66401672341255,70.23165130664987],[58.782768249229555,70.21331787127644],[58.82304763739615,70.21582794205607],[58.788047790513566,70.25387573241929],[58.68082428004902,70.28804016146812],[58.64804840079318,70.29748535103606],[58.63166046116526,70.32582092302499],[58.756660461050714,70.39360046425173],[58.86749267603674,70.43193054158449],[59.0036087033477,70.47303771959827],[59.0347862248538,70.47421264634619],[59.039577484109756,70.45026397695793],[59.10610198939916,70.4280395511885],[59.249435424658046,70.3844299314767],[59.30888366712685,70.37136840830568],[59.33443450935317,70.36109924288384],[59.3527755738082,70.34999084453993],[59.40415954632542,70.31608581521584],[59.422908782524054,70.29859161385951],[59.46110534709619,70.27665710414124],[59.47804832458496,70.26908789355045],[59.47804832458496,69.86494675356028],[59.43110275233801,69.8834533689738],[59.39402008076595,69.89054870614096],[59.332496642689264,69.88499450696901],[59.285686492389644,69.88388061506396],[59.12387847882007,69.91192626990671],[59.00332641637816,69.93386840870659],[58.95019912699059,69.93733978318906],[59.008049011709645,69.90872955331218],[59.07721328764106,69.89012908913242],[59.11839294466762,69.87043762248246],[59.038604736237,69.85220336954995],[59.01776886026057,69.85386657723089],[58.6711044314981,70.0102691647424],[58.64916229269822,70.02082824731042],[58.62137603758022,70.0374908448263],[58.57665634105168,70.07353210460113],[58.5172119136712,70.17970275909853],[58.494995116983375,70.19026184057152],[58.40915679936618,70.25360870361294]]],[[[59.47804832458496,69.86494675356028],[59.47804832458496,70.26908789355045],[59.640830994118964,70.1963653566144],[59.76999282829507,70.16338348339508],[59.928604126365144,70.09748840307098],[60.07943725544647,70.06248474110009],[60.256103515913715,69.98942565968437],[60.32110595755448,69.96360778755667],[60.365409851067746,69.95457458482065],[60.41888046226773,69.9523468021056],[60.47748565672615,69.91609191928568],[60.54693984980374,69.80248260471367],[60.43971252425088,69.7435913081974],[60.26166152907896,69.69066619878002],[60.20555114723697,69.67942810057373],[60.17665863039055,69.68234252910368],[60.15054702712339,69.69261932360713],[60.09499359123392,69.70638275185128],[60.04027557427324,69.71693420424266],[60.01082611037926,69.71832275403565],[59.97137451205985,69.7094268802436],[59.9433212281355,69.69859313978763],[59.925689696740164,69.6887283321161],[59.91193389867265,69.66638183556591],[59.88110351516232,69.68581390358615],[59.848880767865715,69.69219970659857],[59.76610565189236,69.68969726599558],[59.74554443380388,69.69136047367651],[59.60166168167407,69.71249389697576],[59.578330994176234,69.72581481987152],[59.53832626389759,69.75081634522692],[59.55735397307249,69.77860260034493],[59.601657867680785,69.77679443354339],[59.62332534749768,69.78636932406873],[59.61360549894676,69.8115081783681],[59.47804832458496,69.86494675356028]]]]}},{"type":"Feature","properties":{"fillColor":"#f7ba6b"},"geometry":{"type":"MultiPolygon","coordinates":[[[[-24.059532167295345,64.89088439738731],[-24.013693247319342,64.90107551781604],[-23.943611147585884,64.91665649395274],[-23.87222290088146,64.92471313493162],[-23.8338890080835,64.9272155773902],[-23.815834047547156,64.92248535210184],[-23.77722549512039,64.91194153004574],[-23.75111389360516,64.9047088622988],[-23.73491020854603,64.9011846056568],[-23.716667174723284,64.8972167963044],[-23.702091657768364,64.8943406725417],[-23.69555664136626,64.89305114600059],[-23.695556641366167,64.89305114600059],[-23.695556641366124,64.89305114600057],[-23.688659526552534,64.89260225192623],[-23.670001981317633,64.89138793815532],[-23.64944457832271,64.89221191138728],[-23.63582840456567,64.8951901334858],[-23.63416671987369,64.89555358845917],[-23.616811443682856,64.90011423253463],[-23.54750252027262,64.91832732966145],[-23.541937707427557,64.92418850500698],[-23.537223813120647,64.92915344486426],[-23.5302426028064,64.93468920762278],[-23.5225029017928,64.94082641688941],[-23.503890988480943,64.94692992901285],[-23.43798194066615,64.96139589440659],[-23.43798194066615,64.81899421024985],[-23.527225493563247,64.8110961936497],[-23.630836487424265,64.77165222336858],[-23.63236236545513,64.75624084620972],[-23.639639789280704,64.74928193281514],[-23.645000457285562,64.74415588474142],[-23.663612364942935,64.73777770733471],[-23.773330935108575,64.73025972693016],[-23.835973738787672,64.72596740549514],[-23.847503664341648,64.727493283526],[-23.858306762840108,64.72994589515251],[-23.905002595159033,64.74054718155872],[-23.91805648753717,64.74665832720001],[-23.945003506906858,64.76470947097744],[-24.018890379310903,64.82582092173664],[-24.049167631129933,64.85527038356486],[-24.059532167295345,64.89088439738731]]],[[[-23.43798194066615,64.81899421024985],[-23.43798194066615,64.96139589440659],[-23.293241707405198,64.99316402450184],[-23.190002439731586,65.0158233667766],[-22.975975035087288,65.0109634395373],[-22.95958518794845,65.00402069280051],[-22.816431714036952,65.01181142215374],[-22.816431714036952,64.79787475960305],[-22.917887956580575,64.79633167913669],[-22.9513893116029,64.79582214630524],[-22.98432058474779,64.79549063319173],[-23.047639846972743,64.794853209741],[-23.14083480952189,64.79832458310949],[-23.165557862820606,64.80082702556808],[-23.200557706410166,64.80776977795921],[-23.24718982461938,64.81992342175924],[-23.252780915095094,64.82138061745837],[-23.253236206626095,64.82147165066776],[-23.26667022532746,64.8241577138914],[-23.286945340830243,64.82624816690668],[-23.33817709469656,64.82468882866395],[-23.392223359295496,64.82304382530363],[-23.43798194066615,64.81899421024985]]],[[[-22.816431714036952,64.79787475960305],[-22.816431714036952,65.01181142215374],[-22.731368797404837,65.01644073462077],[-22.615140916646784,65.02276611351338],[-22.612058526377538,65.02413564667445],[-22.59638976796822,65.031097414121],[-22.575155330861378,65.03842675117579],[-22.56500243866604,65.04193115153288],[-22.53059170799639,65.0498753968896],[-22.52527999765158,65.0511016867539],[-22.52521994549399,65.05110172284374],[-22.34755706700632,65.05120849380558],[-22.347557067006203,65.05120849380556],[-21.57333126077856,64.64778273208088],[-21.613891603222726,64.65026855646352],[-21.701114655497236,64.62777709709906],[-21.95250320527083,64.55166625862415],[-21.972337211299596,64.54316395442639],[-22.04097557039515,64.5137405385104],[-22.054094146190064,64.50204401533819],[-22.07630729672553,64.48223876863864],[-22.13008692406105,64.46525285779387],[-22.166528704363056,64.45374298199332],[-22.177780153529277,64.45555114751643],[-22.19133206759972,64.46281158142187],[-22.20472335613988,64.46998596024764],[-22.340972077175184,64.55172604340048],[-22.352432249972527,64.55860137749744],[-22.355884563405148,64.56817527860296],[-22.38182258879082,64.64010620108792],[-22.32666778692503,64.6894378671158],[-22.31389236528019,64.69360351741965],[-22.299724578659937,64.70443725483146],[-22.29972457865997,64.70443725483153],[-22.29972457865989,64.70443725483159],[-22.32514190889418,64.75762939442626],[-22.379295222938484,64.79382053167397],[-22.407222746437043,64.81248474186617],[-22.485458634160718,64.80759311137776],[-22.535835264330046,64.80444335661423],[-22.677501680255773,64.79998779095473],[-22.816431714036952,64.79787475960305]]]]}},{"type":"Feature","properties":{"fillColor":"#f7ba6b"},"geometry":{"type":"MultiPolygon","coordinates":[[[[-6.785277843448855,57.448051452479106],[-6.747500419770783,57.49277496365324],[-6.637500762793467,57.60555267359141],[-6.622777938713547,57.60582733156457],[-6.611528396718088,57.602638244406975],[-6.586389541515903,57.588607788248005],[-6.575278282435488,57.580413818389225],[-6.565555572579905,57.56832885766365],[-6.562361240272591,57.55256652835657],[-6.463334083370509,57.50888824481491],[-6.430000304963807,57.504997253365396],[-6.375555992373749,57.52416229269809],[-6.395833969029645,57.60277557397629],[-6.420278549036685,57.63721847515781],[-6.407222747868609,57.64888763437525],[-6.345556259208002,57.684715270815936],[-6.304166793857559,57.6861038206235],[-6.276945114235396,57.67221832254789],[-6.216458559036255,57.635145128493285],[-6.216458559036255,57.16711235648522],[-6.316389084152444,57.15846633914371],[-6.449722766595197,57.266384125046784],[-6.480139255780269,57.30249786368853],[-6.421736240301768,57.333812713400334],[-6.398333549468947,57.328605652059025],[-6.373888969461905,57.31443786633075],[-6.345833778383821,57.30221557603586],[-6.332361697869286,57.29777526864002],[-6.312083721213389,57.29978561372695],[-6.530139446426092,57.407497405858784],[-6.573611259523645,57.37999725313234],[-6.563958645054046,57.350894927730316],[-6.568611621972175,57.336246490257636],[-6.579166889355217,57.333606720211826],[-6.624999999977029,57.344161987594866],[-6.68916702242267,57.36083221438238],[-6.700000762909994,57.363883971970665],[-6.709722518837116,57.36804962139335],[-6.722291946438209,57.379714966062394],[-6.775278568345914,57.42971801732815],[-6.785277843448855,57.448051452479106]]],[[[-6.216458559036255,57.16711235648522],[-6.216458559036255,57.635145128493285],[-6.177917480660448,57.611522674329784],[-6.160556316553316,57.59416580202664],[-6.145000457690341,57.571525573918024],[-6.136667251570781,57.48444366480787],[-6.146667480602184,57.419166565076225],[-6.147778511233925,57.40415954606944],[-6.134722709483118,57.313049316523184],[-6.12722301481948,57.30610656748538],[-5.899167060575374,57.24194335958813],[-5.883333683119309,57.239582061481144],[-5.833333969146352,57.25360870367445],[-5.768889426942162,57.272216796798574],[-5.746806144459379,57.275970459261515],[-5.647639274623655,57.25832748417458],[-5.671967506242986,57.21148300193112],[-5.803611755156425,57.1166610717024],[-5.81638908380295,57.11027526829043],[-5.830000877251129,57.10610961886775],[-5.847500800946171,57.10527038558924],[-5.859167098960954,57.09277343732119],[-5.891111373631634,57.06249618556236],[-5.92805576310938,57.03860473605003],[-5.939444541948344,57.035552978461745],[-5.980000495842865,57.02693939196371],[-5.998333930993828,57.02360534672275],[-6.014306068620533,57.02346801773617],[-6.033125400665614,57.05214691136782],[-5.99083423633019,57.111663818097995],[-5.974166870162607,57.13027191180485],[-6.030555724840328,57.17749786403821],[-6.176667213185201,57.170555115000404],[-6.216458559036255,57.16711235648522]]]]}},{"type":"Feature","properties":{"fillColor":"#f28d44"},"geometry":{"type":"MultiPolygon","coordinates":[[[[48.71720886231157,45.69609069827016],[48.70457458495363,45.69734954834866],[48.69442749023872,45.70109558107019],[48.594570159856886,45.74582290644397],[48.55151367190614,45.782352447490126],[48.493736267095336,45.874435424850915],[48.498462677051926,45.88373565671106],[48.51693725586102,45.88505935667284],[48.53249359125141,45.87747955318083],[48.6763839722053,45.76415252691073],[48.72137451172594,45.72748565674973],[48.72956848143982,45.716648101846836],[48.72602462771641,45.70178985599272],[48.71720886231157,45.69609069827016]]]]}},{"type":"Feature","properties":{"fillColor":"#f28d44"},"geometry":{"type":"MultiPolygon","coordinates":[[[[18.377170655665907,66.38116385043088],[18.519606253779727,66.52406841350472],[18.83267845834905,66.65284532694278],[19.18117491073241,66.72445491614445],[19.566511808501104,66.72445491614445],[20.336731494649428,66.63852914603711],[20.399799385971036,66.6260761535158],[20.399799385971036,64.81172159248541],[20.14066835343482,64.87843510432049],[19.604409791141904,65.054084054655],[19.11354319992148,65.32244487699211],[18.46174088015772,65.86116627107162],[18.37735559425181,66.13153683931586],[18.377170655665907,66.38116385043088]]],[[[20.399799385971036,64.81172159248541],[20.399799385971036,65.6936826816824],[21.4111137511236,65.6936826816824],[21.4111137511236,64.98203194169821],[21.205970776444303,64.88902281958394],[21.07555387958695,64.85339353579985],[21.042221081252308,64.84484863392419],[21.042221081252293,64.84484863392409],[21.042221081252226,64.84484863392407],[21.03937341296898,64.8238144098699],[21.078682458080213,64.80653354055188],[21.11608124573371,64.79009245020575],[21.12368288669013,64.78848456081158],[21.137506489428407,64.78556061000145],[21.155206670967228,64.78559111727638],[21.19287301221927,64.78968048584986],[21.25833128735496,64.7774963525651],[21.303400056265605,64.76165769551902],[21.297357563944995,64.66291044722036],[21.273601879910593,64.66829742776157],[21.273469941814827,64.66832734683078],[21.271565951071246,64.6692602799994],[21.238887777656373,64.68527220231147],[21.163309101212008,64.7080840945672],[21.1529523544678,64.70869682285907],[21.14899445289372,64.70893098116485],[21.134443295765077,64.70583344745981],[21.119165422827308,64.68436430116395],[20.987620548353277,64.68225469845208],[20.783818317619023,64.71726631513559],[20.467378161556383,64.79432337737899],[20.39979938597108,64.8117215924854],[20.399799385971036,64.81172159248541]]],[[[21.4111137511236,64.98203194169821],[21.4111137511236,65.6936826816824],[22.259104015150946,65.6936826816824],[22.25777435270326,65.69110108296775],[22.25902277255442,65.65524558858954],[22.259181984694408,65.65067290417932],[22.259181984694425,65.65067290417932],[22.259181984694425,65.6506729041793],[22.281305295234564,65.64762117010147],[22.298913954948606,65.64890290151135],[22.30266272598629,65.65495390328313],[22.304311768154946,65.65761567082876],[22.30866339278027,65.65797523895536],[22.323055275267333,65.65916441832388],[22.38555527389077,65.62887572724827],[22.422428116276166,65.54679869152626],[22.399997719816383,65.5367965639802],[22.219741808007768,65.5760650791733],[22.079719533037576,65.60720824495058],[22.076536777692347,65.60458988714578],[22.05777740783576,65.58915711360558],[22.053848279885276,65.51744078205436],[22.036989073037912,65.47490060343743],[22.030971540312976,65.45971679797918],[22.01402664611743,65.42623901265904],[21.929443368073635,65.39804076678246],[21.675830855393713,65.39109803884782],[21.675830855393723,65.39109803884776],[21.676789566892303,65.38669227878535],[21.699199660276008,65.28370666260014],[21.577705367038163,65.05992128296083],[21.533702842872287,65.05874632701318],[21.533702842872255,65.05874632701315],[21.533702842872156,65.05874632701315],[21.50513778054748,65.03679020457291],[21.466663377225586,65.00721741034806],[21.4111137511236,64.98203194169821]]],[[[20.399799385971036,65.6936826816824],[20.399799385971036,66.6260761535158],[20.39979938597108,66.62607615351578],[20.843988548016284,66.53836933159602],[21.30669614453859,66.39544575847555],[21.656297336466196,66.23844897156584],[22.36819268554649,65.85915373637272],[22.347371870937074,65.84344631034168],[22.329166408956535,65.82971193189478],[22.259104015150946,65.6936826816824],[20.399799385971036,65.6936826816824]]]]}},{"type":"Feature","properties":{"fillColor":"#fadfa4"},"geometry":{"type":"MultiPolygon","coordinates":[[[[17.886121605674248,65.33098073078554],[18.417394576462073,65.00472130072575],[18.71820321321286,64.79432337737899],[18.99810207684095,64.58426971513967],[19.269840892247885,64.30469752732796],[19.352998309979057,64.08144855274753],[19.19340547218968,63.96299465967172],[18.87660657902211,63.900324983041],[18.602363965610152,63.914249115405084],[17.930173703246112,64.032661081296],[17.593013441383277,64.17209975713251],[17.00052304554987,64.52131631395451],[16.749923012931276,64.77330351588353],[16.61820148597593,65.00472130072575],[16.54511820772774,65.2729601733468],[16.681472670057474,65.47103449052463],[16.907213284804584,65.52769364685895],[17.336626682132817,65.5914706267398],[17.58860729371486,65.48666337622649],[17.886121605674248,65.33098073078554]]]]}},{"type":"Feature","properties":{"fillColor":"#f7ba6b"},"geometry":{"type":"MultiPolygon","coordinates":[[[[8.235276222282438,56.746246338298114],[8.236109733330437,56.77221679670318],[8.245832443057338,56.80666351296171],[8.260137557962295,56.82777404775001],[8.290554046953499,56.860275268917526],[8.336666106712139,56.905548096168104],[8.37888717628874,56.94554901118167],[8.450553893484757,57.0049972535861],[8.577220916913127,57.09610748347441],[8.618471145117939,57.121524810588],[8.646944045779625,57.123191833859565],[8.713888168507106,57.10610961957709],[8.737220764619947,57.10221862821949],[8.766109466249318,57.10110473623941],[8.804998398395426,57.103881835616924],[8.809026241329207,57.104311796739516],[8.809026241329207,56.979372278998795],[8.676595688296944,56.94812011683684],[8.4863176341279,56.78575897189575],[8.463054657145488,56.69777679482821],[8.41579723326196,56.67812728841356],[8.465049743317811,56.67766570988757],[8.49199962587254,56.675365447830295],[8.509138107252692,56.67407226619336],[8.524971008343918,56.67998886131178],[8.579061508381473,56.687671661864364],[8.607221603761081,56.63055419910571],[8.598194122553199,56.60721969623137],[8.545901298919059,56.585170745596834],[8.475667953826013,56.63027572611069],[8.461307525204127,56.639541625390905],[8.398278236581927,56.67204284655842],[8.36833190889459,56.677215576632825],[8.244165420961341,56.70430374171653],[8.235276222282438,56.746246338298114]]],[[[8.809026241329207,56.979372278998795],[8.809026241329207,57.104311796739516],[8.846666335504988,57.10832977296457],[8.894165038778667,57.11999511764024],[9.017221450605959,57.15361022961227],[9.079721450684364,57.14527130090703],[9.161388397221552,57.13749694876452],[9.196109771776541,57.13610839848798],[9.24388885480674,57.13694000277448],[9.265275954653,57.138885497865495],[9.382776260375977,57.15125030114285],[9.382776260375977,57.02318662950725],[9.289443969750899,57.00471496589251],[9.269721985239137,56.99832916285098],[9.249583244027814,56.99583053646848],[9.227638244810763,56.99930191098427],[9.115549087822309,57.05277252191773],[9.115554809282372,57.03867340073512],[9.030328750162472,57.01565551784142],[8.885831832709053,56.99749755856448],[8.809026241329207,56.979372278998795]]],[[[9.382776260375977,57.02318662950725],[9.382776260375977,57.15125030114285],[9.391318320897962,57.15214920006305],[9.466248512125922,57.178886414054624],[9.495832443449876,57.190277099258275],[9.543748855628303,57.21569061284886],[9.580554962359603,57.241104126439446],[9.64944267224104,57.30332946822139],[9.70777702384095,57.3649978640133],[9.725971222166443,57.38735580405579],[9.768194198504546,57.440135955725104],[9.793333053798674,57.462219238646696],[9.957706451643393,57.58624649067021],[10.295276641579871,57.62318801861268],[10.458193779130248,57.62541198787428],[10.528055190525725,57.413887024325014],[10.530276298469513,57.22256469730632],[10.448055267260097,57.18069076529885],[10.41902542060837,57.150272369546144],[10.33661556240792,56.991664886814426],[10.244998932167176,56.98971557584929],[10.223332404769584,56.99193954511089],[10.193054199482921,57.00277709902306],[10.151943207187838,57.02471923809786],[10.119720459015346,57.0416641232321],[10.026388167802487,57.0849876406931],[10.004720688199708,57.08961868239615],[9.499999999865432,57.0463867188762],[9.382776260375977,57.02318662950725]]]]}},{"type":"Feature","properties":{"fillColor":"#f7ba6b"},"geometry":{"type":"MultiPolygon","coordinates":[[[[-22.740001679231398,63.98277282905508],[-22.725559232982334,64.06388855244694],[-22.715557096665975,64.0727691666579],[-22.70041847358368,64.08193969622437],[-22.688335417667588,64.08415222332741],[-22.673889160313934,64.08166503659567],[-22.6611137386692,64.07832336517822],[-22.643611908494904,64.07221984740028],[-22.633613588937465,64.06748962211202],[-22.589725491964828,64.04443359341741],[-22.565834045415784,64.02583313038235],[-22.555278778737375,64.01081848128536],[-22.390834810504884,63.99270629763697],[-22.18638992487024,64.01805114903237],[-22.045558926798947,64.04666137624707],[-21.969448088323986,64.0683288567252],[-21.70208549761378,64.18276977689356],[-21.80778122217896,64.23249817098343],[-21.823333740256714,64.23443603280288],[-21.841392517552038,64.2347106924318],[-21.875974655041603,64.23290252690873],[-21.835834502272746,64.28387451153702],[-21.759166716676873,64.34027099838926],[-21.748611449998236,64.34498596229622],[-21.65333557350391,64.36694335813007],[-21.62416839351357,64.37359618951115],[-21.584932089553085,64.38047590221757],[-21.584932089553085,63.83778354395191],[-21.654724121720392,63.82471466043825],[-21.947223660724944,63.83972168167173],[-22.04667091548879,63.83472061351358],[-22.142223357164198,63.834716796754776],[-22.249446870967006,63.84999847196269],[-22.326114656562936,63.86054992753668],[-22.420001984840837,63.84722137552967],[-22.67305755356415,63.80471801566887],[-22.686250686963433,63.80457687475001],[-22.719169616607758,63.8255538950516],[-22.740001679231398,63.98277282905508]]],[[[-22.09923744022808,64.31234741459207],[-22.03029251297238,64.42863464525522],[-21.978889466414955,64.50082397594667],[-21.79273153060068,64.57360839873095],[-21.584932089553085,64.57360839873095],[-21.584932089553085,64.40058285168327],[-21.62805557308417,64.40249633773624],[-21.646114350379378,64.402770997365],[-21.677780150415003,64.40110778951976],[-21.73611259353453,64.38596343847172],[-21.749999998214832,64.38026428227352],[-21.789308549888233,64.35860442965895],[-21.793752670925414,64.34777069224702],[-21.809722900757436,64.33888244451828],[-21.93861388938393,64.30444335915433],[-21.981668474054516,64.2962417604976],[-22.022502898104392,64.295822143191],[-22.09923744022808,64.31234741459207]]],[[[-21.584932089553085,63.83778354395191],[-21.584932089553085,64.38047590221757],[-21.582571030448264,64.38088989147457],[-21.569168088395713,64.36651611295997],[-21.54944610325515,64.36444091567148],[-21.488891599617034,64.36193847886739],[-21.435001371982366,64.36833191200105],[-21.36277961863027,64.38498687969849],[-21.370140077121505,64.38860321074463],[-21.477779385817485,64.3958282449737],[-21.584932089553085,64.40058285168327],[-21.584932089553085,64.57360839873095],[-21.411692610812207,64.57360839873095],[-20.96309493157861,64.37037236991995],[-20.429862499874773,64.21039689749927],[-20.429862499874773,63.637496061033325],[-20.5011138903256,63.667495726434765],[-20.53050231793725,63.69627380622683],[-20.54116821408087,63.70710754363853],[-20.541252137542244,63.72352600233336],[-20.540834425787864,63.74680328430378],[-20.75386238241407,63.80585479915578],[-20.803112030533043,63.794357301916875],[-20.846389768377207,63.79055023470306],[-21.06166839707805,63.83860778742968],[-21.07500076018954,63.841941830983785],[-21.11722564931688,63.854995729016366],[-21.163333895601625,63.87110901097395],[-21.180904387855776,63.879718782315024],[-21.193752288339454,63.924720762220886],[-21.319446563226336,63.88749694690614],[-21.584932089553085,63.83778354395191]]],[[[-21.79273153060068,64.57360839873095],[-21.782779692492454,64.57749938940606],[-21.705696106348846,64.60707855318516],[-21.605140685308527,64.64402008100768],[-21.559448239571793,64.64054870763954],[-21.411692610812207,64.57360839873095],[-21.79273153060068,64.57360839873095]]],[[[-20.429862499874773,63.637496061033325],[-20.429862499874773,64.21039689749927],[-19.809647448457156,64.02432570236226],[-19.288442887055908,64.00202996298981],[-18.382454340331265,64.03547492566366],[-18.119723320518148,64.06076719429596],[-18.119723320518148,63.47957490424994],[-18.14805602977583,63.47305297711654],[-18.710002901503685,63.39110565262911],[-18.729446410256514,63.38999939190484],[-18.775001526178983,63.391387940121376],[-19.08611297849535,63.41277313310724],[-19.27583694714764,63.433326719343256],[-19.394168852336463,63.461387632954995],[-19.599166868333327,63.50444030641876],[-19.62722397084042,63.50971985096487],[-19.726947785131017,63.52749633511337],[-19.78083419600671,63.53638458284212],[-19.8416671760325,63.544441223821025],[-19.868057248281104,63.54555511240858],[-20.04944610522125,63.53749847142973],[-20.071392062087106,63.53638458284209],[-20.088336945140156,63.534439087504666],[-20.110000608859423,63.533332826780395],[-20.136947633883437,63.53416442787574],[-20.1705589292564,63.53638458284212],[-20.196945190400527,63.54249572848357],[-20.221389772966006,63.54972076271258],[-20.429862499874773,63.637496061033325]]],[[[-18.119723320518148,63.47957490424994],[-18.119723320518148,64.06076719429596],[-17.455589388249507,64.12470122779803],[-16.906116485775726,64.34802047875212],[-16.477369743826614,64.75091247766369],[-15.981449730026327,65.09926210179191],[-15.809584141161523,65.18954008352962],[-15.809584141161523,64.18760571776782],[-16.015556336818406,64.13333129815948],[-16.02750205726562,64.12721252465468],[-16.041114807971496,64.1011047342439],[-16.45305633530262,63.90805053879666],[-16.488613126013206,63.895828247513975],[-16.614170076740038,63.862220763245375],[-16.805278776849832,63.82638549614694],[-16.88500213526646,63.864997865332725],[-16.947502134242086,63.90721893204682],[-16.96833419686584,63.916107179775565],[-17.009723662484475,63.85999298041554],[-17.01055908033885,63.815826418364],[-17.023334501983584,63.79388427825717],[-17.118057253770417,63.791107176169646],[-17.13666916142779,63.791664123290786],[-17.200557708619897,63.79416656574938],[-17.243791579181106,63.79899215912138],[-17.25111389270063,63.79666137468996],[-17.30639266855178,63.783607482311936],[-17.32055663841311,63.7805480983867],[-17.7225036629456,63.71333312984956],[-17.836669923485147,63.73305511499018],[-17.856945038987817,63.73305511499018],[-17.872085573276763,63.730690002345966],[-17.973335265598166,63.668609620677046],[-17.965278624619202,63.62221527014111],[-17.944446561995562,63.608055117038816],[-17.924167635388358,63.60360717924277],[-17.86458587376444,63.599369050099824],[-17.874168398428765,63.583610534473394],[-17.913890839443184,63.542770388112274],[-17.93083572249634,63.52957916026537],[-17.950836184024638,63.52221679622181],[-18.113056180531885,63.481109618095445],[-18.119723320518148,63.47957490424994]]],[[[-15.809584141161523,64.18760571776782],[-15.809584141161523,64.57360839873095],[-14.45194301969728,64.57360839873095],[-14.462486267622808,64.54235839924331],[-14.472778319294946,64.50582885520936],[-14.54125118414862,64.40470886483911],[-14.567501065427223,64.39999389527748],[-14.595834733115453,64.39833068743224],[-14.710000993654887,64.40777587662762],[-14.871667859800084,64.33999633876056],[-14.891389844940534,64.30166625706704],[-14.974723817746622,64.26026916358501],[-15.291389462928976,64.33193969778165],[-15.366390229575131,64.33193969778165],[-15.368890760826957,64.3088836690871],[-15.386112214715695,64.27638244554277],[-15.436668398796371,64.25582885930675],[-15.446945189087046,64.25193786863167],[-15.502639771140423,64.24124908324336],[-15.636112210618364,64.22610473784977],[-15.67861175372019,64.22027587970058],[-15.70777892805603,64.21443176017021],[-15.809584141161523,64.18760571776782]]],[[[-15.809584141161523,64.57360839873095],[-15.809584141161523,65.18954008352962],[-15.141500071214637,65.54047293672204],[-14.637222287527095,65.75721740555707],[-14.317832702773558,65.73718149749732],[-14.288056374404107,65.65624237286448],[-13.867084502822138,65.6117935176664],[-13.680557253563848,65.54804992815207],[-13.609583857458176,65.5061035154124],[-13.594722749505934,65.27861022894655],[-13.51750183354784,65.1122131375131],[-13.499444961804898,65.06915283053132],[-13.585000989475077,65.00694274691136],[-13.593612672022743,65.00138854839105],[-13.604167938701323,64.99665832310279],[-13.616111753596215,64.99249267845329],[-13.636667251038887,64.9874877935361],[-13.659168243819067,64.98332214323233],[-13.678611752571896,64.98220825464472],[-13.771555900340388,64.9923248315306],[-13.783555982744133,64.99690246562318],[-13.820417403864269,65.01624297842886],[-13.853055951568592,65.03443908553845],[-13.872501371528074,65.03999328405877],[-13.886667252596055,65.04304504577499],[-13.98805618028399,65.06388854736673],[-14.006944658777002,65.01777648997756],[-13.870555876190451,64.97332763477925],[-13.762500761292301,64.94521332046907],[-13.761112213075876,64.91165160903563],[-13.769445419235865,64.85401916516275],[-13.820278168497623,64.82527160813345],[-14.018056866922052,64.72360229285107],[-14.06472396587992,64.71165466119709],[-14.079723359250124,64.70860290513536],[-14.238472937992299,64.6893005373015],[-14.250278473123956,64.68916320748696],[-14.36594486129394,64.67410278555485],[-14.441144941919902,64.60561370937091],[-14.45194301969728,64.57360839873095],[-15.809584141161523,64.57360839873095]]]]}},{"type":"Feature","properties":{"fillColor":"#fadfa4"},"geometry":{"type":"MultiPolygon","coordinates":[[[[62.5063858032916,80.82124328672225],[62.51971435603486,80.83055114672374],[62.55746459940971,80.84411621134005],[62.575828552721006,80.84609985343654],[62.91332244904519,80.90277099660491],[62.96665954527957,80.9141540533984],[62.98499298137015,80.92053222684457],[63.007774352809136,80.93304443293785],[63.03721618615675,80.94581604071556],[63.08749389651027,80.95915222238483],[63.11610412535588,80.9638824461957],[63.30609893755353,80.98081970237604],[63.34027099622869,80.98220825184359],[63.37609863346516,80.98248290986335],[63.66666412422185,80.98275756788313],[63.823051453152566,80.97804260192427],[63.901382445869466,80.97415161154142],[63.93915557905571,80.97360229550188],[63.97332000728819,80.97470092758094],[63.98686599731445,80.97625198668536],[63.98686599731445,80.72283929527232],[63.922767638914905,80.72137451182299],[63.757774353642475,80.7133178715208],[63.58749389656026,80.7133178715208],[63.46638488730979,80.70027160572332],[63.373603821475854,80.69192504954935],[63.21249389614359,80.68165588420365],[63.1411056522811,80.68193054222341],[63.1027755741293,80.6838684077305],[63.08772277794063,80.69090270976372],[63.07833099368632,80.69886779840377],[63.00999450677868,80.71887207090766],[62.93276977506686,80.73332214402471],[62.72832488975217,80.77053833072873],[62.538330077554534,80.80247497606565],[62.509162902226684,80.80693054185674],[62.5063858032916,80.82124328672225]]],[[[63.98686599731445,80.72283929527232],[63.98686599731445,80.97625198668536],[64.06553649923057,80.98526001031513],[64.09471130348443,80.98970031673753],[64.12220764088227,80.99552917414415],[64.14804077079279,81.00221252434748],[64.16693115184893,81.00860595716235],[64.19386291535521,81.02374267608715],[64.21609497075467,81.05581664967562],[64.1991424567223,81.06666564979827],[64.12803649828889,81.08137512156638],[64.11873626721341,81.08970642140501],[64.23359680234324,81.15359497144756],[64.24581909104805,81.15971374472598],[64.26527404751242,81.16609191968882],[64.29331970246648,81.171646117559],[64.41886901813935,81.18525695876473],[64.4835968016099,81.19108581617135],[64.55026245058754,81.19581603998222],[64.66276550349629,81.19720458944975],[64.70109558164808,81.19636535602176],[64.72710609432588,81.1950991376162],[64.72710609432588,80.77967683945455],[64.69525146487275,80.7760925285989],[64.66638183585938,80.7716522221765],[64.61526489207786,80.75833129835924],[64.58665466323224,80.75360107454837],[64.30303955025597,80.7299804681647],[64.23776245074588,80.7263793951703],[64.20248413106563,80.72608947778184],[64.16581726040114,80.72692871120984],[63.98686599731445,80.72283929527232]]],[[[64.72710609432588,80.77967683945455],[64.72710609432588,81.1950991376162],[64.82083129928301,81.19053649861513],[64.86387634339366,81.1863708502125],[65.03581237752049,81.1655426021326],[65.07192993214542,81.16110229419353],[65.18775940002881,81.14276123069362],[65.21693420428265,81.13804626473477],[65.23858642642186,81.13304138138744],[65.26915740906927,81.12011718750617],[65.27859497142965,81.10636901804891],[65.29470825203401,81.09553527881164],[65.34915161079016,81.06359863347471],[65.45248413043227,81.02777099623825],[65.46734619133731,80.9251251224039],[65.44470214814986,80.91581726088572],[65.39193725624973,80.90248107921646],[65.23526000993054,80.86747741755597],[65.0460968022349,80.82054138154578],[65.03387451201341,80.81442260675068],[65.00776672408311,80.80775451591605],[64.97886657784903,80.80331420949365],[64.91775512674157,80.79637146063925],[64.78665161168183,80.78637695331331],[64.72710609432588,80.77967683945455]]]]}},{"type":"Feature","properties":{"fillColor":"#f7ba6b"},"geometry":{"type":"MultiPolygon","coordinates":[[[[10.989891052266398,54.7908477781452],[11.025276184036327,54.81443786599182],[11.014027595365713,54.89305114754591],[11.029721259949628,54.9124946594315],[11.042221069295609,54.9230499268527],[11.05777740469385,54.93499755841267],[11.071388244486208,54.94082641622818],[11.118888854797126,54.95082855218226],[11.136388778885733,54.953887939277834],[11.16444396994885,54.956665038999915],[11.19314384452505,54.957397460727925],[11.239721298227119,54.95722198474476],[11.275554656989357,54.94971466069257],[11.28833198530331,54.94305419920756],[11.336804389959411,54.91444015503739],[11.349165916438611,54.89402389512551],[11.361110687401956,54.883888244710164],[11.393331527601502,54.86804962149174],[11.408887862999745,54.86249542249427],[11.425917148590088,54.85717968689923],[11.425917148590088,54.62986440255815],[11.377222061182835,54.64665985108023],[11.35027694688499,54.658882141011546],[11.315277099601154,54.67555236834617],[11.278055190977877,54.69971466083531],[11.262220382483868,54.7072219848875],[11.245832443416122,54.711662292395275],[11.190553664959394,54.72555542000782],[11.144444465552827,54.73693847637411],[11.125555038368766,54.74027252184103],[11.099164962900247,54.74249267581826],[11.028887748917915,54.75735473628598],[11.019721985038858,54.76277160654447],[10.993054390155677,54.784996032876556],[10.989891052266398,54.7908477781452]]],[[[11.425917148590088,54.62986440255815],[11.425917148590088,54.85717968689923],[11.513887405297936,54.8297195434654],[11.564443588426702,54.821937561041864],[11.64249992378926,54.87777709952116],[11.644026756070389,54.90436935404378],[11.656944275060019,54.90388488761619],[11.708610534507367,54.87527465817043],[11.735277175709445,54.854995727444226],[11.847221374675044,54.7679138184316],[11.861943244913778,54.74457931533424],[11.857220649585814,54.68638229369203],[11.844165801857198,54.669441223157165],[11.833887100169555,54.66110992443762],[11.780277252031842,54.64041519142997],[11.736387252921407,54.64527130121919],[11.722499847395492,54.651107788036846],[11.693887710587529,54.655548095544624],[11.640554428183375,54.66249847429866],[11.583610534578737,54.66346740715384],[11.522499084475461,54.64193725575227],[11.469444274720384,54.621383667101405],[11.454929351941267,54.61985778805469],[11.425917148590088,54.62986440255815]]]]}},{"type":"Feature","properties":{"fillColor":"#f28d44"},"geometry":{"type":"MultiPolygon","coordinates":[[[[22.83284378055851,38.82912445064685],[22.846942901568852,38.862079620654875],[23.12971878030294,39.00332641629896],[23.279441833071033,39.03665924065873],[23.304443359552383,39.03728485130673],[23.37350463874084,38.99913024903146],[23.446388245017054,38.87249755875063],[23.46666336048873,38.84791564971636],[23.516109466903597,38.81138610801643],[23.591941833323308,38.76471710239507],[23.71176815032959,38.72458512252002],[23.71176815032959,38.40316336835846],[23.673332214601608,38.40999603245635],[23.64221954358709,38.41888427778302],[23.62069320681941,38.468399048298046],[23.635831832866003,38.50964736906199],[23.62471962002208,38.54305267349476],[23.597082137820813,38.57124710044303],[23.19805335977915,38.83179855348927],[23.15006637584762,38.84936904914087],[23.126386642748855,38.84881591766545],[23.098052978713422,38.83943939169194],[22.83284378055851,38.82912445064685]]],[[[23.71176815032959,38.40316336835846],[23.71176815032959,38.72458512252002],[23.765274048004,38.70666503899986],[23.84666442838188,38.68222045906635],[23.948886871679697,38.66305160564509],[24.007499694894314,38.67304992719418],[24.153888702121904,38.64665985121649],[24.153610229748406,38.57332611051553],[24.187221527382093,38.392494201805334],[24.258260726678383,38.21728515608106],[24.29916381805466,38.189994812154296],[24.336803435977018,38.159439086787195],[24.427776336429737,38.14416503872585],[24.465690612553594,38.13853836066751],[24.561246871856405,38.1443023678266],[24.590692520100674,38.06221771270055],[24.58777618402084,38.0366630556442],[24.575832367327997,38.00416564930535],[24.56416320793624,37.98722076430175],[24.51291465763679,37.954925536991816],[24.48055458039869,37.95624542238799],[24.387218475341548,37.99360656703642],[24.32611083967976,38.04471588114912],[24.208610535049022,38.15666198689411],[24.14860916143765,38.21527099593673],[24.110832214414543,38.28833007843619],[24.049999236954257,38.36582946762615],[23.974304199635295,38.390968322307835],[23.93833160358277,38.38666534381766],[23.90527725249692,38.384994506875415],[23.80583190909219,38.389160156264836],[23.773330688581336,38.39221954360384],[23.71176815032959,38.40316336835846]]]]}},{"type":"Feature","properties":{"fillColor":"#fadfa4"},"geometry":{"type":"MultiPolygon","coordinates":[[[[65.74331665239521,75.92359924269346],[66.06644254307196,76.25795819720258],[66.474219002126,76.57008649472317],[66.38526153664719,76.83484650045705],[66.6602630634485,76.89721679645157],[66.68247986169496,76.90193176612229],[66.7366410063691,76.91034205513127],[66.94720458786475,76.94303893747734],[66.99386596852281,76.94999695021542],[67.33734130941892,76.98784542012481],[67.33734130941892,76.14734128281674],[67.2505493154701,76.12719726562182],[67.10909461838077,76.09639151228203],[67.10137939217914,76.09471130398765],[67.09104089997118,76.0930738040264],[67.03471374633006,76.08415222145437],[66.95593458621101,76.0773458682665],[66.87081909132172,76.06999206912599],[66.57554626853704,76.03027343451055],[66.4918203919151,76.00923010277177],[66.47276305786771,76.00444030756633],[66.47046149200145,76.003924410911],[66.45166015949673,75.99971008678642],[66.41098415809456,75.99326300058743],[66.40776061679468,75.99275207404821],[66.20637511912886,75.96527099343743],[66.12539327605607,75.95719364243277],[66.02249145783207,75.94692993302249],[65.98252412811178,75.94669820130831],[65.97248840092654,75.94664001387675],[65.87384846456045,75.93672282199812],[65.74331665239521,75.92359924269346]]],[[[67.33734130941892,76.14734128281674],[67.33734130941892,76.98784542012481],[67.54582214604777,77.0108184832019],[67.57026672066615,77.01304626736683],[67.67665100113062,77.01304626736683],[67.70332336770704,77.01277160712354],[67.91609192084287,77.00665283401773],[67.94358826035605,77.00526428169198],[68.00082397465665,77.00054931981434],[68.03027343809148,76.99720764356695],[68.06080627580396,76.9924774149938],[68.07965281703895,76.98641364687896],[68.08582305926257,76.98442840631992],[68.08840765831772,76.98194027687157],[68.10054016152874,76.97026061674724],[68.125808716877,76.96527099462631],[68.26609802131304,76.95860290882703],[68.36804199235006,76.95693969625799],[68.41748046986652,76.96138000568544],[68.50818633721325,76.95373535013223],[68.93136596644264,76.78276061895967],[68.87108338229147,76.5761504095426],[68.86109924300541,76.54193115471492],[68.39833068762402,76.36415099982821],[67.92942810023465,76.25555420189431],[67.52581787306377,76.19108581461239],[67.33734130941892,76.14734128281674]]]]}},{"type":"Feature","properties":{"fillColor":"#f7ba6b"},"geometry":{"type":"MultiPolygon","coordinates":[[[[10.603887557749664,55.48610305776373],[10.614166259543262,55.51943969717173],[10.61749839776883,55.563888549715735],[10.616040229836337,55.61051559444011],[10.660276412817161,55.587635040041825],[10.74534606942751,55.49166107199856],[10.83145713803776,55.299369811821215],[10.813748359905878,55.19583129862396],[10.783331871173736,55.12409210205992],[10.734860420025642,55.06526947032567],[10.665554046556348,55.06055450419901],[10.529443740789004,55.029441833656236],[10.519444465396239,55.02861022945787],[10.497776031732636,55.02888488747581],[10.152776718255263,55.08444213886774],[9.896804809775922,55.28277206428853],[9.810832977318684,55.43666076678705],[9.87402725213437,55.50791168219794],[10.21249961869237,55.598884582709594],[10.294303893914805,55.61582946757557],[10.318470954984367,55.614440917719584],[10.402359962396222,55.58721542339317],[10.484722137371095,55.53249359153327],[10.473609924235095,55.51499938958581],[10.448748588498935,55.48013687131285],[10.423471450924989,55.46332550064496],[10.425207138114278,55.44152450583249],[10.473749160910899,55.43763351428246],[10.603887557749664,55.48610305776373]]]]}},{"type":"Feature","properties":{"fillColor":"#f7ba6b"},"geometry":{"type":"MultiPolygon","coordinates":[[[[-5.716805934607697,50.06082534699754],[-5.710000038837483,50.12916565043356],[-5.691945076010867,50.15513610681815],[-5.54638958194628,50.20527648715396],[-5.511667251044646,50.21416473375404],[-5.495833396739426,50.21694183174402],[-5.481250765102764,50.21416473375404],[-5.469236372547622,50.20055389199793],[-5.43194484832107,50.19326019503019],[-5.268055917344338,50.27388763518743],[-5.152083872573529,50.34374618445679],[-5.089519230963498,50.39374915952693],[-5.089519230963498,50.020623298292904],[-5.193056105317712,49.955276489460495],[-5.200833795427556,49.956661225940984],[-5.228611945530067,49.973327635313524],[-5.237500192130149,49.98110961951865],[-5.256736276408388,50.00513458319627],[-5.25215339764636,50.02534103490813],[-5.276667593886599,50.05971527208808],[-5.289722441715047,50.069442749000174],[-5.333611488843214,50.091384889185306],[-5.470556260608936,50.12499236950143],[-5.485972406015399,50.127079009967495],[-5.501111985823123,50.126106261384464],[-5.51138973120251,50.123886107106465],[-5.534167289185157,50.115688322489376],[-5.541666982331168,50.10388565157288],[-5.537917135758162,50.08457946607771],[-5.541666982331168,50.07054901139513],[-5.555555821051114,50.05707931739811],[-5.56722259700627,50.05110931208803],[-5.582777977225959,50.04777527038607],[-5.661736490274968,50.0363121050007],[-5.677778244786169,50.038604737185956],[-5.687500000696971,50.04193878334699],[-5.716805934607697,50.06082534699754]]],[[[-5.089519230963498,50.020623298292904],[-5.089519230963498,50.39374915952693],[-5.047292233925445,50.4274978620823],[-5.025694847610108,50.47270584302838],[-5.039166927215614,50.49805069030823],[-5.017500398385823,50.542636870205],[-4.915833474327705,50.57721710356323],[-4.89750003741556,50.57888793915825],[-4.873888970122193,50.57888793915825],[-4.80138969494589,50.58943939186527],[-4.783611297718015,50.593608855823824],[-4.771667479042422,50.601943971226426],[-4.76166725350517,50.614715578211445],[-4.751667023508837,50.641387938581616],[-4.74361133643516,50.66749572575172],[-4.700834272703243,50.6883316035419],[-4.651389121108325,50.71527099599501],[-4.561389445667979,50.77624511563787],[-4.553611755558135,50.78527069302347],[-4.54944515432977,50.80249786308158],[-4.547361849256506,50.82069015669371],[-4.547430991770961,50.85951232745866],[-4.543334005719667,50.926940918216324],[-4.521319864748971,51.01423263372207],[-4.474445342303144,51.01416015581481],[-4.427361488286242,51.009578703958795],[-4.411945342879778,51.002777097824776],[-4.376389502667424,50.99110412820571],[-4.357778550372224,50.98944091763969],[-4.339445113460078,50.990554809522735],[-4.324722288307714,50.99527740467877],[-4.303611753405589,51.004165651278846],[-4.241969285633338,51.04343605056705],[-4.112524448764063,51.04343605056705],[-4.112524448764063,50.36039178272805],[-4.17500018855568,50.37777709913203],[-4.380000114427204,50.36388397077589],[-4.76250076281589,50.311386109835645],[-5.048055650937394,50.1711044291787],[-5.059445379713032,50.13916015496952],[-5.070902824097113,50.081661224787716],[-5.054167272210114,50.06013488947362],[-5.057500841249458,50.04610824730555],[-5.065555574079739,50.03749847479099],[-5.08611202354099,50.02277374115184],[-5.089519230963498,50.020623298292904]]],[[[-4.241969285633338,51.04343605056705],[-4.237014295268312,51.046592712802294],[-4.210278036263283,51.072357177467694],[-4.220277784678837,51.1105499266134],[-4.228055951910379,51.187774659675924],[-4.20861149030446,51.195831300993],[-4.198611260308127,51.198326112382944],[-4.116666794819761,51.21221923628001],[-4.112524448764063,51.21256357721125],[-4.112524448764063,51.04343605056705],[-4.241969285633338,51.04343605056705]]],[[[-5.258889196658724,51.870552062636],[-5.23916721521067,51.916381835713246],[-5.076666833228927,51.9961090096538],[-4.844445228304256,52.013885498394885],[-4.830278397079558,52.0162467959729],[-4.767778397656191,52.064437866628154],[-4.759166716654848,52.07305145165721],[-4.527222631572313,52.13082885592454],[-4.523592420445196,52.1315956116736],[-4.112524448764063,52.1315956116736],[-4.112524448764063,51.56399895846853],[-4.204861639272373,51.53527450753653],[-4.217223166846722,51.532775879172995],[-4.242777822819348,51.54083252049007],[-4.277778623347432,51.5566635120651],[-4.292084216722738,51.60742568899115],[-4.25055599005089,51.62860870180053],[-4.231945037755691,51.63304901035653],[-4.19750022669619,51.6791610700338],[-4.436111449857414,51.73722076536025],[-4.574444770618125,51.73416137631116],[-4.628334043283544,51.72888183744315],[-4.645833970884969,51.72666168316515],[-4.671528338792518,51.72069168231414],[-4.684306143900529,51.709857938548005],[-4.686667441478544,51.689437865628875],[-4.690278053238325,51.666664124619814],[-4.710972787728487,51.64958191037622],[-4.941389084543727,51.594161986713324],[-5.005278587205478,51.60638427947445],[-5.042500496254958,51.616661070610434],[-5.051389692639355,51.62027740337151],[-5.246945382442211,51.730270386438136],[-5.258889196658724,51.870552062636]]],[[[-4.112524448764063,50.36039178272805],[-4.112524448764063,51.04343605056705],[-2.158534884365192,51.04343605056705],[-2.158534884365192,50.619354070873534],[-2.197222234807396,50.626106261230476],[-2.390972375710432,50.64166259569356],[-2.431111335475205,50.63499450783056],[-2.771389005572848,50.708610533161014],[-2.823055742810859,50.72027587775107],[-2.863889217863515,50.72833251906815],[-2.882778167122547,50.731109617058124],[-2.906944751221881,50.73332977133612],[-2.927500246439736,50.731246947843644],[-3.244166849244014,50.67443847518575],[-3.254167079240347,50.6719436637958],[-3.41138934926009,50.616104127206434],[-3.437222479318247,50.604995726328355],[-3.461805822532022,50.58791351208476],[-3.49416685139656,50.54638671677801],[-3.500277995547581,50.5358276345829],[-3.551389215979625,50.43833160584843],[-3.55333375890228,50.425552369375325],[-3.651944638222272,50.23110961721212],[-3.675000188709669,50.22027587790507],[-3.706666947535794,50.20971679570996],[-3.716666700410429,50.20666504060803],[-3.728888988712471,50.206382749548915],[-3.789444445213182,50.21221923658799],[-3.803055764090994,50.21416473375404],[-3.813333509470381,50.21721649331505],[-3.836528062898776,50.229717255702624],[-3.845000268296505,50.238052366646144],[-3.851944444636548,50.25166320840226],[-3.877639053334486,50.28138732833344],[-3.943889140121247,50.31346511635455],[-4.112524448764063,50.36039178272805]]],[[[-4.112524448764063,51.04343605056705],[-4.112524448764063,51.21256357721125],[-3.792500017288693,51.23916625822121],[-3.570138930425432,51.230274199106624],[-3.507222412678014,51.22332763715809],[-3.437291862623092,51.20638274924094],[-3.420000316808427,51.19055175766591],[-3.408611297026715,51.18444061351489],[-3.393611429153913,51.18138504143938],[-3.370277881702683,51.181106567353844],[-3.30138921828616,51.181106567353844],[-3.135529666564628,51.196293007078175],[-3.135529666564628,51.196293007078175],[-3.135529666564628,51.04343605056705],[-4.112524448764063,51.04343605056705]]],[[[-4.112524448764063,51.56399895846853],[-4.112524448764063,52.1315956116736],[-3.135529666564628,52.1315956116736],[-3.135529666564628,51.47049940531207],[-3.135529666564628,51.47049940531207],[-3.151667118534126,51.45304870523244],[-3.158889055506694,51.43054962133533],[-3.164583445002355,51.409091951414],[-3.181111337473761,51.397357941431174],[-3.270972491553888,51.380134583887575],[-3.346111297603349,51.378608704107066],[-3.359444619517328,51.378608704107066],[-3.403333662186413,51.37971496650202],[-3.416388987136559,51.38055420127312],[-3.451111318038194,51.38471984825809],[-3.488611219592426,51.38999939158518],[-3.542500019595228,51.39777374184314],[-3.560277939701405,51.40554809656018],[-3.671944616634159,51.473884583022624],[-3.751600744032547,51.52930831920003],[-3.761111259885483,51.54444122376306],[-3.781666755103338,51.56749725137215],[-3.837917089015464,51.61999511677148],[-3.949722291767517,51.6127777102255],[-3.965555668951039,51.60971832117641],[-4.112524448764063,51.56399895846853]]],[[[-3.135529666564628,51.04343605056705],[-3.135529666564628,51.196293007078175],[-3.028333665646216,51.20610809212899],[-3.012778044636138,51.25631332534306],[-3.013333797773414,51.27277374299641],[-3.00694465665856,51.30722045808362],[-2.960000037454882,51.374992371345996],[-2.852777958714328,51.44471740680342],[-2.553055762246426,51.65721893430775],[-2.471666813564028,51.72444152888715],[-2.454861401250486,51.731662752406706],[-2.428889272710413,51.736938478760216],[-2.40388917930036,51.74040985124769],[-2.388333558290282,51.74666213869873],[-2.380000115043162,51.76173400735709],[-2.392777920151172,51.77513122344685],[-2.460556031536538,51.74666595567231],[-2.578888892304583,51.67777252103881],[-2.629167080547604,51.6441650407227],[-2.665000440602094,51.6149978645035],[-2.674722673634594,51.606941223186425],[-2.698889257733928,51.58943939155729],[-2.714722634917449,51.58082580652824],[-2.847777843716161,51.54499816747504],[-2.892777919997183,51.53860473672399],[-2.918889047019172,51.53777313144098],[-2.954722402614581,51.53971862860703],[-2.966389178569737,51.541664121314],[-3.021111487883259,51.525276186026986],[-3.11875033207323,51.487495420319654],[-3.127778054276927,51.4788818352906],[-3.135529666564628,51.47049940531207],[-3.135529666564628,52.1315956116736],[-2.158534884365192,52.1315956116736],[-2.158534884365192,51.04343605056705],[-3.135529666564628,51.04343605056705]]],[[[-4.758487224011824,52.78726196204299],[-4.752223012977422,52.80693817102162],[-4.741111753828234,52.81944275038278],[-4.721944807605368,52.83610534724082],[-4.65111160126619,52.88694000207412],[-4.618889807214877,52.909164428859285],[-4.586112023694979,52.92388152855128],[-4.552778246247415,52.928886414766424],[-4.540278433644156,52.93054962087336],[-4.526667596347123,52.935829164200456],[-4.505833627043738,52.94610595533644],[-4.462500573843236,52.97027587928766],[-4.360972403017565,53.02888488883801],[-4.352639673223449,53.03805160506454],[-4.344583513487155,53.065135957791256],[-4.330278397233547,53.11222076605155],[-4.196389197543336,53.20610809151303],[-4.15333366418497,53.22555542030822],[-4.134583472617464,53.22972106729319],[-4.112524448764063,53.234029736339856],[-4.112524448764063,52.68305943247455],[-4.130556106202324,52.77777099480242],[-4.118333817900282,52.89443969522013],[-4.133611678277835,52.9144439677273],[-4.23333358675068,52.91499328641028],[-4.312917231782729,52.90499496490074],[-4.414167405644569,52.88471984779612],[-4.440555570927915,52.87249755949408],[-4.477222444752205,52.85499572786494],[-4.500278472361301,52.82943725491873],[-4.539444924333436,52.79305267215356],[-4.727778436373336,52.78138732756349],[-4.744167325903744,52.78124618426348],[-4.758487224011824,52.78726196204299]]],[[[-4.523592420445196,52.1315956116736],[-4.497639177819452,52.137077330861075],[-4.291944504787816,52.222496031567104],[-4.231667517913555,52.248886109796324],[-4.19361114530996,52.27638244596142],[-4.143055914346502,52.320274351360695],[-4.13083362604446,52.33471679839982],[-4.112524448764063,52.362107099880966],[-4.112524448764063,52.1315956116736],[-4.523592420445196,52.1315956116736]]],[[[-4.112524448764063,52.1315956116736],[-4.112524448764063,52.362107099880966],[-4.096666811948793,52.38582992731865],[-4.091944693914458,52.39777374153516],[-4.059722899863146,52.485832213904736],[-4.061111448858135,52.50610351403577],[-4.080555914923136,52.55332946559608],[-4.106389044981293,52.65083312827772],[-4.112524448764063,52.68305943247455],[-4.112524448764063,53.21975517278016],[-2.158534884365192,53.21975517278016],[-2.158534884365192,52.1315956116736],[-4.112524448764063,52.1315956116736]]],[[[-4.112524448764063,53.21975517278016],[-4.112524448764063,53.234029736339856],[-3.854444504365172,53.284439086970515],[-3.730139257137632,53.28944015621207],[-3.692500116311095,53.28555297885356],[-3.609861371866152,53.27943801772895],[-3.589444638798905,53.282218932692516],[-3.461667060381414,53.320549012623744],[-3.38805580180886,53.34360504023284],[-3.362778188556671,53.34610748111087],[-3.336389064570849,53.347221372993914],[-3.318889141428504,53.34694290336746],[-3.211667062687949,53.29749298055557],[-3.135529666564628,53.274303632389234],[-3.135529666564628,53.274303632389234],[-3.135529666564628,53.21975517278016],[-4.112524448764063,53.21975517278016]]],[[[-3.189722536894325,53.38832855091512],[-3.18027782370396,53.39611053512024],[-3.170833587635293,53.400276182105216],[-3.135529666564628,53.395622998655845],[-3.135529666564628,53.395622998655845],[-3.135529666564628,53.33282908477253],[-3.135529666564628,53.33282908477253],[-3.15416669668197,53.34832763538887],[-3.166944501789981,53.35708236817702],[-3.176389219439427,53.36277771191608],[-3.188889027583605,53.3777732856936],[-3.189722536894325,53.38832855091512]]],[[[-3.440998095354017,54.30791473388672],[-3.135529666564628,54.30791473388672],[-3.135529666564628,54.08732582263135],[-3.135529666564628,54.08732582263135],[-3.152222635340094,54.08193969764133],[-3.21472263476346,54.09555053493837],[-3.230000258809705,54.10097122156547],[-3.380555631541151,54.24443817113628],[-3.440998095354017,54.30791473388672]]],[[[-3.135529666564628,53.21975517278016],[-3.135529666564628,53.274303632389234],[-3.088598728937112,53.26000976488351],[-3.082569836999534,53.268535613029144],[-3.126111508318104,53.32499694620874],[-3.135529666564628,53.33282908477253],[-3.135529666564628,53.395622998655845],[-3.063313009075142,53.38610458412262],[-3.054708480440185,53.38658523741284],[-3.046008349102409,53.382659912613896],[-3.013491867746001,53.360816955773856],[-2.985325099791059,53.32682037156545],[-2.928291795795534,53.30216216929501],[-2.899722577918005,53.28916168212655],[-2.882500170158715,53.285270692253526],[-2.862222671904692,53.282775880863575],[-2.776389120571015,53.292495728287584],[-2.7531945716017,53.30430221617767],[-2.704930782248796,53.35062026757413],[-2.717500210029127,53.352493286832924],[-2.769444703440581,53.33930206246235],[-2.777778146687702,53.33277511789937],[-2.857361314598053,53.320827482250195],[-2.878333568930349,53.32569122516532],[-2.969125034516882,53.393287660201764],[-2.975125312529834,53.39778900020335],[-3.000858545789891,53.42755508454854],[-3.00475859651609,53.43215560789522],[-3.105625151155623,53.55992889221743],[-3.052639007437077,53.907634736256306],[-3.043472527541853,53.9187431326753],[-3.025000096606873,53.92610931200938],[-2.932500361437903,53.95055389307255],[-2.896944521225548,53.99888610702782],[-2.83361148961316,54.084999086690424],[-2.817500115465806,54.14277649095776],[-2.813611506742192,54.222770692522175],[-2.930972336839299,54.153327943664785],[-3.135529666564628,54.08732582263135],[-3.135529666564628,54.30791473388672],[-2.158534884365192,54.30791473388672],[-2.158534884365192,53.21975517278016],[-3.135529666564628,53.21975517278016]]],[[[-2.158534884365192,50.619354070873534],[-2.158534884365192,52.1315956116736],[-0.204545319966322,52.1315956116736],[-0.204545319966322,50.82657492825321],[-0.206111101835734,50.82666015754471],[-0.255000023171679,50.82638549597368],[-0.577222226566522,50.79527282704751],[-0.928420900192028,50.83965682773959],[-0.939166782220459,50.840827943012805],[-1.094444513776629,50.84583282476887],[-1.158889056122651,50.840827943012805],[-1.146666763361527,50.831108091129714],[-1.11694455191714,50.806941984152076],[-1.131597280311653,50.78311919967915],[-1.1443057065739,50.77791213871839],[-1.408055780836704,50.77082824598435],[-1.592777967663817,50.72415924259509],[-1.816389082161848,50.72305298020014],[-2.009444712236081,50.71499633888306],[-1.95440983916058,50.665355683328144],[-1.935555697490083,50.63944244587464],[-1.964375136714101,50.59673309329209],[-2.054444788517103,50.58568954529226],[-2.121944902938636,50.607215880606354],[-2.133889198735927,50.613327024757375],[-2.144722460921281,50.616943357518444],[-2.158534884365192,50.619354070873534]]],[[[-0.204545319966322,50.82657492825321],[-0.204545319966322,51.04343605056705],[1.034705887408901,51.04343605056705],[1.029999972107261,51.04083252064406],[0.997777700934249,51.01902389427086],[0.986111045374289,51.007217406380775],[0.978888867611331,50.996665953673755],[0.716388820983298,50.90499877803119],[0.430833281835925,50.831108091129714],[0.296388864098193,50.77333068686238],[0.056944430384696,50.78083038446747],[-0.094444469493794,50.81027221779862],[-0.138055546412616,50.81832885911569],[-0.156944437703591,50.8213882437057],[-0.190833344017051,50.8258285522617],[-0.204545319966322,50.82657492825321]]],[[[-0.204545319966322,51.04343605056705],[-0.204545319966322,52.1315956116736],[0.772449462233113,52.1315956116736],[0.772449462233113,51.74552202297647],[0.701111018573802,51.71847152803614],[0.761397779754247,51.691642760930705],[0.772449462233113,51.69381917775516],[0.772449462233113,51.5215484704884],[0.708999989516275,51.517829894838485],[0.657166598574197,51.52433013842271],[0.639999987299067,51.52708053543394],[0.464999975536397,51.50305175924182],[0.451666622408849,51.498054502514755],[0.388935325979982,51.448219297243234],[0.412222235900019,51.44693756108142],[0.452152729155485,51.45561981150323],[0.465972242538644,51.47124862833266],[0.474999933528772,51.48013305795916],[0.489166617603788,51.484443665217725],[0.536110996017076,51.48805236849071],[0.548888801125087,51.48805236849071],[0.591944396910591,51.48777389440519],[0.678666652063175,51.46727371409071],[0.687333286782313,51.464023592298595],[0.694999874422781,51.457271575607585],[0.693124951136277,51.449020384573906],[0.708888887046897,51.43610382177437],[0.687499940486379,51.435413359791376],[0.665833233293337,51.439163206364384],[0.630472183587977,51.4332733173678],[0.559444369564137,51.40596771394573],[0.58402770831883,51.387634277033584],[0.772449462233113,51.360336593376154],[0.772449462233113,51.04343605056705],[-0.204545319966322,51.04343605056705]]],[[[0.772449462233113,51.74552202297647],[0.772449462233113,52.1315956116736],[1.609844501724138,52.1315956116736],[1.587360978291749,52.08388519096426],[1.579722166268627,52.07638549781825],[1.331249831988182,51.92874527177438],[1.293263792473746,51.874092100516236],[1.28333330250876,51.85235595650937],[1.266110899208551,51.839164732138805],[1.223610878197072,51.808883668495646],[1.204027654440545,51.79804992472951],[1.181388854149426,51.78971862630049],[1.132222176640038,51.77693939428647],[1.111666440631794,51.7733306865544],[1.088333129511871,51.77055358856442],[1.049999950519148,51.77055358856442],[1.035694361602922,51.774162291837406],[0.997499944760806,51.81082916120262],[0.982777712666253,51.82527542075624],[0.772449462233113,51.74552202297647]]],[[[0.772449462233113,51.5215484704884],[0.772449462233113,51.69381917775516],[0.863055469055017,51.71166229241404],[0.876388848937053,51.71694183128206],[0.902569412772862,51.73464965908946],[0.922499954370929,51.7404136637622],[0.935694398198186,51.73652649086276],[0.946944357070844,51.72555542077019],[0.952499868479785,51.609230042857185],[0.9099999678635,51.581382750240216],[0.875277757357059,51.5611038206211],[0.820833324612176,51.53555297716298],[0.808055519504165,51.52999878118302],[0.789444326418576,51.52416229414394],[0.779166581039189,51.52194213986594],[0.772449462233113,51.5215484704884]]],[[[0.772449462233113,51.04343605056705],[0.772449462233113,51.360336593376154],[0.9080554829089,51.3406906120733],[0.98138880694476,51.34555053801485],[0.999166606655742,51.34777069229285],[1.012222052001083,51.3519439687659],[1.033333300356214,51.361938477760944],[1.052777766421214,51.367218016628954],[1.066249966421915,51.369163513795],[1.191944360161338,51.378608704107066],[1.385555507041539,51.3877716078191],[1.42749977045666,51.33110809543481],[1.411110876467171,51.20111083986101],[1.407638786067608,51.18388748231741],[1.398333312149549,51.163887022324744],[1.390277625075872,51.15415954541265],[1.368888856878606,51.13582611295958],[1.355833170742875,51.12763595783058],[1.262499810327072,51.10166168001332],[1.231944321444193,51.10083007918939],[1.220555542452869,51.09971618730635],[1.100277661640471,51.073608400136244],[1.086944339726492,51.068603513921104],[1.045555352326949,51.04943847618503],[1.034705887408901,51.04343605056705],[0.772449462233113,51.04343605056705]]],[[[-2.158534884365192,52.1315956116736],[-2.158534884365192,54.30791473388672],[-0.368435453386013,54.30791473388672],[-0.204545319966322,54.155447215670755],[-0.204545319966322,54.05261411021574],[-0.205694498789138,54.05152511572716],[-0.214583320610707,54.03124618610804],[-0.215555578694791,54.018749236234974],[-0.212222250445837,54.008331297339886],[-0.204545319966322,53.99230849386091],[-0.204545319966322,53.700050259918065],[-0.223055588435574,53.71399688839735],[-0.249444440417438,53.7297210671392],[-0.272500066709218,53.73554992469019],[-0.293888897333622,53.736663816573234],[-0.619722247578001,53.72999572871023],[-0.632222296512569,53.729164123427225],[-0.654444458084441,53.7252731335542],[-0.67875003620661,53.71749496632266],[-0.716527881215699,53.69638443142053],[-0.693055629581917,53.686103818851876],[-0.519722284173265,53.68527221802795],[-0.504888949609335,53.68643951632758],[-0.457888899566163,53.696105957335],[-0.390222283049328,53.707942963177416],[-0.301666707838661,53.71319198409309],[-0.287777779937088,53.708610536696156],[-0.264444468817167,53.69082641400791],[-0.239273904729464,53.6651611326876],[-0.232666656571559,53.65632629250411],[-0.228000000590288,53.65099334721951],[-0.20722223800654,53.630828855462575],[-0.204545319966322,53.62937471923746],[-0.204545319966322,52.1315956116736],[-2.158534884365192,52.1315956116736]]],[[[-0.204545319966322,54.05261411021574],[-0.204545319966322,54.155447215670755],[-0.204545319966322,54.155447215670755],[-0.200528666493977,54.151710510027264],[-0.161111101359094,54.08805084179235],[-0.173888861876293,54.08166504052939],[-0.204545319966322,54.05261411021574],[-0.204545319966322,54.05261411021574]]],[[[-0.204545319966322,53.700050259918065],[-0.204545319966322,53.99230849386091],[-0.204545319966322,53.99230849386091],[-0.169166699251146,53.91846847556336],[-0.127500040400705,53.86388397415705],[-0.11277776817442,53.85055541900096],[-0.099444473014929,53.83972167969391],[-0.053888879927938,53.8030548103287],[-0.013055552024965,53.76860809524149],[0.06263889568474,53.703887941540124],[0.126388864774821,53.6452713025017],[0.141111092410292,53.62722015218959],[0.149444433098544,53.61471557728751],[0.153888852927491,53.6027755755855],[0.149444433098544,53.58847045933189],[0.142083301444482,53.58055114880033],[0.116041673663451,53.5667991637442],[-0.085555585245087,53.6244430541996],[-0.105833351043986,53.631660460745586],[-0.129722250315178,53.641387937657676],[-0.141944467271919,53.648048400491675],[-0.171666651961819,53.67527770903291],[-0.204545319966322,53.700050259918065],[-0.204545319966322,53.700050259918065]]],[[[-0.204545319966322,52.1315956116736],[-0.204545319966322,53.21975517278016],[0.344089718183982,53.21975517278016],[0.353888868918587,53.18721771088891],[0.356388866220073,53.176383971581856],[0.357777745187079,53.16082763711877],[0.355416625972315,53.14402389696071],[0.339166641283116,53.0923576368444],[0.326666654775686,53.083190916158784],[0.276666641859749,53.06694030719821],[0.203888861384346,53.028053283554996],[0.173333332369735,53.009162902930875],[0.032222195706956,52.91722107017636],[0.002109801272606,52.879856109340075],[0.240069418885181,52.79617309710732],[0.363333314564075,52.78027343568045],[0.378888846392528,52.78138732756349],[0.429027737395186,52.82402420223879],[0.434999941032348,52.832912444379794],[0.438333331708439,52.84555053755288],[0.444305539804683,52.86569214084556],[0.491388827518262,52.934299467446365],[0.547777651577038,52.96617889323637],[0.667222143473911,52.97610473683865],[0.884722113820922,52.96638107244106],[1.18388867308766,52.938888548790466],[1.282222032565516,52.927497865771436],[1.305833099858882,52.92166137873236],[1.352499962889116,52.90972137257127],[1.372777701933527,52.902496336537205],[1.393333197151382,52.8936080943962],[1.432222129281383,52.87471771377208],[1.46861100168276,52.85443877969388],[1.503611088757838,52.837493896235806],[1.517222166845261,52.831382752084785],[1.530833244932682,52.825271607933765],[1.645277737767503,52.7711105364275],[1.656944272932269,52.76416015750539],[1.675277709844415,52.748054504359324],[1.686388732662295,52.73666381688121],[1.70249986601926,52.71582794355012],[1.707221984053594,52.706108091667026],[1.721111059104849,52.67666625833588],[1.745902538855913,52.62020492515627],[1.74898243076077,52.52910613968736],[1.749444244432548,52.45582580737353],[1.733055354902139,52.39305114637913],[1.609844501724138,52.1315956116736],[-0.204545319966322,52.1315956116736]]],[[[-0.204545319966322,53.21975517278016],[-0.204545319966322,53.62937471923746],[-0.204545319966322,53.62937471923746],[-0.117222232594179,53.58193969779532],[-0.100833343063771,53.57305145119524],[0.026944444930541,53.50971984648886],[0.085277745025754,53.48638153227974],[0.125694407454993,53.47443771360414],[0.1434722250023,53.47527313140165],[0.168611125153776,53.459999083538605],[0.216944409288557,53.41693878342234],[0.235555513192519,53.399436951793206],[0.269999949689191,53.3463821426819],[0.339583337970419,53.23471832402025],[0.344089718183982,53.21975517278016],[-0.204545319966322,53.21975517278016]]],[[[-5.79583358571208,55.37332916400714],[-5.794305801903865,55.38819122397273],[-5.788025581222537,55.39607429499328],[-5.533541950046602,55.39607429499328],[-5.515278339926124,55.363468168824035],[-5.523056030035969,55.35221862910502],[-5.535278318338011,55.340553284514954],[-5.566945077164135,55.31666565162285],[-5.595833779297803,55.305831907856714],[-5.73777866160261,55.292221070559684],[-5.752500532511578,55.29193878395965],[-5.765833854425557,55.29360961955467],[-5.781666754487381,55.299022676693696],[-5.788889409372036,55.308742524117704],[-5.79527855048689,55.360275270422086],[-5.79583358571208,55.37332916400714]]],[[[-5.185625077564458,54.936214446044126],[-5.178334234408743,54.9888839726958],[-5.174166678936982,55.00054931728586],[-5.162222860261389,55.00888824520297],[-5.152222634724136,55.011665343192945],[-5.105000495678324,55.02388763595407],[-5.053611278282448,55.04902267454115],[-4.865417005514854,55.223396301318935],[-4.847778320221902,55.26943969560345],[-4.837153435364227,55.318813323534506],[-4.762468603594888,55.39607429499328],[-4.112524448764063,55.39607429499328],[-4.112524448764063,54.77070134692111],[-4.135833741042626,54.77471923908453],[-4.350555895487568,54.859024047907525],[-4.345694542640011,54.709163667585656],[-4.348055840218026,54.699165346076114],[-4.355834007449568,54.68804931570995],[-4.365000723676101,54.68027496545199],[-4.375833513198838,54.67666625771992],[-4.387222292190161,54.67555237029596],[-4.40222263272558,54.67694091929095],[-4.496389390975071,54.698883055017006],[-4.506111146885873,54.7027740493491],[-4.557917118937109,54.73902511384327],[-4.560833928862011,54.749996183935835],[-4.598611831839157,54.780273439523576],[-4.814167022932203,54.86166381957107],[-4.825555801923526,54.86444091756105],[-4.852222441292403,54.868606569005095],[-4.893889425655779,54.85194396768797],[-4.92430639317844,54.837078095207886],[-4.935556410019155,54.82971954536189],[-4.960764408094271,54.79687118350336],[-4.944723130704768,54.767494203050475],[-4.958472253030711,54.72416305387768],[-5.102500917530479,54.821662904044814],[-5.11666727163348,54.831802368854376],[-5.131944654889335,54.845275879824975],[-5.142222404727804,54.85721588152698],[-5.170000077708616,54.89110565290221],[-5.177917479753383,54.904300689787284],[-5.184445383018845,54.921661378116404],[-5.185625077564458,54.936214446044126]]],[[[-5.788025581222537,55.39607429499328],[-5.787777898638402,55.39638519161624],[-5.701666831921671,55.588607789501445],[-5.673194884443363,55.805271147017166],[-5.677889347255547,55.89944076353776],[-5.677847387300624,55.99401092595323],[-5.596528530916996,56.25694274988148],[-5.571389198234636,56.328327178931346],[-5.52305555291427,56.38666153136975],[-5.403410910694694,56.42304611413492],[-5.345361707586516,56.42594528393425],[-5.333910942906206,56.42229461624726],[-5.220833778298524,56.43582916312253],[-5.206111430267858,56.440971375664105],[-5.193333625159847,56.4483261129956],[-5.136752405503568,56.484233856099834],[-5.089519230963498,56.484233856099834],[-5.089519230963498,56.201051889993494],[-5.205833433304025,56.13721466041468],[-5.238889695368535,56.118888852990615],[-5.429167268750311,56.006938935214436],[-5.413167001531416,55.89543914831706],[-5.380000114119226,55.75027465771339],[-5.404167175340257,55.736381529357246],[-5.445972444732543,55.706802369699666],[-5.486389160670759,55.64305114760774],[-5.555196762448543,55.41439819448793],[-5.534028054371932,55.3969421397873],[-5.533541950046602,55.39607429499328],[-5.788025581222537,55.39607429499328]]],[[[-5.32736683088026,55.9272499087143],[-5.30905580531067,56.00570297152205],[-5.200694560614331,56.11860656639058],[-5.089519230963498,56.177742721410226],[-5.089519230963498,55.84807537602235],[-5.207500456384546,55.82874679647089],[-5.292500493948422,55.847496033795],[-5.305278299056433,55.85221862895103],[-5.326867101640289,55.91279220715809],[-5.32736683088026,55.9272499087143]]],[[[-5.089519230963498,55.84807537602235],[-5.089519230963498,56.177742721410226],[-5.072222707699345,56.186943052853024],[-4.974166868063624,56.23332977410133],[-4.947262764779825,56.25000000044745],[-4.922292230619631,56.271106718376],[-5.032222746416489,56.23249816881832],[-5.089519230963498,56.201051889993494],[-5.089519230963498,56.484233856099834],[-4.112524448764063,56.484233856099834],[-4.112524448764063,55.39607429499328],[-4.762468603594888,55.39607429499328],[-4.748472689282718,55.41055297708433],[-4.728889465526191,55.42027282896743],[-4.713611600689556,55.42499542412345],[-4.682500840250179,55.43388366626446],[-4.653750418686341,55.4372177124255],[-4.639583587461642,55.44263458207902],[-4.613611699711958,55.49068832194877],[-4.622917173630018,55.513881684802456],[-4.659444808182002,55.56194305416028],[-4.687222958284512,55.59749603164245],[-4.696805952044707,55.60569000374504],[-4.70777797638067,55.61110687339856],[-4.729444505210461,55.61777496126157],[-4.769166946651181,55.6286087050277],[-4.813611983247933,55.645553588485775],[-4.903889655652112,55.68972015545607],[-4.916388986674591,55.70082855187508],[-4.864732741654851,55.888381956561766],[-4.835788724617804,55.90003967166374],[-4.788050652030618,55.94073104917299],[-4.751184461731826,55.938152313414115],[-4.709722996425024,55.93402480941048],[-4.570278169389759,55.92110442963736],[-4.523056030343946,55.918609618247416],[-4.485417366639108,55.92360687051539],[-4.501111986131102,55.929161070954436],[-4.810323236893698,55.95070648221827],[-4.874722479432913,55.886814116826336],[-4.986667157788581,55.864925383057795],[-5.089519230963498,55.84807537602235]]],[[[-4.112524448764063,54.77070134692111],[-4.112524448764063,55.39607429499328],[-2.158534884365192,55.39607429499328],[-2.158534884365192,54.30791473388672],[-3.440998095354017,54.30791473388672],[-3.613055706092271,54.48860931573784],[-3.632639170639188,54.51221466202991],[-3.569167136085802,54.64249419974466],[-3.391666890690339,54.876388548751144],[-3.381111143888038,54.88443756058013],[-3.289305687675644,54.93791580405056],[-3.270000456423868,54.94138336402354],[-3.208611486153357,54.94944000088153],[-3.188125133449957,54.94673156828431],[-3.17888927470897,54.940551758740526],[-3.132916926966621,54.931388855028494],[-3.10333347321376,54.933883666418446],[-3.025694607435676,54.94749450817456],[-3.027083633552364,54.97291183336167],[-3.041388990596362,54.97888183421267],[-3.051025867894843,54.979866029257366],[-3.066389084006416,54.974716187227706],[-3.146944759709402,54.9649963398037],[-3.360555648670183,54.97138214106666],[-3.376389025853704,54.97249603294971],[-3.390555857078402,54.97415923905665],[-3.445278166391924,54.98638153181777],[-3.57111120188676,54.99082946986185],[-3.692500116311095,54.88110351441909],[-3.953611373153747,54.767494203050475],[-3.965000152145071,54.76527404877247],[-3.979444503211904,54.76527404877247],[-4.095556259917635,54.7677764896505],[-4.112524448764063,54.77070134692111]]],[[[-4.112524448764063,55.39607429499328],[-4.112524448764063,56.484233856099834],[-3.135529666564628,56.484233856099834],[-3.135529666564628,56.42334052637468],[-3.135529666564628,56.42334052637468],[-3.278055666375848,56.35749816766505],[-3.26472234892095,56.34610748464601],[-3.252500056159827,56.348052977352985],[-3.19041681139182,56.35958099561662],[-3.135529666564628,56.365296893997396],[-3.135529666564628,56.365296893997396],[-3.135529666564628,56.11263353182697],[-3.135529666564628,56.11263353182697],[-3.139028071117642,56.11083221613263],[-3.153055667529116,56.08853530698112],[-3.344027996989166,56.02333068747503],[-3.395833732709094,56.01082992508746],[-3.409444810796516,56.01249694816798],[-3.441111565163559,56.01916504049006],[-3.497500420435904,56.03443908835311],[-3.571389198850593,56.05360412608918],[-3.582500457999781,56.05499267508418],[-3.71972227248594,56.05666351513828],[-3.737222672749982,56.05554962325524],[-3.723750116022778,56.027355195619066],[-3.664166926524314,56.00652313034339],[-3.646111486576002,56.00499725502197],[-3.454722402460592,55.99194336143692],[-3.254722596046315,55.97166442735872],[-3.135529666564628,55.95477746088937],[-3.135529666564628,55.95477746088937],[-3.135529666564628,55.39607429499328],[-4.112524448764063,55.39607429499328]]],[[[-3.135529666564628,56.42334052637468],[-3.135529666564628,56.484233856099834],[-2.756741688610619,56.484233856099834],[-2.889444828079537,56.46704864488188],[-2.927444935995437,56.46238708563052],[-3.040555953948259,56.454715726773074],[-3.051944732939582,56.4549942008586],[-3.070278169851727,56.45194244575667],[-3.080833435073249,56.448608399595635],[-3.135529666564628,56.42334052637468]]],[[[-3.135529666564628,56.11263353182697],[-3.135529666564628,56.365296893997396],[-2.962903024227792,56.38327407879211],[-2.924902916311891,56.40044021740463],[-2.851236342835957,56.3727722155281],[-2.637430667827263,56.31430053676327],[-2.584028005784666,56.28263473663962],[-2.583472488978698,56.268535612105204],[-2.679375172032775,56.21464920216997],[-2.78805589652617,56.187492371536],[-2.820000170735348,56.18416595486305],[-2.834444521802182,56.18360900669198],[-2.846944807068058,56.18638610914105],[-2.857778073712494,56.19027709901407],[-2.877639053642465,56.19958114602611],[-2.887777804999016,56.201942443604125],[-2.916666984254381,56.204994203165136],[-2.931666852127183,56.20527648976517],[-2.956944465379372,56.20221710071608],[-2.976111411602237,56.19471740757007],[-3.135529666564628,56.11263353182697]]],[[[-3.135529666564628,55.39607429499328],[-3.135529666564628,55.95477746088937],[-3.088055612836207,55.948051451578564],[-3.06750011315927,55.94444274830557],[-3.053055762092437,55.94360351353448],[-3.018055915807748,55.94944000057355],[-2.935000421166527,55.96944427308072],[-2.924444674364226,55.97249603264173],[-2.908333541007261,55.979022981663796],[-2.895555972230558,55.98860931527587],[-2.866180895805378,56.02840042210935],[-2.833889009455295,56.05110931469924],[-2.820278167699181,56.05693817225023],[-2.794167040677192,56.06027221841127],[-2.782222272217284,56.061386110294315],[-2.65722226891147,56.05971527024021],[-2.631111146348562,56.05471801797223],[-2.600555898256072,56.043327330494115],[-2.502222538778216,56.00277710074397],[-2.375277997008827,55.956939698178644],[-2.260278223699347,55.918609618247416],[-2.158534884365192,55.89295192011091],[-2.158534884365192,55.39607429499328],[-3.135529666564628,55.39607429499328]]],[[[-5.332683110284029,56.484233856099834],[-5.157971564337139,56.484233856099834],[-5.191111566854137,56.46193695029263],[-5.203056335314045,56.454162595575596],[-5.214445114305368,56.45194244575667],[-5.23208379959832,56.45096969717365],[-5.332683110284029,56.484233856099834]]],[[[-6.066514013162933,56.72048187208148],[-6.041056154926912,56.73977279860048],[-6.009805678093531,56.74510574388508],[-5.905972478836618,56.75860595583443],[-5.896472455201954,56.75894164885106],[-5.88997268873942,56.75577163891336],[-5.868805884690519,56.74443817036634],[-5.851461409580963,56.73944091809836],[-5.849583623564273,56.74444198733992],[-5.662917139063976,56.86923217749388],[-5.672500609945867,56.876106261535156],[-5.742778299479078,56.8937454239498],[-5.767500877506078,56.892494201281245],[-5.818056108469536,56.88555145184721],[-5.865278243056268,56.87944030769619],[-5.882778166198612,56.87902450728423],[-5.91958379771443,56.88708114414222],[-5.808569535989578,57.02831363665311],[-5.578016622063215,57.02831363665311],[-5.578016622063215,56.69197503353215],[-5.739444730439734,56.71166229087415],[-5.765972612117084,56.7113838212477],[-5.779444696181671,56.70777130100113],[-5.821539400081295,56.70537185598269],[-5.833038808879379,56.698970795743556],[-5.877305986100787,56.69477081383266],[-6.040638923149854,56.698272704272476],[-6.05130624954323,56.70094299388836],[-6.062472819136717,56.708774567536494],[-6.066514013162933,56.72048187208148]]],[[[-5.942778587474134,56.57666015800338],[-5.90855598581247,56.6185493473055],[-5.916639805229995,56.62521743962759],[-5.916889192728283,56.631801603121666],[-5.909139157840587,56.63888549585571],[-5.903555870814303,56.641380311704744],[-5.895889283173837,56.64254760554529],[-5.840622903516013,56.64571761994206],[-5.612500188670346,56.68193817094297],[-5.578016622063215,56.685903912650595],[-5.578016622063215,56.532536222558555],[-5.592778207222292,56.52416229260405],[-5.601944923448825,56.51943969744802],[-5.676944731016368,56.493888853989894],[-5.884166719652684,56.55332946882325],[-5.895556448428321,56.55693817209624],[-5.930556299172091,56.569717408569346],[-5.942778587474134,56.57666015800338]]],[[[-5.578016622063215,56.532536222558555],[-5.578016622063215,56.685903912650595],[-5.552395821750915,56.68885040242466],[-5.578016622063215,56.69197503353215],[-5.578016622063215,57.02831363665311],[-5.089519230963498,57.02831363665311],[-5.089519230963498,56.55140748949289],[-5.095833779451792,56.544715879335115],[-5.103889466525469,56.52944183147206],[-5.115555765358927,56.512771605125934],[-5.157971564337139,56.484233856099834],[-5.332683110284029,56.484233856099834],[-5.362228392136039,56.494003296311156],[-5.383055686194736,56.58305358875443],[-5.31472301670588,56.65666198905588],[-5.363333700287601,56.66194152792389],[-5.563889505088625,56.54055023235014],[-5.578016622063215,56.532536222558555]]],[[[-5.871389387207289,57.47916412450184],[-5.869861603399075,57.49388504116742],[-5.850417137334074,57.549720765242284],[-5.804528236838952,57.55535888559117],[-5.790111540994269,57.55923080397352],[-5.766861913452882,57.55369186251065],[-5.75069475173953,57.540691375342185],[-5.65305566675917,57.50874328415942],[-5.642778398501481,57.50860595783299],[-5.510139467236431,57.533191682196176],[-5.519722938118322,57.54846573005922],[-5.535278318338011,57.55221557663223],[-5.6436119078122,57.55221557663223],[-5.655000209681825,57.54708099357873],[-5.670000077554628,57.546661376193185],[-5.695555687770649,57.55944061266629],[-5.707653027293127,57.572393417206385],[-5.089519230963498,57.572393417206385],[-5.089519230963498,57.02831363665311],[-5.808569535989578,57.02831363665311],[-5.646111490419126,57.234992979900284],[-5.560667038518659,57.25477218473851],[-5.548500537782613,57.256439207819035],[-5.512667177728123,57.277442934347064],[-5.575677871272348,57.33214950756272],[-5.632555963566393,57.370552060942124],[-5.751111983516588,57.343330381888975],[-5.77375030668601,57.34013366651345],[-5.788611412408203,57.34388733006004],[-5.818056108469536,57.36249542408413],[-5.860000608215966,57.45082855356566],[-5.866945266136788,57.46777343702373],[-5.871389387207289,57.47916412450184]]],[[[-5.136752405503568,56.484233856099834],[-5.135556220892513,56.48499298236081],[-5.120555875898012,56.495552064555916],[-5.1077785479117,56.50777435285796],[-5.089519230963498,56.53344509934637],[-5.089519230963498,56.484233856099834],[-5.136752405503568,56.484233856099834]]],[[[-5.089519230963498,56.484233856099834],[-5.089519230963498,56.53344509934637],[-5.070138929963464,56.56069183564283],[-5.084167003496637,56.55707931539626],[-5.089519230963498,56.55140748949289],[-5.089519230963498,57.572393417206385],[-4.112524448764063,57.572393417206385],[-4.112524448764063,56.484233856099834],[-5.089519230963498,56.484233856099834]]],[[[-5.817083837008209,57.81943893632838],[-5.801389217516213,57.85388565141559],[-5.611111639675356,57.92360687435852],[-5.338611603841381,57.92082977190945],[-5.217500686380879,57.900833128890376],[-5.127500533818835,57.86943817336417],[-5.262778282504035,57.97110748303078],[-5.398056031189236,58.03110504157611],[-5.416944503326571,58.042770386166175],[-5.452847478558132,58.07416152917788],[-5.397639276533877,58.25054931851447],[-5.389444827309591,58.26027297845299],[-5.3686118122496,58.259162903543526],[-5.203611374998315,58.250831605114506],[-5.089519230963498,58.26283835382007],[-5.089519230963498,57.572393417206385],[-5.707653027293127,57.572393417206385],[-5.789028167063563,57.659523011106806],[-5.817083837008209,57.81943893632838]]],[[[-5.174722672864648,58.349998473903085],[-5.16888904409668,58.364997864654185],[-5.109444616748824,58.50833130041306],[-5.089519230963498,58.52971774203258],[-5.089519230963498,58.27195805854643],[-5.12638950466598,58.28749847447972],[-5.164722442868315,58.32527160623988],[-5.174722672864648,58.349998473903085]]],[[[-5.089519230963498,57.572393417206385],[-5.089519230963498,58.26283835382007],[-5.071666718230761,58.26471710398257],[-5.075555799616991,58.2672195448606],[-5.082222937695678,58.268882750967535],[-5.089519230963498,58.27195805854643],[-5.089519230963498,58.52971774203258],[-5.001528263510775,58.62416076605968],[-4.770139218112509,58.60263443074559],[-4.701666832229648,58.558609007075304],[-4.676667211482211,58.52443694910004],[-4.277222633878848,58.533607482300155],[-4.112524448764063,58.54374156178471],[-4.112524448764063,57.85145467182036],[-4.120000840980802,57.85083007934008],[-4.243056296904879,57.870277403676184],[-4.362500668406557,57.897773744300366],[-4.378055571504548,57.903610231339435],[-4.391666890382361,57.901386260087854],[-4.349861620990074,57.86041259597857],[-4.297500609254568,57.846382141296],[-4.283333778029869,57.844161987018],[-4.149723052425189,57.82527160639387],[-4.112524448764063,57.821468920458706],[-4.112524448764063,57.72021852069111],[-4.296667099943848,57.674438477488984],[-4.416389463950279,57.60166168247054],[-4.431528089514607,57.57277298033688],[-4.414722440869758,57.57277679285138],[-4.378334045590079,57.589721680768534],[-4.343611719147526,57.60777282662156],[-4.330278397233547,57.61888885698773],[-4.312500000005672,57.62805175624068],[-4.259445190894368,57.65527343529383],[-4.249444960898035,57.659439086737876],[-4.227778436527325,57.66499328717692],[-4.19138908254517,57.67138671792797],[-4.112524448764063,57.65391674254122],[-4.112524448764063,57.572393417206385],[-5.089519230963498,57.572393417206385]]],[[[-4.112524448764063,57.85145467182036],[-4.112524448764063,58.54374156178471],[-3.848333360214151,58.559997560529375],[-3.782639026564666,58.567497253675384],[-3.373333453778193,58.62749481222072],[-3.353888987713193,58.66055297831294],[-3.022639035360165,58.64652633614486],[-3.014722346768405,58.63819122520134],[-3.057916878608687,58.45082855325768],[-3.109722614328615,58.381660461512226],[-3.121944902630657,58.369438173210185],[-3.205555914077847,58.30624771180382],[-3.483333589211205,58.1827774052521],[-3.845000268296505,58.019996645157114],[-3.996944903475947,57.950553891840634],[-4.000092983651863,57.927867887714996],[-3.991666795973028,57.90610504272938],[-4.015000343424258,57.86777496279815],[-4.106667519066823,57.85194397122312],[-4.112524448764063,57.85145467182036]]],[[[-4.112524448764063,57.72021852069111],[-4.112524448764063,57.821468920458706],[-4.043222903404279,57.814384460670226],[-3.926389216978903,57.80749511765279],[-3.874722479740892,57.815277097398834],[-3.850555895641558,57.81999969701394],[-3.838194608857599,57.82763290397189],[-3.823472501617322,57.84833145097655],[-3.806805610663999,57.858188629186074],[-3.788333416060327,57.86110687047607],[-3.77402806347541,57.85485458302503],[-3.777778150838805,57.84360504330601],[-3.819444658080483,57.804580688877294],[-3.86555576351436,57.76860809400958],[-3.948055982140003,57.7148551934272],[-3.968611241026549,57.702499391313225],[-3.984277964506005,57.70510482805085],[-3.990944625462994,57.703273773206064],[-3.998278378357945,57.70194244314216],[-4.009061337647288,57.70746230865528],[-4.007377624225505,57.715988161259986],[-4.019444464494759,57.72805023031226],[-4.031111717571614,57.73138427647331],[-4.085278510079167,57.7261047376053],[-4.097778318223344,57.7238845833273],[-4.112524448764063,57.72021852069111]]],[[[-4.112524448764063,56.484233856099834],[-4.112524448764063,57.65391674254122],[-4.109022618521848,57.653141022358334],[-4.088555814430816,57.639610292456645],[-4.111389159979459,57.598327636309506],[-4.039861679142786,57.555690766093285],[-3.754137038255719,57.62503814857917],[-3.488055707245539,57.70944214074726],[-3.339722633610192,57.72332763515624],[-3.286250115600133,57.72499465823675],[-3.278055666375848,57.71805190880272],[-3.261111260039472,57.704719545591225],[-3.24611139216667,57.69832611038109],[-3.223333357062326,57.69166564754709],[-3.123333456084728,57.67166137503992],[-3.080833435073249,57.6655502308889],[-3.038472412543687,57.66249465881339],[-3.022500036878249,57.66527557377695],[-2.989444733516216,57.67416382037703],[-2.967500207722592,57.68027496452805],[-2.942500114312538,57.689437868240084],[-2.923611165053506,57.69693756138609],[-2.898056031959182,57.70693969541014],[-2.852777958714328,57.7058258035271],[-2.786389114236039,57.70222091722769],[-2.645833494379229,57.688049314786014],[-2.570000173041884,57.67971801635699],[-2.51000022888806,57.67166137503992],[-2.444444657389183,57.66832733333796],[-2.396250246882042,57.66638183617191],[-2.186111448320824,57.668609619937996],[-2.17000031496386,57.67097091751601],[-2.158534884365192,57.6785242223065],[-2.158534884365192,56.96760026423178],[-2.194167135394502,56.90249633976437],[-2.219722272947907,56.86777496310613],[-2.319861172407421,56.79638290456818],[-2.348055840833983,56.784439085892586],[-2.448479412502018,56.691436767671625],[-2.488611219900404,56.614166257680594],[-2.531250239393799,56.57610702680589],[-2.551389216287603,56.56388855101835],[-2.640833379381062,56.52249908649711],[-2.72083377906847,56.488883972233836],[-2.756741688610619,56.484233856099834],[-4.112524448764063,56.484233856099834]]],[[[-2.158534884365192,56.96760026423178],[-2.158534884365192,57.6785242223065],[-2.140277862729083,57.690551755664046],[-2.131389139007303,57.69527435082008],[-2.120000364475061,57.69749450509808],[-2.075555800540926,57.699440002264126],[-2.022222517344092,57.69388580182509],[-1.929722309512505,57.67777252365002],[-1.918333530521183,57.67055511264496],[-1.860000132326182,57.621383668377675],[-1.821944473175593,57.578605650402366],[-1.781388999545851,57.50555419827198],[-1.774166821782893,57.490829469091906],[-1.773333548803482,57.458053589599714],[-1.855833531097817,57.39888763633739],[-1.958889008610006,57.33249664258192],[-1.974861263880249,57.31708145141886],[-2.054166796012352,57.218605040154195],[-2.06166696628006,57.204162597574154],[-2.065833567508426,57.190551755818035],[-2.074305772906155,57.14763259900179],[-2.067222593625114,57.13443756211672],[-2.158534884365192,56.96760026423178]]],[[[-2.158534884365192,54.30791473388672],[-2.158534884365192,55.89295192011091],[-2.130278109854448,55.88582610926714],[-2.079722406228373,55.86721801970213],[-2.021667482118903,55.80610656927375],[-2.013611317923528,55.79499816839567],[-2.000833512815517,55.7802734392156],[-1.976805566012516,55.75416183507191],[-1.851388932905618,55.65721893307584],[-1.817638993860506,55.6330528260982],[-1.805000066839217,55.631107328932146],[-1.794722317000748,55.63694000345672],[-1.746944665608049,55.624992372266625],[-1.690000057198428,55.60555267295952],[-1.635972263172791,55.581939697179365],[-1.580972313621938,55.4836082461883],[-1.574444530751671,55.41527175972586],[-1.582500101889234,55.39999389488923],[-1.597430586457191,55.385341643616414],[-1.565833567662415,55.28721618434454],[-1.52055573520795,55.16416168266386],[-1.515000103403816,55.14971924008381],[-1.482916830712721,55.08624649207742],[-1.304444550187238,54.771385192923496],[-1.297500133056805,54.76361083820645],[-1.165277956447115,54.6497192402378],[-1.061388969624206,54.61721801785756],[-1.043889046481862,54.61305236641351],[-0.875833393881568,54.57027435289728],[-0.564722298027149,54.479995726249705],[-0.518472314506551,54.447494508328546],[-0.368435453386013,54.30791473388672],[-2.158534884365192,54.30791473388672]]]]}},{"type":"Feature","properties":{"fillColor":"#f7ba6b"},"geometry":{"type":"MultiPolygon","coordinates":[[[[10.879720687906667,55.73429870626279],[10.897220611532463,55.739166259414866],[10.940832137831896,55.73888397187613],[10.95305442835096,55.738052367949564],[11.129444122494373,55.72166442845286],[11.138610839938655,55.713607787801465],[11.152776718513376,55.707771301625876],[11.168609618723604,55.702774047831646],[11.189165115424181,55.69916534458666],[11.201110839523096,55.698051452231326],[11.211111069120179,55.69888305704792],[11.343332290341479,55.74749755826017],[11.486944199045313,55.84165954626275],[11.498192786865296,55.85346984860091],[11.506387710726765,55.86721801787614],[11.511665343833497,55.87944030750518],[11.51611041979058,55.895133972172275],[11.509026527725148,55.91652298013562],[11.491664886419393,55.930274963193234],[11.474443435659923,55.93819046007526],[11.606388092241136,55.936386108452766],[11.67027664148479,55.89054870566891],[11.748505592346191,55.782215555584266],[11.748505592346191,55.054464528569376],[11.730554581037278,55.060554504113824],[11.65833282472208,55.187217712025856],[11.518888473222123,55.19999694827757],[11.453887939849377,55.21249389610052],[11.42777633628571,55.21582794204162],[11.41694259631589,55.21582794204162],[11.400276183952862,55.21221923790661],[11.350831985260223,55.20138549793678],[11.323055267397258,55.190551757966965],[11.306110382167905,55.188888550113845],[11.27277755744185,55.19277191155274],[11.257776260268153,55.19541549644662],[11.245415687429047,55.20207595809398],[11.187776565764969,55.33888244670867],[11.21763801545296,55.39638519249888],[11.203609466865228,55.44888305693009],[11.14916610704215,55.567497253535564],[11.144444465554951,55.577499389578826],[11.086388587814474,55.66638565092084],[11.075277328201416,55.67277526815667],[10.994165420862084,55.692497253594475],[10.879720687906667,55.73429870626279]]],[[[11.748505592346191,55.054464528569376],[11.748505592346191,55.5476341247734],[12.248468399080783,55.5476341247734],[12.244443893427498,55.54360961912012],[12.205831527368474,55.50222015374267],[12.19235992451339,55.48242568952898],[12.191665649683785,55.46166229229178],[12.19791507726336,55.448467254966815],[12.206665038631243,55.43833160360899],[12.227915764274545,55.42610549930754],[12.297777175567656,55.40305328349107],[12.3436107636791,55.40166473383185],[12.363887786623321,55.39888763451343],[12.37666511553883,55.39527130103358],[12.399442673161388,55.381103516012686],[12.433332443620094,55.359580993624796],[12.444166183589914,55.34832763701928],[12.452776908524635,55.33346939095116],[12.462221145612155,55.2895774844492],[12.446249008078734,55.274440765514754],[12.42583274870135,55.261665343935455],[12.41249847405319,55.25582885775986],[12.329582214201336,55.23416137693019],[12.31555366472357,55.23277282727098],[12.293888092120136,55.233055114809716],[12.27249908415679,55.23388671873628],[12.243888855031054,55.23693847624861],[12.203332900916374,55.22805023167066],[12.176109314113644,55.220550536751915],[12.036109924217243,55.1733322145437],[12.025554657113748,55.16944122286994],[12.015068054113714,55.15322494541196],[12.06180381759139,55.13180160539688],[12.074998855806385,55.12888336141906],[12.091526031736251,55.129161834285384],[12.114999771524623,55.13277435309281],[12.130554198868525,55.13360595701938],[12.149442673043565,55.1302719119683],[12.178749084335113,55.11846923808493],[12.171248436193281,55.000205994011694],[12.158609390487847,54.99277496319641],[12.071943282731604,54.96860504124223],[12.041110992683887,54.96638488765645],[12.013332366594684,54.96833038304831],[11.994998931706117,54.97138214145068],[11.840276718392376,55.02333068860404],[11.748505592346191,55.054464528569376]]],[[[11.748505592346191,55.5476341247734],[11.748505592346191,55.782215555584266],[11.765554428288873,55.75860595731393],[11.799860000710858,55.68555068973597],[11.794440269721637,55.661659240648106],[11.823331833163024,55.67909240750665],[11.832082748644025,55.70701599114761],[11.843610763443452,55.76444244348952],[11.904026985315985,55.92679977437279],[11.914164543119993,55.92971801746059],[11.924999237202933,55.92888641353402],[11.941110611169517,55.92443847612761],[11.959444046058081,55.91722106963764],[11.989860535032548,55.902912139957344],[12.000138282492806,55.8917999271212],[12.035276412954474,55.806388854599625],[12.040554046951236,55.7933273316992],[12.056249618954539,55.746803283430566],[12.05541610680174,55.73305130037295],[12.048193931526232,55.722496032379425],[12.028610229298497,55.714996337460676],[12.009721756013489,55.71527099565459],[11.97055435155802,55.71749877947522],[11.936665535212434,55.676940918024336],[11.935832977172753,55.6533279418028],[12.059581756669408,55.655689239157944],[12.092222213902064,55.698326110425235],[12.093887329091395,55.71110534667695],[12.091526984959339,55.72527313258788],[12.087776183831863,55.73888397187613],[12.072219848261723,55.76453781118992],[12.040970802137606,55.9216651914816],[12.011110305672702,55.95777511552608],[11.97916603060586,55.9566650387332],[11.93388652766777,55.949996948631046],[11.886665344010233,55.93694305418542],[11.871249198986375,55.93666076664668],[11.851110458362196,55.94583129876337],[11.847082138481515,55.95555496194031],[11.862638473161624,55.96818923975024],[11.919166564809727,55.994438171520834],[12.174165726057987,56.10360717781569],[12.182898044565952,56.10648775855758],[12.182898044565952,55.5476341247734],[11.748505592346191,55.5476341247734]]],[[[12.182898044565952,55.5476341247734],[12.182898044565952,56.10648775855758],[12.200277328731623,56.11222076419974],[12.274999618835128,56.127220154037225],[12.29055404706906,56.12888336189035],[12.301666259905208,56.12860870369644],[12.31249809253882,56.127220154037225],[12.331388473160036,56.12416076629003],[12.5141658780931,56.08777618405164],[12.533609390664584,56.08082580552072],[12.617290496785715,56.04013442964529],[12.593887329327043,56.004714965758],[12.584165573486317,55.99944305376986],[12.570276260441714,55.99402236955755],[12.527776718271376,55.94582748409096],[12.516248702581919,55.922496795408165],[12.519165039223537,55.91138458257202],[12.558875083945086,55.867237091238216],[12.566944122726845,55.857498169371624],[12.575138092475196,55.84680175760873],[12.597498894021356,55.796104431017625],[12.599998473696544,55.76721954369798],[12.6002769474529,55.754440307446266],[12.584165573486317,55.73527526863114],[12.597984314201218,55.702564239068785],[12.561388015863757,55.666938781981074],[12.549999237497492,55.65721893347656],[12.540833473276297,55.650833130023116],[12.524166106800152,55.63944244343061],[12.502777099726837,55.631385802779214],[12.492846489236365,55.603607177580045],[12.442568779280958,55.60763549835076],[12.432498931467293,55.6155548099052],[12.421665191497473,55.61638641383176],[12.40388870234156,55.61666107202567],[12.3913879398462,55.6136093136233],[12.380832671852675,55.609992981033486],[12.34444427494187,55.593048095804136],[12.339457511941795,55.59020614616463],[12.269444465195127,55.55999755861682],[12.253332138005455,55.55249786369807],[12.248468399080783,55.5476341247734],[12.182898044565952,55.5476341247734]]]]}},{"type":"Feature","properties":{"fillColor":"#f28d44"},"geometry":{"type":"MultiPolygon","coordinates":[[[[28.207221984780855,36.44248962392514],[28.214614868118048,36.454154968248595],[28.233886718871315,36.44137573229128],[28.238048553437853,36.43110656723918],[28.20694351201677,36.34359741203451],[28.18693923964416,36.29998779283556],[28.141387939399596,36.21054077145868],[28.1227722168403,36.18582153328724],[28.063606262346166,36.111930847205535],[28.009162902820147,36.06888580328156],[27.956661224339733,36.04499053964845],[27.945827484012668,36.03471374513832],[27.93166351311544,36.01860046373744],[27.906108856074212,35.988052368133296],[27.898887634243554,35.97555541981347],[27.892776489173364,35.96083068851466],[27.865554809554737,35.93222045908272],[27.841110229562737,35.912631988563916],[27.79972076417348,35.8933258056826],[27.78402519220749,35.890411376966256],[27.76860809329435,35.89360809332009],[27.731248855547634,35.91305160529113],[27.72222137446877,35.92971801763554],[27.72027587883852,35.945133209256355],[27.73083114611274,35.97888183579899],[27.74082946785879,36.104438781780075],[27.71971893302159,36.16609954826335],[27.78888320926177,36.2516555786685],[27.804443359430355,36.26943969723141],[27.876106262244313,36.319709777859444],[27.895828246979438,36.332221984806594],[27.909160613880285,36.3397216796901],[28.068332672187683,36.40499877925443],[28.107494354309203,36.41860961920812],[28.207221984780855,36.44248962392514]]]]}},{"type":"Feature","properties":{"fillColor":"#fadfa4"},"geometry":{"type":"MultiPolygon","coordinates":[[[[59.22207260138965,80.64582061796594],[59.28027343754581,80.69609069782169],[59.369987487573354,80.73442077627983],[59.54804992639632,80.79832458530915],[59.61332702698764,80.81666564928732],[59.63804626412512,80.82249450613548],[59.664710998557034,80.82748413020978],[59.69387817378758,80.83110046429049],[59.7247085570429,80.83387756402888],[59.87526702866008,80.84248352061546],[59.90859985428245,80.84414672864023],[59.98755931857812,80.84698401953194],[59.98755931857812,80.81152796716488],[59.96749114981616,80.80651092550877],[59.98755931857812,80.8048224126708],[59.98755931857812,80.44336109846292],[59.94554138208719,80.4380340572714],[59.88555145236281,80.43275451673435],[59.8533248896926,80.43109130870958],[59.65943145801999,80.42221069318323],[59.625823975026265,80.42498779292164],[59.56499481252801,80.45693969665209],[59.5383300780961,80.46720886283184],[59.52165985090418,80.47221374442911],[59.49860382022305,80.47665405219229],[59.44582366923876,80.4858093266584],[59.357215880594964,80.49859619115978],[59.31110382080113,80.50776672314886],[59.271102905556724,80.5174865730175],[59.254165649754924,80.52249145461477],[59.245132446451514,80.53068542514431],[59.30249023388465,80.5413665773811],[59.3133468633198,80.54142761217824],[59.35694122322361,80.55165100108383],[59.370269775274615,80.56123352069837],[59.275268554380126,80.58248901310064],[59.25638580285231,80.59027099600473],[59.22207260138965,80.64582061796594]]],[[[59.98755931857812,80.81152796716488],[59.98755931857812,80.84698401953194],[60.07888031020132,80.85026550351955],[60.11638641340858,80.84971618720843],[60.157768248976495,80.84721374484138],[60.20110321060033,80.8435974123291],[60.231376647214624,80.83915710456593],[60.25652313263735,80.83179473804877],[60.22915649411724,80.8252716058739],[60.16082000765467,80.82304382401503],[60.123603820910155,80.82360839784913],[60.057212830173604,80.82026672427662],[60.02610015921703,80.81748962453821],[59.99694061274797,80.81387329045752],[59.98755931857812,80.81152796716488]]],[[[59.98755931857812,80.44336109846292],[59.98755931857812,80.8048224126708],[60.002220153285016,80.8035888667548],[60.10166168194267,80.80859374992048],[60.13694000172265,80.80914306623161],[60.281661987730175,80.80914306623161],[60.31888580323618,80.80886840886025],[60.35068511918955,80.80165100135868],[60.56082153290566,80.81137084965889],[60.7530460357666,80.82052733789894],[60.7530460357666,80.42487658069611],[60.612495422506214,80.43830871621117],[60.49638366665663,80.45582580493844],[60.428604125266666,80.46971130363048],[60.41220855701451,80.47470092770477],[60.3897171017359,80.4794311519307],[60.331382751274795,80.48831176745705],[60.24916076612019,80.49443054233637],[60.21665954607862,80.49304199168296],[60.18813705451986,80.4794311519307],[60.17054748471637,80.46832275454548],[60.14443969692549,80.46360778784255],[60.088043213428925,80.45610046387822],[59.98755931857812,80.44336109846292]]],[[[60.7530460357666,80.42487658069611],[60.7530460357666,80.82052733789894],[60.89332580603637,80.82720947283843],[61.1208267207027,80.84136962890182],[61.36082458497607,80.85054016089092],[61.41249084424672,80.8541564934032],[61.4780426022094,80.85998535181977],[61.518532752955075,80.87227406257037],[61.518532752955075,80.5310110705755],[61.386524201090666,80.4801254272574],[61.36832428017891,80.47053527888137],[61.345268249497785,80.46360778784255],[61.32054901079189,80.45776367190298],[61.246101379779894,80.44026184069867],[61.09443664521056,80.40721130434598],[61.06610107399239,80.40359497026529],[61.03388214165208,80.40193176224052],[60.99999999971859,80.40165710486916],[60.95832824768792,80.40525817829005],[60.7530460357666,80.42487658069611]]],[[[61.518532752955075,80.5310110705755],[61.518532752955075,80.87227406257037],[61.5343017585887,80.87705993630725],[61.561935424150256,80.88581848067089],[61.59554290714398,80.8872070313243],[61.85193633966951,80.88610839870205],[61.9286041253473,80.88388061527476],[62.046104431850296,80.87858581564633],[62.08915710420447,80.8746948241943],[62.1213760381132,80.8647003169543],[62.19971466057724,80.82165527336161],[62.21832275316529,80.81109619071911],[62.28401947014355,80.77082824686484],[62.27693939132765,80.75610351539893],[62.25110626247653,80.73776245142076],[62.21887969980632,80.71887206956303],[62.201385497363496,80.71249389640374],[62.14971923809285,80.70082092361602],[62.106941223110034,80.68858337385736],[62.03804779000644,80.66249084515786],[62.04721832199552,80.6572113030524],[62.069442748664265,80.65248107882648],[62.09832763619356,80.64804077106331],[62.12082672180207,80.64305114698901],[62.136383057280355,80.63804626539174],[62.14360427916268,80.62969970708514],[62.08665466340583,80.61747741641787],[62.05749511693677,80.61387634299697],[61.93915557922831,80.60026550324471],[61.87360382126563,80.59721374456655],[61.80443572922226,80.59637451179266],[61.76805114805855,80.59693908719518],[61.7352676387473,80.59553527901879],[61.70416259812063,80.59304809574313],[61.579994201995596,80.5547027581936],[61.518532752955075,80.5310110705755]]]]}},{"type":"Feature","properties":{"fillColor":"#f7ba6b"},"geometry":{"type":"MultiPolygon","coordinates":[[[[-4.621528148581072,54.25152587881975],[-4.598889350958978,54.2708320617028],[-4.588055610721904,54.28360748284891],[-4.57805633544415,54.29694366457708],[-4.55402851101085,54.33319091797922],[-4.552778243897244,54.343887329089156],[-4.54138946535994,54.356109619198925],[-4.527500152595425,54.36721801769028],[-4.485000610238393,54.38721466073681],[-4.443056106671762,54.398048400973884],[-4.364167213380636,54.416385650666314],[-4.353472709534591,54.40999603282937],[-4.308681011211092,54.296035766526835],[-4.321666717636745,54.27666473397562],[-4.386111259372954,54.19554901132471],[-4.394444465627903,54.186386108515244],[-4.470556259173648,54.13749694832127],[-4.491111755293275,54.126663208084196],[-4.550556182942264,54.097770690936755],[-4.623888969478738,54.06860351553504],[-4.687500476826088,54.07763671876308],[-4.70472240457473,54.07971954357212],[-4.720833778294225,54.07611083976325],[-4.777778625593034,54.05554962160687],[-4.787153244007414,54.06166076666175],[-4.712083816498132,54.215827941926165],[-4.698889732301907,54.219161987235665],[-4.643611431209506,54.23902511592792],[-4.621528148581072,54.25152587881975]]]]}},{"type":"Feature","properties":{"fillColor":"#f7ba6b"},"geometry":{"type":"MultiPolygon","coordinates":[[[[5.049039363821014,52.6367950440081],[5.299304962133805,52.690830230736665],[5.329999923700519,52.68277740467699],[5.380277633587178,52.66721725472268],[5.423333168061211,52.63638305658775],[5.452916145278256,52.61138534537196],[5.483541011799831,52.57277297976476],[5.443439960498484,52.51072311407934],[5.418062686911251,52.49838256836069],[5.134019374752814,52.38313674921386],[5.054937839580643,52.39438629152396],[5.107433319006138,52.488533019909234],[5.046943664458301,52.56939315801978],[5.033789634715061,52.61595535271638],[5.049039363821014,52.6367950440081]]]]}},{"type":"Feature","properties":{"fillColor":"#f7ba6b"},"geometry":{"type":"MultiPolygon","coordinates":[[[[8.824607843148726,63.20749663027357],[8.61840154510412,63.19999695099739],[8.479722016093717,63.291801471361396],[8.492761437301358,63.29561725593271],[8.502182875543697,63.2983742938496],[8.87138749720333,63.209442127201896],[8.824607843148726,63.20749663027357]]]]}},{"type":"Feature","properties":{"fillColor":"#f7ba6b"},"geometry":{"type":"MultiPolygon","coordinates":[[[[-7.394306182896576,57.12846755977099],[-7.418194770862399,57.184577941826646],[-7.420833587635778,57.21833038336535],[-7.423611640943322,57.383747100772304],[-7.412222862242057,57.38971710210957],[-7.368056297270002,57.40138244628192],[-7.33555603026892,57.395828247107],[-7.285833358838858,57.38110351563415],[-7.269583702080546,57.37374496462097],[-7.22375059126355,57.339576721234096],[-7.231111526459123,57.33277130132017],[-7.254028320238735,57.32721710198816],[-7.28527832029944,57.33610534665159],[-7.288056373606984,57.32249450682374],[-7.259166717565492,57.15249633791252],[-7.214722633323727,57.114440917937884],[-7.215278625504684,57.11027526859596],[-7.225833892755283,57.09693908695612],[-7.230278015165538,57.09471893311261],[-7.359583854611826,57.099578857371036],[-7.384028434758605,57.11166000370573],[-7.394306182896576,57.12846755977099]]]]}},{"type":"Feature","properties":{"fillColor":"#fadfa4"},"geometry":{"type":"MultiPolygon","coordinates":[[[[51.39499664321164,71.84860229530022],[51.40582275363459,71.87719726687028],[51.41749572731779,71.89915466153559],[51.441932677639066,71.93637084942264],[51.457496641484894,71.95860290563797],[51.48915863134888,71.9969329846761],[51.574440002546815,72.0708312982779],[51.60110473517027,72.08248901422873],[51.661102295982005,72.10165405215014],[51.84193420482295,72.15859985240031],[51.86457443333836,72.15956878710554],[51.922767638685045,72.12387085063308],[52.01693725728614,72.10693359501386],[52.05193329013953,72.10081481935373],[52.330276487839484,72.06164550751917],[52.351936339149226,72.06192016587386],[52.40332412614442,72.07957458603985],[52.41929626548568,72.20442962614051],[52.580131530877324,72.25985717817143],[52.7461013794915,72.3369293205844],[52.712211607325344,72.36248779252062],[52.69082260233369,72.36997985995416],[52.66512680122013,72.4322738644614],[52.73651885893313,72.62136840894361],[52.755130768108586,72.63651275479356],[52.92332458379302,72.66720580995232],[52.954526901317735,72.66910492977763],[52.954526901317735,71.4266248657177],[52.91944122409424,71.40554809658303],[52.622215270900746,71.49636840807167],[52.58749389640203,71.56553649871442],[52.55249023308478,71.5944366441039],[52.51194000220832,71.59304809459813],[52.43221282903345,71.54832458474051],[52.381240844802214,71.49044036844518],[52.16609954899458,71.4819335931093],[51.962768556047486,71.47526550393513],[51.79721832223384,71.47499084558046],[51.63916015585373,71.52970886352847],[51.551933287976816,71.5944366441039],[51.4187393203777,71.73137664861511],[51.40165710511729,71.78997802626189],[51.39499664321164,71.84860229530022]]],[[[52.380550383683584,72.72178649872298],[52.386241914079335,72.74262237496869],[52.59624099620058,72.85345459083432],[52.62874221886097,72.86220550586481],[52.954526901317735,72.91615779258775],[52.954526901317735,72.68261861254486],[52.889434814822195,72.68136596656001],[52.86888122419968,72.68026733314129],[52.81443786780169,72.66998290896385],[52.73276519794785,72.66748046830699],[52.56805420012595,72.6730346695254],[52.54415893605018,72.67414856067649],[52.380550383683584,72.72178649872298]]],[[[53.3797149672492,70.85887908788372],[53.56735610967356,70.89346313320509],[53.61111831528981,70.88809204075181],[53.62964248691229,70.88066101063843],[53.73429203037078,70.94599707255371],[53.73429203037078,70.8173786082658],[53.55665588273218,70.83248901361495],[53.52971649175405,70.83415222147539],[53.506938934061296,70.8198928848143],[53.46360778894137,70.8138732924029],[53.3797149672492,70.85887908788372]]],[[[53.50395202605182,71.06192779520761],[53.508331298798986,71.08610534810191],[53.73429203037078,71.11910444372793],[53.73429203037078,70.95391367163123],[53.69971465970819,70.98414611871172],[53.64582824728807,71.01054382344435],[53.50395202605182,71.06192779520761]]],[[[53.45735168410389,71.25971222059549],[53.68082428014147,71.38776397770354],[53.73429203037078,71.40893465847877],[53.73429203037078,71.17522126605655],[53.55943298493905,71.20138549810805],[53.50499725261424,71.22109985273882],[53.45735168410389,71.25971222059549]]],[[[52.954526901317735,71.4266248657177],[52.954526901317735,71.9809570317006],[53.73429203037078,71.9809570317006],[53.73429203037078,71.42757162457346],[53.556522368786766,71.3801193233603],[53.541938782146616,71.34609985248066],[53.546661377837125,71.31977844280055],[53.52305221461648,71.29928588949821],[53.48054504456059,71.29165649288733],[53.446380614039754,71.29706573446454],[53.36429977508115,71.3263854978499],[53.25582885865844,71.44609069699564],[53.35582733044195,71.51429748659235],[53.24388122662056,71.52693176132159],[53.02887725679493,71.50082397587136],[53.009021757754894,71.48407745309044],[52.98276519743154,71.44358825633878],[52.954526901317735,71.4266248657177]]],[[[53.73429203037078,70.8173786082658],[53.73429203037078,70.94599707255371],[53.739574432661364,70.94929504549953],[53.73429203037078,70.95391367163123],[53.73429203037078,71.11910444372793],[53.815410612478274,71.13095092620917],[53.93888092150042,71.13998413005818],[53.98304748418483,71.13777160548837],[54.00804901214317,71.1344299320351],[54.029434205098234,71.13053894187249],[54.05686569069749,71.11769103971804],[54.022491454374055,71.1160888659824],[53.95471191323708,71.12747192357857],[53.929023742587376,71.12456512585354],[53.91554260140253,71.09942626871786],[53.93749237199465,71.09832763529914],[54.08888244600527,71.09275817954371],[54.118465422049525,71.09400939987214],[54.210273741207686,71.11137390075575],[54.2360305796414,71.12477874688807],[54.20277023446905,71.13582611200474],[53.9530448901447,71.17456817537955],[53.788574219980816,71.16709899933758],[53.73429203037078,71.17522126605655],[53.73429203037078,71.40893465847877],[53.73624038647662,71.40970611463648],[53.83193969579741,71.40887451230392],[53.89332580611491,71.41817474404377],[53.941238402516085,71.45852661161807],[53.90749358999112,71.47082519386782],[53.881240844899686,71.46679687452786],[53.73429203037078,71.42757162457346],[53.73429203037078,71.9809570317006],[54.51405715942383,71.9809570317006],[54.51405715942383,70.7835152681315],[54.49957656966668,70.7840118395767],[54.47915649298958,70.73387146087336],[54.498466490552175,70.72637176617131],[54.51405715942383,70.72287769710196],[54.51405715942383,70.68658602047074],[54.214439392920326,70.72637939343983],[53.96610260129709,70.76971435698701],[53.83110809346485,70.80914306624854],[53.73429203037078,70.8173786082658]]],[[[52.954526901317735,71.9809570317006],[52.954526901317735,72.66910492977763],[52.964439392306545,72.66970825060918],[52.98832702591846,72.66859435945808],[53.01527404736044,72.66554260209188],[53.07124328563688,72.65581512508764],[53.13110351407594,72.64665222252515],[53.17694091827998,72.64582824746111],[53.21443557655831,72.6492996228232],[53.02887725679493,72.67776489248443],[53.00193786581679,72.68109130820532],[52.976654052235254,72.68304443215283],[52.954526901317735,72.68261861254486],[52.954526901317735,72.91615779258775],[52.976795196644524,72.91984558246554],[53.00888824380949,72.92109680279397],[53.032768250152884,72.92025756680222],[53.0583267220891,72.91804504542775],[53.13694000091754,72.90138244496787],[53.32444000212798,72.87387084908416],[53.37401962162153,72.878730773952],[53.392078398855695,72.92803191985895],[53.364715574649765,72.9347076426923],[53.34054565541465,72.93553161775634],[53.28929900963339,72.93193054048542],[53.233329771356956,72.93165588532608],[53.19999313432742,72.93761444041732],[53.14457321276034,72.95727539138711],[53.12568664523021,73.09151458874398],[53.15332412779082,73.15353393489654],[53.258331299315294,73.19386291427463],[53.32892990062433,73.21704101699896],[53.44193267670392,73.24108886798444],[53.75930023298791,73.29914855938571],[53.789436340973445,73.30220031675192],[53.94415283070496,73.28997802635936],[53.97026824981439,73.28776550178955],[53.99207687280191,73.28041076672869],[54.02971649072143,73.26832580551347],[54.055549621012325,73.2660980232113],[54.14694213740654,73.26638793929835],[54.16805267200692,73.26748657271706],[54.226936341667574,73.2744293202459],[54.32610321111852,73.30165100004257],[54.44749069108901,73.33915710401666],[54.51405715942383,73.36535178518479],[54.51405715942383,71.9809570317006],[52.954526901317735,71.9809570317006]]],[[[54.51405715942383,70.7835152681315],[54.51405715942383,71.9809570317006],[55.32859434511044,71.9809570317006],[55.32247161951296,71.94859313981522],[55.67498779236472,71.60498046890365],[55.70971679732728,71.57609558124653],[55.852218627130085,71.48081970195821],[56.033882141498914,71.34387207017848],[56.041107177846285,71.32360839883836],[56.05693817277828,71.29248046795136],[56.07358741752992,71.27792666458244],[56.07358741752992,70.5837629001323],[56.032386778280554,70.58078765714689],[55.875129698768255,70.5802688590976],[55.708541868856045,70.6191101089165],[55.709663390470986,70.63940429572136],[55.73133087224458,70.6380157462156],[55.778297425332084,70.63191223148317],[55.78582763549887,70.65224456741196],[55.75135803115862,70.69773864867265],[55.63436889689959,70.72967529369598],[55.40702819889561,70.74810028206971],[55.249420165976105,70.67541503967243],[55.23273849574726,70.65805816605734],[55.253578187224896,70.63069152981481],[55.27233886807813,70.62304687547157],[55.29179001004999,70.60626220676205],[55.26829528781046,70.5832061754827],[55.206329345318856,70.55372619472378],[55.186317444137195,70.55206298686333],[55.16492462071828,70.55317688120975],[55.14214325098894,70.5556793218666],[54.7811050418736,70.66775512759682],[54.74804687523533,70.68025970361258],[54.70047378654558,70.7158203109077],[54.70978164555393,70.74109649722072],[54.68762969962306,70.75791168139499],[54.57344055257179,70.78147888025977],[54.51405715942383,70.7835152681315]]],[[[54.51405715942383,71.9809570317006],[54.51405715942383,73.36535178518479],[54.52721404903195,73.37052917459826],[54.56971359181932,73.38137054594891],[54.811935426209686,73.41331481824076],[54.91443634184539,73.42221069291243],[54.937210084306216,73.42192077682537],[54.96332550022031,73.41970825225557],[54.98721313383223,73.41581726209296],[55.120826722622546,73.39166259739487],[55.16027068961644,73.38275146499083],[55.19554138082451,73.3735961928922],[55.24610138071907,73.35971069463918],[55.293822288476875,73.35456322548227],[55.293822288476875,72.58290339197795],[55.26665878337816,72.58221435484143],[55.293822288476875,72.57925511746713],[55.293822288476875,71.9809570317006],[54.51405715942383,71.9809570317006]]],[[[55.293822288476875,72.58290339197795],[55.293822288476875,73.35456322548227],[55.80762863121788,73.29914092892186],[56.07358741752992,73.26878298502939],[56.07358741752992,73.08443255507709],[56.025550841268974,73.08166504029478],[55.86554718140522,73.06694030605003],[55.812213897731056,73.05775451529131],[55.882766722647645,73.05693054342261],[55.92499542231226,73.05886840963774],[56.00777435285334,73.06414794930612],[56.07358741752992,73.06591347079873],[56.07358741752992,72.98797650663776],[56.004165648313915,72.98664855843343],[55.6472167958587,72.96775817886672],[55.62152099474514,72.96346282844058],[55.66471099865113,72.94747924659889],[55.68859863226305,72.94609069709311],[55.93832397339206,72.94247436528518],[55.98332977206821,72.94192504857581],[56.00582885617436,72.94192504857581],[56.04638671751468,72.94497680594203],[56.070407868267345,72.9522018422894],[56.07358741752992,72.95357794006807],[56.07358741752992,72.77577822291332],[56.03276825034783,72.77388000456916],[56.01055145186488,72.77388000456916],[55.98179626611659,72.78096008447068],[55.94026947007104,72.79109191854307],[55.861938476865795,72.80053710992411],[55.83971405111432,72.80081176827878],[55.60193633882786,72.79443359519168],[55.621658323922475,72.7758178707843],[55.837215422494054,72.74345398049658],[55.86582946702842,72.7297058114209],[55.9437370302012,72.66457367058197],[55.91999054099855,72.66249084472565],[55.80193328878554,72.66886901781277],[55.72255706901788,72.63956451535512],[55.67027282713806,72.56165313695041],[55.60832977284268,72.53610229547805],[55.58915710445742,72.53387451317586],[55.48443603378807,72.56999206444887],[55.452491761496226,72.57609558237662],[55.39943695140867,72.58305358763783],[55.353881836023156,72.58442687941124],[55.293822288476875,72.58290339197795]]],[[[55.293822288476875,71.9809570317006],[55.293822288476875,72.57925511746713],[55.36610412641572,72.57138061395463],[55.41332244966168,72.56887817329778],[55.448326109783586,72.56386566152021],[55.551940916570366,72.51860046541708],[55.54193878121146,72.47470092742817],[55.52069091743374,72.4658203136842],[55.463603972774294,72.42831420971011],[55.575550079791014,72.18928527709521],[55.549163817558835,72.16914367720007],[55.52374649003188,72.16359710644551],[55.48693847764026,72.14999389701103],[55.44499206679418,72.13192748931301],[55.383331298121995,72.10220336885949],[55.34443664464212,72.06469726488538],[55.32859434511044,71.9809570317006],[55.293822288476875,71.9809570317006]]],[[[56.07358741752992,73.08443255507709],[56.07358741752992,73.26878298502939],[56.38665771497298,73.23304748384155],[56.43721008440369,73.22554016187098],[56.46749114883508,73.2155456537806],[56.58603286840071,73.13234710843898],[56.553325651974305,73.11747741774836],[56.41999053996593,73.10609436015221],[56.150825499365496,73.0888824461783],[56.07358741752992,73.08443255507709]]],[[[56.07358741752992,72.98797650663776],[56.07358741752992,73.06591347079873],[56.246101378653826,73.07054138332094],[56.292495726835746,73.06887817226516],[56.43471527101535,73.05554199072151],[56.4601325985423,73.04692840486837],[56.37998962260349,73.00665283234657],[56.340408326432254,72.99386596751229],[56.30888366574561,72.99247741800652],[56.07358741752992,72.98797650663776]]],[[[56.07358741752992,72.77577822291332],[56.07358741752992,72.95357794006807],[56.09930038319297,72.9647064215005],[56.18804168725255,72.97360229617216],[56.23027038691717,72.97554016238729],[56.25610732924466,72.96831512603993],[56.240547180630756,72.89332580628795],[56.21610259984563,72.83166503761576],[56.16415405364064,72.79220580969417],[56.141517640357144,72.78387451265955],[56.07444000283923,72.7758178707843],[56.07358741752992,72.77577822291332]]],[[[56.07358741752992,70.5837629001323],[56.07358741752992,71.27792666458244],[56.07694244349609,71.27499389562279],[56.1972122202789,71.21026611185202],[56.22804260141966,71.19413757356446],[56.27526855512947,71.17248535271857],[56.63832855278097,71.01748657097319],[56.85335254658297,70.93478197707101],[56.85335254658297,70.6926798882377],[56.7902755739648,70.70138549914067],[56.768882750545885,70.70277404864645],[56.74436569313549,70.69950103658651],[56.85335254658297,70.6454186690739],[56.85335254658297,70.60647496160722],[56.64249420129828,70.62997436526804],[56.596519471112224,70.64110565270575],[56.50499725280918,70.66970825154432],[56.49582671978283,70.69247436673663],[56.514507293546956,70.7218551642468],[56.55138397372259,70.72554016064342],[56.57457733098395,70.73637390153021],[56.54582977250418,70.74887085027746],[56.51471710254489,70.74971008307386],[56.46096038883827,70.74387359623226],[56.32138061449285,70.70166015749535],[56.27111434911261,70.66699981712145],[56.28278350756389,70.66091919058525],[56.30036544790929,70.65908813488738],[56.33837127696838,70.657249451921],[56.37547302387432,70.65296935922726],[56.359134673393484,70.6686630249819],[56.36527252201792,70.67858886848362],[56.42499542127964,70.67526245276272],[56.45443725610996,70.67025756825367],[56.652629853797926,70.5789489741805],[56.5409660324044,70.5409545908172],[56.4927673351481,70.53970337048877],[56.46998596222342,70.54220581114562],[56.163604736931276,70.59026336718799],[56.07358741752992,70.5837629001323]]],[[[56.85335254658297,70.6926798882377],[56.85335254658297,70.93478197707101],[56.92721557528068,70.90637206948436],[56.95416259672266,70.8963775645893],[57.06457519459242,70.8598403921251],[57.11444091813643,70.84915161087949],[57.24249267524449,70.82720947394655],[57.46610260045941,70.80581665052765],[57.63311767563601,70.72811126588894],[57.45166015503318,70.60498046777356],[57.38652038692574,70.6026229867579],[57.25721740629391,70.6271972662565],[57.16220855809175,70.64915466411715],[57.00166320878715,70.67221069220118],[56.85335254658297,70.6926798882377]]],[[[56.85335254658297,70.60647496160722],[56.85335254658297,70.6454186690739],[56.86624145569053,70.63902282684943],[56.98554992823196,70.62803649905291],[57.028602599765286,70.62525940004139],[57.09540939416044,70.62594604592807],[57.24249267524449,70.59443664616914],[57.33290862966496,70.5691528325876],[57.31415557927558,70.56053161627061],[57.16332244924284,70.57192993159914],[56.85335254658297,70.60647496160722]]],[[[54.51405715942383,70.68658602047074],[54.51405715942383,70.72287769710196],[54.5455474846208,70.7158203109077],[54.53555297972574,70.68373107897467],[54.51405715942383,70.68658602047074]]]]}},{"type":"Feature","properties":{"fillColor":"#fadfa4"},"geometry":{"type":"MultiPolygon","coordinates":[[[[-14.637222287527095,65.75721740555707],[-14.564645907869323,65.76715140740669],[-14.418055534961507,65.78721618664287],[-14.381668093104418,65.7908325176891],[-14.349445340293364,65.79138183694671],[-14.338473317463796,65.78457641436988],[-14.333522435210584,65.77772546156712],[-14.331945421325827,65.7755432146177],[-14.331117739780904,65.77329337981978],[-14.317832702773728,65.73718149749733],[-14.637222287527095,65.75721740555707]]]]}},{"type":"Feature","properties":{"fillColor":"#f7ba6b"},"geometry":{"type":"MultiPolygon","coordinates":[[[[-2.015000343328164,49.21416473391797],[-2.021111488283732,49.177215576217634],[-2.041388988491717,49.1724929809595],[-2.066944599125595,49.16777038570136],[-2.089167118038794,49.18110656734906],[-2.122777938850497,49.19583129881322],[-2.133055686976432,49.198608398446126],[-2.149167060815041,49.19902420044997],[-2.161111354801315,49.19291305537538],[-2.181944847097069,49.18416595459183],[-2.205277919782838,49.18083190915015],[-2.226388931321487,49.18972015385765],[-2.247361421579673,49.25124740601229],[-2.233611345251111,49.25902175898322],[-2.154166698515081,49.26110839841338],[-2.038472413976364,49.243331909236424],[-2.01680564875044,49.2310371398618],[-2.015000343328164,49.21416473391797]]]]}},{"type":"Feature","properties":{"fillColor":"#fadfa4"},"geometry":{"type":"MultiPolygon","coordinates":[[[[46.62610244762898,80.29498290907206],[46.68360138002846,80.31469726651399],[46.955268860397624,80.36109924447105],[47.011108399386444,80.36720275995181],[47.04055023110162,80.3699798592464],[47.07638549678436,80.3705291735153],[47.11554718127595,80.3677520742207],[47.14276885995295,80.36387634376564],[47.17388153043739,80.35386657774775],[47.193046570987754,80.34304809643353],[47.23175048834324,80.32933807272936],[47.311378478715056,80.30859375103324],[47.518489837975565,80.3113174447739],[47.62032699596194,80.30881500261377],[47.849433897998644,80.30137634303964],[47.8763809195412,80.29998779339233],[47.90613746649027,80.30031201677849],[47.90613746649027,80.24349228931561],[47.879714965092205,80.24497985779439],[47.84110260011487,80.24525451755152],[47.69804382388318,80.2422027584998],[47.462768555453195,80.22528839106967],[47.44326782284962,80.22428894165219],[47.15748977581054,80.17512512313023],[47.114158631628655,80.16415405189642],[46.933052063418224,80.17942810063934],[46.91165924046485,80.18386840933836],[46.64832305797946,80.27720642079167],[46.62610244762898,80.29498290907206]]],[[[47.62346267802696,80.39880370978638],[47.65138244752137,80.40748596107574],[47.71693420467641,80.41053772012745],[47.75277709972401,80.41110229574872],[47.90613746649027,80.41285806927942],[47.90613746649027,80.36512763731531],[47.89027404800167,80.3663787833031],[47.81860351663617,80.36526489341293],[47.70526885861895,80.36553955054738],[47.66944122230105,80.36747741708625],[47.62346267802696,80.39880370978638]]],[[[47.3915901194316,80.45005035277927],[47.41805267237242,80.46276855380813],[47.80860137998314,80.51998901307941],[47.83554840152569,80.52331542926558],[47.90613746649027,80.53027508868192],[47.90613746649027,80.46753105080121],[47.70971679668281,80.46638488848112],[47.61998748791496,80.45860290486625],[47.46776580778595,80.44692993206662],[47.43498992789709,80.44525146393251],[47.3915901194316,80.45005035277927]]],[[[47.59561538618724,80.07971191394815],[47.641384124239416,80.11817169162856],[47.75499725276217,80.16859436059543],[47.77499389670341,80.17414855918462],[47.80138397198954,80.1777648938576],[47.90613746649027,80.17941062240176],[47.90613746649027,80.0846769504392],[47.901931762071605,80.08387756289004],[47.72082519648385,80.06971740665995],[47.68888091998586,80.0680541998782],[47.65415954681596,80.06748962425694],[47.61610412547237,80.07054138068598],[47.59561538618724,80.07971191394815]]],[[[47.90613746649027,80.0846769504392],[47.90613746649027,80.17941062240176],[47.94221496581821,80.17997741753092],[48.00054931760233,80.18498229922852],[48.056381224603626,80.19108581470928],[48.08249664275531,80.19720458891973],[47.96228408741414,80.23165130495518],[47.924163817780695,80.24247741825693],[47.90613746649027,80.24349228931561],[47.90613746649027,80.30031201677849],[47.977210998745235,80.30108642455282],[48.003883360530665,80.3047027592258],[48.185405730436536,80.33332061691495],[48.15387725825666,80.33888244749164],[47.92916107273613,80.36331176814437],[47.90613746649027,80.36512763731531],[47.90613746649027,80.41285806927942],[48.04332733152155,80.41442871193489],[48.19304656949042,80.41470336906933],[48.22888183517316,80.42025756765851],[48.12985610993453,80.46498870946898],[48.08888244735804,80.46859741215444],[47.90613746649027,80.46753105080121],[47.90613746649027,80.53027508868192],[48.01027679449824,80.54054260327706],[48.04027557246983,80.54304504281453],[48.330825806890054,80.56248474049933],[48.39443969750623,80.56637573230677],[48.434158325631564,80.56330871452536],[48.543331145455305,80.53262329109496],[48.54615497592091,80.53210167145683],[48.54615497592091,80.14596447174495],[48.54596710281159,80.14595794592684],[48.5109672538908,80.12165069511165],[48.48165893474909,80.11303710810591],[48.39749145393527,80.09193420363935],[48.374160767065696,80.0872039790762],[48.347770691779566,80.08888244721031],[48.32749176133904,80.09332275328664],[48.24568557812437,80.12233734057045],[48.20360565239988,80.13275146554784],[48.16276550239685,80.13442993105927],[48.107215881894845,80.12831115684882],[48.060821533302644,80.11914062620934],[48.04055023222696,80.11360168372717],[47.995456694274985,80.1016540537931],[47.90613746649027,80.0846769504392]]],[[[48.54615497592091,80.14596447174495],[48.54615497592091,80.53210167145683],[48.74860381991994,80.49470520094127],[48.7877731311537,80.49165344188955],[48.82416534309287,80.49220275878113],[49.18617248535156,80.52089858343375],[49.18617248535156,80.38011322150786],[48.90248870945337,80.38275146582917],[48.8666610705128,80.38247680607205],[48.836654663176354,80.37997436653458],[48.80068969829123,80.37317657360751],[48.627906798599724,80.30220031706565],[48.64193725562742,80.28637695405384],[48.669990540317976,80.27915954606024],[48.714439393006465,80.27665710390009],[48.84777068971957,80.28166198822038],[48.88333129826786,80.28221130248927],[48.91888427745131,80.27998352008626],[48.94832611178916,80.26998901279806],[48.99499511751581,80.24914550673627],[49.10728454468113,80.18546295183648],[48.98832702641379,80.14749145612888],[48.95915985183307,80.14498901396874],[48.92082977335503,80.1452636711032],[48.798049927563866,80.14999389566634],[48.76583099393143,80.15359497160964],[48.54615497592091,80.14596447174495]]],[[[48.961730958276824,80.73025512650571],[49.11693573055126,80.78887939415398],[49.18617248535156,80.79903011801198],[49.18617248535156,80.69262851603979],[49.02110290630265,80.71192932133376],[48.961730958276824,80.73025512650571]]],[[[49.18617248535156,80.38011322150786],[49.18617248535156,80.52089858343375],[49.192214964602215,80.5213775627267],[49.584991454615945,80.63970947307668],[49.570274352129445,80.71638488876245],[49.509994507064285,80.70971679766043],[49.4199905385393,80.7016601569111],[49.23499298114411,80.68692016633007],[49.18617248535156,80.69262851603979],[49.18617248535156,80.79903011801198],[49.81415557820033,80.89109802300531],[49.82618999478221,80.89214000071706],[49.82618999478221,80.47338640181006],[49.7958259570346,80.45220947352135],[49.82618999478221,80.41044658208794],[49.82618999478221,80.4040200693002],[49.80665588370743,80.39665222103181],[49.78221130432502,80.39221191495548],[49.630271910695306,80.3677520742207],[49.60332488915275,80.3641510009001],[49.570274352129445,80.36276245125279],[49.462768555081205,80.36164855873994],[49.42110443105215,80.36303710838725],[49.37943267765825,80.36470031779166],[49.28166198687077,80.37525940070113],[49.243049621893434,80.37831115713017],[49.20110321136509,80.37997436653458],[49.18617248535156,80.38011322150786]]],[[[49.82618999478221,80.47338640181006],[49.82618999478221,80.89214000071706],[50.029159545554634,80.90971374404141],[50.18443298211269,80.9224853506242],[50.216102598853546,80.92498779278434],[50.25083160401097,80.92637634243164],[50.29721832323833,80.92359924313705],[50.41165924178088,80.91387939560597],[50.44026565673409,80.90679168681476],[50.4127655023062,80.90054321340193],[50.34332275334372,80.89776611410734],[50.26832580579206,80.89721679721576],[50.23360442999949,80.89582824756846],[50.14193725469276,80.88777160681914],[50.11610412566306,80.88333129812014],[50.011798858969684,80.86074066226328],[50.13304901055257,80.84664917031682],[50.166938782954276,80.84553527780398],[50.46620750421285,80.87024474019569],[50.46620750421285,80.77770253233567],[50.29499817020017,80.75665283115669],[50.269714355439355,80.75221252508035],[50.248325348479746,80.74372863727699],[50.31638336116602,80.71527099624961],[50.34332275334372,80.71110534730772],[50.37416076669371,80.71110534730772],[50.40248870851871,80.71443176349389],[50.46620750421285,80.72970518276098],[50.46620750421285,80.52789084236727],[50.3422164928184,80.52581787142572],[50.198043824073864,80.52249145523955],[50.13110351464885,80.51971435594496],[50.10054779042083,80.51748657354194],[49.85277557254251,80.49192810164668],[49.82618999478221,80.47338640181006]]],[[[49.82618999478221,80.4040200693002],[49.82618999478221,80.41044658208794],[49.829856871374616,80.40540313660479],[49.82618999478221,80.4040200693002]]],[[[50.46620750421285,80.77770253233567],[50.46620750421285,80.87024474019569],[50.66499328499055,80.8866577143063],[50.72248840401895,80.89332580540832],[50.748329162413505,80.89776611410734],[50.80860137811381,80.91665649490056],[50.84609985320098,80.91693115203502],[50.88082504236465,80.91040038950023],[51.038467408509376,80.84727478085686],[51.01888275026982,80.83332824684247],[50.72193145776253,80.80914306586482],[50.46620750421285,80.77770253233567]]],[[[50.46620750421285,80.52789084236727],[50.46620750421285,80.72970518276098],[50.469711304443024,80.73054504499254],[50.616661072482145,80.75860595642526],[50.641937255255435,80.76304626512426],[51.26721191440456,80.78526306210367],[51.72526550181621,80.72276306137766],[51.746242523074145,80.71512603831754],[51.73123931809459,80.68373107871113],[51.70582580675408,80.67526245226013],[51.500549316295675,80.64082336296686],[51.415542602726134,80.63081359957164],[51.07416534300222,80.5788726817551],[50.773323058687495,80.53166198850171],[50.59137725772134,80.5299835203676],[50.46620750421285,80.52789084236727]]]]}},{"type":"Feature","properties":{"fillColor":"#fadfa4"},"geometry":{"type":"MultiPolygon","coordinates":[[[[55.728878024898464,75.07624054171332],[55.74638366430333,75.10664367875535],[55.80332946725134,75.14942932158183],[55.803329467251345,75.14942932158183],[55.809847082156246,75.15179618619595],[55.92568588301518,75.19386291807496],[56.03388213865748,75.21388244996139],[56.05582427666075,75.21582031498062],[56.0786056542963,75.21415710241158],[56.0997161899116,75.20971679298412],[56.11943817320115,75.18609619130251],[56.13999175887866,75.15304565807251],[56.139991758878736,75.1530456580725],[56.13999175887875,75.15304565807247],[56.143414514857035,75.15233497504958],[56.16137695473725,75.14860534864506],[56.18832397376385,75.1472167963193],[56.2045029627201,75.14886887701759],[56.20999145152393,75.1494293215818],[56.22726598700554,75.15249759111015],[56.23971557520194,75.15470886284845],[56.27531838780755,75.16569328879177],[56.27531838780755,75.02494928717596],[56.216384884872866,75.02082825066401],[56.1111068748329,75.00637817139682],[56.07416534486879,74.99748230143257],[56.055870056802945,74.99473009662738],[56.05387878219032,74.99443054433078],[56.01055145612156,74.98997497600092],[56.00529296319563,74.98978932185358],[55.98721313634138,74.98915100306425],[55.90193996104221,74.98866000854079],[55.889160154245246,74.98858642367516],[55.86166381473214,74.99553680696215],[55.74600022022721,75.06583411861712],[55.728878024898464,75.07624054171332]]],[[[56.27531838780755,75.02494928717596],[56.27531838780755,75.16569328879177],[56.284721372742155,75.1685943627267],[56.30125935898148,75.17489200103276],[56.324851989929584,75.18387603658874],[56.337399765623175,75.18609129266375],[56.35471344372923,75.18914794840421],[56.38402175842025,75.17915344525994],[56.46749114974968,75.10359192165365],[56.4600116525484,75.07105434015145],[56.459365846563855,75.06824493140493],[56.45936584656386,75.06824493140493],[56.45936584656383,75.06824493140479],[56.48054504723995,75.06137085042305],[56.50930023061534,75.06720733383436],[56.64040756456364,75.11456298675873],[56.692133919821416,75.13796542628432],[56.82175875071658,75.1966112993778],[56.82175875071664,75.19661129937784],[56.82175875071664,74.95356826578674],[56.82175875071658,74.95356826578674],[56.3213806130122,74.90554809244253],[56.46545369289598,75.00768449058481],[56.47262955006562,75.01277160474575],[56.472629550065605,75.01277160474577],[56.47262955006561,75.01277160474577],[56.46949517119784,75.0147932219026],[56.442489625193616,75.03221130613395],[56.41888427462129,75.03498840299238],[56.27531838780755,75.02494928717596]]],[[[56.7323493952121,75.29824829011747],[56.75555419569971,75.31637573369188],[56.82175875071658,75.34440161932893],[56.82175875071664,75.34440161932896],[56.82175875071664,75.28195819224453],[56.82175875071658,75.28195819224453],[56.805267333459454,75.28137206874715],[56.78018693632771,75.28165664983626],[56.779716488416796,75.28166198789285],[56.751388546515614,75.28414917339876],[56.7323493952121,75.29824829011747]]],[[[56.82175875071664,74.95356826578674],[56.82175875071664,75.19661129937784],[56.86360931039144,75.2155456547373],[56.908252712895944,75.23686218553507],[56.908252712895944,75.23686218553509],[56.90825271289596,75.2368621855351],[56.90797127825436,75.23997594886448],[56.9056854220492,75.2652664219483],[56.87784531750753,75.28000693921318],[56.87526702610463,75.28137206874715],[56.864293776834316,75.28275801716609],[56.85110473338773,75.28442382584888],[56.828880313482955,75.28221130058631],[56.82858695864618,75.28220087442583],[56.82175875071664,75.28195819224453],[56.82175875071664,75.34440161932896],[56.84152222060831,75.35276794316927],[56.86943817214453,75.35971069700494],[57.028327938336446,75.38943481288996],[57.05221557860326,75.39027404472913],[57.07943725787315,75.38888550019648],[57.26194000408859,75.37359618909008],[57.42832183680966,75.35470580818851],[57.53054809754117,75.33137512565258],[57.554710390258165,75.32859802100107],[57.58166503873597,75.32720947646843],[57.67835749182141,75.32431533823583],[57.71166229143097,75.32331847973444],[57.7145662681155,75.32328726327404],[57.7372131364736,75.32304381949116],[57.737213136473585,75.32304381949126],[57.73721313647371,75.32304381949126],[57.733047487289525,75.34803772238934],[57.65499114872614,75.42665100309722],[57.62277221788412,75.44275664989618],[57.54499816901529,75.4516601571047],[57.512214658784366,75.4941482513342],[57.57138061644601,75.51609801878864],[57.62971496392667,75.52859497413424],[57.65054320984748,75.53166199013833],[57.914639476534774,75.55884502391739],[57.914639476534816,75.55884502391739],[57.914639476534816,75.05760337941511],[57.914639476534774,75.05760337941511],[57.75308193879033,75.04294527401487],[56.82175875071664,74.95356826578674]]],[[[57.914639476534816,75.05760337941511],[57.914639476534816,75.55884502391739],[57.960823061837175,75.56359863128587],[57.96082306183717,75.56359863128597],[57.960823061837175,75.56359863128597],[57.959424341723036,75.57899094148284],[57.955825802471935,75.61859131031224],[58.1105499272728,75.683319091142],[58.23249054184265,75.6891479528952],[58.29510962905421,75.69682316499677],[58.51583099646393,75.72387694980353],[58.52966988529826,75.74114484852133],[58.54332732818392,75.75818634248196],[58.56777191059541,75.76832580519907],[58.68850174817324,75.80807123978029],[58.76943969795582,75.83471679859787],[58.78943634148868,75.838882447782],[58.8225243470083,75.84475053507536],[58.892768857058215,75.85720824929462],[58.9374008192826,75.86210632579422],[58.98832702419734,75.86248779056125],[59.00972939740948,75.86119459838109],[59.016105653405134,75.86080932688287],[59.264999393019366,75.88554382064694],[59.41725854184615,75.90701748548153],[59.61943817346568,75.93553161865002],[60.100400928171155,75.97456931536769],[60.100400928171176,75.97456931536769],[60.100400928171176,75.43192410593205],[60.100400928171155,75.43192410593205],[59.789762692219085,75.38046159120927],[59.16756528643327,75.1712812605997],[57.914639476534816,75.05760337941511]]],[[[60.04444122594632,76.04415130493749],[60.053307730473065,76.04933824161536],[60.06652069407118,76.05706787230613],[60.100400928171155,76.06530373763972],[60.100400928171176,76.06530373763972],[60.100400928171176,76.0323848394912],[60.100400928171155,76.0323848394912],[60.09554290823871,76.03248595977311],[60.0694427505025,76.0366516089573],[60.0526288727649,76.04169526023526],[60.04444122594632,76.04415130493749]]],[[[60.100400928171176,75.43192410593205],[60.100400928171176,75.64901733181154],[61.19328165398936,75.64901733181154],[61.19328165398936,75.61685105131173],[61.193281653989345,75.61685105131173],[60.917634933794716,75.57425492755658],[60.37413812606337,75.4772733351843],[60.100400928171176,75.43192410593205]]],[[[60.100400928171176,75.64901733181154],[60.100400928171176,75.97456931536769],[60.26971435608578,75.98831176462076],[60.26971435608558,75.98831176462082],[60.2697143560859,75.98831176462085],[60.12193298512051,76.03193664707965],[60.100400928171176,76.0323848394912],[60.100400928171176,76.06530373763972],[60.253326419592426,76.10247803076007],[60.27416229496443,76.10664367994423],[60.286495813725146,76.10820466621632],[60.296104432967695,76.10942077680255],[60.406301705646925,76.118372575526],[60.460273740426246,76.1227569561943],[60.48498505789431,76.12449752787406],[60.50749969268031,76.12608337353925],[60.522910842202606,76.12642485613623],[60.55776977258461,76.12719726562175],[60.646841291080264,76.11935207864454],[60.646841291080264,76.07336839334465],[60.64638519368111,76.07304382622777],[60.46846389784395,76.013877868566],[60.46846389784409,76.01387786856598],[60.468463897843876,76.01387786856591],[60.63249206435172,75.99748230262136],[60.646841291080264,75.99718038794158],[60.646841291080264,75.64901733181154],[60.100400928171176,75.64901733181154]]],[[[60.646841291080264,76.07336839334465],[60.646841291080264,76.11935207864454],[60.714168156403225,76.11342210399081],[60.726161954007914,76.11236572158748],[60.74190902439333,76.10837554978099],[60.68245664127962,76.09588713435834],[60.676822659357185,76.09470367453645],[60.67682265935706,76.09470367453642],[60.66838844692993,76.0887017371964],[60.646841291080264,76.07336839334465]]],[[[60.646841291080264,75.64901733181154],[60.646841291080264,75.99718038794158],[60.65251968388111,75.99706091180697],[60.65859985153929,75.99693298213475],[60.665369546656166,75.9970817223529],[60.683601376095325,75.99748230262136],[60.70721435611884,75.9994201676406],[60.72915649412211,76.0022125234014],[60.75888442862927,76.00930022901682],[60.77054916619053,76.01401713725397],[60.80982590023956,76.02989959919461],[60.817745208243025,76.0434799210247],[60.83215514096116,76.04922253558468],[60.832160951083175,76.04922485102166],[60.862327575137925,76.05107117041958],[60.91380148516514,76.05839861727199],[60.944435121117465,76.06275939614454],[61.02290239534528,76.06751074057084],[61.06388092073019,76.06999206912596],[61.08332824377645,76.07499695014928],[61.11123117239726,76.09669386272681],[61.156101230244076,76.13158416889075],[61.156101230244055,76.13158416889075],[61.15610123024408,76.13158416889078],[61.147559767726165,76.13421567808733],[61.11888122920783,76.1430511483241],[61.08178125858203,76.14222920640059],[61.068603512059035,76.14193725624156],[61.053904277607515,76.14090672344692],[60.99721527488123,76.13693237521835],[60.97221374253195,76.13638305473165],[60.94554138374866,76.13693237521835],[60.904922481684366,76.14810943550577],[60.927989275487455,76.17340598775026],[60.99541092136147,76.2473449669521],[61.045272829523114,76.269989014466],[61.066383365138414,76.27388000340687],[61.09027099761212,76.27554321597593],[61.193281653989345,76.28179881665851],[61.19328165398936,76.28179881665851],[61.19328165398936,75.64901733181154],[60.646841291080264,75.64901733181154]]],[[[61.19328165398936,75.61685105131173],[61.19328165398936,76.28179881665851],[61.62998962113238,76.30831908896263],[61.76388550001244,76.28776550328512],[61.78499603562774,76.28305053361437],[61.99887848084603,76.25555420189428],[62.00713741085035,76.25469407517055],[62.02832794428099,76.25248718589012],[62.13992412678274,76.25370875591433],[62.18166351675597,76.25416564956853],[62.286162379807536,76.25694040743593],[62.286162379807536,75.7762136085705],[62.071080076667386,75.75249863027824],[61.19328165398936,75.61685105131173]]],[[[62.286162379807536,75.7762136085705],[62.286162379807536,76.25694040743593],[62.30377820358388,76.25740816032994],[62.3069381703289,76.25749206691353],[62.37158584581758,76.21463775902622],[62.54554748765318,76.20664977816891],[62.58540649042785,76.21811214936812],[62.693321229167225,76.2491455096428],[62.72665862976238,76.25626220561415],[62.73499297991118,76.258041379607],[62.75749969730344,76.26054382401522],[62.80582428273743,76.26361084001933],[62.84304809460279,76.2580490090582],[62.85128783955668,76.24531554851843],[62.84970954313061,76.23881063047673],[62.847770693724726,76.23081970033718],[62.847770693724755,76.23081970033716],[62.84777069372474,76.23081970033711],[62.90470885942844,76.20748901000808],[62.979431151195556,76.209716794173],[63.02499389867355,76.21499633543964],[63.15415954898046,76.23776245417278],[63.36638641108091,76.2791595446735],[63.50661943648389,76.30849878489765],[63.52165984857538,76.31164550630763],[63.53648197293267,76.31433521016857],[63.69470977488869,76.34304809366408],[63.717765804974434,76.3455352791699],[63.880546567900325,76.33804321264074],[64.01457214745082,76.32110595566081],[64.03581237594346,76.31303405863338],[64.05998229811166,76.30970764128838],[64.08554077260561,76.30998230153168],[64.10971069477381,76.31137084606432],[64.15664672788205,76.3183288588024],[64.47192383144389,76.39248657118054],[64.36926250257613,75.98019311375725],[64.17868566325416,75.91504108071899],[62.95506078646855,75.84996635792317],[62.286162379807536,75.7762136085705]]]]}},{"type":"Feature","properties":{"fillColor":"#fadfa4"},"geometry":{"type":"MultiPolygon","coordinates":[[[[20.843887329192782,77.5419311529876],[20.878747939862222,77.56456756682131],[20.960826874009474,77.585266112666],[21.01583099363614,77.58581543019254],[21.068054199430552,77.58720397864822],[21.129161834420092,77.59248352073149],[21.192771912574724,77.60262298642324],[21.22471618698562,77.61360168505095],[21.24228668188414,77.63011932386544],[21.23749542271561,77.66387939503498],[21.239994048959826,77.69636535714423],[21.252635955809886,77.72359466464795],[21.459159851795082,77.82943725652743],[21.644996642664253,77.91249084403012],[21.539718627967652,77.94581603907532],[21.26638794044847,77.98748779253818],[20.97193908660303,78.04832458468194],[20.883050918122805,78.07387542631375],[20.8687458030504,78.09012603719654],[20.896661758967372,78.11262512215032],[20.934162139675045,78.12248230025403],[20.974163055087377,78.1277618403305],[21.425273894481087,78.1833190923978],[21.468605041252204,78.18775939953831],[21.71166229241101,78.20277404849492],[21.823331832931352,78.2084342010102],[21.823331832931352,77.48220375664057],[21.34721755946682,77.45887756347811],[21.30944061253884,77.45359802340164],[21.26860809401873,77.44914245660478],[21.207496642108314,77.44247436606582],[21.166664123588205,77.43803405691851],[21.120552062984835,77.43498230024048],[21.089164733921848,77.43580627352007],[20.951938629900262,77.44081115784347],[20.892772673800238,77.44303894124191],[20.867218017254338,77.45457458521753],[20.843887329192782,77.5419311529876]]],[[[21.823331832931352,77.48220375664057],[21.823331832931352,78.2084342010102],[21.837497711165085,78.20915222161764],[21.865272521281245,78.20971679679373],[21.946105957220475,78.20887756385778],[22.146663666722738,78.19970703216053],[22.399162292424577,78.1924743644387],[22.448049545492474,78.19928741368575],[22.474718094740986,78.20846557521118],[22.499372481732347,78.2220916757121],[22.802776336669922,78.2475691630501],[22.802776336669922,77.26953033472495],[22.779720307371633,77.26485443054895],[22.64110565088077,77.25305175864163],[22.448329924620072,77.2566528328462],[22.423606873188746,77.25721740802229],[22.386730193808507,77.29859161424075],[22.415620803080927,77.41165161217891],[22.58444213794584,77.47581481876058],[22.692493438653322,77.49304199145926],[22.712493897362883,77.503601073619],[22.773191452166262,77.54615783698004],[22.49304962185367,77.56887817290327],[22.464996337056764,77.57026672336575],[22.436107636244785,77.57054138112562],[22.412773133269145,77.56915283266993],[22.371109009634463,77.56498718328928],[22.350551605576992,77.56275939989085],[22.306802748791547,77.5551223753574],[22.28305244426202,77.5458145147802],[22.26694297717324,77.52610015857277],[22.24721908669078,77.51554107641304],[22.21055221554453,77.5061035147773],[22.183605193622064,77.50166320763678],[22.133605956311996,77.49581909238422],[22.0869407652748,77.49304199145926],[21.84055328275721,77.4830474844756],[21.823331832931352,77.48220375664057]]],[[[22.802776336669922,77.26953033472495],[22.802776336669922,78.2475691630501],[22.834995269844082,78.25027465755397],[22.865550995799293,78.2499999997941],[22.949440003330647,78.24803161650598],[22.98277282619723,78.24693298345971],[23.219161986817085,78.22221374493569],[23.254997252848764,78.21554565439673],[23.33610916146195,78.1974792487621],[23.45971679681759,78.1558227529488],[23.367633819404872,78.10498809761687],[23.338886260380118,78.10081481840804],[23.216106415224964,78.0944366452853],[23.18582916194371,78.09471130304517],[23.12180137578154,78.09220886188687],[23.09485816877316,78.08332824760583],[23.05388641291268,78.0488662723803],[23.058469772307657,78.01887512160117],[23.07999610835284,77.99873352110437],[23.112773894331955,77.98858642558444],[23.16527175989303,77.9785919186008],[23.28138732942332,77.96026611285585],[23.60485839804659,77.87553405747445],[23.636661528663467,77.86526489273093],[23.657497405394892,77.86248779381276],[23.782220840408492,77.85331780067304],[23.782220840408492,77.4645403996355],[23.74193954536686,77.45109558023654],[23.710826874063745,77.44358825676164],[23.381246566703084,77.3722076421145],[23.348884582277858,77.36970520095619],[23.324165343753823,77.3705291742358],[23.292774199776748,77.38192748933149],[23.234992981231912,77.39221191373134],[23.20388412484288,77.39332580643396],[23.091941832514618,77.38165283157161],[22.958049774765904,77.35165405297111],[22.92027282783792,77.33831787189321],[22.90221786493875,77.32366943261417],[22.903190611840547,77.30004882713641],[22.86944198541328,77.28305053724213],[22.802776336669922,77.26953033472495]]],[[[23.782220840408492,77.4645403996355],[23.782220840408492,77.85331780067304],[23.838886261302164,77.84915161072807],[23.867218016766234,77.84748840250572],[23.89027404706792,77.84748840250572],[23.936107634997335,77.85054016119055],[23.973606109251364,77.85609436103368],[24.026248931513752,77.86997985763132],[24.048051833779244,77.88039398108295],[24.076385497703754,77.88471984882804],[24.22777175808964,77.89082336419092],[24.33499527060343,77.88415527365197],[24.527774811778215,77.85331726010871],[24.549442291617417,77.84748840250572],[24.76166534414706,77.78692627012862],[24.754444123174288,77.72943115207912],[24.522499084609038,77.71527099571482],[24.479717255364452,77.71138000409404],[24.263610839035408,77.68386840900227],[24.207771301386874,77.67553711024098],[24.175827026975977,77.6683197021755],[24.082496642894796,77.63777160604846],[24.00277709965818,77.60304260289122],[23.98541259807956,77.59137725785705],[23.962772369331763,77.56469726587306],[23.93860626124155,77.53858947688656],[23.902357102116422,77.50463867205347],[23.782220840408492,77.4645403996355]]]]}},{"type":"Feature","properties":{"fillColor":"#f28d44"},"geometry":{"type":"MultiPolygon","coordinates":[[[[3.180832862932288,39.759994506730905],[3.24458313003793,39.735412597463814],[3.267916440767762,39.735691070323504],[3.293333053591727,39.74582672109773],[3.331110716088529,39.765201568833646],[3.382777690787253,39.77333068837993],[3.439722060968744,39.75027465823454],[3.479999780628927,39.71638488758245],[3.463610649032801,39.66138458277946],[3.44749975195563,39.64027404805701],[3.374583005818821,39.55096817032407],[3.331943989029409,39.52638244646205],[3.241944312840397,39.364440917771674],[3.081943988868114,39.27304840060272],[3.060277700701519,39.26333236670128],[2.791666507958934,39.36374282861076],[2.749791383521767,39.40075683595293],[2.727777480819141,39.47305297824566],[2.544444083886202,39.52249526963955],[2.436944008125085,39.52165985106047],[2.389166355315498,39.52499389675851],[2.364166259791605,39.55583190916718],[2.386110782477156,39.612777709964654],[2.683888435448039,39.793884277383],[2.777777671866926,39.844718933075356],[2.98777771020552,39.91110992410443],[3.071388721221105,39.92194366461113],[3.091805219718308,39.897495269595716],[3.124444007854197,39.81221771212681],[3.139930248151629,39.78694152829372],[3.180832862932288,39.759994506730905]]]]}},{"type":"Feature","properties":{"fillColor":"#fadfa4"},"geometry":{"type":"MultiPolygon","coordinates":[[[[8.502182875543554,63.29837429384963],[8.539999009988264,63.30944059963571],[8.584444044500003,63.312217729524264],[8.708748801083118,63.35062027171546],[8.641179097318116,63.39558412347503],[8.672222146581362,63.41388701726777],[8.737302797402833,63.415916447917084],[8.745970734963464,63.419162762659425],[9.00097082535973,63.464649187004056],[9.068887723593775,63.44041061506783],[9.114166249376922,63.41291426880343],[9.14611054083963,63.374160776806264],[9.231388091677047,63.353881840095426],[9.373332983119269,63.368331912839665],[9.418054596275795,63.37471772814786],[9.468541155237858,63.39596937460789],[9.394998568391031,63.38277435876546],[9.216595663815724,63.36839676015637],[9.1648607069003,63.38930128957725],[9.152811068885967,63.485759717960434],[9.247637745208579,63.535274496328555],[9.534582127067495,63.60457994014945],[9.647499075413975,63.623886089681264],[9.71749879202838,63.630271904989286],[10.045901282923069,63.38353731164233],[10.064443589137227,63.4197158812342],[10.087360398543979,63.4302711660697],[10.125276566502919,63.44027708766765],[10.146387097459236,63.444160454705816],[10.273055083834208,63.462913524377825],[10.300276748479803,63.463329321500396],[10.44333267770861,63.452499393760945],[10.525554661701506,63.43416595397861],[10.550832765159385,63.430831911463315],[10.557723145441027,63.43104678693941],[10.557723145441027,63.17015045941614],[10.466742716173485,63.16852912097761],[9.55162773504793,63.19069074069637],[8.937053568252338,63.20763198747494],[8.94013784799398,63.20791242739614],[8.87138749720333,63.209442127201896],[8.502182875543554,63.29837429384963]]],[[[9.54527663038101,63.76610945679431],[9.578887943101279,63.78569032665973],[9.63097191408201,63.80749892446153],[9.86194419599991,63.886108390268305],[10.1369438182806,63.939437855590995],[10.054444326487555,63.98166275027046],[9.982221605144389,63.990554807900196],[10.020277030296256,64.06637572294761],[10.16611097985458,64.1897125317036],[10.447221774539514,64.32415770515502],[10.557723145441027,64.34026775138626],[10.557723145441027,63.618897747835476],[10.546943668328481,63.615554816159715],[10.392775541637434,63.56888580904882],[10.314998637946417,63.55749513591576],[10.252775179252978,63.55721666024499],[10.216665251029553,63.5499992506916],[10.168766003213989,63.52728271302749],[10.092777259439686,63.50222013494971],[10.047777170612505,63.49610900126049],[9.999999990611286,63.495254526558824],[9.922152509811156,63.50672913341265],[9.808332460954261,63.62221906842353],[9.7891654911856,63.66249846617461],[9.80826188384492,63.68860626685188],[9.857359897219851,63.689300539645274],[9.915277494089423,63.69999693998477],[10.004999157358327,63.720550519599556],[10.063888534821672,63.74333190458037],[10.094581602149319,63.75964737329902],[10.005277633029095,63.772499066154296],[9.905554771369736,63.74972151394036],[9.732776626251336,63.70111084266773],[9.570276258168292,63.661384563491595],[9.546665175967973,63.662357311955816],[9.54527663038101,63.76610945679431]]],[[[10.495290748108005,64.42381285460135],[10.557723145441027,64.4288762499245],[10.557723145441027,64.38727508601382],[10.549101825740593,64.39054869763532],[10.499700559212727,64.41414642322405],[10.495290748108005,64.42381285460135]]],[[[10.557723145441027,63.17015045941614],[10.557723145441027,63.43104678693941],[10.577499375489424,63.431663505708684],[10.855371482250462,63.44370269072277],[10.889165877335074,63.44721985431727],[10.911804211071058,63.45804978205672],[10.917081814774122,63.55242539205938],[10.913124076574718,63.59992599341564],[10.878888139014805,63.60138321908613],[10.726943017052236,63.56513596941073],[10.687776554113952,63.547775278092445],[10.666248329008965,63.545410151274496],[10.72055433684801,63.60499573727219],[10.742498397790428,63.616386410405084],[10.92444421131313,63.68694303964611],[10.965971000432148,63.700550097274345],[11.25361062295508,63.76777647805204],[11.279443742013541,63.772911069225074],[11.337499628205535,63.77555083894703],[11.421665173385747,63.783050518223035],[11.459929464969377,63.798259749792294],[11.42756747935806,63.840969082963],[11.294998154881284,63.86555481065335],[11.274998661711663,63.86791231065263],[11.23361016191484,63.86374663517694],[11.192915934911582,63.851108531960904],[11.136942867100117,63.84318922279533],[11.104513169275776,63.84930039519935],[11.0954847193496,63.88624571172011],[11.264720923391167,63.96083069498485],[11.34722138305483,63.972770692640665],[11.42090129135346,63.97679900794935],[11.487915979517709,64.00554657834857],[11.35763741069752,64.1084670902269],[11.313054086863417,64.11624145112182],[11.212776170888617,64.04388427322311],[10.902011879112422,63.89347074809234],[11.02222157604399,63.875759106968076],[11.074721344147292,63.83971785882801],[10.941944121109202,63.738052365136696],[10.557723145441027,63.618897747835476],[10.557723145441027,64.16159452555057],[11.585493280389764,64.16159452555057],[11.585493280389764,63.18846608222851],[10.557723145441027,63.17015045941614]]],[[[10.557723145441027,64.16159452555057],[10.557723145441027,64.34026775138626],[10.59013844657568,64.34499359320722],[10.652082461727957,64.35554504527613],[10.607350356856386,64.36843107817305],[10.557723145441027,64.38727508601382],[10.557723145441027,64.4288762499245],[10.58860971464037,64.431381213961],[10.66263770784883,64.44311524879618],[10.695554747775532,64.46888731458995],[10.936527260213552,64.57332610540323],[11.060971273989253,64.54277039824245],[11.273332608324324,64.45166015067184],[11.285554875702758,64.3744354364],[11.221666331492372,64.31610107453741],[11.258888226657916,64.33360292007433],[11.34472083181089,64.38916015204836],[11.438610067581465,64.46499632073306],[11.508054729880314,64.54387663539183],[11.508609784195698,64.57165529009364],[11.477776530519748,64.59220886970849],[11.460554128523881,64.60499571524713],[11.397082310591827,64.66964721233444],[11.417776115269874,64.6977691513087],[11.438331591910696,64.71110536008496],[11.539165491356641,64.79798887891525],[11.585493280389764,64.81737619335973],[11.585493280389764,64.16159452555057],[10.557723145441027,64.16159452555057]]],[[[11.237707157307,64.81950378612362],[11.27277755400894,64.84054563699652],[11.374443047700254,64.85221861856701],[11.397721298628198,64.85593415687816],[11.423054686843102,64.85527039135951],[11.466720585684925,64.8599319649121],[11.55447100667294,64.88093568169126],[11.541712771383175,64.88359833186928],[11.513054864497576,64.87943269510862],[11.309999449174484,64.85581971588243],[11.253191960935851,64.85554503426368],[11.301805497104738,64.88513182572706],[11.351943971156913,64.90138244712904],[11.427499767145207,64.92359925394959],[11.547221192818654,64.94943237300822],[11.585493280389764,64.95973087039684],[11.585493280389764,64.82462134149083],[11.412999171565957,64.75999450702818],[11.292499539378184,64.75054933082367],[11.237707157307,64.81950378612362]]],[[[11.585493280389764,63.18846608222851],[11.585493280389764,64.81737619335973],[11.586165432713756,64.8176574765535],[11.71783161796526,64.85032654808447],[11.785774222837063,64.86585997752212],[11.798915850948674,64.86740876373199],[11.834040641966624,64.86340332887943],[11.851498584902345,64.85523988408477],[11.876415246839088,64.8567428706674],[11.857998841206268,64.86566160280552],[11.839998232696018,64.87098694187637],[11.822998982899037,64.8744888131186],[11.799331648071245,64.87599183841604],[11.770915979788697,64.87491606982684],[11.694165212293285,64.85932921394334],[11.682332028814528,64.8561554120509],[11.594498641976145,64.82799530026824],[11.585493280389764,64.82462134149083],[11.585493280389764,64.95973087039684],[11.878610609189309,65.03860475046918],[11.967142101588081,65.06420898753606],[11.974998460462984,65.0658264151146],[12.004304879229608,65.05971528142538],[12.009750350374361,65.05169678490154],[12.023155200519113,65.02688596927146],[12.04478931064557,65.0528411948593],[12.148887643367914,65.03915403627713],[12.25444413091617,65.05305482321342],[12.42055512015952,65.08444212461973],[12.613263415338501,65.13084680687246],[12.613263415338501,63.42987838426029],[12.461252058149057,63.37920781645437],[11.710328649470625,63.19069074069637],[11.585493280389764,63.18846608222851]]],[[[12.367776876385392,65.2694397109351],[12.509192458864732,65.36660766574892],[12.613263415338501,65.40765094077337],[12.613263415338501,65.18350409879618],[12.479789717636152,65.13430022597527],[12.390415210121375,65.14068604128329],[12.368331891985974,65.15776825693081],[12.42222214141708,65.23054502600417],[12.510276783428367,65.24026488382765],[12.558776846471972,65.24813080526206],[12.593509688693814,65.25350190524529],[12.577444085397076,65.26113127915482],[12.431110366280222,65.27207948065683],[12.367776876385392,65.2694397109351]]],[[[12.354928977582063,65.64075471035414],[12.613263415338501,65.86927476446768],[12.613263415338501,65.44994930782838],[12.607498164688252,65.45915221981892],[12.561943060260319,65.50444030816169],[12.531110774454817,65.51693725715893],[12.505414976848158,65.51082612346971],[12.476665509422958,65.51304626330204],[12.421110135760102,65.52860261191063],[12.392914754780065,65.54415892180435],[12.355554570292156,65.59027097757371],[12.354928977582063,65.64075471035414]]],[[[12.613263415338501,63.42987838426029],[12.613263415338501,65.13084680687246],[12.624721534554567,65.13360595318187],[12.660079278223376,65.15465993012353],[14.359484845694613,65.15465993012353],[14.156708093130533,64.91913426562883],[13.977879788578093,64.68368157097478],[13.803223195757482,64.40390702712983],[13.268791987193993,63.91288306980209],[13.112273870208298,63.7236370958704],[12.827607081085773,63.501326435575834],[12.613263415338501,63.42987838426029]]],[[[12.613263415338501,65.18350409879618],[12.613263415338501,65.40765094077337],[12.634511930772376,65.41603088357749],[12.613263415338501,65.44994930782838],[12.613263415338501,65.86927476446768],[12.64736079744614,65.89943696689039],[12.670832622453474,65.91915895225986],[12.673748970820213,66.06443784750275],[12.839443195070373,66.12763215763442],[12.894998568733172,66.13388061277561],[12.923053724650003,66.13499451545857],[12.955275523913087,66.13360596987167],[12.98402595920868,66.13484956718781],[13.06860923725253,66.14665220467663],[13.162776948693875,66.16693114138747],[13.227220547219645,66.18083192832393],[13.265416158719802,66.19908906120429],[13.304304107272685,66.2188796879422],[13.351387014480395,66.22360227604452],[13.55965232129364,66.2340164066614],[13.576596247618738,66.21436310137528],[13.527221694313653,66.19332883860636],[13.531735415984201,66.11047363508476],[13.549720770856993,66.10055540254479],[13.613055228622045,66.19165802329678],[13.641033550287238,66.21076375915716],[13.641033550287238,65.15465993012353],[12.660079278223376,65.15465993012353],[12.939234736813034,65.3208846938793],[12.776305214995773,65.25353241252043],[12.705571155753375,65.21931459349435],[12.688570976800804,65.21126555098061],[12.613263415338501,65.18350409879618]]],[[[13.006457323538768,66.35297395030238],[13.283887849109874,66.5213775535135],[13.269026741165078,66.54055021436],[13.234165210895071,66.54554748408106],[13.207915288128618,66.55415343922141],[13.17305375785861,66.64804840478479],[13.229026786955217,66.71027376050426],[13.287081705276762,66.72096253402492],[13.402498236996735,66.71665953709726],[13.493887889393761,66.7095794489959],[13.544122685908007,66.69811246896086],[13.570582404261756,66.69074248431787],[13.641033550287238,66.69059704800614],[13.641033550287238,66.23917175383632],[13.63944436986651,66.23887635493043],[13.619026175963086,66.23763275761411],[13.589443217266307,66.24360656985135],[13.48222160548653,66.2519378820877],[13.367221838759576,66.24137880320023],[13.194999677112378,66.19970702709571],[13.173887249129962,66.19471742290813],[13.141942996382284,66.18777465625874],[13.066248911071796,66.17568971033228],[13.028401384481356,66.18894957349136],[13.006457323538768,66.35297395030238]]],[[[13.512325278456899,66.78141784836163],[13.52590179009536,66.8997802678528],[13.551387792114554,66.92846678498734],[13.571526542476988,66.93415832750179],[13.597498880013688,66.93666077577171],[13.641033550287238,66.93688693473312],[13.641033550287238,66.71494745647728],[13.623055459142165,66.7124939003366],[13.58583259610623,66.70805358195696],[13.556804653010204,66.7103347750541],[13.512325278456899,66.78141784836163]]],[[[13.641033550287238,65.15465993012353],[13.641033550287238,66.21076375915716],[13.662984836242742,66.22575377450835],[13.704999935334683,66.23416139364684],[13.745832451660306,66.2363739066605],[13.767498966087715,66.23665617638312],[13.806527139703803,66.23055266951275],[13.855276100298624,66.2210998664894],[13.877777112582635,66.22526550325023],[13.998888012998634,66.2488861092952],[14.138262743958194,66.32023619868806],[14.11319350693202,66.33665464881693],[13.720137583209407,66.25387571348261],[13.641033550287238,66.23917175383632],[13.641033550287238,66.69059704800614],[13.69992829445232,66.6904754682327],[13.86416626090238,66.71943662827118],[13.887220391761161,66.72797394204304],[13.739499094927908,66.72665403782457],[13.689915675191116,66.72161863400993],[13.641033550287238,66.71494745647728],[13.641033550287238,66.93688693473312],[13.75610922211041,66.93748474319841],[13.92833328078359,66.91970825475755],[13.950554849526554,66.91971588157617],[14.122499464658574,66.98027038327126],[14.30416490548447,67.05360414240101],[14.29777719315041,67.07083130631918],[14.26888750066206,67.07665254346693],[14.323059274660357,67.14079073926945],[14.668803685235975,67.14079073926945],[14.668803685235975,65.43598854947382],[14.389584632282265,65.18962090147534],[14.359484845694613,65.15465993012353],[13.641033550287238,65.15465993012353]]],[[[14.668803685235975,65.43598854947382],[14.668803685235975,67.14079073926945],[16.72434395513345,67.14079073926945],[16.72434395513345,67.13946960077725],[16.46276789521761,66.92093803832267],[16.058203377741847,66.6113608304999],[15.576326226896128,66.10876968038389],[15.15759941526835,65.79015546264708],[14.735840187538031,65.49513789916],[14.668803685235975,65.43598854947382]]],[[[14.323059274660357,67.14079073926945],[14.325554841267035,67.14374543555948],[14.350555436924537,67.15110779338352],[14.552221300075871,67.18998718596214],[14.58083247817865,67.19527435222466],[14.668803685235975,67.20186426360812],[14.668803685235975,67.14079073926945],[14.323059274660357,67.14079073926945]]],[[[14.464443197994342,67.29527282465841],[14.57555483576084,67.39290617027427],[14.668803685235975,67.45129664176297],[14.668803685235975,67.20752101346129],[14.668609612389616,67.20748903149905],[14.629651086727392,67.20887757708601],[14.539860743375016,67.24637605089634],[14.464443197994342,67.29527282465841]]],[[[14.668803685235975,67.14079073926945],[14.668803685235975,67.20186426360812],[14.795832653080026,67.21137998664096],[15.059234632822154,67.20902252535666],[15.38492964178198,67.19409180817297],[15.696573820184712,67.17148837444947],[15.696573820184712,67.14079073926945],[14.668803685235975,67.14079073926945]]],[[[14.668803685235975,67.20752101346129],[14.668803685235975,67.45129664176297],[14.731595985245121,67.49061586150702],[14.819166188764996,67.52804565523388],[14.917360318489216,67.55485535552333],[14.971942904972877,67.56332398921188],[15.03583144918332,67.57054139876527],[15.07360936653464,67.56916047999698],[15.146595969910322,67.54109955557249],[15.108888629668229,67.49304200287463],[15.531387325739217,67.46499633208765],[15.61916542782052,67.51110838785718],[15.546179753600484,67.50784302542519],[15.359998694078172,67.51220703690268],[15.278888715742312,67.51832579741057],[15.238679895100745,67.52846528512327],[15.182429319488904,67.61957549397931],[15.306874262420195,67.71672819515567],[15.357221602904303,67.70776366339061],[15.454721459834957,67.68582153818886],[15.508609773525222,67.67610168036532],[15.651943210554577,67.6752777129388],[15.696573820184712,67.67561250868985],[15.696573820184712,67.206301333632],[15.696109769395548,67.20666502535755],[15.413887007768494,67.23527527430474],[15.275833148897789,67.24137878117534],[15.255415922864529,67.24013518385897],[15.140693663937952,67.26971434850373],[15.110971448048588,67.29026792811857],[15.038332000427204,67.29554746756224],[14.859165175104465,67.27360534236061],[14.830528251649127,67.25168609761499],[14.712776171230587,67.21693420770362],[14.692220694589764,67.21137998664096],[14.668803685235975,67.20752101346129]]],[[[14.733331686586212,67.65193937661661],[14.756804479463938,67.80262754465116],[14.88930415598702,67.8688812156795],[14.968053808142031,67.88916015239033],[14.992221841683715,67.89305114624705],[15.03124807955902,67.89290619797646],[15.182220453057198,67.87944029456702],[15.525276192049944,67.92054749251145],[15.696573820184712,67.94519780918868],[15.696573820184712,67.74684674295744],[15.683886534146723,67.74971008239925],[15.631942749514394,67.75999451838277],[15.589166633286368,67.76666260341341],[15.37208174297865,67.79241941556978],[15.177498832825336,67.70985410858975],[15.07277680441888,67.68110657690522],[15.001110066546858,67.6630554068455],[14.918609606883365,67.6488800157199],[14.843887340881508,67.63861083337383],[14.812776579405181,67.63888551499258],[14.761665356888614,67.64305115175347],[14.733331686586212,67.65193937661661]]],[[[15.288331994921009,68.03054809249119],[15.350971212022273,68.07624055708607],[15.43277739889237,68.11776734620514],[15.494512547612942,68.1256790285521],[15.66583346706102,68.14665223805628],[15.696573820184712,68.14337246354579],[15.696573820184712,68.02333701104072],[15.66033267244444,68.02201844425298],[15.438887603425979,68.00457765198064],[15.40777684194967,67.98818970912657],[15.322775831042236,67.99880980256398],[15.288331994921009,68.03054809249119]]],[[[15.696573820184712,67.14079073926945],[15.696573820184712,67.17148837444947],[15.713333139261692,67.17027282741134],[15.735554708004656,67.17575074157185],[15.696573820184712,67.206301333632],[15.696573820184712,67.67561250868985],[15.826873783292399,67.67658995162361],[15.781110780302981,67.72776795719727],[15.696573820184712,67.74684674295744],[15.696573820184712,67.94519780918868],[15.708610551159609,67.94692993609272],[15.735832215805033,67.94888305983989],[15.773887640956787,67.9484634299505],[15.804721823788498,67.9416656502865],[15.822707178661119,67.93006134879948],[15.871110919242653,67.92332458368537],[15.906665793150637,67.94721983263418],[15.955831518738648,67.99304199186219],[15.961111058182325,68.01304624695427],[15.788665783051044,68.02668760590939],[15.696573820184712,68.02333701104072],[15.696573820184712,68.13385614384241],[15.730365086299383,68.13385614384241],[15.76481819204048,68.10817718301496],[15.74319364447365,68.10633850026369],[15.70699308486627,68.10467531177272],[15.6972350929492,68.08641814017756],[15.713193882069106,68.08067320993194],[15.839360240574365,68.1112594630826],[15.849610336516207,68.11866762053398],[15.897777568287495,68.12721252240965],[15.902116986302296,68.13385614384241],[16.101374826550813,68.13385614384241],[16.09249876776323,68.06805419312036],[16.21045888765908,67.9028622297968],[16.21045888765908,67.14079073926945],[15.696573820184712,67.14079073926945]]],[[[16.207496637464033,67.99999238533042],[16.21045888765908,68.00106335519551],[16.21045888765908,67.99371144174619],[16.207496637464033,67.99999238533042]]],[[[16.21045888765908,67.14079073926945],[16.21045888765908,67.9028622297968],[16.212011327004973,67.90068818569006],[16.393886563418164,67.82138061432323],[16.423610676333567,67.81138611359574],[16.468887343805477,67.79916380750268],[16.495830532780303,67.79415894967764],[16.50194166646952,67.80499267146911],[16.453330995196893,67.8474884150005],[16.426387806222294,67.85249327282537],[16.372219081120363,67.86248781226766],[16.320552843003213,67.87277220953621],[16.258886335651198,67.89102934241657],[16.21045888765908,67.99371144174619],[16.21045888765908,68.00106335519551],[16.466804486710316,68.093742363908],[16.427634339733626,68.13385614384241],[16.72434395513345,68.13385614384241],[16.72434395513345,67.14079073926945],[16.21045888765908,67.14079073926945]]],[[[15.696573820184712,68.13385614384241],[15.696573820184712,68.14337246354579],[15.721109397182659,68.14075469400638],[15.730365086299383,68.13385614384241],[15.696573820184712,68.13385614384241]]],[[[15.902116986302296,68.13385614384241],[15.933886528640471,68.18249511147974],[15.951838511341919,68.23363494424501],[16.01374818645263,68.24346161624538],[16.0404147967825,68.23541261244662],[16.10458181666371,68.15763090811845],[16.101374826550813,68.13385614384241],[15.902116986302296,68.13385614384241]]],[[[16.10576246368919,68.27110291078043],[16.137638075068367,68.30609893632084],[16.183748233811855,68.31540679107337],[16.516803742284708,68.25346374379154],[16.54388808547816,68.23971557065931],[16.56638716202133,68.21457672439425],[16.632774360449673,68.17416379924316],[16.721803647951162,68.14068605263788],[16.72434395513345,68.14019284121403],[16.72434395513345,68.13385614384241],[16.427634339733626,68.13385614384241],[16.40916443635598,68.15277099856434],[16.292442324899582,68.19577026699113],[16.234441762179642,68.18916319651032],[16.189998624693885,68.19221496930305],[16.165554051222216,68.20228577693246],[16.10576246368919,68.27110291078043]]],[[[16.222776407427773,68.34748840398805],[16.292221069726622,68.36305237941525],[16.31721876177312,68.36694337327219],[16.547496809612255,68.39637755093128],[16.589443189906092,68.39942932372401],[16.706386556535392,68.40083312294826],[16.72434395513345,68.39942853095546],[16.72434395513345,68.17603749114073],[16.465553301290186,68.29415893866519],[16.413887024458234,68.29693602983889],[16.244998944041185,68.32513427571553],[16.222776407427773,68.34748840398805]]],[[[16.46701048824582,68.51172637043817],[16.539581294498475,68.53846739064431],[16.576683057590515,68.53088377764738],[16.567358013459682,68.57102964799827],[16.566316623626847,68.60283661800884],[16.62458230540608,68.63874054469693],[16.72434395513345,68.65850509718659],[16.72434395513345,68.43398592128271],[16.527221666953437,68.43388365156028],[16.50472069338406,68.43595884312197],[16.46701048824582,68.51172637043817]]],[[[16.72434395513345,67.13946960077725],[16.72434395513345,67.14079073926945],[16.725925320303364,67.14079073926945],[16.72434395513345,67.13946960077725]]],[[[16.72434395513345,67.14079073926945],[16.72434395513345,68.14019284121403],[16.76832960381728,68.13165284078912],[16.8000659967185,68.13033293657088],[16.73332978422485,68.17193603259221],[16.72434395513345,68.17603749114073],[16.72434395513345,68.39942853095546],[17.132637027985254,68.36749265908014],[17.202499384432713,68.36957551617525],[17.25235938281429,68.40110017774839],[17.402496329300277,68.41831971484788],[17.489166258491423,68.4222107087046],[17.570831291142724,68.42443847535571],[17.57194136105892,68.4502715944144],[17.548192996121372,68.52568817192451],[17.525415405192803,68.52610017499524],[17.35305406378228,68.49610900727976],[17.32312201359059,68.48645020272107],[17.296110144532634,68.46582794302299],[17.261943816211613,68.45111085419342],[17.22555541231742,68.44499205497056],[17.183608993308837,68.44194032089285],[17.113887791080003,68.43721006725696],[17.05666349913355,68.43415833317908],[16.72434395513345,68.43398592128271],[16.72434395513345,68.65850509718659],[16.7711105277578,68.66777038481888],[16.84277726562999,68.68110655488016],[16.972913751075907,68.70152281304297],[17.257499703780127,68.72055052561882],[17.32932664356025,68.77013398407047],[17.491386398323755,68.83637998956516],[17.646663665775577,68.87471009633589],[17.715274798088274,68.88999939014428],[17.73464966641825,68.88249208404949],[17.752114090082188,68.8714985855419],[17.752114090082188,67.83720721232145],[17.586836645129097,67.75089116175837],[17.303922000308205,67.62367329975933],[16.725925320303364,67.14079073926945],[16.72434395513345,67.14079073926945]]],[[[17.431873325176355,68.89839171693052],[17.48777771290446,68.98999023575925],[17.6364555366942,69.10367582806055],[17.687496182101256,69.11332704451519],[17.716388700771063,69.1152648759101],[17.752114090082188,69.11748899228458],[17.752114090082188,68.91365667625846],[17.718608840603565,68.92860413981896],[17.68583299361026,68.92915342562675],[17.628608701663723,68.92555236702628],[17.57277678807111,68.92109679500913],[17.518608101684038,68.91554261266151],[17.49444200388308,68.91137693718582],[17.467636097645652,68.90151975791053],[17.431873325176355,68.89839171693052]]],[[[17.752114090082188,67.83720721232145],[17.752114090082188,68.8714985855419],[17.754720704567774,68.86985777488542],[17.819858537172138,68.86332701130681],[17.844373687753148,68.87249754460737],[17.752114090082188,68.91365667625846],[17.752114090082188,69.11748899228458],[17.903626728467025,69.12692154841537],[18.779884225030923,69.12692154841537],[18.779884225030923,68.28737823962884],[18.70449937010403,68.2729233920191],[18.17441527882039,68.06380151143833],[17.852911116333075,67.8898484013049],[17.752114090082188,67.83720721232145]]],[[[17.903626728467025,69.12692154841537],[17.90388869664139,69.12693785748064],[18.117496493189208,69.1447143459215],[18.14791487889795,69.15013120681738],[18.020275111929323,69.22694395673307],[18.08124924351381,69.31748962614364],[18.17361067650461,69.43222044104448],[18.20444106528413,69.46276856010138],[18.25694273041347,69.48637391250872],[18.27694319145371,69.48887636077865],[18.301527022118023,69.48401641250956],[18.34930420211913,69.46304320300533],[18.497219073031943,69.37332153973631],[18.511665351724332,69.3480529601232],[18.53944396771135,69.29916381317997],[18.69347001102824,69.2616577125508],[18.771110522422646,69.32470703569703],[18.756107331103635,69.34860228464595],[18.674999249793757,69.3641662600732],[18.637218467546006,69.37332153973631],[18.616664887931165,69.38082884583127],[18.457288728061144,69.4495697114919],[18.46506692172295,69.50804902162531],[18.49527740887038,69.5194396947582],[18.66805268909235,69.541107177056],[18.779884225030923,69.54677482287201],[18.779884225030923,69.12692154841537],[17.903626728467025,69.12692154841537]]],[[[18.779884225030923,68.28737823962884],[18.779884225030923,69.12692154841537],[20.835424494928397,69.12692154841537],[20.835424494928397,68.91354051822556],[20.33323833363994,68.71576826176795],[19.372048390137024,68.40092416042233],[18.779884225030923,68.28737823962884]]],[[[18.779884225030923,69.12692154841537],[18.779884225030923,69.54677482287201],[18.850206362461506,69.55033876362126],[18.913400633878382,69.46464537694641],[19.01062201513821,69.39617156608574],[19.096107464537113,69.3619384934222],[19.117221828260142,69.35527036967659],[19.145553601536562,69.34971618732897],[19.170692447801628,69.34721373905904],[19.247220992254086,69.34915160916876],[19.29277419965598,69.34555055056808],[19.29376929250529,69.34541575580802],[19.29376929250529,69.30717735073632],[19.263359069686146,69.30703736143317],[19.245691292448328,69.29705048752453],[19.29376929250529,69.28389457146754],[19.29376929250529,69.12692154841537],[18.779884225030923,69.12692154841537]]],[[[18.944927231192253,69.61256408062587],[18.994998922187165,69.6494293349075],[19.108329770630178,69.71221923007238],[19.177776329955066,69.74554444030304],[19.24666593793853,69.77194213752193],[19.272220620041196,69.77583313137865],[19.29376929250529,69.7776362911837],[19.29376929250529,69.38190075533977],[19.292497621011194,69.38207244314742],[19.25958061979918,69.3837432971718],[19.21249771259154,69.37832639756127],[19.16124727159712,69.3756866278394],[19.124443070580355,69.38137817035403],[18.998052592005706,69.45915220914844],[18.94499776958679,69.57929992365973],[18.944927231192253,69.61256408062587]]],[[[19.29376929250529,69.30717735073632],[19.29376929250529,69.34541575580802],[19.325553879415907,69.34111023218861],[19.348888382971438,69.3347167900618],[19.36710931749883,69.33236695559611],[19.355983724710313,69.31436921198247],[19.33044243793387,69.30824278594093],[19.30810929309166,69.3072433629685],[19.29376929250529,69.30717735073632]]],[[[19.29376929250529,69.12692154841537],[19.29376929250529,69.28389457146754],[19.328443514559694,69.27440642399574],[19.347776416029262,69.27307893167364],[19.40577508172322,69.27707673970741],[19.41244316675403,69.29257966187015],[19.412609098454936,69.33165739045046],[19.391944871896214,69.35090635819927],[19.358331662149965,69.37318421828428],[19.29376929250529,69.38190075533977],[19.29376929250529,69.7776362911837],[19.7069435192314,69.81221007568735],[19.73971940493948,69.8119354327834],[19.772706983260832,69.80484771786314],[19.772777560370173,69.78054809266229],[19.71680449255871,69.6094436664647],[19.69930458276241,69.58804320025223],[19.627498626412432,69.5108184859804],[19.533538813532573,69.39665221052502],[19.68305396136043,69.43193817132163],[19.714858995630152,69.47527313591723],[19.716665274080697,69.51485442810792],[19.807654359979658,69.6778835110286],[19.807654359979658,69.12692154841537],[19.29376929250529,69.12692154841537]]],[[[19.807654359979658,69.12692154841537],[19.807654359979658,69.6778835110286],[19.828052522621363,69.71443178180073],[20.154720318760212,69.93526457600586],[20.288471219418057,69.97290803680164],[20.311248771632222,69.9640197732237],[20.387218467716878,69.91221617493977],[20.42062377890187,69.8755416685562],[20.391387937244588,69.8252716028448],[20.351665490835103,69.75305174639789],[20.333332051052594,69.71332550593655],[20.317218789817446,69.67387390837905],[20.29360960464311,69.57470703019078],[20.28194235286543,69.47888182133653],[20.26374817027579,69.45693969613478],[20.190551771312812,69.4022216852249],[20.171943649911725,69.39416505460736],[20.099441523742144,69.37054444856255],[20.05722046182956,69.35749817504256],[20.004163742384662,69.34623719654286],[19.985830302602153,69.33804320575848],[19.91965104145015,69.27030946731838],[19.94694138617905,69.25610353020318],[20.204303738497003,69.37707521214116],[20.32360839917726,69.43554685674093],[20.35610960326659,69.47137451524173],[20.46638678189106,69.57318878997069],[20.490276339762033,69.57527160835104],[20.521526319716315,69.56179807812282],[20.55583190523015,69.54638671649985],[20.611385343152165,69.52943419548552],[20.697635642453747,69.51026916145764],[20.835424494928397,69.49390225775655],[20.835424494928397,69.12692154841537],[19.807654359979658,69.12692154841537]]],[[[20.484928120234883,69.63130952347916],[20.56583023872429,69.76138305863441],[20.62027740078196,69.76748656550478],[20.709720627095066,69.78138731372644],[20.770832080131527,69.79331968456347],[20.804996472711593,69.80540466920473],[20.835424494928397,69.84407649475457],[20.835424494928397,69.49946498470425],[20.82388686383564,69.505554200174],[20.671386726272488,69.55360412605324],[20.51055527647287,69.61694334574088],[20.484928120234883,69.63130952347916]]],[[[20.835424494928397,68.91354051822556],[20.835424494928397,69.12692154841537],[21.414303270416305,69.12692154841537],[20.89725646653028,68.93789134564292],[20.835424494928397,68.91354051822556]]],[[[20.835424494928397,69.12692154841537],[20.835424494928397,69.49390225775655],[20.849025710100705,69.49228667148128],[20.835424494928397,69.49946498470425],[20.835424494928397,69.84407649475457],[20.835845947895564,69.84461213113303],[20.85245514592225,69.86971284330457],[20.901943211067646,69.90415954432217],[21.05944441240365,69.94610596333081],[21.084442143164893,69.94214628939062],[21.058748242584272,69.925689705168],[21.02861022957211,69.91943358449316],[21.00666427160354,69.91305543471879],[20.988054291891217,69.90443418722617],[20.923414215674768,69.8544616835897],[20.945274342896425,69.81248475730615],[21.00020791790098,69.78562163057063],[21.048332214941524,69.78901672635061],[21.136943808294234,69.86888121034417],[21.22749710452348,69.97305298507229],[21.2482624154664,69.99776457462917],[21.31333160670232,70.0209655894995],[21.347221356378554,70.02499390480824],[21.377498626583474,70.02638245039515],[21.41444398181909,70.02333067760264],[21.442775716380652,70.01748655999859],[21.554996494907698,69.98332212870355],[21.863194629877135,69.84094445536778],[21.863194629877135,69.29103439867173],[21.414303270416305,69.12692154841537],[20.835424494928397,69.12692154841537]]],[[[21.212738048833387,70.20825958383438],[21.24521637246653,70.21780394739733],[21.299999230692844,70.24693297487747],[21.51638795118123,70.30387879115318],[21.586456309164134,70.29360198198845],[21.84083177472087,70.27165222996803],[21.863194629877135,70.27885909449517],[21.863194629877135,69.98780891071479],[21.808401109026136,70.04026794497935],[21.750274645724858,70.05610656331055],[21.725414275130504,70.05651856638133],[21.469928739657632,70.10173034782196],[21.27666472713753,70.17166138435289],[21.212738048833387,70.20825958383438]]],[[[21.863194629877135,69.29103439867173],[21.863194629877135,69.84094445536778],[21.891109467251056,69.82804869401855],[21.922777180068977,69.80651857188752],[21.964443187666006,69.77026365667871],[21.979858382055795,69.74082947901957],[22.034721379951066,69.73277280968705],[22.06860733557528,69.73138426410026],[22.099580775599634,69.7437438916453],[22.015274037485767,69.8422088702215],[21.863194629877135,69.98780891071479],[21.863194629877135,70.27885909449517],[21.98673440436272,70.31867218688484],[22.261108395218685,70.28694152377648],[22.31041527502549,70.27777099047591],[22.278610240755597,70.1813812421762],[22.32951356471068,70.15580751238423],[22.448219307189163,70.1427078124184],[22.434345233475824,70.1516418369086],[22.419429769929593,70.15419771162436],[22.35567854717118,70.16381071655582],[22.336456292645266,70.16436004107857],[22.380887970545587,70.2513427859821],[22.407220859162578,70.25457764113918],[22.50972174115151,70.25082396873427],[22.89096476482587,70.21186602952247],[22.89096476482587,70.1401347481371],[22.890274056928604,70.13970946607157],[22.82694242534484,70.11290739260073],[22.7961082425133,70.10693358036349],[22.720832819221982,70.09860230684194],[22.55138778746334,70.0813293432966],[22.527721420505998,70.08107758084873],[22.497972491393682,70.0816574126464],[22.47672080621868,70.07982635671374],[22.46171951192548,70.07716370653571],[22.328609457615187,70.05387879665938],[22.29666520486728,70.04123686067675],[22.318193429972325,70.03665925956005],[22.813610088050382,70.09416198846247],[22.87305451982911,70.10249330069882],[22.89096476482587,70.10035510427025],[22.89096476482587,69.47713223533532],[22.01983304465614,69.34830076427943],[21.863194629877135,69.29103439867173]]],[[[22.89096476482587,70.1401347481371],[22.89096476482587,70.21186602952247],[22.931110367306303,70.20776368575764],[22.95749854068032,70.20416258844216],[22.971038815251063,70.1894378727938],[22.89096476482587,70.1401347481371]]],[[[22.89096476482587,69.47713223533532],[22.89096476482587,70.10035510427025],[22.99166486900117,70.08833312449588],[23.045555118432276,70.02276609944226],[23.166664121822464,69.95776365254903],[23.31763649532064,69.9423522909259],[23.469720835760995,69.98387908004514],[23.53471944988752,70.01929473547511],[23.509998336486035,70.02527617453103],[23.46694184756126,70.02777099598211],[23.433887486182357,70.02861021704632],[23.389720927341443,70.02638245039515],[23.364442823883508,70.02735136609272],[23.331941619794236,70.03207399290977],[23.260276778948253,70.04943847827991],[23.23971940528145,70.0566558878333],[23.178747170722943,70.09110258885096],[23.331108089808026,70.21971131023196],[23.40916443704009,70.27387999661903],[23.464996350632703,70.31138609724798],[23.585552196733317,70.38360595369494],[23.64583205552441,70.40777588426249],[23.656110761715127,70.417221060467],[23.813886644670106,70.48443602037412],[23.854164106680173,70.49526978088039],[23.894165028760426,70.50082396322802],[23.918734899774606,70.50332789848183],[23.918734899774606,69.6045898275948],[23.71991530538355,69.58354538016374],[22.973808193201478,69.48938393102935],[22.89096476482587,69.47713223533532]]],[[[23.918734899774606,69.6045898275948],[23.918734899774606,70.50332789848183],[23.978610985352304,70.50942991836837],[24.02124788310249,70.50791167814828],[24.15527725943116,70.5680542154874],[24.295829772519767,70.66831970400631],[24.32749938236367,70.67971800395804],[24.3630523592455,70.68859864071715],[24.476108564784738,70.67776488021087],[24.50833129320324,70.66693878523819],[24.62360763857481,70.6211089991915],[24.646663666459517,70.61416627125669],[24.687498079811178,70.61138151454935],[24.71374703470724,70.61569213829563],[24.73506736125097,70.63214109569947],[24.724302280827942,70.65637970635066],[24.69916533158886,70.67387388635399],[24.55699922368848,70.72814942563292],[24.5429992493938,70.73040769955901],[24.507665630658778,70.73115539879842],[24.39916612023569,70.7502670450952],[24.256385801781107,70.77089689289716],[24.263814942662748,70.83450316738498],[24.39333152647646,70.86569213278943],[24.411386490588143,70.85353087996083],[24.473052959225413,70.81513213182166],[24.57823371948541,70.79212190356407],[24.598983776790874,70.7879562280886],[24.643123622408723,70.79631042078125],[24.60805512273305,70.8563842780369],[24.57471849163153,70.93470764135407],[24.588470458815607,70.96096039030209],[24.66763687596392,70.9727706933246],[24.70749664382521,70.97360228757015],[24.946505034723344,70.97356411614254],[24.946505034723344,70.15094069652305],[24.94486047084399,70.14694212926258],[24.94305229536741,70.09179686164453],[24.946505034723344,70.08983958368569],[24.946505034723344,69.71317383814421],[24.944428127771346,69.71315632619911],[23.918734899774606,69.6045898275948]]],[[[24.946505034723344,70.15094069652305],[24.946505034723344,70.97356411614254],[24.994026196432003,70.9735565266576],[25.025276176386285,70.96693420253933],[25.06333160153804,70.95416261063815],[25.161109934139517,70.91583250386765],[25.219718938906055,70.87971494882561],[25.378608685829022,70.9119415100107],[25.537914268589702,70.90957642190779],[25.862220770677425,70.89373780357641],[25.9033317626737,70.88874053385535],[25.92201042246951,70.8601989649915],[25.63513754687557,70.71540834100665],[25.527221662302225,70.67193601624444],[25.35638808495662,70.60610960192429],[25.18833159878494,70.51361084748152],[24.984025965911883,70.22610475235876],[24.964164723349825,70.19387819117344],[24.946505034723344,70.15094069652305]]],[[[24.946505034723344,69.71317383814421],[24.946505034723344,70.08983958368569],[24.991664902380876,70.06423950083024],[25.011941903350873,70.05930328437404],[25.03999899500849,70.06165311883956],[25.150691970755815,70.07694245136298],[25.234722130225066,70.08972167008284],[25.26027681232773,70.09985353097693],[25.519304288877265,70.27040863265171],[25.530622487875007,70.29658507469765],[25.51066972348798,70.32598878379667],[25.512218470983044,70.3741607774902],[25.798053750796214,70.51721190608197],[25.95562363221569,70.58526612576804],[26.004579562216406,70.60727693105332],[26.025413514528054,70.645553572663],[26.242496507809733,70.78944396103378],[26.35138703787328,70.85083009568905],[26.36972047765579,70.86109923932031],[26.52333068513508,70.92582704330971],[26.545555118774416,70.93304445286327],[26.570274335149918,70.93888853175235],[26.686664583204504,70.95304870795519],[26.7247200083562,70.92374418621455],[26.734443660231534,70.89610289167956],[26.687776550146623,70.73277282637696],[26.602081305160652,70.53596497575404],[26.555553452268384,70.49832151495826],[26.513191236137118,70.42915343130403],[26.507637015074522,70.36346433843607],[26.537220012486046,70.34930420094793],[26.56652449551183,70.35095976262005],[26.926387768533516,70.47610474685251],[26.99055482712936,70.51971435435195],[27.002045304620818,70.55642158771255],[27.002045304620818,69.68771230146324],[26.342811579136594,69.72494713570939],[24.946505034723344,69.71317383814421]]],[[[27.002045304620818,69.68771230146324],[27.002045304620818,70.55642158771255],[27.011943833756334,70.58804321694197],[27.090692518041124,70.70581817781664],[27.139513023615848,70.74061582864039],[27.30916405690982,70.81804658316236],[27.343471539449467,70.82429503830355],[27.424163823636547,70.81527711880727],[27.514720913917813,70.80693055293341],[27.565551763737574,70.80471800120495],[27.510276801486157,70.86193846038452],[27.459999070241167,70.87582399368353],[27.382774355969502,70.87860108485745],[27.309165953935803,70.88082885150857],[27.26735879211998,70.88220977027669],[27.205276487645108,70.88916016374475],[27.168886186725103,70.8973541158145],[27.128747943192877,70.91658782992585],[27.136108403991045,70.95832824739904],[27.22833061850389,71.02124024909324],[27.265691770862247,71.0297165096004],[27.651664741587183,71.11305235756129],[27.73083115873526,71.08721923850266],[27.767497999585316,71.05166626162082],[27.878053653880613,71.03221129233668],[27.972082146844002,71.04666136508092],[28.008052817874557,71.06248472977484],[28.029815439569553,71.06939511730863],[28.029815439569553,70.79078475227004],[28.010831844789095,70.79263305527849],[27.800277718060215,70.7916565127623],[27.77131651930671,70.78589629016437],[27.82833097695101,70.76748658219452],[27.88666533881377,70.76388548487927],[27.921665197121,70.76138307532415],[28.029815439569553,70.74575210809068],[28.029815439569553,70.69291641944686],[27.84249877997263,70.65054321556539],[27.657150282566306,70.6063842835431],[27.710830697695144,70.60276793259015],[27.740833286281315,70.60388183527317],[27.7966651998741,70.60943601762096],[27.836940764858184,70.6152648815874],[28.029815439569553,70.64949621190459],[28.029815439569553,69.61867156307642],[27.594977976957296,69.65422228279442],[27.002045304620818,69.68771230146324]]],[[[28.029815439569553,70.79078475227004],[28.029815439569553,71.06939511730863],[28.03083037008855,71.06971739296569],[28.207775119838004,71.07998657531175],[28.229997617736558,71.07512666575752],[28.517498021781478,70.98471069098025],[28.544372569387633,70.97395323737607],[28.53388596463543,70.94110108348087],[28.520553588626,70.92359923794379],[28.44360731131013,70.86027527189361],[28.36444093287679,70.82443235975552],[28.25791549091639,70.78929901276314],[28.2324981689805,70.78415679477126],[28.137775403223714,70.78027342773322],[28.029815439569553,70.79078475227004]]],[[[28.029815439569553,70.69291641944686],[28.029815439569553,70.74575210809068],[28.119407662114327,70.73280333365187],[28.08055304701793,70.70485688893791],[28.03777693078996,70.69471740122503],[28.029815439569553,70.69291641944686]]],[[[28.029815439569553,69.61867156307642],[28.029815439569553,70.64949621190459],[28.12805175134838,70.66693115841935],[28.170831661628426,70.67707823423609],[28.191108701313226,70.68610381926607],[28.284303664290405,70.65012358567583],[28.330274565840966,70.50214386744648],[28.30583192811025,70.48138428629619],[28.2541656512783,70.44721985500121],[28.19249724690019,70.4063873386757],[28.16916657611165,70.38720701229539],[28.154026024625693,70.36429597139625],[28.159164409850746,70.22888184353269],[28.16305540370763,70.203323367378],[28.183609022037274,70.16443634798071],[28.21583175045572,70.18415833335013],[28.19888685626023,70.21304322520132],[28.190969482835442,70.28263093874494],[28.228330596478827,70.39499662682783],[28.33194352283948,70.47415162310534],[28.480274190875093,70.6297149543318],[28.509162915493107,70.67527772429321],[28.524997701057487,70.71720885094953],[28.543609616510764,70.7391662685036],[28.748332982247234,70.85735319373424],[28.803333301594478,70.87138367530389],[28.828609469311573,70.87666321474774],[28.853885637028668,70.88055420860445],[28.891248686413007,70.88221739709536],[28.94916535412699,70.88055420860445],[29.03610992622214,70.87416076647776],[29.057585574518292,70.87102356163732],[29.057585574518292,70.1271721634824],[29.035552974880545,70.12832641975729],[28.816665638889106,70.16831971501892],[28.740137094436818,70.17707824524854],[28.70027542954938,70.1783294693837],[28.656387346379177,70.17637634563653],[28.61666489996969,70.17109680619268],[28.599094374349306,70.16075135565927],[28.61647031930505,70.11016080870172],[28.832775106072404,70.07443237627422],[29.057585574518292,70.04221608136406],[29.057585574518292,69.53297903175408],[29.035456426142105,69.53645403601286],[28.029815439569553,69.61867156307642]]],[[[29.057585574518292,70.1271721634824],[29.057585574518292,70.87102356163732],[29.250553149781922,70.84283447962133],[29.318885806423793,70.79331970125321],[29.347499849423002,70.69027708284557],[30.00916292117023,70.71083070117515],[30.07902527761786,70.7113799869831],[30.08535570946703,70.71051802766182],[30.08535570946703,70.53816566225267],[30.066387174401996,70.53610229720607],[30.008052812539233,70.53644562019332],[30.0462474948838,70.52276612714462],[30.08535570946703,70.5187168925009],[30.08535570946703,70.06828965385621],[29.933609022208145,70.06304932995994],[29.906665794518688,70.06277464834136],[29.87638856302857,70.06277464834136],[29.7969436702096,70.06582642113386],[29.771385194054915,70.06832886940379],[29.514999384253258,70.09693907963617],[29.263610844172547,70.11637879528286],[29.057585574518292,70.1271721634824]]],[[[30.08535570946703,70.53816566225267],[30.08535570946703,70.71051802766182],[30.10861017205525,70.70735167167425],[30.195274371453763,70.67944336105404],[30.34173391372218,70.59970857169367],[30.297775253442524,70.57582091084873],[30.234996779148275,70.5544433638072],[30.08535570946703,70.53816566225267]]],[[[30.08535570946703,70.06828965385621],[30.08535570946703,70.5187168925009],[30.14277650037627,70.5127715877025],[30.16555405259021,70.51319121759195],[30.213607772521243,70.5186004516691],[30.272914882848227,70.52763366351769],[30.30749700829182,70.5383224370384],[30.33666610560641,70.54666137609354],[30.36277770033587,70.55082701285426],[30.405551919537913,70.55415342855093],[30.434719081111837,70.5558319093941],[30.473886473205766,70.55541227950471],[30.597776400536475,70.53519439605839],[30.637775425590746,70.49026488434055],[30.825832372802495,70.43249510063816],[30.938468948452112,70.44977569100234],[31.008609780570566,70.395828259788],[31.04083250898907,70.34637449596977],[31.073537817587805,70.28554535137067],[30.911109923639913,70.25888059935204],[30.889024747193503,70.25818632655847],[30.733055103974095,70.25749205376508],[30.529163371197797,70.24179838370452],[30.356628432552895,70.16894530772885],[30.36216163147043,70.14533232850272],[30.34874725748108,70.12387847455904],[30.31999968708169,70.11555482785627],[30.11499784567442,70.07054138241742],[30.09444426605961,70.06860351230779],[30.08535570946703,70.06828965385621]]],[[[29.057585574518292,69.53297903175408],[29.057585574518292,70.04221608136406],[29.263053892830953,70.01277159871512],[29.394721975108666,70.00166319530484],[29.52471924207663,69.98721312256043],[29.640274063118966,69.97360230959504],[29.666248336396222,69.96416472149451],[29.73485946870892,69.90749358683752],[29.77152441253287,69.83457945759733],[29.71666335037844,69.73860167365365],[30.129037851088867,69.76181794216126],[30.15805433459923,69.85194398168227],[30.172498716265636,69.87540434710417],[30.301387771628583,69.8797149708505],[30.634441383075455,69.81304933546636],[30.854839332468202,69.79231263477237],[30.921382900037997,69.78804014511962],[31.113125844415766,69.76986897388163],[31.113125844415766,69.20633699325913],[30.009139889046082,69.38355370190311],[29.057585574518292,69.53297903175408]]],[[[31.607850841950146,69.12692154841537],[33.16866611431324,69.12692154841537],[33.16866611431324,69.09520456084769],[33.12165831524101,69.0908203024386],[33.07638548053569,69.08082580171128],[33.043327325105,69.0704116710944],[33.01818847883993,69.05165101331852],[33.01059723902415,68.96716308986629],[33.03228376901143,68.96255494275971],[33.0406189140146,68.99427031351598],[33.04770279616798,69.03914643750261],[33.075271616567534,69.05941770868003],[33.09679794464654,69.06484223510932],[33.16866611431324,69.07304271162839],[33.16866611431324,68.8058480035997],[32.76803577435339,68.89108954524863],[31.617905028365897,69.1253076059408],[31.607850841950146,69.12692154841537]]],[[[31.113125844415766,69.20633699325913],[31.113125844415766,69.76986897388163],[31.240829453856634,69.75776670768147],[31.40583037318362,69.71609497029164],[31.541646941558497,69.69696044353873],[31.727771748453335,69.6808166363138],[31.773887636989684,69.68109131793244],[31.79860878910597,69.68897245428963],[31.76082994259906,69.71165465191217],[31.72638320286643,69.7180480940388],[31.69151307790736,69.73215484379574],[31.71420859342652,69.82465363695337],[31.936521532472682,69.96443177629448],[32.01277160125437,69.96360777015292],[32.03555298623513,69.96192932802455],[32.05582429612713,69.9594268797548],[32.35777283717567,69.87858581453003],[32.46865083102796,69.84745790239026],[32.704162579968965,69.79721067842019],[32.91693878227119,69.77665709880534],[32.936935410544606,69.77415465053559],[33.09360505635004,69.74748231041275],[33.113296495729514,69.73730468860629],[33.13043213782305,69.7260742173815],[33.10834885840251,69.6462554943003],[33.071105941091844,69.62637330702273],[33.04554750365219,69.61747741662617],[32.92749023434004,69.58859252477498],[32.894996657069385,69.58276366080838],[32.870525370374764,69.58186338647954],[32.82666016766069,69.58415220639534],[32.32610322733177,69.64054869814822],[32.11027525223682,69.67581177848876],[32.026393873805205,69.63653563647699],[32.0638809267449,69.61303709824654],[32.09999848178694,69.59414674583746],[32.21360780590072,69.58998107036177],[32.38638304740806,69.57832338114372],[32.40637971439628,69.5758209328738],[32.429019945158245,69.57012939035917],[32.49455642422197,69.50540925190342],[32.825271622073785,69.48803710099963],[33.0294151172979,69.4718627864998],[33.00849150147269,69.43578340426615],[32.97266388168674,69.38790130711402],[33.16866611431324,69.42163061764894],[33.16866611431324,69.12692154841537],[31.607850841950146,69.12692154841537],[31.113125844415766,69.20633699325913]]],[[[33.16866611431324,69.09520456084769],[33.16866611431324,69.42163061764894],[33.32694242637086,69.44886781187972],[33.45749664468042,69.44413755824382],[33.51617432953043,69.42247774147967],[33.538185134815535,69.2041931177422],[33.51665876802173,69.181365971849],[33.31415558083239,69.11581420043285],[33.273048382887964,69.10386657595842],[33.2369384933794,69.09999083573916],[33.19609831152013,69.09776306908799],[33.16866611431324,69.09520456084769]]],[[[33.16866611431324,68.8058480035997],[33.16866611431324,69.07304271162839],[33.28555299741862,69.08638002277377],[33.41888426818707,69.09748838746924],[33.44054795643285,69.10304260853184],[33.56777192627891,69.18385316648147],[33.57420729655132,69.20650481811413],[33.5604095297399,69.27956389562507],[33.578052529495665,69.30844878747627],[33.60943603684996,69.31971739279481],[33.64138032831261,69.32554625676124],[33.71915436710702,69.33137512072767],[33.871101386095575,69.33276366631463],[34.36165619887839,69.31706999625408],[34.417297364573244,69.30458830089447],[34.44304658862575,69.28137207110143],[34.64747239228734,69.25093080493639],[35.14768600962901,69.18828581932752],[35.157974239664554,69.26385497192706],[35.178192123110705,69.27365113665252],[35.295181289367065,69.26890562937916],[35.45857236921967,69.25332640031445],[35.836654679742594,69.19886777867112],[35.97499084705072,69.17303465961265],[36.26471712072083,69.07443235958448],[36.476379381625236,69.0335998432588],[36.561656971177456,69.02178954023634],[36.60083009306419,69.01332090654796],[36.99137876787978,68.89721679969784],[37.15110014776309,68.84582520448453],[37.27974665410819,68.80434128252057],[37.27974665410819,67.57562706689704],[37.243166862871476,67.58900394037335],[36.23980139708914,67.9130256535459],[35.119746619293494,68.26129464926458],[33.75667094668353,68.68073906049449],[33.16866611431324,68.8058480035997]]],[[[38.448399554115326,67.14079073926945],[41.3829407066368,67.14079073926945],[41.390827193903135,67.11914824828352],[41.3019370861648,66.94651032822838],[41.283050527807745,66.91693116358363],[41.27137754623726,66.90054322072967],[41.246383648242784,66.86859130244835],[41.21971130812011,66.83776854048745],[41.155822763909725,66.79443357589184],[41.12721251496248,66.77693176906973],[41.09693907752438,66.75999450169286],[41.04972074589068,66.74220275961449],[40.97248840480023,66.7074890037967],[40.73666000738007,66.58720396783343],[40.72124098022351,66.57332610006807],[40.72103118463622,66.54373168178586],[40.56554412159704,66.45387269706498],[40.466384870227444,66.40998840794668],[40.443321215524065,66.40081787464612],[39.80998991705326,66.23027039979013],[39.76562757037942,66.22128155874634],[39.51412796344681,66.43975885793219],[38.98470718286376,66.84059132323347],[38.448399554115326,67.14079073926945]]],[[[37.27974665410819,67.57562706689704],[37.27974665410819,68.80434128252057],[37.29499816295271,68.79942321345897],[37.4949951078201,68.73526002634458],[37.64638517546706,68.71276853790522],[37.693321237378086,68.70166017320975],[37.77332304282362,68.67608644341777],[37.824714676751626,68.6583252086142],[37.95416258048198,68.59082031345105],[38.327354435461075,68.43886566764388],[38.50791166468184,68.366020218487],[38.60388182180674,68.38749695288698],[38.62971497958023,68.38262175098043],[38.93054961794559,68.30358886123224],[38.95068740043763,68.29012299653766],[39.109436031856774,68.21138000333087],[39.52791214241165,68.06916046898453],[39.57110595278857,68.06109617283346],[39.74137878474062,68.04664610008905],[39.85263060885529,68.04407501045063],[39.7913818343668,68.1222076258698],[39.9306869560873,68.0894317788767],[40.14471434380971,67.95068360849763],[40.399436965120515,67.79220582593047],[40.463607779053575,67.75498962184292],[40.48429871883519,67.74887848815371],[40.52041244111058,67.74651336133576],[40.696655291247964,67.77026366201403],[40.93915556775056,67.73332213954512],[40.99221801698832,67.71609497562696],[41.04971695183872,67.6585922080098],[41.10638045967687,67.45137785358884],[41.110687250656554,67.25095369072784],[41.13304900574775,67.23206329960396],[41.16179657614691,67.22415161725701],[41.224433896222365,67.21331785675068],[41.245269784274626,67.21249388932415],[41.265964518108206,67.21762848049718],[41.28485487051728,67.2297057996048],[41.31832886178559,67.22831725401781],[41.34443666246301,67.21582030502066],[41.36096572082096,67.20109558937241],[41.3829407066368,67.14079073926945],[38.448399554115326,67.14079073926945],[38.40989979218256,67.1623410686517],[37.27974665410819,67.57562706689704]]]]}},{"type":"Feature","properties":{"fillColor":"#f7ba6b"},"geometry":{"type":"MultiPolygon","coordinates":[[[[41.320419640878356,43.22374939579174],[41.13117364325899,43.52476051782571],[40.863965528307176,44.03933065158162],[40.91202204498296,44.2528160429286],[41.235862969458424,44.3533055608587],[41.71810934222333,44.37843052220893],[42.39693297253655,44.340743467519644],[43.18797656759625,44.10211273443946],[43.258956856183715,44.07432101695972],[44.05364939591885,43.7631660331312],[44.77355509162271,43.374236454136735],[45.51797870488207,42.985553834521056],[46.1364394371613,42.484392026428964],[46.32287445124814,42.32160263264848],[46.52638480769872,42.04621130048815],[46.54787005626355,41.70839990367881],[46.51057260845912,41.64538225071744],[45.97992718606906,41.84191759234341],[43.924072877031676,42.669970022372354],[43.258956856183715,42.87239663741304],[42.61061040181335,43.069719471351846],[41.382151330605964,43.1455502782165],[41.320419640878356,43.22374939579174]]]]}},{"type":"Feature","properties":{"fillColor":"#f28d44"},"geometry":{"type":"MultiPolygon","coordinates":[[[[20.398609161309547,38.32555389408907],[20.44180297847527,38.32652282706867],[20.480762481718827,38.30881500242534],[20.503887176431274,38.31916046134848],[20.516387939447565,38.327774047787884],[20.536388397328572,38.34471893316841],[20.545900344812686,38.36020278938765],[20.549163818392604,38.39096832283462],[20.539718627876805,38.40943908698209],[20.534164428663164,38.434719085787684],[20.541872024607315,38.470550536991894],[20.562221527196236,38.47110748302055],[20.57110977168338,38.46804809579479],[20.612499237067823,38.39416503896359],[20.680553436396323,38.277496337916304],[20.812637329090595,38.11492538454807],[20.79347038264862,38.063259124812745],[20.73499679561781,38.060829162671865],[20.557777404832006,38.09055328360037],[20.51499748222119,38.10318756103592],[20.377777099593455,38.15666198727779],[20.342567443782258,38.17790985115274],[20.34152603150511,38.19888305673863],[20.356109619075692,38.231941223181956],[20.398609161309547,38.32555389408907]]]]}},{"type":"Feature","properties":{"fillColor":"#f7ba6b"},"geometry":{"type":"MultiPolygon","coordinates":[[[[21.837356567417523,58.506664276013815],[21.924995422432804,58.51721191434486],[21.992635726567446,58.51569366454754],[22.112495422100036,58.492218017241875],[22.193746566558893,58.54721832289781],[22.327220916825876,58.57749176001794],[22.501663207645077,58.6022186277901],[22.582773208618164,58.59632853571675],[22.582773208618164,58.24096923688628],[22.58193969737553,58.24110412616739],[22.520553588750083,58.24221801794012],[22.481245041099132,58.242076874072524],[22.372913360623077,58.22137832661467],[22.276662826679747,58.18047332726678],[22.271316527993513,58.153118133862044],[22.263332367267445,58.098049163477405],[22.202495574944354,57.98610687229273],[22.099163055100824,57.93054962151408],[22.073329925903586,57.91666412380233],[22.051662444950768,57.90971374536245],[22.037776947239017,57.90832519543855],[22.016248703330525,57.91138076784772],[21.99735641463861,57.919853210495084],[21.983188629191677,57.96721267677755],[22.085968017559022,58.07929992700363],[22.106523513562383,58.084571838200425],[22.15110778834759,58.08638000455328],[22.194091797025692,58.14523696908357],[22.13846969592851,58.15970993025404],[22.073608398464945,58.17277145351225],[21.87707901026398,58.257358551292185],[21.844509124869695,58.28916168220381],[21.883327483776082,58.34151458712171],[21.955551147288116,58.343048095323375],[22.0069427490587,58.356658935647594],[21.996383666733475,58.38137817383575],[21.911384582872234,58.461521148518976],[21.878051758169114,58.47415924093806],[21.859580993493054,58.483047485604196],[21.837356567417523,58.506664276013815]]],[[[22.582773208618164,58.24096923688628],[22.582773208618164,58.59632853571675],[22.62416458115497,58.593322753539965],[22.77204513545063,58.60321426368359],[22.815690994313236,58.616661072151864],[22.87166213952375,58.617767334340584],[22.91124534608953,58.61679840084563],[22.984855651938556,58.59943771353212],[23.090831756582663,58.56443786634374],[23.26305389420406,58.49610137927841],[23.281108856097703,58.487071990744674],[23.328189849818806,58.44693756105327],[23.258749008151668,58.42985534630112],[23.226104736031587,58.43665313687922],[23.20207786560029,58.44735336307204],[23.142494201330607,58.4436035153191],[23.07694244369709,58.41387939450133],[23.064163208174058,58.385826110579],[23.028610229509493,58.35777282742031],[22.756942749254918,58.24027252212985],[22.648883819343133,58.230270385690986],[22.582773208618164,58.24096923688628]]]]}},{"type":"Feature","properties":{"fillColor":"#fadfa4"},"geometry":{"type":"MultiPolygon","coordinates":[[[[-8.510866165331548,71.01332092296919],[-8.49890327451287,71.02221679665793],[-8.452270507644617,71.05801391610879],[-8.442506789922259,71.07249450663656],[-8.433656692736102,71.08164978030324],[-8.381958007764153,71.12080383310641],[-8.355836868400143,71.13302612329275],[-8.344482421637146,71.13665771505033],[-8.326416015854369,71.1405487061756],[-8.128906250232472,71.17080688467975],[-8.10919380170282,71.17329406753413],[-7.997253418127856,71.18081665041699],[-7.983643531940413,71.17886352533554],[-7.97113132492143,71.17607116722117],[-7.959777832000849,71.17247009292855],[-7.949769020106027,71.16773986816008],[-7.928513050107084,71.14969635032347],[-7.983368873535129,71.04524230972214],[-7.990844726683235,71.03831481954218],[-8.008361816265706,71.03025817888638],[-8.11865234355492,71.00358581563724],[-8.290895461883371,70.9741516111284],[-8.394470214783137,70.95913696282769],[-8.40918159489844,70.96025085426591],[-8.419494628821104,70.96498107903437],[-8.431945800910142,70.96774291968379],[-8.460327148300417,70.97052001937082],[-8.494752884019944,70.96914672856492],[-8.565614700100713,70.96414184600144],[-8.620302200550197,70.95913696282769],[-8.631715774558305,70.95553588853507],[-8.937499999773198,70.84027099614734],[-9.043090820369182,70.80386352556623],[-9.058898925810526,70.80386352556623],[-9.073913574111254,70.80774688717268],[-9.119905471774018,70.86038970953554],[-9.10974121102708,70.86954498320222],[-8.934448242291149,70.92274475067393],[-8.920595169005813,70.92607116717153],[-8.887512207237473,70.93193054180558],[-8.76367378253318,70.95053100597157],[-8.581422805542058,70.99163818385617],[-8.510866165331548,71.01332092296919]]]]}}]}