{"type":"FeatureCollection","name":"欧洲一月平均气温","features":[{"type":"Feature","properties":{"fillColor":"#ffffff"},"geometry":{"type":"MultiLineString","coordinates":[[[-0.669933906368188,38.0478355408438],[-1.221652276170737,38.04461064564747],[-2.058321465832436,37.97004867908716],[-2.569621653641437,37.883064267172195],[-3.709559295665187,37.68426114618022],[-4.280316756248543,37.597292825285315],[-4.928376681977552,37.535175593364265],[-5.638744519973059,37.4979064529834],[-6.207394359337792,37.47306085884388],[-6.751024819052794,37.4979064529834],[-7.196302385379153,37.721534782532046],[-7.381868736797863,37.89549031182177],[-7.527276352226312,38.28074729102531],[-7.576523880322147,38.91476637899445],[-7.62707902700325,39.536606632490816],[-7.349768887498874,40.17157345432828],[-7.164357932868661,40.883165384479845],[-7.0065355330796,41.52055197335619],[-6.992443041354323,42.13356690450254],[-7.170137469336433,42.584335918660095],[-7.377604493125478,43.06050759168332],[-7.679442942479812,43.46178160582653],[-7.858264439653417,43.76430129595575]]]}},{"type":"Feature","properties":{"fillColor":"#ffffff"},"geometry":{"type":"MultiLineString","coordinates":[[[22.823608382829445,39.21221924368415],[21.58151475149712,40.16283972103267],[20.928556917525178,40.76201175556185],[20.149235172336773,41.471787282751926],[19.95137082530995,41.701890571379565],[17.76372648753266,43.48561552495507],[17.500351762365568,43.66628172716837],[16.792338890678188,44.188506239705],[15.532946629508457,44.94250138358148],[15.0737005806311,45.21471808920245],[14.554227580494747,45.527664569910804],[13.631503815852968,45.97228957998781],[12.738199847150687,46.19479746814336],[11.997677170294395,46.39719065723221],[11.259404714668852,46.57943692623298],[10.77425790413519,46.5996919208905],[10.217043165066398,46.52880417429428],[9.46729830199588,46.346582234728615],[8.830766833927557,46.09364134752809],[7.930324877052074,46.0430733962643],[7.219894190769183,46.06329976832632],[6.749266090717598,46.29598056418081],[6.563092997820725,46.51867843539669],[6.666061846139185,46.92391917061727],[6.833922289941318,47.380333958523494],[7.316786773816605,48.54923718072832],[7.178852327621255,48.76308055129534],[6.768218044080084,49.31352149908492],[6.206985904518615,50.00784293135985],[5.8480886593948,50.45942274225628],[5.592314227457315,50.829506888693956],[5.587482517154961,51.31350256807486],[5.955986401581939,51.53006119588589],[6.934488686426484,51.457853985752855],[7.624536356819032,51.261968826332456],[8.680035056126744,51.20014244975346],[9.002130171773667,51.241358323907704],[9.38660249283944,51.385667782590694],[9.898383385278388,51.63325083026686],[11.185476817285322,52.657154879955144],[11.788000149124692,53.051297956010984],[12.226617843806562,53.581271954330276],[12.533707522344567,53.74777375129967],[13.118609421982097,54.27645492299177]]]}},{"type":"Feature","properties":{"fillColor":"#ffffff"},"geometry":{"type":"MultiLineString","coordinates":[[[-0.669933906368137,38.0478355408438],[0.819899759907368,38.18131693423884],[2.654671809087015,38.45973806864692],[3.624825293204343,38.55918635585658],[4.451011316105107,38.7978883842988],[5.104605374425333,39.07642074320685],[5.893331877258283,39.33510294890867],[6.64494918825232,39.47441133005108],[7.276075950459284,39.47441133005108],[7.908053694215347,39.39231736923588],[8.127109625885806,39.261722340966294],[8.646387100210713,38.89027404736409],[10.098115038738555,38.70837079844669],[11.139516405575442,38.66485718020016],[11.923588517871258,38.62134478836844],[14.063059578174537,38.876220530398896],[14.719181970923747,39.01921803267374],[16.056110363869124,39.22499846240384],[16.73464619584319,39.18088333763465],[17.479297207073728,39.106266477286546],[18.06859257461794,39.01300047448545],[18.779632053832945,38.845135869728466],[20.48705885597046,38.54053931407967],[21.210732505382452,38.192502529786275],[21.766581617484142,38.018513547898735],[22.2016214539585,37.90667383747674],[23.261882141410197,37.701655397890896],[24.052263578543325,37.49045273278875],[29.310727014573462,35.90735207765343]]]}},{"type":"Feature","properties":{"fillColor":"#ffffff"},"geometry":{"type":"MultiLineString","coordinates":[[[-21.702085497613783,64.1827697768936],[-20.514029371686973,64.16570462298154],[-18.97751173839556,64.16570462298154],[-17.678416782286448,64.20756184614552],[-16.655583853296662,64.51490490636593],[-15.229307147428559,64.92109371597734],[-14.04522590720726,65.17464564921725],[-13.609583857458228,65.50610351541243]]]}},{"type":"Feature","properties":{"fillColor":"#ffffff"},"geometry":{"type":"MultiLineString","coordinates":[[[13.118609421982097,54.27645492299177],[14.288026249214965,54.685149404339846],[14.820843997359857,54.84194556964959],[15.18285326621943,55.10385734110635],[15.36908113566912,55.440324680697024],[15.088888168628081,56.1599960282333],[14.781862166829157,56.91972767308706],[14.517282462303957,57.461668613805344],[14.222592691375212,57.930537464020325],[13.72188754579198,58.33645538103888],[13.071885752484404,58.68970932236122],[12.147873591588406,58.94705948262492],[10.659166343881378,59.36388397831217],[9.69222614265147,59.51669031192232],[9.084779302190414,59.71056428389254],[8.342263549351696,60.012610650657926],[8.169098141383921,60.120984269900084],[7.904684606250427,60.598816696564484],[8.229943118194578,60.827444254332676],[8.653769505692484,61.06735734806391],[9.10189065856368,61.37329429909041],[10.093509505129196,62.394262103919324],[10.558976732832166,62.65895420040614],[11.022860381767487,62.946273572679786],[11.656737151990832,63.27853672528855],[12.660067751929066,63.85635606232278],[14.501076393313314,65.57363178914879],[15.279508472191896,66.18771074539674],[15.94113142225878,66.6792148278833],[16.47774995701956,67.1039475356404],[16.58221109017262,67.39188793246807],[16.721803647951333,68.14068605263778],[16.090831756438718,68.73220825157829],[15.86972045894299,68.96415710458916],[14.853525998653904,69.57088292066868],[14.128808341487103,69.90107924368233],[12.618964664882645,70.26952554925326],[10.97953877137617,70.66415193798088],[9.241497939906733,70.90423921566513],[7.910633761599772,70.9162619445972],[6.880111077814139,70.89221824062989],[5.876604832859817,70.67613973415165],[4.400430052004132,70.43671329559031],[2.704989189612805,70.20989715966411],[0.201509881877562,69.66511799256872],[-0.466411232935482,69.26520506177488],[-1.572134759426074,68.77329530573407],[-2.228899389759762,68.50488903752057],[-3.851653092976353,68.02811332807423],[-4.757450362420061,67.53037618278765],[-7.028618532465133,67.09244606582611],[-9.214022889858018,66.70213032871075],[-12.009555094892981,65.9940126832713],[-13.609583857458228,65.50610351541243]]]}},{"type":"Feature","properties":{"fillColor":"#ffffff"},"geometry":{"type":"MultiLineString","coordinates":[[[-21.702085497613783,64.1827697768936],[-22.82796510779724,64.19081742849598],[-23.742812446163246,64.2354737397381],[-25.044338163910748,64.34717801408114],[-26.06177490233288,64.52609398843897],[-28.51451136089469,65.5434671730223]]]}},{"type":"Feature","properties":{"fillColor":"#ffffff"},"geometry":{"type":"MultiLineString","coordinates":[[[31.884412902376738,83.76015749145095],[35.175511583828936,82.71783522547167],[38.23789354359345,81.92978958753626],[42.1715801548969,80.89759492191664],[46.11608022618913,80.06098477634026],[49.57573020038448,79.53205756220223],[52.81506698118842,79.15007067999568],[55.58382338722767,78.97737185572538],[57.756014033686526,78.97737185572538],[60.76240185718379,79.01186550906634],[64.39535339961579,78.7708905738634],[67.54584863201339,78.0884657400807],[68.47991822564894,77.61598252578027],[68.95395481304686,77.28105038515979],[66.76562216473488,75.63367050957629],[65.95960686147329,75.42998680015044],[64.72663043505484,75.16920441157592],[63.07378371350347,74.80655527492594],[61.74216455895263,74.25951435026339],[60.838589490334805,73.73490535066072],[59.612374416157095,73.25084659123942],[59.25412949302958,72.98215778998905],[58.62335481383848,71.52468859102756],[58.32937219606492,71.18019203171642],[57.96402681748493,70.71110408280957],[57.79322475841931,70.29835134716187],[57.63152247150686,69.86170536506206],[57.451804363105886,69.45515899326091],[57.510184950317196,69.12929905675347],[58.15238747044109,68.12289977466097],[58.511566592462486,67.66229030860941],[58.92283378107284,67.17776853633892],[59.1294128471608,66.403648061015],[58.72309774848636,64.96504363099471],[58.590381866922286,64.62029561120622],[58.386245563381195,63.99189155619475],[57.83241607143017,63.582877844848056],[57.33672820082121,62.065925215849006],[57.23405083285524,61.720090718417254],[57.19444879515617,61.030971494198646],[57.58431081065312,59.95499350523198],[58.067492995244535,59.461968060606395],[58.81834024650057,58.97798108950258]]]}},{"type":"Feature","properties":{"fillColor":"#ffffff"},"geometry":{"type":"MultiLineString","coordinates":[[[29.10339736026427,44.963287336240384],[28.591289036602138,45.73213586297752],[28.56080532261794,46.24023377193665],[28.57605332701236,46.657838208747435],[28.82664625865213,47.13675127624211],[29.121404797477446,47.33457468118787],[30.344001500324396,47.5781917466481],[31.180625358226685,47.6315039094547],[31.869849662716444,47.5781917466481],[32.901239599246,47.25847651608155],[33.47780224766126,47.045483031001645],[33.90341329732913,46.802208544917164],[34.08533341410042,46.69582506963373],[34.48722521482119,46.467960991537005],[34.81248473248495,46.18137360195128]]]}},{"type":"Feature","properties":{"fillColor":"#ffffff"},"geometry":{"type":"MultiLineString","coordinates":[[[-22.742221820518086,76.69442750057055],[-22.443097014317228,76.7221284157003],[-22.227611939687918,76.71886349032712],[-22.0137593277452,76.69274408734177],[-21.930503730729328,76.66009483361005],[-21.519123133709737,76.56377953510152],[-20.977145521763298,76.51154072913077],[-18.466417909794547,76.40053326644293],[-17.029850745599163,76.97516013212109],[-15.985074626184339,78.1244138634774],[-14.626865670945065,79.76993625155575],[-14.261194029149877,80.03113028140945],[-5.354477611138499,84.65426460982007],[-1.541044775274386,86.06471237103008],[10.108208956200913,88.04978699791825],[16.742537314485052,88.6244138635964],[22.175373135442143,88.6244138635964],[28.861940299697025,88.51993625165491],[37.899253732635266,87.94530938597677],[42.60074627000198,87.26620490835712],[46.9365671655735,86.79605565462046],[50.175373135759465,86.37814520685453],[54.716837249484264,86.2771474746921]]]}},{"type":"Feature","properties":{"fillColor":"#ffffff"},"geometry":{"type":"MultiLineString","coordinates":[[[41.25009723577953,43.15370176555143],[40.99647195121988,43.68375732019926],[40.343306559805804,44.64824040537777],[39.33117336758607,45.41397295713508],[38.453941353011416,46.026378642936685]]]}},{"type":"Feature","properties":{"fillColor":"#ffffff"},"geometry":{"type":"MultiLineString","coordinates":[[[51.64710105028378,48.25766427007837],[51.38516371921456,48.314310540748124],[49.47984274247189,48.55856059856641],[48.297792420260045,48.70365895842547],[47.51213684242424,48.75713033108631],[46.39803790766448,49.062826691116754],[45.55477918424413,49.537147107207275],[45.0428851744951,49.94308932982947],[44.19328441076875,50.6743729415534],[41.70799776337682,52.42320547758609],[40.723153915697466,53.01409540164713],[39.686623900427946,53.59860196344249],[38.62357948948724,54.13757736637932],[37.545591667952166,54.6855761020749],[36.411912790255975,55.26718559685968],[35.65477129653668,55.58288824685185],[34.93831321795767,55.954539170763056],[34.42090009137313,56.30315736153847],[33.66456604417868,57.00241023396247],[33.21816376005085,57.54459974380471],[33.09086091894018,58.088424917242534],[33.05779019235124,58.48934853648962],[32.42048124222309,59.277770481479045],[31.68005131971087,59.867334585280695],[30.710192346260214,60.55847336984934],[29.700698415519668,61.28626211416467],[28.80114965579697,61.89427343572866],[27.746983233783016,62.70356945402246],[26.3757718331373,64.08527218784499],[25.95555528383641,64.41190563743449],[25.318233472446703,64.99283601768695]]]}},{"type":"Feature","properties":{"fillColor":"#ffffff"},"geometry":{"type":"MultiLineString","coordinates":[[[22.971248610838394,39.106330854018964],[23.104249087521787,39.05307514905557],[23.443384619371514,39.068992561308804],[23.640793486441932,39.14261272839808],[23.71180947631781,39.31573344608747],[23.79636331723274,39.87987858458823],[23.774463105084518,39.938979593177066],[23.666879006162876,40.066685353641496],[23.458852840005793,40.26828828109181],[23.30730977774953,40.48785139817588],[22.829659463798617,41.56860356972143],[22.789176304183982,41.82814220232799],[22.774469946014715,41.987672206644746],[22.84872131692452,42.20044342926918],[23.03698339647008,42.41954976156216],[23.27240184203412,42.64186620481615],[25.27191607068467,43.07107110341234],[26.38426131903436,43.2309249594614],[26.994980782903074,43.40649884942826],[27.674298557398448,43.47548808661495],[28.20000353422333,43.575849952580654],[28.57756425221828,43.591655749081696]]]}},{"type":"Feature","properties":{"fillColor":"#ffffff"},"geometry":{"type":"MultiLineString","coordinates":[[[45.49106738201974,42.03881945786325],[45.48116125018946,42.05712763909239],[45.30198701171669,42.42017589183938],[45.31746135062927,42.68320716698143],[46.250931398498494,42.45774487874129],[46.61781499057878,42.38260920698976],[46.762394694680715,42.532889760398604],[46.71346836074114,42.90875243590434],[46.46117002008665,43.33500911682158],[46.26621056353628,43.78666346810882],[46.20605536047319,44.16329698959999],[46.67998506266548,44.51540376124917]]]}},{"type":"Feature","properties":{"fillColor":"#ffffff"},"geometry":{"type":"MultiLineString","coordinates":[[[-16.197420279424836,76.34600520802913],[-11.50967817090968,79.73483830379415],[-7.748484141016291,81.61543531874085],[-5.241021454420704,82.4512562142727],[0.818680038185313,82.97364427398011],[6.773903918849847,83.1825994978631],[11.161963620392129,83.1825994978631],[16.281366605524795,83.39155472174605],[22.02763526230636,83.70498755757049],[23.594799441428606,83.60050994562901],[25.26644123249234,83.49603233368754],[28.191814366853862,83.49603233368754],[31.884412902376738,83.76015749145095]]]}},{"type":"Feature","properties":{"fillColor":"#ffffff"},"geometry":{"type":"MultiLineString","coordinates":[[[21.205970776444666,64.88902281958373],[19.650668953688704,64.16058031358742],[18.83108378877098,63.83454209154907],[18.255782550518695,63.45929930088566],[16.72962678770938,62.23228529705286],[16.293299163530122,61.976639982246304],[15.763053804616085,61.55707653484279],[15.264391328341,61.1551459251482],[15.020252151921495,60.87692921747297],[14.657913853293659,60.45248091714214],[14.390613560298855,60.15937744760781],[13.514290148079949,60.03742992230573],[12.702999749955303,60.12684784032992],[12.26798630185721,60.41173575406313],[11.814782932577975,60.81154627840944],[11.501532705267541,61.24527516149315],[11.455975571020973,61.53243542851745],[11.846438904792352,61.83664570407322],[12.18493786186621,62.1085275099677],[13.727378216863958,62.62905002650291],[15.265425084885944,63.367728049303864],[15.903842789400649,63.77610396305024],[16.90302228574389,64.36998615437277],[17.44059070839464,64.68889577276968],[17.564857725749853,65.05936372677644],[17.78196042219553,65.69606471410415],[17.82673276314373,66.10552696992919],[18.175186825465858,66.38793686795808],[19.200956722152664,66.7570424327784],[22.820817280555765,67.75049128559672],[23.54370342162786,67.93290934319428],[24.682111393263646,68.22020247301269],[29.80574625704658,68.51702062548647],[31.20603497970039,68.61322918076765],[32.41125099337806,68.77961499001843],[33.01079043572864,68.8059105138325],[34.049727210153705,68.8059105138325],[34.81162770654123,68.77085127701194],[35.903468496357306,68.49953759591011],[37.9232882916198,67.94160375083932],[38.743458484675685,67.57705077558512],[39.52168910045662,67.36064719497925],[40.31167986861075,67.19647399918094],[40.9408794102816,67.1446822849184],[41.76387131057002,67.11016843003453],[42.46387995501014,67.09291568492105],[43.38111185249364,67.09291568492105],[44.16790772119094,67.15443420908004],[45.13701657136284,66.954993921815],[46.35145741537847,66.66249914997586],[47.43629475103476,66.27659601944147],[49.5963036895546,65.25422201865483],[50.59107523054619,64.81498559997046],[52.52372943371755,64.10200376626915],[53.25659068003513,64.06017863238742],[53.64144014008357,64.16895042765873],[53.74585585509542,64.47061441853822],[53.65389310464347,64.93277428005807],[53.065168727867544,65.55141789989912],[52.49671764256698,66.05425916953828],[51.909569970464055,66.57662298318635],[51.28027173129016,67.27420873987973],[51.09511126469545,67.68108109712051],[51.34291398125729,67.99378518588362],[51.55360411395477,68.42526244278261],[51.871560558243466,68.79714460824579],[52.160502591560395,69.15714830123198],[52.502170657551964,69.4919186451523],[52.932208078884884,69.86318124761169],[53.224231161186744,70.1478197922979],[53.6034355222811,70.42524818329716],[53.813571165995064,70.67662927278462],[54.090304174002675,70.90172468334964],[54.52674302696982,70.98290969888419],[54.75533226145561,71.29939322282361],[54.72304417300283,71.65349125518816],[54.50864399709389,71.90866544400082],[53.63142256861655,72.38469512938417],[52.01312104819059,72.66060578791577],[51.16675464128953,72.70668272426023],[49.64084963893951,72.72512087598503],[47.8208749133307,72.82660621855939],[46.57159707773334,72.82660621855939],[45.247694213283935,72.85430625715439],[41.99236822178856,73.289525431956],[39.852151146394704,73.54061886321081],[38.043045720136526,73.58720443678622],[36.367966729210735,73.7364615553024],[34.392273434158845,73.92342759601073],[30.75717626305795,74.09207433240998],[26.323632738491007,74.32690332151849],[19.2610662190182,74.59074348338905],[15.298311760444623,74.59074348338905],[9.231977588390292,74.36454078493384],[-2.469234987072625,74.73245085848211],[-5.292271122274211,74.93127162541896],[-6.440603141134391,74.93127162541896],[-8.491659082429546,74.64739579845275],[-9.883045879259583,74.49641345670769],[-10.485868377156873,74.12021704160091],[-11.137419074544077,73.69912104023074],[-11.884877467924753,73.37313560273131],[-13.945963316732295,72.33880142899983],[-14.849651787550005,72.07312926875555],[-15.995269409943365,71.7536430374559],[-16.745415432493264,71.34470491440453],[-18.73323918303244,70.86566811666047],[-19.76180057819172,70.62269755764984],[-20.59510350812319,70.38939881265135],[-23.92345352039068,69.11317919291037],[-24.4008712643534,68.74456452022848],[-29.34364568438489,67.64394079253081]]]}},{"type":"Feature","properties":{"labelText":"0℃","pointType":1},"geometry":{"type":"Point","coordinates":[-1.572134759426074,68.77329530573407]}},{"type":"Feature","properties":{"labelText":"0℃","pointType":1},"geometry":{"type":"Point","coordinates":[-18.97751173839556,64.16570462298154]}},{"type":"Feature","properties":{"labelText":"-10℃","pointType":1},"geometry":{"type":"Point","coordinates":[18.175186825465858,66.38793686795808]}},{"type":"Feature","properties":{"labelText":"10℃","pointType":1},"geometry":{"type":"Point","coordinates":[18.779632053832945,38.845135869728466]}},{"type":"Feature","properties":{"labelText":"0℃","pointType":1},"geometry":{"type":"Point","coordinates":[10.217043165066398,46.52880417429428]}},{"type":"Feature","properties":{"labelText":"0℃","pointType":1},"geometry":{"type":"Point","coordinates":[29.932276624975707,47.49615062411288]}},{"type":"Feature","properties":{"labelText":"-10℃","pointType":1},"geometry":{"type":"Point","coordinates":[0.830122392077179,74.62871230931923]}},{"type":"Feature","properties":{"labelText":"-20℃","pointType":1},"geometry":{"type":"Point","coordinates":[6.773903918849847,83.1825994978631]}},{"type":"Feature","properties":{"labelText":"10℃","pointType":1},"geometry":{"type":"Point","coordinates":[5.104605374425333,39.07642074320685]}},{"type":"Feature","properties":{"labelText":"-20℃","pointType":1},"geometry":{"type":"Point","coordinates":[52.81506698118842,79.15007067999568]}},{"type":"Feature","properties":{"labelText":"-20℃","pointType":1},"geometry":{"type":"Point","coordinates":[58.72309774848636,64.96504363099471]}},{"type":"Feature","properties":{"labelText":"10℃","pointType":1},"geometry":{"type":"Point","coordinates":[-7.164357932868661,40.883165384479845]}},{"type":"Feature","properties":{"labelText":"-30℃","pointType":1},"geometry":{"type":"Point","coordinates":[28.861940299697025,88.51993625165491]}},{"type":"Feature","properties":{"labelText":"-10℃","pointType":1},"geometry":{"type":"Point","coordinates":[48.5077851037533,65.76943891505299]}},{"type":"Feature","properties":{"fillColor":"#c6d1ed"},"geometry":{"type":"Polygon","coordinates":[[[53.1702331876434,63.82107653768206],[53.1702331876434,64.06510714197792],[53.25659068003512,64.06017863238742],[53.641440140083546,64.16895042765867],[53.74585585509544,64.47061441853816],[53.653893104643544,64.93277428005803],[53.1702331876434,65.44101401605062],[53.1702331876434,66.41497858228269],[56.14982301740214,66.41497858228269],[56.14982301740214,63.82107653768206],[53.1702331876434,63.82107653768206]]]}},{"type":"Feature","properties":{"fillColor":"#bde7d1"},"geometry":{"type":"Polygon","coordinates":[[[-23.190174103413256,66.35590362431759],[-23.172301888588827,66.36880882894722],[-23.172301888588827,66.33988853952845],[-23.17791938946999,66.34207153154273],[-23.18930816845068,66.35152435425596],[-23.190174103413256,66.35590362431759]]]}},{"type":"Feature","properties":{"fillColor":"#fff9b9"},"geometry":{"type":"Polygon","coordinates":[[[-0.204545319966243,50.826574928253166],[-0.204545319966243,52.13159561167356],[1.609844501724204,52.13159561167356],[1.587360978291883,52.08388519096434],[1.579722166268596,52.076385497818364],[1.331249831988259,51.92874527177452],[1.293263792473851,51.87409210051635],[1.283333302508765,51.85235595650937],[1.266110899208684,51.839164732138784],[1.223610878197064,51.808883668495696],[1.204027654440665,51.79804992472964],[1.181388854149532,51.789718626300555],[1.132222176640141,51.776939394286615],[1.111666440631836,51.773330686554516],[1.088333129511966,51.77055358856455],[1.049999950519123,51.77055358856455],[1.035694361602922,51.774162291837406],[0.997499944760932,51.81082916120255],[0.982777712666348,51.82527542075633],[0.701111018573897,51.71847152803622],[0.761397779754247,51.69164276093068],[0.863055469055041,51.71166229241413],[0.876388848937154,51.71694183128204],[0.902569412772948,51.73464965908954],[0.922499954371006,51.74041366376218],[0.935694398198166,51.73652649086273],[0.94694435707089,51.72555542077032],[0.952499868479833,51.60923004285718],[0.909999967863484,51.581382750240266],[0.875277757357196,51.56110382062121],[0.820833324612238,51.53555297716292],[0.808055519504194,51.529998781183],[0.789444326418561,51.524162294143935],[0.779166581039135,51.52194213986587],[0.708999989516315,51.51782989483854],[0.657166598574292,51.52433013842284],[0.639999987299063,51.52708053543398],[0.464999975536387,51.503051759241885],[0.451666622408879,51.49805450251489],[0.388935325979958,51.44821929724327],[0.412222235900003,51.44693756108143],[0.452152729155557,51.45561981150331],[0.465972242538783,51.47124862833266],[0.47499993352875,51.48013305795911],[0.489166617603814,51.48444366521784],[0.536110996017214,51.48805236849074],[0.548888801125088,51.48805236849074],[0.591944396910606,51.487773894405166],[0.6786666520631,51.46727371409082],[0.687333286782348,51.464023592298645],[0.69499987442282,51.45727157560765],[0.693124951136326,51.44902038457394],[0.708888887046896,51.43610382177451],[0.687499940486305,51.43541335979148],[0.665833233293313,51.43916320636447],[0.63047218358804,51.43327331736782],[0.559444369564119,51.405967713945756],[0.584027708318843,51.387634277033726],[0.908055482908878,51.340690612073445],[0.981388806944892,51.34555053801495],[0.99916660665582,51.347770692292954],[1.012222052001107,51.351943968765966],[1.033333300356219,51.36193847776099],[1.052777766421229,51.367218016628954],[1.066249966421992,51.369163513794945],[1.191944360161358,51.37860870410714],[1.385555507041659,51.38777160781922],[1.427499770456677,51.331108095434786],[1.411110876467205,51.20111083986109],[1.407638786067707,51.183887482317346],[1.398333312149532,51.16388702232484],[1.39027762507601,51.15415954541271],[1.368888856878527,51.13582611295965],[1.355833170742983,51.12763595783059],[1.262499810327085,51.10166168001331],[1.231944321444132,51.10083007918939],[1.220555542452985,51.099716187306456],[1.100277661640519,51.073608400136266],[1.086944339726585,51.06860351392112],[1.045555352327085,51.04943847618512],[1.029999972107248,51.04083252064419],[0.997777700934364,51.01902389427096],[0.986111045374344,51.007217406380846],[0.978888867611317,50.996665953673755],[0.716388820983354,50.904998778031256],[0.430833281835987,50.83110809112969],[0.296388864098276,50.77333068686238],[0.056944430384817,50.78083038446755],[-0.094444469493681,50.81027221779868],[-0.138055546412602,50.81832885911575],[-0.156944437703601,50.82138824370571],[-0.190833344016937,50.825828552261726],[-0.204545319966243,50.826574928253166]]]}},{"type":"Feature","properties":{"fillColor":"#bde7d1"},"geometry":{"type":"Polygon","coordinates":[[[50.26221466083746,69.06469726539626],[50.185739881172644,69.01672977965438],[50.17721557567437,69.01138305614319],[50.135131835494605,68.9916534422154],[50.113327026783516,68.99497985817955],[50.12304687451551,69.04290008571914],[50.13204946594555,69.0504162942333],[50.14749145470256,69.06330871618445],[50.163193839975605,69.07663907964294],[50.16582489038442,69.07887268031041],[50.18249511754261,69.09553527843448],[50.203340833426644,69.12081028263785],[50.22443389849059,69.14638519266339],[50.19818496723178,69.15303802459175],[50.12998962382409,69.13832092333763],[49.959434509089704,69.07609558080372],[49.878992229094976,69.01345571674723],[49.86776733393003,69.00471496614661],[49.805549621513556,68.95220947242807],[49.7924876722707,68.94311566014132],[49.755271911927764,68.91720581067142],[49.69665908822117,68.88109588588225],[49.67832946813968,68.87303161655655],[49.54911332726121,68.8367432030454],[49.4884605402543,68.81970977826934],[49.44374084419916,68.80998229933643],[49.402542881603026,68.80407809894822],[49.14721679727171,68.76748657181372],[48.912765502445495,68.73609924340133],[48.84854850387893,68.72895370655965],[48.820407867197,68.72582244909438],[48.78540801995728,68.72303771947011],[48.71692588475754,68.72567125077707],[48.58304595935016,68.73081970261649],[48.23344478000485,68.88388191327637],[48.218879699989486,68.89025878920614],[48.21443557744186,69.06025695844906],[48.219128964363534,69.06658912896805],[48.2321014401374,69.0840911866556],[48.26506042433061,69.1281814570616],[48.26539209542557,69.1625172763853],[48.265621185422454,69.18623352075961],[48.26802831904167,69.19952569118252],[48.27221298182786,69.22263336184562],[48.282266960014205,69.24116635321994],[48.289161681731684,69.25387573210944],[48.31749343897482,69.28276824936114],[48.371101379041825,69.32192993188566],[48.39166259777318,69.33526611296219],[48.413879394910815,69.3477630612844],[48.41914656710084,69.35024092991046],[48.43749237029431,69.35887146039482],[48.51746164588646,69.39533435325988],[48.58249664289271,69.42498779341867],[48.60777282679994,69.43525695760812],[48.621989698086786,69.43989497322319],[48.6349945064938,69.4441375736692],[48.653763520630044,69.44920411675146],[48.66387939471134,69.45193481488378],[48.83277130092192,69.48915100053836],[48.909713744710004,69.50248718269825],[48.94332122822095,69.50694274879704],[49.00901794486755,69.5097122192697],[49.11943817100299,69.5091552737782],[49.24296127491976,69.50558869249316],[49.24415588418208,69.50555419958533],[49.29193878152387,69.49971008319147],[49.31276702836652,69.49636840807568],[49.31703023491098,69.49537918682168],[49.34748840286045,69.48831176778403],[49.37943267784763,69.47970581103499],[49.43946310097704,69.46058303035996],[49.47887420603621,69.44802856415896],[49.51756722404474,69.43689337331203],[49.57054901131334,69.42164611830289],[49.69332122762252,69.38693237284303],[49.72470855711819,69.37831115694239],[49.90693664548867,69.3311004642437],[50.104164123459455,69.28109741180326],[50.142768859409095,69.26666259781194],[50.17527008097115,69.25138854998295],[50.19360351556974,69.24053955103291],[50.312770843169,69.15623474155902],[50.32943725581013,69.12448883012588],[50.31193542493174,69.10081481921935],[50.287694299352744,69.08320587507333],[50.26221466083746,69.06469726539626]]]}},{"type":"Feature","properties":{"fillColor":"#fff9b9"},"geometry":{"type":"Polygon","coordinates":[[[8.37152767153907,39.37291336057251],[8.391942978214104,39.447219848590805],[8.448193550688188,39.6327056890313],[8.466824776939118,39.66730229253172],[8.497221946868782,39.72374725334244],[8.509971482448353,39.73750353769408],[8.523611068673688,39.752220154262716],[8.53493129694549,39.769030298207454],[8.54194259623315,39.779441832978144],[8.551666260009164,39.8166656497435],[8.554567219584635,39.83146134072002],[8.557220459005123,39.84499359083571],[8.553956984932995,39.867702484693154],[8.520415306316352,39.90228652950475],[8.456596373995183,39.910133362408374],[8.456596373995163,39.91013336240836],[8.456596373995133,39.91013336240837],[8.45227019587035,39.9076037347088],[8.42999839739798,39.89458084089597],[8.395971298699465,39.90131378157383],[8.398611068218372,39.94610595696889],[8.40888786257392,40.006801605020826],[8.43310455354645,40.066312789917035],[9.707227621673233,40.066312789917035],[9.713609695179521,40.04055023188049],[9.675345421203225,39.73082733206629],[9.651666641673486,39.54916381836014],[9.642221450953922,39.48638153136895],[9.63083267213914,39.43027496301356],[9.565068245173501,39.145618439203474],[9.532746556808082,39.12529833699203],[9.52166557280191,39.11833190859687],[9.520246175384976,39.11844125641295],[9.442636489423819,39.124420166593325],[9.410554885369436,39.140830993170084],[9.390832901511885,39.1580543518038],[9.3661098480203,39.17749786382251],[9.342498778988158,39.194160462027526],[9.321664810671223,39.20582580613211],[9.295276642141062,39.213882445885304],[9.013540267455369,39.26319122288902],[9.013454646674205,39.20685098794741],[9.013332367155138,39.12638854956747],[9.016109466653061,39.101661681760234],[9.022499084818254,39.079719543300016],[9.043333053135115,39.04499816850945],[9.006942748989957,38.98805236788644],[8.902082443194502,38.90263366756051],[8.851179122690723,38.877910614069094],[8.646387100210688,38.89027404736419],[8.474484443816493,39.03654861405073],[8.425832748151128,39.10707855199451],[8.416058544781533,39.15492533987984],[8.37152767153907,39.37291336057251]]]}},{"type":"Feature","properties":{"fillColor":"#fff9b9"},"geometry":{"type":"Polygon","coordinates":[[[9.500276565824038,42.598609924165714],[9.503922112604599,42.59384978432162],[9.520277023537702,42.572494506810216],[9.532776832231372,42.54555129963926],[9.562221527062853,42.272773743013296],[9.559999465823491,42.19221496587581],[9.552568435721046,42.11833190946762],[9.448055267281434,41.999443054066006],[9.439248389333752,41.98987545663152],[9.425554275186926,41.97499847387371],[9.408331870873042,41.94458007843389],[9.404636865976842,41.92020423221564],[9.396928787282294,41.869354247933686],[9.400554656956759,41.84555053719431],[9.404304504405465,41.823745727532106],[9.400897188227692,41.7452046857805],[9.398887634598054,41.698883056883005],[9.389477236857857,41.67788072393517],[9.37791538199267,41.65207672158839],[9.251110076525412,41.42121124264947],[9.219652175521393,41.367286681948464],[9.20923754040747,41.36662354780331],[9.182567596363583,41.36492538455991],[8.836399489884737,41.535220407362004],[8.790414810250182,41.557842254725635],[8.785554885882917,41.613327026631225],[8.806978226054069,41.63388442978495],[8.806978226054065,41.63388442978498],[8.80697822605407,41.633884429784985],[8.796943664378432,41.71027374278083],[8.712222099428402,41.911663055172596],[8.693400923949342,41.9102258780749],[8.668609619422048,41.9083328244169],[8.666705982983112,41.908255973627575],[8.627222061336923,41.90666198725387],[8.622697984165795,41.913759689801644],[8.590970993358553,41.96353530921937],[8.649331825501507,42.00171638696862],[8.659442901323125,42.00833129902345],[8.68427527854744,42.02049935880988],[8.743193626346795,42.04936981176979],[8.68111038223833,42.10638427728708],[8.642002579774834,42.11925238218704],[8.638887405571644,42.12027740496775],[8.633487087995126,42.122486074143005],[8.608331680541994,42.13277435297948],[8.587221145909837,42.16971588118372],[8.570554732913479,42.221664428791485],[8.575832366571547,42.38360595723458],[8.66527748126424,42.51110839841368],[8.708531300854895,42.55969810572056],[8.718194008116468,42.57055282611457],[9.117638588182933,42.72943878213897],[9.150832176340566,42.733329773139225],[9.240168522950945,42.72157407057598],[9.253193854895244,42.71986007695597],[9.312567711241684,42.8292999271556],[9.329898231781932,42.91591825586597],[9.34680366480254,43.00041198765921],[9.383333205922577,43.00860595674378],[9.42124938970041,43.010414123496844],[9.459582328646475,42.988048553590055],[9.4884014132429,42.807006836005385],[9.496615799907124,42.66285266183538],[9.500276565824038,42.598609924165714]]]}},{"type":"Feature","properties":{"fillColor":"#fff9b9"},"geometry":{"type":"Polygon","coordinates":[[[-2.158534884365139,52.13159561167356],[-2.158534884365139,54.30791473388666],[-0.36843545338581,54.30791473388666],[-0.204545319966243,54.15544721567078],[-0.204545319966243,54.05261411021584],[-0.205694498789057,54.05152511572726],[-0.214583320610586,54.03124618610798],[-0.215555578694762,54.01874923623501],[-0.212222250445848,54.00833129734002],[-0.204545319966243,53.99230849386086],[-0.204545319966243,53.70005025991807],[-0.223055588435574,53.71399688839735],[-0.249444440417449,53.72972106713928],[-0.272500066709142,53.73554992469019],[-0.293888897333545,53.7366638165733],[-0.619722247577954,53.729995728710264],[-0.632222296512566,53.729164123427324],[-0.654444458084413,53.72527313355425],[-0.678750036206509,53.717494966322704],[-0.716527881215711,53.69638443142048],[-0.69305562958192,53.68610381885196],[-0.51972228417327,53.68527221802805],[-0.504888949609324,53.68643951632765],[-0.457888899566171,53.696105957335135],[-0.390222283049297,53.70794296317746],[-0.301666707838649,53.71319198409316],[-0.287777779937073,53.708610536696256],[-0.264444468817089,53.69082641400797],[-0.23927390472943,53.66516113268767],[-0.232666656571496,53.65632629250416],[-0.228000000590214,53.650993347219526],[-0.207222238006409,53.630828855462596],[-0.204545319966243,53.62937471923751],[-0.204545319966243,52.13159561167356],[-2.158534884365139,52.13159561167356]]]}},{"type":"Feature","properties":{"fillColor":"#fff9b9"},"geometry":{"type":"Polygon","coordinates":[[[-5.185625077564396,54.93621444604412],[-5.178334234408624,54.98888397269582],[-5.174166678936956,55.000549317285845],[-5.162222860261352,55.00888824520308],[-5.152222634724126,55.011665343192874],[-5.105000495678269,55.023887635954054],[-5.05361127828246,55.04902267454122],[-4.865417005514871,55.22339630131893],[-4.847778320221892,55.26943969560358],[-4.837153435364201,55.318813323534584],[-4.762468603594943,55.39607429499321],[-4.112524448764034,55.39607429499321],[-4.112524448764034,54.77070134692119],[-4.135833741042575,54.77471923908462],[-4.350555895487503,54.85902404790744],[-4.345694542639876,54.709163667585756],[-4.348055840217967,54.6991653460762],[-4.355834007449573,54.688049315709975],[-4.365000723676019,54.680274965451986],[-4.375833513198756,54.67666625771989],[-4.387222292190188,54.675552370295975],[-4.402222632725568,54.67694091929087],[-4.496389390975082,54.69888305501706],[-4.506111146885871,54.7027740493491],[-4.557917118937041,54.739025113843354],[-4.560833928861939,54.749996183935934],[-4.598611831839094,54.78027343952357],[-4.814167022932224,54.861663819571106],[-4.825555801923485,54.86444091756107],[-4.852222441292326,54.868606569005124],[-4.893889425655686,54.8519439676881],[-4.924306393178426,54.837078095207914],[-4.935556410019103,54.829719545362025],[-4.960764408094178,54.796871183503356],[-4.944723130704745,54.76749420305049],[-4.95847225303072,54.7241630538777],[-5.102500917530449,54.8216629040449],[-5.116667271633503,54.83180236885437],[-5.131944654889253,54.8452758798249],[-5.142222404727761,54.85721588152711],[-5.170000077708551,54.89110565290224],[-5.177917479753376,54.90430068978742],[-5.184445383018783,54.92166137811648],[-5.185625077564396,54.93621444604412]]]}},{"type":"Feature","properties":{"fillColor":"#fff9b9"},"geometry":{"type":"Polygon","coordinates":[[[-18.119723320518148,63.47957490424994],[-18.119723320518148,64.19334281914709],[-17.678416782286376,64.20756184614555],[-16.655583853296662,64.51490490636604],[-15.229307147428585,64.92109371597746],[-14.045225907207225,65.17464564921738],[-13.609583857458176,65.5061035154124],[-13.594722749505934,65.27861022894655],[-13.51750183354784,65.1122131375131],[-13.499444961804898,65.06915283053132],[-13.585000989475077,65.00694274691136],[-13.593612672022743,65.00138854839105],[-13.604167938701323,64.99665832310279],[-13.616111753596215,64.99249267845329],[-13.636667251038945,64.9874877935361],[-13.659168243819067,64.98332214323233],[-13.678611752571896,64.98220825464472],[-13.771555900340388,64.9923248315306],[-13.783555982744133,64.99690246562318],[-13.820417403864269,65.01624297842886],[-13.853055951568592,65.03443908553845],[-13.872501371528074,65.03999328405877],[-13.886667252596055,65.04304504577499],[-13.98805618028399,65.06388854736673],[-14.006944658777002,65.01777648997756],[-13.870555876190451,64.97332763477925],[-13.762500761292301,64.94521332046907],[-13.761112213075876,64.91165160903563],[-13.769445419235865,64.85401916516275],[-13.820278168497623,64.82527160813345],[-14.018056866922052,64.72360229285107],[-14.06472396587992,64.71165466119709],[-14.079723359250124,64.70860290513536],[-14.238472937992299,64.6893005373015],[-14.250278473123956,64.68916320748696],[-14.36594486129394,64.67410278555485],[-14.441144941919902,64.60561370937091],[-14.462486267622808,64.54235839924331],[-14.472778319294946,64.50582885520936],[-14.54125118414862,64.40470886483911],[-14.567501065427223,64.39999389527748],[-14.595834733115453,64.39833068743224],[-14.710000993654887,64.40777587662762],[-14.871667859800084,64.33999633876056],[-14.891389844940534,64.30166625706704],[-14.974723817746622,64.26026916358501],[-15.291389462928976,64.33193969778165],[-15.366390229575131,64.33193969778165],[-15.368890760826957,64.3088836690871],[-15.386112214715695,64.27638244554277],[-15.436668398796371,64.25582885930675],[-15.446945189087046,64.25193786863167],[-15.502639771140423,64.24124908324336],[-15.636112210618364,64.22610473784977],[-15.67861175372019,64.22027587970058],[-15.70777892805603,64.21443176017021],[-16.015556336818406,64.13333129815948],[-16.02750205726562,64.12721252465468],[-16.041114807971496,64.1011047342439],[-16.45305633530262,63.90805053879666],[-16.488613126013206,63.895828247513975],[-16.614170076740038,63.862220763245375],[-16.805278776849832,63.82638549614694],[-16.88500213526646,63.864997865332725],[-16.947502134242086,63.90721893204682],[-16.96833419686584,63.916107179775565],[-17.009723662484475,63.85999298041554],[-17.01055908033885,63.815826418364],[-17.023334501983584,63.79388427825717],[-17.118057253770417,63.791107176169646],[-17.13666916142779,63.791664123290786],[-17.200557708619897,63.79416656574938],[-17.243791579181106,63.79899215912138],[-17.25111389270063,63.79666137468996],[-17.30639266855178,63.783607482311936],[-17.32055663841311,63.7805480983867],[-17.7225036629456,63.71333312984956],[-17.836669923485147,63.73305511499018],[-17.856945038987817,63.73305511499018],[-17.872085573276763,63.730690002345966],[-17.973335265598166,63.668609620677046],[-17.965278624619202,63.62221527014111],[-17.944446561995562,63.608055117038816],[-17.924167635388358,63.60360717924277],[-17.86458587376444,63.599369050099824],[-17.874168398428765,63.583610534473394],[-17.913890839443184,63.542770388112274],[-17.93083572249634,63.52957916026537],[-17.950836184024638,63.52221679622181],[-18.113056180531885,63.481109618095445],[-18.119723320518148,63.47957490424994]]]}},{"type":"Feature","properties":{"fillColor":"#fff9b9"},"geometry":{"type":"Polygon","coordinates":[[[-4.523592420445753,52.13159561167356],[-4.497639177819451,52.13707733086119],[-4.29194450478775,52.22249603156706],[-4.231667517913536,52.248886109796445],[-4.193611145309944,52.27638244596153],[-4.143055914346519,52.32027435136081],[-4.130833626044478,52.334716798399825],[-4.112524448764034,52.36210709988106],[-4.112524448764034,52.13159561167356],[-4.523592420445753,52.13159561167356]]]}},{"type":"Feature","properties":{"fillColor":"#c6d1ed"},"geometry":{"type":"Polygon","coordinates":[[[10.68235874201315,79.546089172005],[10.963886260813183,79.64054870594123],[10.986108778831976,79.6433258059941],[11.016109464037072,79.64498901478697],[11.05055427352687,79.64471435323946],[11.10499763395444,79.64109802347417],[11.12860870478056,79.63859557940697],[11.366107938039306,79.63499450583572],[11.380830765857866,79.65220641812346],[11.261943818454938,79.68414306594951],[11.236385344252994,79.69358825736765],[11.20263671888631,79.71262359351289],[11.195692063815954,79.77499389543652],[11.229164125477496,79.77943420428227],[11.696386338089837,79.83499145596983],[11.788610458628568,79.83970642080101],[11.819719311935103,79.83998107678661],[11.844441415222775,79.83401489270256],[11.93888664404409,79.7688751216042],[12.03963291664018,79.6946798767299],[12.03963291664018,79.29732120964219],[11.963053701078366,79.27987670833994],[11.920045850790189,79.25203704659674],[11.892886160335479,79.24270629609953],[11.872886658318691,79.24303436266848],[11.78879928392331,79.25256347705795],[11.746964453074895,79.2789001450729],[11.705275537737805,79.30985259875393],[11.686109542275119,79.32165527536864],[11.663887024256496,79.32165527536864],[11.63861084247992,79.31944274904276],[11.600830076806972,79.306091310118],[11.55527687266806,79.27832031515214],[11.635831834707574,79.2458190935991],[11.699331284085133,79.19747925081003],[11.709998133447016,79.16373443532058],[11.687498095082447,79.15776062035877],[11.652498244901324,79.15054321146033],[11.413331987410913,79.11303710733495],[11.236385344252994,79.09304809499434],[11.144026754519928,79.23471069338808],[11.023332596093951,79.29304504512845],[10.9040269849134,79.32984924197234],[10.876386643703086,79.34220886143606],[10.851109505285876,79.35887146175281],[10.705970763917946,79.51221465940046],[10.68235874201315,79.546089172005]]]}},{"type":"Feature","properties":{"fillColor":"#fff9b9"},"geometry":{"type":"Polygon","coordinates":[[[-10.200139999200813,53.542358398665655],[-10.186111450959636,53.55027771120596],[-10.036111831383186,53.600555420659276],[-10.003241827302121,53.605163682552416],[-9.997501374538956,53.605968474351414],[-9.98480283533024,53.61218377883557],[-9.911667823508509,53.64797973610688],[-9.911667823508536,53.647979736106976],[-9.91166782350848,53.647979736107004],[-9.924446105991114,53.69138336187988],[-9.914934351618824,53.72679397542445],[-9.906389236800635,53.75860595738658],[-9.902444280225543,53.7602314293373],[-9.896945953048968,53.762496948977684],[-9.84916782443276,53.76985549975708],[-9.684167862626623,53.78416442887878],[-9.628334045375436,53.78076172002397],[-9.56138992422219,53.859718322416875],[-9.561389924222205,53.85971832241695],[-9.56138992422217,53.859718322416995],[-9.567084312058284,53.89277648968391],[-9.697500228859042,53.89665985000045],[-9.710610707949114,53.896271260147635],[-9.725557327924943,53.89582824774388],[-9.735483538376695,53.8954026490431],[-9.767640112858203,53.89402389565214],[-9.77699909004621,53.89090175301339],[-9.777222632494958,53.890827179542725],[-9.910556793634953,53.950412749916666],[-9.920896270394516,54.063697348234285],[-9.926389693968048,54.12388610801291],[-9.92638969396807,54.12388610801296],[-9.926389693968076,54.12388610801304],[-9.949750900897072,54.180885314406225],[-10.013402938259333,54.21818923969636],[-10.013402938259404,54.21818923969629],[-10.013402938259413,54.218189239696294],[-10.024613240028701,54.20707882855556],[-10.083612441492676,54.14860534597415],[-10.08361244149265,54.1486053459741],[-10.083612441492724,54.14860534597402],[-10.071666717113487,54.12554931769273],[-10.065694808187354,54.091106415099425],[-10.082500458355659,54.08638763430571],[-10.105834960990478,54.08888244624217],[-10.12349445852972,54.096362067680076],[-10.124028206275627,54.096588134762335],[-10.127587143158001,54.107827033728825],[-10.128889082744875,54.11193847710672],[-10.128042645886243,54.11793424935483],[-10.112222671044906,54.229995728190495],[-10.081666946988856,54.257217406779105],[-10.069046128236351,54.26617407142642],[-10.064444542428703,54.26943969640155],[-10.001874924118747,54.300964354655655],[-9.799861908967905,54.33430099369279],[-9.33638954159404,54.31694030651108],[-9.265834807146788,54.297492979830096],[-9.21387279027789,54.29331755062919],[-9.21387279027789,53.41277122562266],[-10.177072506837899,53.41277122562266],[-10.200139999200813,53.542358398665655]]]}},{"type":"Feature","properties":{"fillColor":"#fff9b9"},"geometry":{"type":"Polygon","coordinates":[[[-5.788025581222572,55.39607429499321],[-5.787777898638353,55.396385191616275],[-5.701666831921614,55.58860778950145],[-5.673194884443376,55.80527114701721],[-5.67788934725553,55.89944076353788],[-5.677847387300631,55.99401092595326],[-5.596528530916999,56.256942749881546],[-5.571389198234613,56.328327178931374],[-5.523055552914286,56.38666153136984],[-5.403410910694674,56.42304611413499],[-5.345361707586449,56.42594528393437],[-5.333910942906186,56.42229461624726],[-5.220833778298527,56.43582916312249],[-5.206111430267867,56.44097137566416],[-5.193333625159823,56.44832611299569],[-5.136752405503899,56.48423385609976],[-4.112524448764034,56.48423385609976],[-4.112524448764034,55.39607429499321],[-4.762468603594943,55.39607429499321],[-4.748472689282721,55.41055297708431],[-4.728889465526208,55.420272828967484],[-4.713611600689489,55.424995424123495],[-4.682500840250157,55.433883666264535],[-4.653750418686286,55.43721771242542],[-4.63958358746163,55.44263458207905],[-4.613611699711953,55.490688321948824],[-4.622917173629958,55.513881684802584],[-4.659444808182002,55.56194305416034],[-4.687222958284508,55.59749603164255],[-4.696805952044713,55.60569000374511],[-4.707777976380669,55.61110687339857],[-4.729444505210381,55.6177749612616],[-4.769166946651126,55.628608705027716],[-4.813611983247881,55.64555358848588],[-4.903889655652108,55.68972015545614],[-4.916388986674576,55.70082855187502],[-4.864732741654848,55.88838195656177],[-4.835788724617828,55.90003967166382],[-4.78805065203062,55.94073104917311],[-4.751184461731782,55.93815231341415],[-4.709722996424944,55.93402480941046],[-4.57027816938978,55.92110442963747],[-4.523056030343866,55.918609618247444],[-4.485417366639069,55.92360687051547],[-4.501111986131093,55.92916107095442],[-4.810323236893623,55.95070648221838],[-4.874722479432876,55.88681411682637],[-4.986667157788588,55.864925383057766],[-5.20750045638448,55.828746796470966],[-5.29250049394841,55.84749603379504],[-5.305278299056454,55.85221862895105],[-5.326867101640289,55.91279220715808],[-5.327366830880237,55.92724990871437],[-5.30905580531055,56.00570297152217],[-5.200694560614352,56.11860656639061],[-5.072222707699325,56.18694305285305],[-4.974166868063548,56.23332977410138],[-4.94726276477985,56.25000000044753],[-4.922292230619632,56.27110671837596],[-5.032222746416494,56.23249816881844],[-5.205833433303951,56.13721466041466],[-5.238889695368528,56.11888885299061],[-5.429167268750234,56.006938935214464],[-5.413167001531349,55.895439148316996],[-5.380000114119241,55.750274657713476],[-5.404167175340149,55.73638152935723],[-5.44597244473249,55.7068023696998],[-5.486389160670626,55.64305114760788],[-5.555196762448531,55.414398194487944],[-5.534028054371959,55.39694213978743],[-5.533541950046521,55.39607429499321],[-5.788025581222572,55.39607429499321]]]}},{"type":"Feature","properties":{"fillColor":"#fff9b9"},"geometry":{"type":"Polygon","coordinates":[[[-5.493832114283327,54.39638233249572],[-5.457357070239703,54.39638233249572],[-5.461112023556828,54.38555145298141],[-5.493832114283327,54.39638233249572]]]}},{"type":"Feature","properties":{"fillColor":"#fff9b9"},"geometry":{"type":"Polygon","coordinates":[[[-2.158534884365139,50.61935407087359],[-2.158534884365139,52.13159561167356],[-0.204545319966243,52.13159561167356],[-0.204545319966243,50.826574928253166],[-0.206111101835688,50.826660157544666],[-0.255000023171647,50.82638549597368],[-0.577222226566505,50.79527282704754],[-0.928420900192009,50.8396568277397],[-0.939166782220468,50.84082794301287],[-1.094444513776637,50.84583282476882],[-1.158889056122632,50.84082794301287],[-1.146666763361509,50.83110809112969],[-1.116944551917072,50.806941984152104],[-1.13159728031161,50.78311919967922],[-1.144305706573903,50.77791213871848],[-1.408055780836662,50.770828245984376],[-1.592777967663778,50.724159242595135],[-1.81638908216172,50.72305298020018],[-2.009444712236018,50.714996338883054],[-1.954409839160519,50.665355683328244],[-1.935555697490031,50.639442445874636],[-1.964375136714068,50.59673309329207],[-2.054444788517117,50.58568954529227],[-2.121944902938651,50.60721588060636],[-2.133889198735915,50.61332702475744],[-2.144722460921287,50.616943357518494],[-2.158534884365139,50.61935407087359]]]}},{"type":"Feature","properties":{"fillColor":"#bde7d1"},"geometry":{"type":"Polygon","coordinates":[[[17.228150932054437,53.65848948413666],[17.228150932054437,54.72323564893715],[17.25110815867928,54.730274214840954],[17.337907906636353,54.74394343886374],[17.362220764316156,54.74777222761111],[17.43416593914423,54.75277708543591],[17.47828283581847,54.757096771871176],[17.530551893391696,54.762214673536775],[17.59291457056315,54.76999666125042],[17.686607367357816,54.78909301519491],[17.77444075419623,54.8063888591965],[17.841067919135117,54.815903752824376],[17.896942135940165,54.823883039199686],[17.918888093908585,54.82666016908861],[17.925810474380786,54.82706992525886],[18.043331139813887,54.834026320964725],[18.3361091475617,54.83603666520977],[18.68323448391685,54.70789578332162],[18.68323448391685,54.70042010545126],[18.50394248153456,54.75349807145257],[18.48340036150525,54.75912093388369],[18.406108864176087,54.73818969123981],[18.468330387128784,54.66583251334106],[18.511386876053596,54.63110350388588],[18.54460774830394,54.59148155147987],[18.54777527994746,54.587703691974],[18.558958123282174,54.56578968594139],[18.566663735330838,54.550689695369506],[18.56696656575039,54.54351857967682],[18.569789879284794,54.47666166344631],[18.57023945060562,54.47365946114748],[18.574302671799753,54.446525586174964],[18.59137835640654,54.43120591269668],[18.59520530419462,54.427772516503055],[18.68323448391685,54.39275736122256],[18.68323448391685,53.65848948413666],[17.228150932054437,53.65848948413666]]]}},{"type":"Feature","properties":{"fillColor":"#bde7d1"},"geometry":{"type":"Polygon","coordinates":[[[51.394996643211755,71.84860229530022],[51.40582275363465,71.87719726687038],[51.41749572731777,71.8991546615357],[51.44193267763916,71.9363708494227],[51.45749664148491,71.95860290563809],[51.48915863134897,71.9969329846761],[51.57444000254691,72.070831298278],[51.60110473517027,72.08248901422873],[51.66110229598206,72.10165405215025],[51.84193420482302,72.1585998524003],[51.86457443333842,72.15956878710557],[51.922767638685,72.12387085063312],[52.016937257286145,72.10693359501397],[52.05193329013963,72.10081481935379],[52.33027648783951,72.06164550751924],[52.35193633914923,72.06192016587397],[52.40332412614447,72.07957458603988],[52.41929626548574,72.20442962614061],[52.58013153087728,72.25985717817156],[52.746101379491506,72.33692932058443],[52.712211607325344,72.3624877925206],[52.69082260233381,72.36997985995407],[52.665126801220254,72.43227386446154],[52.70668825561688,72.54235675797838],[53.07516445233372,72.47953378660611],[53.07516445233372,71.5064445984636],[53.028877256795056,71.50082397587141],[53.00902175775491,71.48407745309049],[52.982765197431604,71.44358825633884],[52.91944122409427,71.40554809658317],[52.62221527090077,71.4963684080717],[52.58749389640201,71.5655364987145],[52.55249023308477,71.59443664410384],[52.511940002208405,71.59304809459826],[52.43221282903352,71.54832458474061],[52.38124084480222,71.49044036844526],[52.16609954899462,71.48193359310937],[51.96276855604748,71.47526550393525],[51.79721832223396,71.47499084558052],[51.639160155853745,71.52970886352841],[51.55193328797685,71.59443664410384],[51.41873932037777,71.73137664861508],[51.401657105117295,71.7899780262619],[51.394996643211755,71.84860229530022]]]}},{"type":"Feature","properties":{"fillColor":"#fff9b9"},"geometry":{"type":"Polygon","coordinates":[[[0.128801228733239,40.107334617611016],[0.128801228733239,42.37272853628525],[3.155591108185839,42.37272853628525],[3.118055362213624,42.2251320011585],[3.111458047866336,42.19881440489377],[3.117083078327141,42.14443967825656],[3.146874671166756,42.11659242090087],[3.179096935007351,42.105964661930045],[3.211110835708951,42.066520691191386],[3.220555315046738,41.94693755484013],[3.201666356371163,41.8927764952719],[3.175277718419238,41.867492662021334],[2.937430382064974,41.7190895198504],[2.717499720499859,41.62749479507352],[2.676666275018647,41.612777706243946],[2.605833067132835,41.59082795422353],[2.557777411460961,41.57721710254333],[2.537777414998629,41.570274335893885],[2.267083151249096,41.4598579387914],[2.247082961212755,41.44242477333779],[2.164721952316086,41.3424987750393],[2.151249660962094,41.31194306787859],[2.117360840441449,41.2892990043498],[2.0783328991144,41.275276188313626],[2.054166298020789,41.268608103282986],[1.761666533654932,41.2186050536568],[1.616388799856452,41.19583129549483],[1.322499986610978,41.12944030301446],[1.039444198290198,41.06249235919273],[0.993055447731535,41.048049913267164],[0.964444385773163,41.032775873096],[0.899444416628057,40.98027420796666],[0.703611017921332,40.79687116877375],[0.730555484485023,40.77111052385055],[0.848055492737274,40.72943878646072],[0.870277719631986,40.73249435330541],[0.896597135492925,40.72576142095795],[0.885277736336093,40.70277403444186],[0.857916582208816,40.68027495789869],[0.68972219386302,40.57166290350574],[0.664305491364246,40.562774639927966],[0.636388857058535,40.5618018914638],[0.621423528829439,40.584369648090274],[0.709166632717256,40.59583283407346],[0.734722127831105,40.63999556014761],[0.696666586534775,40.63749694464468],[0.610138779432816,40.62499620159548],[0.589166653943437,40.61277772826901],[0.541944373398508,40.56916045523599],[0.5191665888957,40.53388215997279],[0.518939371641068,40.528739941980916],[0.356388867871317,40.30083085372655],[0.280555564082874,40.236656207026726],[0.213055546986539,40.18360138460781],[0.128801228733239,40.107334617611016]]]}},{"type":"Feature","properties":{"fillColor":"#fff9b9"},"geometry":{"type":"Polygon","coordinates":[[[-1.86796518836342,47.277178869070546],[-1.86796518836342,48.615498186063164],[-1.812222241417601,48.61054994027688],[-1.787222381341564,48.61054994027688],[-1.722777853660091,48.611106891618306],[-1.64111127241614,48.61652375251413],[-1.615139012309214,48.62416075324228],[-1.588626370802103,48.639678967757106],[-1.521111254927405,48.6363830593354],[-1.465000168797303,48.63721465358094],[-1.368889089742481,48.64360809570758],[-1.449722295859431,48.675552387170285],[-1.494305619693591,48.68749617887795],[-1.562569480107641,48.74895478766854],[-1.578611118933395,48.83777617660854],[-1.597500077609141,49.04027556974603],[-1.609722383702433,49.21499634689633],[-1.681111342770464,49.2944412397153],[-1.856527786447714,49.648605343403574],[-1.86796518836342,49.65378861238321],[-1.86796518836342,49.71766342534856],[-1.844722284062357,49.71388243320092],[-1.71527790338024,49.680274953247476],[-1.665208341700293,49.6609687650008],[-1.620555640916109,49.655273428434384],[-1.528017861938849,49.657508860618975],[-1.501111258465073,49.664443961734946],[-1.475486154112389,49.684787745762435],[-1.410833340721354,49.70499420833795],[-1.376527910066955,49.706802383814306],[-1.32277800184346,49.70082857157712],[-1.288611170229899,49.6944427562691],[-1.264166829047156,49.68416594710436],[-1.238611217788957,49.65583037977575],[-1.22895849145641,49.61881255040487],[-1.259166733144582,49.59832765087339],[-1.298541791510957,49.577426915504475],[-1.304027913212394,49.55554963761938],[-1.291180595131323,49.52735518579493],[-1.26041687326466,49.49221800603573],[-1.244722351478174,49.47527315055504],[-1.165277961951858,49.40666197952754],[-1.109583485955511,49.369438187336016],[-0.859722245361922,49.366802211666084],[-0.621944556961409,49.34499357514949],[-0.294305560951045,49.30207824044351],[-0.228333346634315,49.283607479209024],[-0.098750018477972,49.30013657628177],[-0.073333315979198,49.30554960441077],[-0.039444456743752,49.31472013771133],[1.7287562e-8,49.32877349973728],[0.070694432558469,49.35541533258498],[0.092083323041038,49.37152479976834],[0.113611122283146,49.39138793935638],[0.128801228733239,49.39960738345552],[0.128801228733239,47.272396213726665],[-1.858682059967169,47.272396213726665],[-1.86796518836342,47.277178869070546]]]}},{"type":"Feature","properties":{"fillColor":"#fff9b9"},"geometry":{"type":"Polygon","coordinates":[[[3.986805455352339,51.80207826281054],[3.992083059055176,51.846797940226224],[4.01805497072877,51.979057313886926],[4.051805037349311,51.985412583205175],[4.089722173178643,51.98402403761821],[4.118332847988938,51.98763276175248],[4.122334062926555,51.98944757412701],[4.122334062926555,51.709986468065296],[3.986805455352339,51.80207826281054]]]}},{"type":"Feature","properties":{"fillColor":"#fff9b9"},"geometry":{"type":"Polygon","coordinates":[[[-6.4379578847323,57.973229308171156],[-6.473889350763155,57.94832611091489],[-6.541111945888257,57.915687560867376],[-6.585615938090703,57.89509136567629],[-6.735278129400285,57.82582855233335],[-6.953560120207727,57.73124181982003],[-6.964931011063821,57.72631454474862],[-6.981111526397513,57.727081298979385],[-7.121875762920865,57.81666183468195],[-7.124236583569597,57.83562087991168],[-7.103889465206102,57.83666229267563],[-7.096284756268795,57.8341259389715],[-7.092223167215934,57.832771301137996],[-7.085820440448266,57.82678124168169],[-7.083611488324738,57.82471466051458],[-7.065834045233638,57.820831299051015],[-7.033355792552514,57.83084498687492],[-7.028889656232991,57.83222198505649],[-6.832222938438235,57.902221679900435],[-6.832222938438306,57.90222167990048],[-6.832222938438232,57.90222167990051],[-6.879445076062069,57.93249511729028],[-6.902066413609833,57.9395066679305],[-6.935000419745506,57.94971466077436],[-6.946111678975456,57.95277404762311],[-6.988889217463736,57.95930099506853],[-7.021944999540381,57.951942443919336],[-7.032639503466896,57.95277404762311],[-7.048711018808869,57.956437677468685],[-7.075278282265109,57.96249389663927],[-7.1032739448052,57.979457775839315],[-7.113334178963214,57.98555374148174],[-7.127430915810115,58.12791061424602],[-7.113666500811474,58.15045547473436],[-7.094445228667041,58.18193817116173],[-7.080192616814566,58.19725922489229],[-7.057361602758234,58.22180175763638],[-7.036250591503338,58.23569107052921],[-6.976720437225502,58.25229765921443],[-6.797778129776361,58.302215576180004],[-6.681005877377417,58.33048808077581],[-6.560277938838813,58.35971832278146],[-6.555617028297275,58.36140042906629],[-6.550278663539643,58.36332702620416],[-6.463821340896605,58.405078953676124],[-6.3552780149844,58.457496642918656],[-6.31055641164331,58.47916412360341],[-6.292778015100758,58.48832702646401],[-6.274583816706294,58.50944137578392],[-6.263333797293683,58.51263427735478],[-6.261925691053789,58.512393024501684],[-6.248750209717427,58.51013565046744],[-6.23472309107848,58.504165649177686],[-6.223333358524457,58.49638366708748],[-6.165972709678147,58.42291641213936],[-6.167415000527158,58.3166721828497],[-6.168194770636887,58.25923156718927],[-6.174504607887418,58.25079034756521],[-6.224722862327837,58.1836090086436],[-6.355278492202615,58.031524658266676],[-6.386111259376605,58.00916290289837],[-6.4379578847323,57.973229308171156]]]}},{"type":"Feature","properties":{"fillColor":"#fff9b9"},"geometry":{"type":"Polygon","coordinates":[[[-2.075048047995837,47.272396213726665],[-2.043611520617503,47.28721616996364],[-1.998888978305331,47.282218938957385],[-1.938333508739959,47.27416230833978],[-1.932754307430681,47.272396213726665],[-2.075048047995837,47.272396213726665]]]}},{"type":"Feature","properties":{"fillColor":"#c6d1ed"},"geometry":{"type":"Polygon","coordinates":[[[11.337012290525593,78.96054077027753],[11.413054467065194,78.97276306174854],[11.469718935775315,78.97608947933422],[11.537776944796576,78.97747802657972],[11.602497101038864,78.97637939707556],[11.675830838741149,78.96943664416273],[11.83016395369225,78.94999694935524],[11.848330498815926,78.94515228184719],[11.984996796593748,78.92637634549357],[12.03963291664018,78.91947587521263],[12.03963291664018,78.60684783714807],[11.979442596488411,78.61747741831033],[11.91819286562361,78.62928008936325],[11.644790646649994,78.73595428389268],[11.664720536372329,78.76332092019629],[11.576108930160046,78.88220215000268],[11.425415037607763,78.91873931617704],[11.337012290525593,78.96054077027753]]]}},{"type":"Feature","properties":{"fillColor":"#fff9b9"},"geometry":{"type":"Polygon","coordinates":[[[-10.132501602565753,51.59333038217636],[-10.130727206241252,51.60673512894903],[-10.130001068465253,51.612220765317026],[-9.995625496685948,51.71457672067822],[-9.974306107789225,51.73027420076349],[-9.905555725433814,51.757774353705656],[-9.84429830303921,51.77823640280828],[-9.84429830303921,51.63737471278501],[-10.025835036264596,51.59527587926368],[-10.040278434954018,51.59291076541086],[-10.132501602565753,51.59333038217636]]]}},{"type":"Feature","properties":{"fillColor":"#c6d1ed"},"geometry":{"type":"Polygon","coordinates":[[[13.914164543360982,77.52499389667776],[14.057498932504302,77.55859374773473],[14.114997864409304,77.56694030964871],[14.159721371871342,77.57110595694712],[14.181941987732444,77.57304382172543],[14.325830460926397,77.58332824841796],[14.35471916259121,77.5838775659509],[14.47916412553866,77.57887268337834],[14.50444412275425,77.57748413057107],[14.54083156354011,77.56817626714559],[14.586317063104275,77.5244674662166],[14.759026527826506,77.50776672263419],[14.876211166530311,77.54634094387575],[14.939998625929604,77.55303955319101],[15.077496528103836,77.55581664768192],[15.11194228867248,77.54942321786399],[15.152776718103041,77.54443359148524],[15.200275423460369,77.54081726172001],[15.415275574995178,77.52748107898924],[15.44055366449129,77.5260925317437],[15.498052596396121,77.52720642300363],[15.602664946628806,77.53009796397725],[15.633497236230426,77.53160095214372],[15.648831368560366,77.53225707971978],[15.665998457783246,77.53260040248273],[15.702163696526384,77.53192901871262],[15.791109086904328,77.53082275276887],[15.834997174530827,77.52638244392313],[15.872497561059845,77.52053833163819],[16.001052858564492,77.48420715467194],[16.027553557082967,77.47166442750995],[16.080276488257255,77.44970703244121],[16.110553742729337,77.44274902333456],[16.11145544052127,77.44262200133359],[16.11145544052127,77.01921901796038],[16.092359544016063,77.02012634422766],[15.827775955755328,77.0102691632693],[15.762777328088475,77.00471496316374],[15.597497941272081,77.00166320712549],[15.401943207703255,77.00138855113988],[15.374441145564504,77.00221252465843],[15.350275039608846,77.0036010719038],[15.241526603387058,77.01721191618213],[15.131664275905337,77.05693054107161],[15.052221297406106,77.09915161002817],[15.035831450917385,77.12525940176312],[14.739719388932087,77.17637634460505],[14.718330383029127,77.17858886536897],[14.665833474898534,77.18081664788883],[14.578886034119762,77.1797027566289],[14.532499312303003,77.17637634460505],[14.494997023616463,77.17082214449948],[14.467220305492276,77.17164611801809],[14.381109235627548,77.19025421399095],[13.981109617762968,77.40220641936452],[13.92083167808579,77.49748230150351],[13.914164543360982,77.52499389667776]]]}},{"type":"Feature","properties":{"fillColor":"#fff9b9"},"geometry":{"type":"Polygon","coordinates":[[[22.093231816796482,37.93453856299528],[22.093231816796482,38.24613543676511],[22.173192971685353,38.202632896571004],[22.219997403222237,38.183605183994985],[22.378330237518583,38.14638518585542],[22.45555495179042,38.13333128551682],[22.536941547485753,38.11332703042473],[22.652221686909343,38.076110826337185],[22.721456514906095,38.042842875319025],[22.761108384206068,38.00638579134153],[22.79944228502876,37.971382138982335],[22.862775813638393,37.93957900173859],[22.90805433942154,37.938049301932836],[22.955623620861275,37.94902038389114],[22.97638509903743,37.9799270795728],[22.949165331417987,38.001663203239275],[22.899164217532416,38.02610777671083],[23.021387084890762,38.06055068367664],[23.11413384644419,38.06077193884937],[23.124721535580647,38.06249238655295],[23.168888094421618,38.074440011027434],[23.215761167327003,38.100341810169425],[23.224649430904947,38.15339659387354],[23.118329990479822,38.21041109023264],[23.025276181721438,38.21749876643804],[22.966941819858903,38.213607772581156],[22.94305419772877,38.208053590233476],[22.835277570348183,38.226387030015815],[22.773469908777315,38.23888397901305],[22.533885941926428,38.344993585136024],[22.393747328934353,38.35187150446893],[22.374303819235706,38.334575660467294],[22.19388580849295,38.337219224241096],[22.168331165105087,38.34693908206441],[22.125553113136277,38.37138365553608],[22.093231816796482,38.38179499691685],[22.093231816796482,39.77120360873716],[22.82360838282949,39.212219243684274],[22.833885191994398,39.18804931311638],[22.855483994208726,39.15707777011784],[22.87638662660362,39.17513273422952],[22.913330084813367,39.15638733009126],[22.97124861083853,39.10633085401906],[22.98666574096893,39.07933044454637],[22.98649787352724,39.06416321855244],[23.034164445299382,39.03610992094667],[23.072776783077927,39.03694151519221],[23.051387776450895,39.0163879355772],[23.00971983311291,38.97777555908408],[22.937774658284923,38.92860414241807],[22.83305359774903,38.891105668607736],[22.750205982331238,38.87068941044487],[22.680580134694026,38.8792457719062],[22.649822220049657,38.89759825937796],[22.614442840402376,38.90902327255259],[22.523851410079374,38.86606980375285],[22.555830002868845,38.83332825808657],[22.581943494624113,38.82541274297296],[22.764303208243575,38.78374863240174],[23.06624795523993,38.68791200267685],[23.188468925572238,38.65562059417505],[23.284164439793187,38.65374373861516],[23.317497238127828,38.64402388079185],[23.33673284926499,38.608398429774525],[23.305553446420163,38.56749727208023],[23.336942683567315,38.53708268042345],[23.399440746449955,38.50777436463068],[23.601943972354093,38.43110656298563],[23.96055222718877,38.28166199226706],[24.074026126876618,38.19499589584285],[24.064720169150064,38.151107773957676],[24.005554213041933,38.067771925996794],[24.010829919718958,37.971382138982335],[24.030551905088203,37.87249756923154],[24.05666349981766,37.84527586587126],[24.086524972899838,37.798191061637624],[24.08999823389314,37.77666473355862],[24.06583213609224,37.6831893978848],[24.033956524713005,37.65284348631138],[23.94763754532795,37.67193984025573],[23.774440776905408,37.83444214407979],[23.562845221628663,37.98051453818931],[23.590276720576412,38.00360490611564],[23.59478951309137,38.02846907076196],[23.5751361690904,38.042911516687525],[23.511663422002812,38.03930283126823],[23.23680495394069,37.97541045429119],[23.176668185109236,37.95194246205051],[23.109165186972064,37.91527558248572],[23.10361100462427,37.84165955363318],[23.135362543248732,37.72611999504062],[22.201621453958523,37.90667383747683],[22.093231816796482,37.93453856299528]]]}},{"type":"Feature","properties":{"fillColor":"#fff9b9"},"geometry":{"type":"Polygon","coordinates":[[[3.997846611127272,51.590133654753686],[4.041943560729294,51.60527037347282],[4.070693957310084,51.61138533992886],[4.122334062926555,51.60834377480475],[4.122334062926555,51.5261084797067],[4.082777006210563,51.53083037719375],[3.997846611127272,51.590133654753686]]]}},{"type":"Feature","properties":{"fillColor":"#fff9b9"},"geometry":{"type":"Polygon","coordinates":[[[4.36241301334141,52.17206389116808],[4.365416068252955,52.17443848482924],[4.404444203154242,52.21027373143386],[4.424721707416779,52.231384262390065],[4.441666601612269,52.25249479334644],[4.494494439065591,52.32721709806316],[4.551110250250588,52.41971589122079],[4.574371350515037,52.45447157518413],[4.657957567190465,52.453124996457575],[4.845251561525515,52.41019820216593],[4.885979663992657,52.39037323538622],[4.991944321844812,52.361106886454195],[5.126943581741443,52.330276497674504],[5.244304642519353,52.31187058375673],[5.294999603335214,52.299232480540695],[5.330442436566045,52.27582550285001],[5.33777715201154,52.27555085994601],[5.371735581771077,52.269096364554514],[5.407499322110766,52.25193788071971],[5.422499648533517,52.24901963532716],[5.528749479719579,52.2656898479039],[5.548610683567006,52.278747542294525],[5.56624938597804,52.30527114009459],[5.581388001723155,52.325275433901425],[5.627082827921583,52.355274189720774],[5.670555113969158,52.37138365690413],[5.695130814522145,52.380119306677614],[5.731909734764315,52.39064025147155],[5.770417194106585,52.403587337633155],[5.813735472616429,52.42846300057971],[5.8512497033567,52.463054649868184],[5.878054603009161,52.50943755448964],[5.87241458991457,52.52341460961344],[5.848055343897272,52.57777404389833],[5.85499954299479,52.606910698197396],[5.75888823165127,52.60666656256814],[5.671804905656018,52.60777283843248],[5.600554932777015,52.658191685181464],[5.596735019322182,52.748260504204495],[5.619166383652441,52.77944184279028],[5.665971744344915,52.82339860604395],[5.718352309530133,52.8380203402819],[5.714444165009922,52.84027098738915],[5.648610588448889,52.85541153887516],[5.584513177806798,52.83982085022484],[5.41194389912016,52.85374451761737],[5.370798102504239,52.880199435334134],[5.40597151933099,52.911315926603265],[5.419582835589097,52.9569397111145],[5.409582605068977,53.03194045278718],[5.369860661952202,53.07041167506168],[5.339166626754093,53.06555176550745],[5.296249395022073,53.04999541689887],[5.263054847294825,53.03527070125051],[5.198310357219839,52.99531554008263],[5.125050543388511,52.93239211751791],[5.119884012492435,52.8950576783825],[5.126111019625455,52.82249449894829],[5.196388244040293,52.755691542112174],[5.007553090314218,52.641532893475414],[5.037045959634099,52.50881575583156],[5.051792626582994,52.43803403865081],[5.016400819479884,52.408538807726984],[4.910225862747495,52.42918394788143],[4.727368818603225,52.48227311034208],[4.582013616458312,52.47708129867118],[4.654166225269705,52.75166322680326],[4.738818647974938,52.9566612354439],[4.783472045625778,52.96499634173212],[4.805763726900238,52.94992447032979],[4.808680075266977,52.92624664378695],[4.831249728919431,52.9101371766036],[4.867499340198719,52.89860534925191],[4.896111021594038,52.89707948221297],[4.937777532483778,52.90374756724361],[5.081063272859922,52.9573555082373],[5.132563114698428,52.98368835813949],[5.184206472359278,53.00553129598285],[5.224444406542489,53.032493610076585],[5.250693787301486,53.04916382265333],[5.301666255917723,53.072776801879456],[5.415624632811841,53.17034530017884],[5.442499141703195,53.21193693661451],[5.462360384265253,53.228466033687255],[5.579721909621014,53.2913856622003],[5.599165922612372,53.30027771983009],[5.890832892573599,53.38221739538534],[5.981666561499424,53.39888764667688],[6.092499723594926,53.410827644332585],[6.119100480023214,53.41173645793605],[6.119100480023214,52.17206389116808],[4.36241301334141,52.17206389116808]]]}},{"type":"Feature","properties":{"fillColor":"#fff9b9"},"geometry":{"type":"Polygon","coordinates":[[[-2.464984833270543,47.272396213726665],[-2.197827192351704,47.272396213726665],[-2.28125022282893,47.240272519948746],[-2.43361137420294,47.26249695358797],[-2.464984833270543,47.272396213726665]]]}},{"type":"Feature","properties":{"fillColor":"#fff9b9"},"geometry":{"type":"Polygon","coordinates":[[[0.075833321076004,49.5225677503758],[0.128801228733239,49.61639849246084],[0.128801228733239,49.48158654075629],[0.11319443471956,49.48777389360407],[0.075833321076004,49.5225677503758]]]}},{"type":"Feature","properties":{"fillColor":"#fff9b9"},"geometry":{"type":"Polygon","coordinates":[[[-7.858264439653396,43.764301295955704],[-7.516667358779046,43.73444365564018],[-7.463611607204541,43.72638702502263],[-7.363611702322657,43.67416383556406],[-7.333472721440103,43.63860702591529],[-7.295972815181642,43.59610748833205],[-7.247361679331334,43.56222153270784],[-7.204722884555224,43.56485746966291],[-7.038472638119174,43.55027390823335],[-7.044818886885309,43.49040221974616],[-7.019166953165097,43.539718623397846],[-6.999444967795682,43.56082915435405],[-6.943333610661853,43.57777404854954],[-6.7666673752978,43.56777192100361],[-6.60083389385494,43.55832670608413],[-6.481389046826109,43.55499266356878],[-6.342778197899179,43.55693816049717],[-6.101806150039067,43.56180190281822],[-6.075834277080219,43.56582642407511],[-5.944723146144213,43.59388730978475],[-5.883334146592574,43.623329152977476],[-5.854166985018651,43.64804840806795],[-5.778611189030528,43.61721801928826],[-5.753611561243417,43.590412151765406],[-5.733333592402914,43.57638550296264],[-5.677500246362058,43.54485700862267],[-5.645833965992381,43.5449943687895],[-5.610000616413799,43.55027770228537],[-5.548889163377282,43.55221557239486],[-5.459722515709018,43.55388642641947],[-5.398056047071805,43.552497880832505],[-5.279861456307628,43.52943802018092],[-5.259166722474049,43.51832582271879],[-5.234444602487201,43.495552064556705],[-5.202569958978415,43.47839737477386],[-5.0563898215363,43.46999358840219],[-4.980000495561967,43.46110536353905],[-4.881944655160282,43.44860841454198],[-4.753750801746435,43.425689708109246],[-4.733333575713175,43.41916657134925],[-4.647083740989387,43.40763474399756],[-4.59472276550099,43.403053271399244],[-4.514552124743261,43.396347052274734],[-4.315555570718516,43.39054869558322],[-4.273056033135106,43.39054869558322],[-4.218333724880836,43.39694213771003],[-4.121945370314563,43.416381853356484],[-4.05138970894393,43.44249724213796],[-3.944722648186826,43.46777344856986],[-3.864731605460078,43.48248072794018],[-3.864731605460078,42.37272853628525],[-7.086721237104495,42.37272853628525],[-7.170137469336396,42.584335918660145],[-7.377604493125489,43.06050759168323],[-7.679442942479852,43.461781605826616],[-7.858264439653396,43.764301295955704]]]}},{"type":"Feature","properties":{"fillColor":"#fff9b9"},"geometry":{"type":"Polygon","coordinates":[[[14.106166148409848,40.816734774089],[14.106166148409848,42.37272853628525],[14.35099838589855,42.37272853628525],[14.504165644403827,42.26138304488569],[14.565832151755899,42.21888734006916],[14.604721068179174,42.204994218666286],[14.628887165980132,42.19888304626227],[14.661388408784205,42.189163227153756],[14.716249470938692,42.16805265748275],[14.714998246803702,42.14193726870144],[14.72166536396395,42.10402679182033],[14.73652647190869,42.08790969781836],[14.754720693213187,42.07777404287225],[14.76218223839561,42.07478332334426],[14.831249237665475,42.042774184565076],[14.894026744089274,42.020549789640654],[14.939722073580413,42.01583099559042],[14.996386510574212,42.004440322457356],[15.025971405011603,41.98485945259188],[15.06277657389876,41.952774045625404],[15.099164977792952,41.93721769701682],[15.14192007187603,41.92802428326013],[15.162360178365361,41.92444227234898],[15.373055459313264,41.90554808717309],[15.404721275105146,41.90388489868218],[15.765275956023629,41.916942593072804],[15.856943116221032,41.925277699361175],[15.913610456826063,41.935272200088434],[16.02291488698637,41.94666291193619],[16.053886429984743,41.94388582076243],[16.08249664021713,41.93610383304866],[16.102932565506507,41.9280246567252],[16.102932565506507,41.71944310067924],[16.030551926429382,41.67694093207314],[15.980277060080596,41.65319063139498],[15.937776554626964,41.640552528178944],[15.919859879837702,41.6313857889304],[15.897638311094738,41.61333082481872],[15.89097119393449,41.5884666601724],[15.890415210463345,41.56527327212086],[15.898331654732488,41.530273452528434],[15.926248560041927,41.485828418016695],[15.98499964818285,41.43971632353254],[16.033054335984332,41.418884268246984],[16.102932565506507,41.393437152841074],[16.102932565506507,39.922894697564544],[15.749589117150055,39.922894697564544],[15.748332958854121,39.92721557480604],[15.728887552129663,39.95693968772139],[15.712221133604714,39.979721072702205],[15.66374875165468,40.033050538025066],[15.64225769277283,40.04293059775665],[15.618749630697778,40.06457899365017],[15.58305453172676,40.07444000569228],[15.560693744505954,40.07610702694984],[15.5097904205507,40.070064534629296],[15.458610517951001,40.02861021964543],[15.416387559012435,39.991451274770554],[15.354860308853176,40.00089645097523],[15.313055044063333,40.0313873108193],[15.264305115597892,40.071800235970386],[15.137359621422661,40.160690304993864],[15.10444354936618,40.17235565974556],[15.01249884265377,40.1955490090823],[14.941944110438726,40.23416138557559],[14.927221291816352,40.27111053486317],[14.964166647051911,40.341384894381406],[14.990624429665047,40.36395265100805],[14.991665858212741,40.39569090222051],[14.964443225696698,40.44583131201347],[14.898331638042748,40.55874632461911],[14.830762863433335,40.631519299640615],[14.774860372731212,40.67304992152651],[14.753470436948646,40.675968166919006],[14.625138294212434,40.64763259959062],[14.504720698719439,40.619720456203595],[14.40194319937109,40.59999847083435],[14.362984673708695,40.627357495646606],[14.390971188257197,40.63805006321928],[14.47454737779509,40.71020127829752],[14.452775946216661,40.747913341746994],[14.311943989587007,40.826244370597976],[14.26888750066206,40.84020233931733],[14.216040615519432,40.81819153403222],[14.166942602144275,40.8069381823513],[14.106166148409848,40.816734774089]]]}},{"type":"Feature","properties":{"fillColor":"#fff9b9"},"geometry":{"type":"Polygon","coordinates":[[[-0.204545319966243,52.13159561167356],[-0.204545319966243,53.62937471923751],[-0.117222232594145,53.58193969779535],[-0.100833343063755,53.57305145119528],[0.026944444930564,53.50971984648885],[0.085277745025792,53.48638153227978],[0.125694407455057,53.47443771360423],[0.14347222500237,53.47527313140171],[0.168611125153802,53.459999083538605],[0.216944409288601,53.41693878342244],[0.235555513192651,53.39943695179312],[0.269999949689293,53.34638214268199],[0.339583337970453,53.23471832402038],[0.353888868918602,53.187217710889],[0.356388866220186,53.17638397158191],[0.357777745187036,53.160827637118814],[0.355416625972396,53.14402389696073],[0.339166641283214,53.0923576368445],[0.326666654775806,53.083190916158856],[0.276666641859833,53.06694030719831],[0.203888861384314,53.02805328355498],[0.173333332369793,53.009162902930996],[0.032222195706879,52.91722107017631],[0.002109801272582,52.87985610934021],[0.240069418885241,52.796173097107385],[0.363333314564215,52.7802734356805],[0.378888846392556,52.78138732756355],[0.429027737395302,52.82402420223889],[0.434999941032345,52.83291244437993],[0.43833333170852,52.84555053755298],[0.444305539804759,52.86569214084557],[0.491388827518392,52.93429946744641],[0.547777651577064,52.966178893236474],[0.667222143473964,52.97610473683858],[0.884722113820999,52.96638107244104],[1.183888673087665,52.93888854879049],[1.282222032565528,52.92749786577144],[1.305833099859001,52.92166137873238],[1.352499962889055,52.90972137257137],[1.372777701933614,52.90249633653718],[1.393333197151378,52.89360809439631],[1.432222129281399,52.8747177137721],[1.468611001682746,52.85443877969385],[1.503611088757907,52.837493896235856],[1.517222166845272,52.83138275208478],[1.530833244932637,52.82527160793387],[1.645277737767515,52.771110536427614],[1.656944272932265,52.764160157505444],[1.675277709844522,52.7480545043594],[1.686388732662408,52.73666381688133],[1.702499866019252,52.715827943550096],[1.70722198405366,52.70610809166709],[1.721111059104942,52.676666258335956],[1.745902538856001,52.620204925156315],[1.748982430760691,52.529106139687315],[1.749444244432652,52.45582580737363],[1.733055354902149,52.39305114637909],[1.609844501724204,52.13159561167356],[-0.204545319966243,52.13159561167356]]]}},{"type":"Feature","properties":{"fillColor":"#fff9b9"},"geometry":{"type":"Polygon","coordinates":[[[-5.258889196658743,51.870552062636136],[-5.239167215210671,51.91638183571325],[-5.076666833228956,51.996109009653935],[-4.844445228304153,52.01388549839487],[-4.830278397079553,52.01624679597296],[-4.767778397656173,52.064437866628225],[-4.759166716654875,52.07305145165725],[-4.527222631572272,52.13082885592462],[-4.523592420445753,52.13159561167356],[-4.112524448764034,52.13159561167356],[-4.112524448764034,51.56399895846858],[-4.204861639272394,51.53527450753654],[-4.217223166846679,51.53277587917296],[-4.242777822819335,51.540832520490085],[-4.277778623347444,51.55666351206514],[-4.292084216722742,51.60742568899121],[-4.250555990050884,51.62860870180049],[-4.231945037755679,51.63304901035656],[-4.197500226696206,51.67916107003384],[-4.436111449857378,51.73722076536035],[-4.574444770618072,51.73416137631119],[-4.628334043283473,51.72888183744328],[-4.645833970884951,51.72666168316522],[-4.671528338792484,51.720691682314225],[-4.684306143900528,51.70985793854794],[-4.686667441478505,51.689437865628975],[-4.69027805323833,51.6666641246199],[-4.710972787728508,51.64958191037624],[-4.941389084543744,51.5941619867134],[-5.005278587205396,51.60638427947458],[-5.042500496254945,51.61666107061052],[-5.051389692639355,51.62027740337151],[-5.24694538244222,51.73027038643818],[-5.258889196658743,51.870552062636136]]]}},{"type":"Feature","properties":{"fillColor":"#fadfa4"},"geometry":{"type":"Polygon","coordinates":[[[12.430797576979273,37.803256989344106],[12.440760057733677,37.80586912432115],[12.441665650034011,37.80610656812465],[12.44166565003411,37.806106568124676],[12.466388701599897,37.91610717818838],[12.510138511232569,38.01513671936678],[12.524482910350873,38.02869258900549],[12.558194159938637,38.06055068922984],[12.586020647091795,38.073108969311306],[12.733610152482772,38.139717101900324],[12.821664809871063,38.06888580245309],[12.892846108269957,38.02527236865369],[12.923610686539407,38.024860382035165],[12.955554961826222,38.032775878830854],[13.019165039200335,38.05888366658516],[13.069478035304797,38.09016799964226],[13.069478035304774,38.09016799964234],[13.069478035304883,38.090167999642404],[13.060138591416026,38.12063678499157],[13.056109428283005,38.13378143344167],[13.087091727709645,38.16931038593819],[13.10034561105291,38.18450927693109],[13.31861019105981,38.21749496512569],[13.357915877509743,38.18694305418854],[13.372013091746954,38.152774811505985],[13.37130445953121,38.148108235764695],[13.367151260412754,38.120758056328896],[13.367151260412813,38.120758056328846],[13.367151260412811,38.12075805632884],[13.367912374237203,38.12010051144416],[13.382499694123673,38.10749816831853],[13.711387634812809,37.97666168182485],[13.760693550502326,37.970966339168314],[13.791110992234445,37.972221375194444],[13.810875382048529,37.9765318617364],[13.820985794695503,37.97873687783135],[13.881679761637871,37.99658814813081],[13.886665344895372,37.998054504653766],[13.886665344895423,37.99805450465379],[13.886665344895448,37.998054504653794],[13.88787957937397,37.99855414369097],[13.916525840228461,38.01034164474204],[13.927930427061415,38.018239657407655],[13.944304465532014,38.02957916186506],[13.978689313972676,38.03266688479649],[14.013887404624002,38.03582763601612],[14.039367198944097,38.03302997675637],[14.039367198944097,37.110109700998585],[13.998055458542467,37.11027526892792],[13.965739318626097,37.10269221417868],[13.95575523353148,37.10034942620682],[13.952367129349025,37.09953399410571],[13.932360648724398,37.094718933631555],[13.892612870026344,37.09891281326561],[13.887638092817461,37.0994377134614],[13.738332748794107,37.15777587951112],[13.334432613764006,37.35889959720729],[13.32999992388283,37.361106873192064],[13.272429466584015,37.39853668292176],[13.256666183840196,37.42194366493271],[13.218332291174363,37.455276489664584],[13.155971526645601,37.4912452700587],[12.922916411816914,37.57305145329599],[12.79277706081217,37.57902145424754],[12.756109238300667,37.57305145329599],[12.72874927528676,37.56610488951793],[12.681387901303196,37.55513381898447],[12.656109809966836,37.5597839354765],[12.51416587875434,37.65888214164056],[12.468332290815681,37.69916534505518],[12.430797576979273,37.803256989344106]]]}},{"type":"Feature","properties":{"fillColor":"#fff9b9"},"geometry":{"type":"Polygon","coordinates":[[[-0.204545319966243,53.70005025991807],[-0.204545319966243,53.99230849386086],[-0.16916669925115,53.918468475563486],[-0.127500040400662,53.86388397415698],[-0.11277776817434,53.85055541900107],[-0.099444473014955,53.83972167969398],[-0.053888879927854,53.80305481032872],[-0.013055552024923,53.768608095241404],[0.062638895684813,53.703887941540245],[0.126388864774754,53.64527130250161],[0.14111109241037,53.62722015218969],[0.149444433098608,53.6147155772876],[0.153888852927594,53.602775575585554],[0.149444433098608,53.58847045933186],[0.142083301444529,53.58055114880045],[0.116041673663574,53.56679916374412],[-0.085555585245004,53.62444305419973],[-0.105833351043941,53.63166046074559],[-0.129722250315126,53.641387937657726],[-0.141944467271856,53.6480484004918],[-0.171666651961743,53.675277709033026],[-0.204545319966243,53.70005025991807]]]}},{"type":"Feature","properties":{"fillColor":"#fff9b9"},"geometry":{"type":"Polygon","coordinates":[[[-6.06174522647129,54.39638233249572],[-6.06174522647129,55.18899619317022],[-6.034444808384059,55.154579162139314],[-6.042158920914575,55.104972142902575],[-6.042500497019034,55.102775574947714],[-6.043484754459361,55.10057079465238],[-6.049445153197117,55.087219237274425],[-6.03611183111778,55.05777740546567],[-5.844445227736339,54.8961105358635],[-5.791389465675773,54.851387025097736],[-5.788790214792055,54.852186432351694],[-5.778750419078222,54.855274201051486],[-5.762296779945963,54.85441180341798],[-5.746945379943637,54.85360717831785],[-5.734167100044382,54.849300385598475],[-5.70930623916445,54.83166503970051],[-5.690417289794053,54.80916213932226],[-5.700374538534465,54.783317191369015],[-5.707896233314232,54.76379394602579],[-5.709338873935363,54.7611689711209],[-5.712166786521266,54.756023407172165],[-5.721917152864307,54.74927520852145],[-5.736968316123013,54.74308652279392],[-5.743283272338311,54.740489960739076],[-5.749165804296297,54.740370405603116],[-5.755483626567184,54.74024200373373],[-5.755483626567289,54.740242003733655],[-5.755483626567307,54.740242003733655],[-5.758421126293581,54.73825561008858],[-5.785833357877891,54.71971893342811],[-5.808701465380054,54.71282834517655],[-5.819027901239535,54.70971679702566],[-5.840945438852639,54.70054187149088],[-5.866806029855752,54.689716339858364],[-5.874831892994641,54.68456443830407],[-5.878055572226244,54.68249511843702],[-5.889861582796987,54.673053741212264],[-5.917589932249162,54.63997822414927],[-5.924444674538734,54.63180160527219],[-5.92444467453873,54.63180160527218],[-5.924444674538827,54.63180160527207],[-5.904111905118427,54.604540913049895],[-5.902431010160342,54.602287291855305],[-5.902431010160329,54.602287291855305],[-5.902431010160316,54.60228729185529],[-5.89656329889453,54.60353822880402],[-5.882569313537942,54.60652160554997],[-5.87920957446553,54.612172891563155],[-5.874722480022279,54.61972045806166],[-5.855834005991914,54.63749694895502],[-5.816389084517356,54.655548095981246],[-5.806451792051812,54.65989801485006],[-5.803055762438021,54.66138458207621],[-5.728486538403672,54.672462462103226],[-5.723321955803427,54.67282546849999],[-5.629167556476889,54.679443360377],[-5.599207517794358,54.67916145544483],[-5.599166869434157,54.67916107296958],[-5.598618936737371,54.67911827835885],[-5.574306011137582,54.677219391519614],[-5.53520870274397,54.65089797857488],[-5.43131971370997,54.485965729476035],[-5.435227068623486,54.46216001038386],[-5.435833455021674,54.45846557653385],[-5.457357070239703,54.39638233249572],[-5.493832114283327,54.39638233249572],[-5.508470332608576,54.401227819640305],[-5.535881042832216,54.410301208290605],[-5.542480945719888,54.413101196291336],[-5.559706210070417,54.43479919354057],[-5.559310600201185,54.43676317841136],[-5.558230875963261,54.442123413917955],[-5.557372199470556,54.45700814198493],[-5.557138919109426,54.461051940514494],[-5.557191113423723,54.462050568923345],[-5.558014392152813,54.477802275567626],[-5.56243085925604,54.49213409334624],[-5.568264485560576,54.502052306395456],[-5.572680950080439,54.50629806441867],[-5.591681002438179,54.5167999278857],[-5.615514754214303,54.52713775511711],[-5.627347947002647,54.53146743649336],[-5.640181064093781,54.535469055731824],[-5.698125362764586,54.57263183602652],[-5.698125362764602,54.572631836026424],[-5.698125362764695,54.57263183602648],[-5.704722403278456,54.53360748199758],[-5.704722403278423,54.53360748199754],[-5.704722403278424,54.533607481997535],[-5.702693828423153,54.53125928565108],[-5.65694475258567,54.47830200263228],[-5.639790536072872,54.46049499439083],[-5.600048809019804,54.39638233249572],[-6.06174522647129,54.39638233249572]]]}},{"type":"Feature","properties":{"fillColor":"#fff9b9"},"geometry":{"type":"Polygon","coordinates":[[[20.096465399699824,39.922894697564544],[20.096465399699824,41.53315507541571],[20.149235172336773,41.471787282751905],[20.92855691752527,40.7620117555619],[21.581514751497252,40.16283972103281],[21.895030179179887,39.922894697564544],[20.096465399699824,39.922894697564544]]]}},{"type":"Feature","properties":{"fillColor":"#fff9b9"},"geometry":{"type":"Polygon","coordinates":[[[-7.95302176475525,51.856603749446066],[-7.95302176475525,53.41277122562266],[-6.157823085280893,53.41277122562266],[-6.149723053597071,53.386108398392885],[-6.034583568929079,53.10999679494456],[-6.021255178868373,53.00784288697478],[-6.013055800253142,52.94499969551231],[-6.06944465710103,52.86582946651589],[-6.107500076931899,52.8399963388909],[-6.11875057256583,52.83055496166617],[-6.12155770652005,52.826229968251],[-6.137500763974637,52.8016662603437],[-6.203686899822292,52.685660359282735],[-6.216111659813578,52.66388320822546],[-6.271849487790258,52.56026572254704],[-6.361945151159229,52.392776488615574],[-6.381944657646495,52.277221680742734],[-6.365123910696584,52.26811320841157],[-6.331666945609811,52.24999618651674],[-6.328846444095024,52.247140583100666],[-6.320555685860909,52.23874664414631],[-6.32750034203898,52.222496033574664],[-6.359445094981993,52.17902374183109],[-6.369444846934016,52.17638778748261],[-6.386667251494089,52.17694091796909],[-6.914722919729172,52.206104278007615],[-6.947365762981108,52.23189049329678],[-6.995382309028068,52.26982116570342],[-6.995382309027634,52.26982116570304],[-6.995382309028059,52.26982116570338],[-6.99136179937324,52.266315621899956],[-6.988889693490584,52.26416015500584],[-6.973889351260897,52.233604430949754],[-6.970556259056932,52.221939087450984],[-6.974166869767568,52.16805267381399],[-6.992699168753676,52.14821719284657],[-7.00180625859474,52.13846969700995],[-7.036389350336606,52.13277435332691],[-7.105139254768574,52.131938935433084],[-7.16027832119795,52.15027618292066],[-7.368889808049516,52.13416290170716],[-7.435000420419271,52.126106262392],[-7.578888892601128,52.1002731321837],[-7.610810796905492,52.07285265715001],[-7.620278357899437,52.064720152980215],[-7.62027835789939,52.06472015298021],[-7.620278357899451,52.06472015298016],[-7.601944923465737,52.063049317192565],[-7.595626076515437,52.062336920275776],[-7.567500114345543,52.05916595429266],[-7.546395290262903,52.051825973235765],[-7.546319961333893,52.051799774822086],[-7.586667060146056,51.99319076475416],[-7.712778090754398,51.93888854998886],[-7.95302176475525,51.856603749446066]]]}},{"type":"Feature","properties":{"fillColor":"#fff9b9"},"geometry":{"type":"Polygon","coordinates":[[[8.600484831599829,54.326381665715644],[8.621944415336316,54.37860868794098],[8.642429353582656,54.397079449175465],[8.768609997855037,54.410827622307465],[8.826526626854161,54.41471861616441],[8.844929675875562,54.405410761411815],[8.886943807097282,54.414161664822984],[8.994720473192672,54.451942447070735],[9.013957013485424,54.474994642188676],[9.011248602395028,54.50346756968389],[8.964027405864954,54.542358383133205],[8.850831981847705,54.62082673343599],[8.849525113338634,54.621897729888786],[9.114250105668201,54.621897729888786],[9.114250105668201,53.89520492624872],[9.063055026860525,53.89804841460028],[8.984166156227559,53.891868600827536],[8.947498308792206,53.907218947900844],[8.927499783492976,53.919715896897856],[8.906804081788948,53.934715255450214],[8.88305474898118,53.96110536456513],[8.849998490576354,54.00888823564418],[8.844269743123732,54.03475190069241],[8.88569355083257,54.04471968819678],[8.926666253506596,54.03721617615395],[8.95305442688067,54.026382454362476],[8.974998487823257,54.01819229634475],[9.001804355346053,54.027080521207836],[9.011943804344014,54.04693986674408],[9.017221446761823,54.08499908594786],[8.971109390992353,54.13166046623991],[8.812776556696008,54.17499543083551],[8.637638085396873,54.27610397318546],[8.609582890765068,54.30499649185526],[8.600484831599829,54.326381665715644]]]}},{"type":"Feature","properties":{"fillColor":"#fff9b9"},"geometry":{"type":"Polygon","coordinates":[[[-1.93945040882042,49.72223005244737],[-1.922013897536033,49.726455689100305],[-1.896037628741988,49.72223005244737],[-1.93945040882042,49.72223005244737]]]}},{"type":"Feature","properties":{"fillColor":"#fff9b9"},"geometry":{"type":"Polygon","coordinates":[[[-2.170833593437521,47.12666319583474],[-2.138463981007476,47.22506332709429],[-2.123389012419807,47.24960708792423],[-2.075048047995837,47.272396213726665],[-1.932754307430681,47.272396213726665],[-1.919027939930402,47.268051135935764],[-1.897500140688294,47.25152207757782],[-1.802500021990511,47.21193695262036],[-1.773055778479204,47.20805358558226],[-1.735000004894118,47.20867538424034],[-1.858682059967169,47.272396213726665],[0.128801228733239,47.272396213726665],[0.128801228733239,44.82256237500596],[-1.237288919950285,44.82256237500596],[-1.207222212930787,45.01332855867486],[-1.168333528796438,45.20861054225901],[-1.151944618071923,45.37138365622002],[-1.15222239687597,45.39221954427245],[-1.148611311138154,45.42749787825028],[-1.140000090782792,45.493885037963764],[-1.089444503304151,45.558605176419746],[-1.064097293899863,45.56916046125525],[-1.054166672618805,45.550552378568796],[-0.942083370402997,45.46179963099729],[-0.91888893705152,45.450138109012414],[-0.801319474419643,45.36089705146799],[-0.771111116587008,45.32193755793537],[-0.750305580950283,45.26805114127092],[-0.735397279644985,45.2205352862772],[-0.733172223031033,45.20018387543104],[-0.723638970620357,45.163719164634756],[-0.702916749267445,45.10499571887232],[-0.539930587674462,44.89562223916886],[-0.540416729617675,44.9869384882748],[-0.554166683631252,45.023330686221016],[-0.612361130149282,45.05610657192909],[-0.638055611452103,45.07485580883417],[-0.651666772850774,45.09207917870049],[-0.670694524141538,45.13110731360155],[-0.706038595876919,45.3220519989311],[-0.717777857212127,45.3572158919132],[-0.747777813190851,45.423191087270766],[-0.781527879811279,45.466522219099545],[-0.803611159231764,45.487220746984974],[-0.862500072117314,45.528884896270995],[-1.000278010495151,45.61444092277918],[-1.085694547521598,45.65749357893719],[-1.165833480845038,45.68749237347134],[-1.238858218314363,45.70621489715347],[-1.22902786840649,45.78791426984657],[-1.148055792244861,45.86777495978828],[-1.070972309621538,45.903949735328354],[-1.05333352978073,46.01221467268181],[-1.052430622844383,46.03860474308186],[-1.120000133035376,46.12583158489963],[-1.148611311138154,46.15332793116386],[-1.105833530173015,46.258605943041346],[-1.114634530555861,46.316581728279175],[-1.168958424639698,46.326385481108616],[-1.206319576998112,46.31472016507155],[-1.217777846199681,46.297634116657434],[-1.265833385727092,46.30499268042962],[-1.46972225360696,46.392776473588754],[-1.654296880558547,46.44535827838706],[-1.786389122358969,46.48832703953906],[-1.824722287600025,46.57499693001546],[-1.86055563717872,46.63777161025769],[-1.916805632068304,46.6911048696324],[-2.007222652145515,46.76166533164019],[-2.033333782297063,46.77638245918456],[-2.058888928977467,46.786941538072085],[-2.082777983555786,46.79860685410915],[-2.1047222767873,46.81138611154381],[-2.125417010620822,46.83097077546125],[-2.133333687178947,46.84971617959951],[-2.128194566372542,46.89950943363846],[-2.08777807945836,46.94166564823439],[-2.034722327884026,46.981666570314644],[-1.985871779612182,47.0369300729804],[-2.004305839201095,47.06319044874715],[-2.024167043048408,47.079162594478476],[-2.063889024880098,47.102077468144444],[-2.112639185634293,47.11777497097182],[-2.170833593437521,47.12666319583474]]]}},{"type":"Feature","properties":{"fillColor":"#c6d1ed"},"geometry":{"type":"Polygon","coordinates":[[[13.592219351188191,78.05220031578688],[13.611942289499837,78.05831908961937],[13.876941682739641,78.09275817595073],[14.643054959547783,78.1038665761618],[14.909164428608506,78.10165405539783],[14.965831756116984,78.1008148201235],[14.989164349956752,78.1027679466576],[15.02492904547654,78.11102294916088],[15.056665421690639,78.14860534537962],[15.221942900787553,78.19747924950781],[15.263610842334117,78.20971679717263],[15.765832899565737,78.33526611278279],[16.10249709855657,78.35636901638316],[16.11145544052127,78.35612744344282],[16.11145544052127,77.84553203694003],[15.981664655497127,77.83526611491254],[15.918888092753605,77.82943725325947],[15.869718553287498,77.8277740500285],[15.84055328235587,77.8285980235471],[15.81472015216849,77.83027648853397],[15.76972007543958,77.83526611491254],[15.718470571122623,77.84179687272336],[15.646039963392411,77.86012268183288],[15.618330004326083,77.87330627481515],[15.395277024057236,77.86637878365804],[15.34055232784499,77.86081695823651],[15.234720227388095,77.83137512359991],[15.174165724006002,77.8097076407106],[15.133888242986245,77.7974853492396],[15.094442366362841,77.79220581068148],[15.04860877751804,77.78804016338324],[14.713052752190663,77.76527404542816],[14.6088867193248,77.75860595962462],[14.453330995351337,77.75054931545185],[14.424165724419652,77.75138855072618],[14.236803055296832,77.76734924376115],[13.951664924328043,77.71804809389886],[13.756249426471413,77.72984313963576],[13.728886605606817,77.76089477804368],[13.628330228269078,77.95054626558579],[13.592219351188191,78.05220031578688]]]}},{"type":"Feature","properties":{"fillColor":"#fff9b9"},"geometry":{"type":"Polygon","coordinates":[[[-6.69217073923261,53.41277122562266],[-6.69217073923261,54.39638233249572],[-5.600048809019804,54.39638233249572],[-5.596780300694715,54.391109467306244],[-5.593680858793914,54.38500976682348],[-5.58998060256594,54.371154784869326],[-5.559166908362873,54.290832520169765],[-5.561792739736969,54.28414501149974],[-5.562222482060122,54.28305053698767],[-5.577416859478118,54.27183021946864],[-5.586667061305038,54.26499938996132],[-5.602664965471446,54.25371586500061],[-5.608333587942582,54.249717713587756],[-5.655555726282046,54.227008820463936],[-5.661238803262257,54.23099297017116],[-5.66694450453762,54.23499298075434],[-5.673559238344141,54.237551499736156],[-5.692083834604318,54.244716645386575],[-5.723941090099773,54.247019378154384],[-5.730556486750376,54.2474975577842],[-5.735586910685567,54.24767766748143],[-5.746111868576804,54.248054503907895],[-5.822678464699826,54.239827718516224],[-5.825000285505732,54.23957824782724],[-5.838889407725866,54.234133911592835],[-5.859723091056082,54.22596740724123],[-5.873472689603716,54.20916366618326],[-5.873472689603709,54.2091636661832],[-5.873472689603727,54.20916366618318],[-5.871945380678503,54.19749450704713],[-5.86541748147556,54.1858291635484],[-5.864583970108697,54.16694259604503],[-5.885000228404294,54.11638641482159],[-5.900000095293933,54.096801758782476],[-5.914506083416503,54.08895371361191],[-5.920278548891424,54.08583068818203],[-5.968334198597674,54.063888549564695],[-5.978811076143377,54.05938173989703],[-6.043889045399226,54.03138732842149],[-6.066590532601476,54.02828871895455],[-6.071389676264829,54.027633666188386],[-6.073907018021042,54.027799252508146],[-6.081944465230038,54.02832794167023],[-6.097979119858335,54.033223347628486],[-6.108333588298752,54.036384583568626],[-6.157353839212099,54.06312438918844],[-6.174027919033449,54.072219847596045],[-6.18902826384641,54.09041213961768],[-6.199722291280239,54.09597015394252],[-6.266975401551747,54.0998306281856],[-6.266975401551623,54.09983062818548],[-6.266975401551727,54.09983062818549],[-6.240834235488544,54.074714659532404],[-6.330278397229563,54.013053893987774],[-6.347361565904578,54.01416397059779],[-6.347361565904643,54.01416397059777],[-6.347361565904656,54.01416397059777],[-6.348316405930355,54.0138407812591],[-6.357223032651632,54.01082611207647],[-6.381389140126373,53.951522826526684],[-6.381187825563918,53.94537078977126],[-6.380139349707807,53.913330077337626],[-6.373611450504844,53.89971923933499],[-6.236389160147542,53.67138671776635],[-6.157823085280893,53.41277122562266],[-6.69217073923261,53.41277122562266]]]}},{"type":"Feature","properties":{"fillColor":"#fff9b9"},"geometry":{"type":"Polygon","coordinates":[[[12.44583351402807,44.82256237500596],[12.45307401069872,44.82256237500596],[12.448783873310845,44.817749013016055],[12.44583351402807,44.82256237500596]]]}},{"type":"Feature","properties":{"fillColor":"#fff9b9"},"geometry":{"type":"Polygon","coordinates":[[[-4.687500476826074,54.07763671876313],[-4.704722404574682,54.07971954357214],[-4.720833778294207,54.07611083976326],[-4.777778625592987,54.05554962160693],[-4.78715324400739,54.0616607666618],[-4.731939731421395,54.17505061861927],[-4.71208381649812,54.215827941926165],[-4.698889732301907,54.219161987235665],[-4.643611431209506,54.23902511592792],[-4.621528148581072,54.25152587881975],[-4.601632698705759,54.26849255700846],[-4.598889350958984,54.27083206170278],[-4.588055610721881,54.28360748284882],[-4.583661171039401,54.289468412223435],[-4.57805633544415,54.29694366457708],[-4.561718808075061,54.32158969510538],[-4.554028511010813,54.33319091797921],[-4.553230141730432,54.34002120724138],[-4.552778243897244,54.343887329089156],[-4.54138946535994,54.356109619198925],[-4.532702726935161,54.36305710131331],[-4.527500152595394,54.36721801769022],[-4.508673032073858,54.37607644739997],[-4.485000610238393,54.38721466073681],[-4.447836971412913,54.39681356345502],[-4.44305610667169,54.39804840097389],[-4.387510617187417,54.41095961657687],[-4.364167213380648,54.416385650666314],[-4.363550829939729,54.4160173816297],[-4.353472709534591,54.40999603282937],[-4.317424566483027,54.31828135944953],[-4.308681011211111,54.296035766526806],[-4.321666717636745,54.27666473397562],[-4.356416567231288,54.232925433703926],[-4.386111259372967,54.19554901132483],[-4.394444465627885,54.186386108515364],[-4.470556259173577,54.13749694832137],[-4.491111755293275,54.12666320808421],[-4.513160069280372,54.115946790833014],[-4.550556182942264,54.097770690936755],[-4.623888969478738,54.06860351553504],[-4.642754110785664,54.07128247508902],[-4.687500476826074,54.07763671876313]]]}},{"type":"Feature","properties":{"fillColor":"#fff9b9"},"geometry":{"type":"Polygon","coordinates":[[[15.182429319488904,67.61957549397931],[15.247966989033507,67.67073998065979],[15.247966989033507,67.52612335185303],[15.238679895100745,67.52846528512327],[15.182429319488904,67.61957549397931]]]}},{"type":"Feature","properties":{"fillColor":"#fff9b9"},"geometry":{"type":"Polygon","coordinates":[[[16.465553301290186,68.29415893866519],[16.4371476474171,68.29568575839154],[16.41388702445822,68.29693602983896],[16.345876643745868,68.30829132165555],[16.244998944041185,68.32513427571553],[16.22277640742786,68.34748840398797],[16.292221069726693,68.36305237941525],[16.317218761773038,68.36694337327208],[16.460870639215695,68.38530497969263],[16.64590391869723,68.21184037084339],[16.465553301290186,68.29415893866519]]]}},{"type":"Feature","properties":{"fillColor":"#fff9b9"},"geometry":{"type":"Polygon","coordinates":[[[21.41697812029895,38.12794460610388],[21.5347194552229,38.16054915611039],[21.74152563933967,38.275135022740415],[21.77680397331767,38.30596924428676],[21.853609096414743,38.33958051829222],[21.958610529647387,38.32943723652744],[22.025205626637216,38.29797746098586],[22.042221059227245,38.27388763137225],[22.093231816796482,38.24613543676511],[22.093231816796482,37.93453856299528],[21.766581617484235,38.018513547898806],[21.41697812029895,38.12794460610388]]]}},{"type":"Feature","properties":{"fillColor":"#bde7d1"},"geometry":{"type":"Polygon","coordinates":[[[18.099927902193144,69.35950469999443],[18.094856939854562,69.35557543018095],[18.08694076565454,69.34944152851791],[18.076863952432753,69.34907413814499],[18.05638885480778,69.3483276368865],[17.968887329251856,69.34304809573769],[17.968887329251796,69.34304809573767],[17.96888732925177,69.34304809573767],[17.96759412567701,69.34277067859189],[17.957221984932346,69.34054565405808],[17.91749954246336,69.32554626445375],[17.906803130957314,69.31874084467563],[17.8823853990614,69.25643788409236],[17.875831604130383,69.23971557634499],[17.952220917005008,69.19943237325549],[17.968051910214555,69.19970703104497],[17.981109619386977,69.20138549810171],[18.002080917134563,69.19846343981469],[17.999164581054703,69.18818664554344],[17.93538976648086,69.17504951140153],[17.901386261227493,69.16804504399865],[17.86249923716848,69.16276550284987],[17.792966111207562,69.16131080707667],[17.583885192815217,69.15693664549502],[17.522701120736063,69.190017300742],[17.522220611755504,69.19027709959796],[17.49724345750068,69.18407475783474],[17.406944274821853,69.16165161121847],[17.21194076555122,69.09027099588064],[17.194721221666214,69.08193969747322],[17.18833577681466,69.07737980422269],[17.173332214086436,69.06666564945218],[17.169307461161896,69.06183112307242],[17.165691375898405,69.05748748759339],[17.16569137589839,69.05748748759329],[17.165691375898373,69.05748748759326],[17.164163589239454,69.04568481469266],[17.18235969554752,69.0436019896204],[17.201663970652675,69.04443359385284],[17.214303970620104,69.03637695323495],[17.20569229096173,69.02596282975543],[17.184020321638123,69.02040569401697],[17.16722106933245,69.01609802248184],[17.094652025131214,69.00391579367815],[17.09277725232181,69.00360107392993],[17.045555115050604,69.00332641614045],[17.08222198482906,69.04943847658495],[16.90055465669775,69.0541534423084],[16.87583160383309,69.22137451184625],[16.87541580203049,69.35819244415993],[16.935136795255936,69.39456939692974],[17.04383087159104,69.39881896964307],[17.203052520700854,69.40415954578648],[17.29111099269972,69.40748596208904],[17.38999938935362,69.4124908448211],[17.480831146016843,69.41970825222424],[17.4857355902187,69.42196076040163],[17.490831375096377,69.42430114733122],[17.481666565054127,69.43026733389468],[17.45305252046171,69.43527221662674],[17.420681086727114,69.43584242904866],[17.406274795401554,69.43609619124953],[17.39983462721366,69.43539427860834],[17.385694503852847,69.43385314939485],[17.319999695081776,69.43693542509158],[17.261108398686417,69.44444274887604],[17.23791503925571,69.4536056521431],[17.186664581048433,69.49374389641468],[17.19666290272548,69.49999999998657],[17.459302902453526,69.5676269534321],[17.509107785719372,69.5796621436523],[17.52888870232522,69.58444213867426],[17.554643681386153,69.58695697176684],[17.662498474148062,69.59748840343241],[17.84416580227928,69.5891571043978],[17.859720230296965,69.58402252206692],[17.964443206512986,69.52304077161692],[18.07416534450837,69.43083190931983],[18.085136413803752,69.41888427760134],[18.097805565707084,69.36802469749333],[18.099927902193144,69.35950469999443]]]}},{"type":"Feature","properties":{"fillColor":"#fff9b9"},"geometry":{"type":"Polygon","coordinates":[[[6.252985488803461,62.577770223170035],[6.297638421876513,62.599720013905426],[6.332360733668509,62.60777664452303],[6.404947035526554,62.608829768795005],[6.404947035526554,62.52798690325863],[6.314722069972277,62.52416228217652],[6.26749990557181,62.529441821620196],[6.252985488803461,62.577770223170035]]]}},{"type":"Feature","properties":{"fillColor":"#fff9b9"},"geometry":{"type":"Polygon","coordinates":[[[8.105554586468827,56.118049609224556],[8.115866897119872,56.40200083733411],[8.115866897119872,56.11545715865079],[8.105554586468827,56.118049609224556]]]}},{"type":"Feature","properties":{"fillColor":"#fff9b9"},"geometry":{"type":"Polygon","coordinates":[[[-3.864731605460078,47.81857271257718],[-3.864731605460078,48.72511800515799],[-3.810555950406183,48.72610472260442],[-3.722917066802836,48.71152495522688],[-3.5721528628697,48.76568984756193],[-3.578750138502073,48.78596878427277],[-3.536666862619256,48.825828552134226],[-3.512500300240561,48.83721922526712],[-3.226111398560079,48.869579313852455],[-3.124444472420521,48.86499787996894],[-3.060833436010512,48.82638550347565],[-2.879167066029027,48.678886429685576],[-2.811944479303293,48.61416625251485],[-2.685277925376568,48.501663204265185],[-2.465903053708587,48.630687722768926],[-2.418333539979983,48.65361022325368],[-2.307222366791393,48.67610929979685],[-2.284444814577398,48.672218305940135],[-2.128333552561591,48.638610825986504],[-1.86796518836342,48.615498186063164],[-1.86796518836342,47.277178869070546],[-1.890416723112708,47.2887458697694],[-1.921389117837009,47.29777528756597],[-2.01277803465257,47.31985473421969],[-2.034166808990733,47.32027436410914],[-2.140750168315662,47.297939283526034],[-2.177766797527472,47.28012086693947],[-2.197827192351704,47.272396213726665],[-2.464984833270543,47.272396213726665],[-2.480278019710113,47.277221669236326],[-2.53965284224995,47.298053724521935],[-2.52750014539572,47.38610840524791],[-2.473194602134413,47.41527556682183],[-2.444027905138341,47.40610886628809],[-2.408472527937818,47.41527177276987],[-2.459596642487952,47.45298766898634],[-2.367083563563313,47.501525866123416],[-2.388333816290185,47.51027680824939],[-2.509444716706184,47.529159533839675],[-2.58083344348529,47.537773115798814],[-2.663611410949159,47.51277159098572],[-2.793056023920144,47.48888396885559],[-2.83187533110447,47.49728392246061],[-2.861757052035273,47.54645921060808],[-2.810778156759682,47.54494093167318],[-2.739375105498652,47.544719715215024],[-2.686111455362834,47.59569168053878],[-2.680833580656156,47.615135190237424],[-2.700278058225194,47.637077315439],[-2.892050272744427,47.604442583949776],[-2.91395019879684,47.59323882594805],[-3.093472232555371,47.585968028663444],[-3.12506960055282,47.59540941081616],[-3.15375019432048,47.61180114772196],[-3.216944698026339,47.650550845667226],[-3.508889214502574,47.75860594871864],[-3.633265980643273,47.77745820574893],[-3.792778029517081,47.79388428269664],[-3.840972439089057,47.80319213744917],[-3.864731605460078,47.81857271257718]]]}},{"type":"Feature","properties":{"fillColor":"#fff9b9"},"geometry":{"type":"Polygon","coordinates":[[[10.11263331421653,56.70959762312244],[10.11263331421653,57.02225113686271],[10.123609545245188,57.01832579638449],[10.211387647326717,56.98582838634718],[10.28513813273463,56.95763397323759],[10.305276883097122,56.74805449199869],[10.240554808900526,56.71777342774175],[10.156943311450448,56.72027208195965],[10.11263331421653,56.70959762312244]]]}},{"type":"Feature","properties":{"fillColor":"#c6d1ed"},"geometry":{"type":"Polygon","coordinates":[[[13.39690709126721,79.5354841341033],[13.39690709126721,79.58884749373156],[13.474858284585252,79.58248901574842],[13.441442492305328,79.55870819126028],[13.402859689106947,79.5371246313423],[13.39690709126721,79.5354841341033]]]}},{"type":"Feature","properties":{"fillColor":"#bde7d1"},"geometry":{"type":"Polygon","coordinates":[[[22.54506778717041,58.687423133609975],[22.54506778717041,59.04144038282614],[22.575828552367355,59.06860351583687],[22.696939468243695,59.04777145391589],[22.700826644980637,59.016799926515965],[22.719715118276646,59.0036087036277],[22.73388290390527,59.00138854977767],[22.749717712420807,59],[22.80110931419135,58.997215270959956],[22.82865054191721,59.000501682177216],[22.843051910629583,59.002220153849976],[22.86082839988586,59.00166320814458],[22.876098802830143,58.99741330253259],[22.92971801780358,58.982490539625935],[22.95249557469467,58.9669342042196],[23.029674996907815,58.86839815467699],[23.04583168027453,58.84777069068442],[23.04527664194028,58.836380005124276],[23.042619170401615,58.83459834003505],[23.0216636657216,58.82054901135103],[23.005275726242985,58.83055114764653],[22.96082687387394,58.84499359112914],[22.948329925361634,58.84443664542374],[22.88513024019325,58.833176324204196],[22.884441375591575,58.83305358883501],[22.881300396278263,58.83100935074664],[22.866939544702177,58.82166290276194],[22.866939544702273,58.8216629027619],[22.86693954470213,58.82166290276181],[22.88541221621849,58.8137435911329],[22.885829925369286,58.78374481224413],[22.848052978264263,58.77360534676518],[22.816541549712056,58.77278463933529],[22.815830230783124,58.772766113208206],[22.79833221412298,58.77360534676518],[22.781248092897386,58.77874374409629],[22.78027725227048,58.79304885839542],[22.781258835205186,58.793616055144675],[22.792774200269776,58.80027008039313],[22.803886413746778,58.80360412616697],[22.82624626148707,58.8197174072787],[22.826246261486997,58.81971740727874],[22.826246261487086,58.8197174072788],[22.81249618552232,58.826385497800345],[22.812496185522278,58.82638549780034],[22.812496185522257,58.82638549780035],[22.811222679635062,58.82626305825223],[22.7980537415267,58.82499694802277],[22.780718976512304,58.820010153680286],[22.77582931508573,58.8186035158679],[22.743326187124207,58.80290985127811],[22.72110748279665,58.78166198706446],[22.70934731361396,58.765097663826474],[22.701385498057164,58.75388336202565],[22.6911048891655,58.73526763921245],[22.686726928644436,58.728153923235766],[22.677772521838477,58.71360397321907],[22.67004787465175,58.707660890663504],[22.666938781983674,58.70526885981053],[22.646385192658954,58.69776916521664],[22.624164581473224,58.691101074181915],[22.59555053710676,58.688323974626485],[22.56527328510873,58.686653136997336],[22.547496795852283,58.68721008321569],[22.54506778717041,58.687423133609975]]]}},{"type":"Feature","properties":{"fillColor":"#fff9b9"},"geometry":{"type":"Polygon","coordinates":[[[-4.112524448764034,54.77070134692119],[-4.112524448764034,56.48423385609976],[-2.756741688611291,56.48423385609976],[-2.889444828079434,56.46704864488191],[-2.927444935995425,56.46238708563061],[-3.040555953948285,56.454715726773145],[-3.051944732939603,56.454994200858664],[-3.070278169851747,56.45194244575674],[-3.080833435073259,56.44860839959563],[-3.278055666375792,56.357498167665085],[-3.264722348920941,56.34610748464604],[-3.252500056159704,56.34805297735306],[-3.190416811391685,56.359580995616625],[-2.962903024227728,56.383274078792226],[-2.924902916311851,56.40044021740465],[-2.851236342835875,56.37277221552819],[-2.637430667827289,56.314300536763255],[-2.584028005784603,56.28263473663969],[-2.583472488978714,56.268535612105154],[-2.679375172032792,56.21464920217005],[-2.788055896526146,56.18749237153605],[-2.820000170735284,56.18416595486309],[-2.834444521802141,56.18360900669194],[-2.846944807067985,56.1863861091411],[-2.857778073712439,56.19027709901417],[-2.87763905364244,56.199581146026105],[-2.887777804998962,56.201942443604196],[-2.916666984254334,56.20499420316514],[-2.931666852127194,56.20527648976531],[-2.956944465379365,56.202217100716155],[-2.976111411602233,56.19471740757001],[-3.13902807111765,56.11083221613268],[-3.153055667529088,56.0885353069811],[-3.344027996989155,56.02333068747504],[-3.395833732709093,56.01082992508748],[-3.409444810796401,56.01249694816795],[-3.441111565163567,56.01916504049018],[-3.497500420435927,56.03443908835311],[-3.571389198850568,56.05360412608911],[-3.582500457999799,56.05499267508418],[-3.71972227248591,56.05666351513827],[-3.737222672749965,56.05554962325533],[-3.723750116022757,56.02735519561901],[-3.664166926524217,56.006523130343396],[-3.64611148657599,56.004997255021976],[-3.454722402460618,55.99194336143688],[-3.254722596046236,55.9716644273588],[-3.088055612836229,55.94805145157858],[-3.067500113159269,55.944442748305676],[-3.053055762092356,55.94360351353458],[-3.018055915807736,55.949440000573475],[-2.935000421166421,55.969444273080796],[-2.924444674364167,55.97249603264174],[-2.908333541007266,55.97902298166389],[-2.895555972230511,55.98860931527594],[-2.866180895805314,56.028400422109485],[-2.833889009455277,56.05110931469932],[-2.8202781676992,56.05693817225023],[-2.794167040677166,56.06027221841134],[-2.782222272217211,56.06138611029445],[-2.657222268911426,56.05971527024019],[-2.631111146348474,56.05471801797222],[-2.600555898256061,56.04332733049415],[-2.502222538778142,56.00277710074397],[-2.375277997008709,55.956939698178644],[-2.260278223699288,55.918609618247444],[-2.158534884365139,55.89295192011102],[-2.158534884365139,54.30791473388666],[-3.440998095353838,54.30791473388666],[-3.613055706092211,54.48860931573796],[-3.632639170639209,54.512214662029976],[-3.569167136085696,54.64249419974459],[-3.391666890690317,54.876388548751265],[-3.381111143888063,54.88443756058024],[-3.289305687675665,54.93791580405059],[-3.270000456423816,54.941383364023636],[-3.208611486153359,54.94944000088151],[-3.188125133449944,54.946731568284406],[-3.178889274708979,54.94055175874047],[-3.132916926966629,54.931388855028615],[-3.103333473213752,54.93388366641847],[-3.025694607435639,54.947494508174486],[-3.027083633552365,54.97291183336165],[-3.041388990596374,54.97888183421264],[-3.05102586789485,54.97986602925744],[-3.066389084006403,54.974716187227784],[-3.146944759709413,54.964996339803804],[-3.360555648670186,54.97138214106667],[-3.376389025853712,54.97249603294978],[-3.390555857078425,54.97415923905669],[-3.445278166391859,54.98638153181781],[-3.571111201886765,54.990829469861865],[-3.692500116311066,54.881103514419124],[-3.953611373153763,54.76749420305049],[-3.96500015214508,54.765274048772426],[-3.97944450321188,54.765274048772426],[-4.095556259917657,54.7677764896506],[-4.112524448764034,54.77070134692119]]]}},{"type":"Feature","properties":{"fillColor":"#fff9b9"},"geometry":{"type":"Polygon","coordinates":[[[8.115866897119872,55.54709647897605],[8.115866897119872,55.588285239195145],[8.123054496265127,55.59833146763435],[8.139444336145061,55.62471770526781],[8.180415141793105,55.716800701302645],[8.185554494888379,55.743049617483905],[8.1913871916218,55.8106918340992],[8.2766666394852,55.83499908611873],[8.303096860892072,55.84681464924914],[9.114250105668201,55.84681464924914],[9.114250105668201,54.621897729888786],[8.849525113338634,54.621897729888786],[8.696943298697818,54.74694059465088],[8.65131854631602,54.806728349417085],[8.575277343966263,54.831966383040594],[8.517810813416816,54.85499953046906],[8.42451000413297,54.852798477041006],[8.30090141736946,54.85645292337267],[8.294443127926115,54.825271623501635],[8.296595555545366,54.77860641044276],[8.290832506766037,54.74280546516508],[8.280553800575149,54.774993892256646],[8.282081603354868,54.82666396314062],[8.293333058009978,54.90055467361179],[8.307221417490382,54.93305204493424],[8.37333296642953,55.033332825805644],[8.388193145218679,55.049163817318174],[8.408054349065935,55.05652617514221],[8.454235084918764,55.05096816002771],[8.438331619270912,55.02416229250508],[8.407637584072916,55.009300216689894],[8.371944420842567,54.9941634979707],[8.353193286911505,54.96610640631309],[8.45580102179207,54.92762376316796],[8.48027610253871,54.91582488101608],[8.497826573884424,54.916175830822226],[8.664545076018783,54.91309355075458],[8.65472219807043,54.98194123059244],[8.676109307671425,55.11416626421135],[8.56013776035087,55.09173203498489],[8.492082611509204,55.06270219486288],[8.469720856418007,55.07930372735632],[8.457637768802726,55.12722016455018],[8.475137717313658,55.17958067546073],[8.497360215212211,55.19624709398545],[8.563054070002579,55.1937446457157],[8.570809383208086,55.178569792902806],[8.55930423036449,55.15937041883336],[8.576959618861451,55.14233017004625],[8.638023375244757,55.131748210702426],[8.689026815713646,55.14006423058669],[8.689443580706836,55.16027069316203],[8.661388386075032,55.20333097613883],[8.66180418319783,55.31707762170481],[8.63805388251967,55.40277100837983],[8.618193607827834,55.43110657570827],[8.594582564342488,55.442081451718536],[8.536109913157532,55.44916533387175],[8.474026679527071,55.454025282141004],[8.444859517953319,55.45207978521245],[8.307498925290759,55.55332948178125],[8.256942757089803,55.49110412606177],[8.115866897119872,55.54709647897605]]]}},{"type":"Feature","properties":{"fillColor":"#fff9b9"},"geometry":{"type":"Polygon","coordinates":[[[-9.84429830303921,51.63737471278501],[-9.84429830303921,51.77823640280828],[-9.776668548745116,51.80082702610042],[-9.59250068787499,51.864715576139744],[-9.580973624414447,51.87235260127265],[-9.580973624414524,51.872352601272645],[-9.580973624414412,51.87235260127272],[-9.642223357731552,51.86943817257077],[-9.670430516529954,51.86434163078792],[-9.688333510350603,51.86110687195606],[-9.68908210706907,51.860943709564694],[-9.710000992835091,51.85638427810852],[-9.84429830303921,51.8230125440526],[-9.84429830303921,52.105833878245434],[-9.831334496692502,52.11091839274507],[-9.801111221463032,52.122772216924545],[-9.793713492657133,52.127645207024706],[-9.760416984909977,52.149578094384935],[-9.760416984910073,52.14957809438494],[-9.76041698490991,52.14957809438505],[-9.811389923108493,52.152496338724234],[-9.844167709495025,52.151939392600525],[-9.84429830303921,52.151936825563396],[-9.84429830303921,52.23490054137559],[-9.744862556347053,52.247219084589666],[-9.744862556347082,52.24721908458969],[-9.744862556347073,52.24721908458969],[-9.769166946443363,52.26416015500587],[-9.784584998911612,52.264858246125016],[-9.835834502353293,52.28665923974694],[-9.839723587417495,52.37971496546203],[-9.768076615711069,52.42916011874961],[-9.21387279027789,52.42916011874961],[-9.21387279027789,51.49101761725728],[-9.2301397322679,51.48235702573919],[-9.33736983701717,51.47203401080672],[-9.352779388050775,51.470550537244954],[-9.366666793879975,51.469718932405044],[-9.378334046489044,51.47083282465246],[-9.454723357920898,51.530830383100636],[-9.567613229644511,51.51767739157654],[-9.638334275250806,51.50943756191574],[-9.66628108631474,51.49195610630163],[-9.703611373670299,51.46860504274116],[-9.712223052582146,51.463466645181825],[-9.756136708611042,51.454402786978186],[-9.768056869833318,51.45194244409505],[-9.802785872887936,51.446720123182665],[-9.807159760766782,51.44637202656987],[-9.81750106791975,51.44554901187655],[-9.843819618490654,51.54541397093856],[-9.779167176318744,51.58388519189768],[-9.745279313322168,51.599441529570925],[-9.612779520528656,51.64207684997216],[-9.61000061094171,51.642971037790176],[-9.628528593792453,51.68741226114855],[-9.84429830303921,51.63737471278501]]]}},{"type":"Feature","properties":{"fillColor":"#fff9b9"},"geometry":{"type":"Polygon","coordinates":[[[-5.716805934607692,50.0608253469976],[-5.710000038837507,50.129165650433606],[-5.691945076010825,50.155136106818134],[-5.5463895819463,50.20527648715398],[-5.511667251044571,50.214164733754046],[-5.495833396739442,50.21694183174401],[-5.481250765102743,50.214164733754046],[-5.469236372547584,50.20055389199803],[-5.431944848321052,50.19326019503018],[-5.268055917344327,50.27388763518741],[-5.152083872573542,50.34374618445685],[-5.047292233925418,50.427497862082305],[-5.025694847610055,50.47270584302845],[-5.039166927215547,50.49805069030833],[-5.017500398385835,50.54263687020506],[-4.915833474327712,50.57721710356327],[-4.897500037415568,50.578887939158335],[-4.873888970122152,50.578887939158335],[-4.801389694945897,50.589439391865255],[-4.783611297718039,50.5936088558239],[-4.771667479042435,50.601943971226376],[-4.761667253505152,50.61471557821153],[-4.751667023508787,50.64138793858166],[-4.743611336435151,50.66749572575185],[-4.700834272703105,50.68833160354194],[-4.651389121108309,50.71527099599507],[-4.561389445667999,50.776245115638005],[-4.553611755558109,50.78527069302356],[-4.549445154329703,50.80249786308167],[-4.547361849256447,50.82069015669384],[-4.547430991770909,50.85951232745873],[-4.543334005719601,50.92694091821642],[-4.521319864748932,51.01423263372209],[-4.47444534230317,51.014160155814864],[-4.427361488286181,51.00957870395894],[-4.411945342879733,51.00277709782483],[-4.37638950266745,50.99110412820585],[-4.357778550372188,50.98944091763974],[-4.339445113460101,50.99055480952285],[-4.324722288307669,50.99527740467886],[-4.303611753405562,51.004165651278925],[-4.237014295268295,51.046592712802294],[-4.210278036263162,51.072357177467666],[-4.220277784678785,51.110549926613544],[-4.228055951910392,51.18777465967605],[-4.208611490304406,51.19583130099295],[-4.198611260308041,51.19832611238297],[-4.116666794819707,51.212219236279964],[-4.112524448764034,51.2125635772112],[-4.112524448764034,50.36039178272809],[-4.175000188555657,50.37777709913206],[-4.380000114427162,50.36388397077587],[-4.762500762815876,50.31138610983567],[-5.048055650937329,50.17110442917874],[-5.059445379712997,50.1391601549696],[-5.070902824097118,50.08166122478764],[-5.054167272210123,50.060134889473545],[-5.057500841249464,50.0461082473056],[-5.065555574079667,50.03749847479094],[-5.086112023540977,50.02277374115181],[-5.193056105317737,49.95527648946046],[-5.200833795427513,49.95666122594099],[-5.228611945530076,49.97332763531358],[-5.237500192130142,49.98110961951869],[-5.25673627640839,50.005134583196366],[-5.25215339764636,50.02534103490813],[-5.2766675938866,50.05971527208811],[-5.289722441715071,50.069442749000245],[-5.333611488843133,50.091384889185406],[-5.47055626060893,50.12499236950157],[-5.485972406015378,50.12707900996753],[-5.501111985823059,50.12610626138451],[-5.511389731202428,50.1238861071065],[-5.53416728918512,50.11568832248946],[-5.541666982331094,50.103885651572966],[-5.537917135758107,50.084579466077685],[-5.541666982331094,50.0705490113952],[-5.555555821051087,50.05707931739818],[-5.567222597006207,50.05110931208799],[-5.58277797722593,50.04777527038607],[-5.661736490274961,50.03631210500083],[-5.677778244786168,50.03860473718606],[-5.687500000696957,50.04193878334701],[-5.716805934607692,50.0608253469976]]]}},{"type":"Feature","properties":{"fillColor":"#fff9b9"},"geometry":{"type":"Polygon","coordinates":[[[-9.21387279027789,51.49101761725728],[-9.21387279027789,52.586646507107616],[-8.983890533240764,52.630554200462875],[-8.827772222867633,52.66355525537426],[-8.818334578574422,52.665550230959184],[-8.829975071629297,52.6748626255999],[-8.848890305213894,52.68999481278742],[-8.860348844396812,52.69392302161746],[-8.94694519001996,52.723609923594836],[-9.02805709788288,52.73055267324594],[-9.033334731327216,52.71916198846333],[-9.065555571590096,52.68860626182396],[-9.09083366478518,52.66722106933031],[-9.129167556386221,52.63527679431064],[-9.151250839998909,52.6209678651889],[-9.16694450444686,52.61666107246947],[-9.173682030590248,52.61622263002569],[-9.17972374019303,52.61582946762953],[-9.21387279027789,52.61444987837373],[-9.21387279027789,53.135014069261175],[-9.202699137217724,53.12996770391262],[-9.19722366325982,53.12749481148438],[-9.189540033167795,53.12306550465064],[-9.173612595381812,53.11388397089839],[-9.15416717522778,53.10694122383064],[-9.069444656654225,53.11721801636583],[-9.026648884371935,53.13508331568917],[-9.00147628877096,53.14559173582444],[-8.951822027434241,53.14257281477602],[-8.937917709979873,53.14172744852754],[-8.940579461127072,53.24373208774537],[-8.941112519562239,53.26416015571817],[-8.956842878645952,53.26667100187335],[-8.960279465362753,53.267219542469235],[-9.036528587646107,53.27165985149283],[-9.042575832620447,53.27042790832853],[-9.050834656977372,53.26874542279103],[-9.202222824933983,53.24638366740817],[-9.21387279027789,53.245463174789386],[-9.21387279027789,53.41277122562266],[-7.95302176475525,53.41277122562266],[-7.95302176475525,51.856603749446066],[-8.086668013765632,51.81082916250284],[-8.16798969295783,51.792243603882696],[-8.169306755213714,51.791942597582704],[-8.215250014389994,51.80321884166409],[-8.220550536491203,51.80983352659388],[-8.211480820768973,51.822955739469535],[-8.209917068413667,51.82521820192365],[-8.20694541806948,51.83666229271119],[-8.178334235253786,51.85152435231928],[-8.17833423525387,51.851524352319366],[-8.178334235253772,51.851524352319416],[-8.21055603136341,51.88443756153703],[-8.286666871025204,51.889442442792074],[-8.32129669596644,51.890657203364434],[-8.365835190911248,51.89221954471918],[-8.375020046216648,51.89231793519796],[-8.384352685280248,51.89241790877355],[-8.421938895394476,51.88154602149211],[-8.421938895394288,51.88154602149206],[-8.421938895394556,51.881546021491985],[-8.399444579554306,51.875549317381974],[-8.399444579554284,51.875549317381974],[-8.399444579554256,51.87554931738197],[-8.396441922413134,51.87564095707252],[-8.371946335722464,51.87638855091306],[-8.357778549012792,51.875549317381974],[-8.34783024192445,51.87360184557811],[-8.343611718149948,51.87277603109209],[-8.334722518148125,51.8669433606344],[-8.311683653776143,51.813980101298235],[-8.307333946116737,51.803230285992484],[-8.307250976027104,51.77824401800631],[-8.310360361203312,51.74534928501256],[-8.310695649141849,51.74180221490417],[-8.344306946895244,51.721107482255036],[-8.557500838445833,51.63388824521826],[-8.737222670711503,51.576110839990065],[-8.88277816821045,51.56721496456055],[-8.983890533240697,51.5597152713691],[-9.112222670332699,51.548049927870295],[-9.112222670332718,51.54804992787028],[-9.112222670332748,51.54804992787028],[-9.16361236550644,51.51777648863825],[-9.20167745922418,51.49751046519077],[-9.21387279027789,51.49101761725728]]]}},{"type":"Feature","properties":{"fillColor":"#fff9b9"},"geometry":{"type":"Polygon","coordinates":[[[-5.332683110283713,56.48423385609976],[-5.157971564337401,56.48423385609976],[-5.191111566854147,56.46193695029274],[-5.203056335314045,56.45416259557555],[-5.214445114305306,56.45194244575674],[-5.232083799598286,56.45096969717372],[-5.332683110283713,56.48423385609976]]]}},{"type":"Feature","properties":{"fillColor":"#9cb3ec"},"geometry":{"type":"Polygon","coordinates":[[[59.64083099411903,70.19636535661436],[59.76999282829502,70.16338348339514],[59.9286041263652,70.09748840307111],[60.079437255446464,70.0624847411002],[60.25610351591382,69.98942565968446],[60.321105957554494,69.96360778755678],[60.365409851067795,69.95457458482076],[60.41888046226774,69.95234680210564],[60.47748565672612,69.91609191928569],[60.546939849803834,69.80248260471376],[60.43971252425092,69.74359130819738],[60.26166152907888,69.6906661987801],[60.20555114723709,69.67942810057372],[60.176658630390534,69.68234252910372],[60.150547027123366,69.69261932360712],[60.094993591234015,69.70638275185132],[60.04027557427321,69.71693420424276],[60.01082611037924,69.71832275403563],[59.97137451205981,69.70942688024371],[59.94332122813552,69.69859313978765],[59.92568969674028,69.68872833211611],[59.911933898672714,69.66638183556603],[59.88110351516241,69.68581390358617],[59.848880767865694,69.69219970659856],[59.76610565189242,69.68969726599556],[59.7455444338039,69.69136047367647],[59.6016616816741,69.71249389697584],[59.57833099417627,69.72581481987157],[59.5383262638976,69.75081634522701],[59.55735397307245,69.77860260034498],[59.6016578676809,69.77679443354344],[59.623325347497826,69.78636932406886],[59.613605498946754,69.81150817836823],[59.43110275233812,69.88345336897385],[59.39402008076593,69.89054870614103],[59.33249664268919,69.88499450696901],[59.28568649238963,69.88388061506407],[59.12387847882019,69.91192626990681],[59.003326416378115,69.93386840870659],[58.95019912699064,69.93733978318903],[59.00804901170966,69.9087295533123],[59.07721328764103,69.89012908913253],[59.11839294466756,69.87043762248254],[59.03860473623712,69.8522033695499],[59.01776886026056,69.85386657723086],[58.67110443149818,70.0102691647424],[58.649162292698236,70.02082824731053],[58.62137603758026,70.03749084482632],[58.57665634105166,70.07353210460116],[58.51721191367119,70.17970275909852],[58.49499511698332,70.19026184057157],[58.40915679936626,70.25360870361305],[58.42887878453263,70.26692962650878],[58.490272521652,70.26998901415925],[58.602352142398615,70.25679779003093],[58.63832855224223,70.2380371096624],[58.66401672341249,70.23165130664984],[58.78276824922955,70.21331787127644],[58.82304763739626,70.21582794205608],[58.7880477905137,70.2538757324192],[58.68082428004908,70.28804016146825],[58.6480484007933,70.29748535103613],[58.63166046116538,70.32582092302499],[58.75666046105073,70.39360046425168],[58.86749267603682,70.43193054158462],[59.003608703347766,70.47303771959832],[59.03478622485375,70.47421264634625],[59.03957748410977,70.45026397695801],[59.10610198939929,70.42803955118859],[59.249435424658145,70.38442993147675],[59.30888366712696,70.37136840830561],[59.334434509353116,70.36109924288377],[59.35277557380823,70.34999084454006],[59.4041595463255,70.31608581521584],[59.42290878252413,70.29859161385951],[59.461105347096236,70.2766571041413],[59.64083099411903,70.19636535661436]]]}},{"type":"Feature","properties":{"fillColor":"#fff9b9"},"geometry":{"type":"Polygon","coordinates":[[[10.11263331421653,52.17206389116808],[10.11263331421653,54.48952691906589],[10.126943587760707,54.48971556378507],[10.368331897321298,54.43555450421661],[10.60972214262273,54.36054992977728],[10.646248835839117,54.33742522180927],[10.69055368400268,54.309299450068124],[10.77249908935056,54.30722046445459],[10.794999133764179,54.31235505562745],[10.831873911890398,54.33034517242265],[10.885276780504228,54.36193847536424],[10.94645691362416,54.3845100260429],[11.073888782031531,54.37638854810865],[11.093956955284625,54.20548249662778],[11.059999454680678,54.17721940343466],[10.880554192401917,54.090759269830755],[10.861387261348057,53.99388883837702],[10.879790310369458,53.985900887842945],[10.861239448181038,53.952682491789176],[10.83911989297809,53.927612286892554],[10.818534838217943,53.89005279853234],[10.904434187713434,53.957344065341545],[10.964721673323197,53.98027039859295],[11.0130539076398,53.99527742267878],[11.055391307574155,54.0073547417864],[11.09472083731714,54.01361082374643],[11.183539400075517,54.01194000843685],[11.251630785984958,53.93878174356752],[11.412776948522776,53.919715896897856],[11.48083306523472,53.96027373160473],[11.576805119385597,54.03430176352805],[11.626353269925232,54.08238982350082],[11.62611006345162,54.11117552799362],[11.687499063003315,54.153255474402386],[11.74749947825319,54.15638734814905],[11.986110696639912,54.17333220362974],[12.10939973131319,54.18859330279684],[12.10939973131319,53.43963938339939],[11.788000149124798,53.05129795601101],[11.185476817285291,52.65715487995527],[10.575695631456647,52.17206389116808],[10.11263331421653,52.17206389116808]]]}},{"type":"Feature","properties":{"fillColor":"#fff9b9"},"geometry":{"type":"Polygon","coordinates":[[[6.119100480023214,52.17206389116808],[6.119100480023214,53.41173645793605],[6.17791606704742,53.41374588972525],[6.187288265823952,53.41242981827361],[6.194722168627891,53.40999605008716],[6.296943645790407,53.40193938075481],[6.452499388913054,53.425277717076995],[6.697499287504172,53.461936969823114],[6.721110330989518,53.464721687815654],[6.741944322015911,53.465827924965026],[6.777499195923724,53.45915983993439],[6.867916099856586,53.42739104273227],[6.901666631054809,53.35027314263766],[6.942499650672971,53.32305143927721],[7.09229087385296,53.25645448397643],[7.200485698675038,53.24040986410972],[7.208364473428333,53.24280549820264],[7.255833135061607,53.3160362372073],[7.082916274757963,53.337078088080204],[7.04993009016988,53.34110640338889],[7.018957618015918,53.375343308819254],[7.014999879816571,53.409858689920384],[7.021944040199458,53.44249725417649],[7.032360571134689,53.482357022037945],[7.09354066553982,53.58818815249015],[7.184721954797681,53.64221955614005],[7.232082834383448,53.667217248186375],[7.29583262469356,53.68527221229806],[7.341110221321287,53.68860625481335],[7.468749523712233,53.685966485091456],[7.698332795465262,53.70027160956505],[7.843333253752235,53.71416473096804],[7.882499677975886,53.71749877348316],[7.907499305762997,53.719444270411714],[7.949166281230418,53.71749877348316],[7.9816665561641,53.71527100683221],[8.014305120420204,53.70833207294942],[8.115866897119872,53.60489633308693],[8.115866897119872,53.507181280679816],[8.093749045368781,53.503051755871354],[8.062429417460748,53.50090025740752],[8.072984702296253,53.468189257731126],[8.09777643152205,53.444442751104816],[8.115866897119872,53.437786547931104],[8.115866897119872,52.17206389116808],[6.119100480023214,52.17206389116808]]]}},{"type":"Feature","properties":{"fillColor":"#fff9b9"},"geometry":{"type":"Polygon","coordinates":[[[12.10939973131319,44.82256237500596],[12.10939973131319,46.36665562282422],[12.738199847150668,46.19479746814335],[13.63150381585308,45.97228957998789],[14.554227580494796,45.52766456991088],[15.073700580631169,45.21471808920256],[15.532946629508501,44.94250138358149],[15.733279828520669,44.82256237500596],[14.87906726024505,44.82256237500596],[14.880275744775645,44.85207747898596],[14.894026744089274,44.88944242539634],[14.909582124827466,44.91152191076475],[14.919303879676761,44.96596907282259],[14.831526745465851,45.11541368225585],[14.482776637776851,45.3111038361439],[14.448609341585552,45.321243285141804],[14.323054328737896,45.35096739805721],[14.28659534773442,45.314994830000614],[14.253887174239424,45.23194121304755],[14.248193734698987,45.19715118904264],[14.239721306958643,45.16416167498045],[14.230833043380699,45.14416121394038],[14.21666527907388,45.12332915865477],[14.155832301708188,45.039443986171136],[13.97583101724365,44.824024181380196],[13.83916570395968,44.876384731005714],[13.68111037746371,45.05138398382678],[13.603054030231704,45.15777585967243],[13.504790291268591,45.50201034866484],[13.554998413274689,45.494438156538536],[13.591739664000954,45.481697071912265],[13.589443217266307,45.51693727179651],[13.665833472396343,45.543052660577814],[13.749929447052523,45.54902267876321],[13.716943727042349,45.59610748299673],[13.79805471196346,45.60749436207777],[13.7356929639476,45.69430161272078],[13.6561107496766,45.7536086843329],[13.6299991549472,45.769996627186856],[13.57947252615088,45.7819595440136],[13.542637817859031,45.783329003196286],[13.415067660129296,45.72055052890221],[13.367942824776037,45.73744203536654],[13.216943738054795,45.776939393836415],[13.193332655854647,45.778053296519204],[13.120901106794577,45.767841334671175],[13.071249006974426,45.70964812702721],[13.096109377568723,45.651664714970764],[13.087777136176783,45.63652420219961],[13.06361007050549,45.63388822652985],[13.000831596211285,45.629997271387694],[12.922498709049421,45.618331916635896],[12.863887768542043,45.595550531655306],[12.798887257389481,45.568885818351305],[12.706944447702881,45.5311050361035],[12.638053910563997,45.502220144252135],[12.617221816563585,45.494438156538536],[12.58749960067422,45.48388670446985],[12.418262467476893,45.441173538532325],[12.44847105759851,45.48325727899294],[12.50399112334901,45.4912605218795],[12.580693226321046,45.54381561345468],[12.489651697548652,45.56749343999752],[12.394444454585823,45.53305053303188],[12.287081727301882,45.47332762558233],[12.154225332465046,45.30196381011825],[12.161109910746404,45.263885504510256],[12.361944179652141,45.05610657192909],[12.443703637739247,45.0082359343624],[12.495276457005616,44.987010962410295],[12.520137795470532,44.98263549134731],[12.538053502389403,44.96061705924342],[12.47999955193825,44.85277175177936],[12.45307401069872,44.82256237500596],[12.44583351402807,44.82256237500596],[12.426804543170931,44.85360717879155],[12.43937299843327,44.881732950532864],[12.42263697066943,44.900131237631854],[12.389860155805763,44.868400574523434],[12.394076173300057,44.82256237500596],[12.325903604323289,44.82256237500596],[12.290137294146405,44.83826066448529],[12.282894812497513,44.82256237500596],[12.10939973131319,44.82256237500596]]]}},{"type":"Feature","properties":{"fillColor":"#fff9b9"},"geometry":{"type":"Polygon","coordinates":[[[5.257159333441454,52.43309872614245],[5.134019374752814,52.38313674921386],[5.064530082605853,52.39302177143054],[5.054937839580647,52.394386291523965],[5.080276822963202,52.43982986899357],[5.107433319006248,52.48853301990931],[5.046943664458411,52.56939315801992],[5.03392049297559,52.61549214502084],[5.033789634715061,52.61595535271638],[5.049039363821014,52.6367950440081],[5.150349974823731,52.65866915623137],[5.299304962133931,52.690830230736594],[5.329999923700598,52.682777404676926],[5.380277633587184,52.66721725472263],[5.397144740515695,52.655137885058586],[5.423333168061211,52.63638305658775],[5.452916145278256,52.61138534537196],[5.483541011799831,52.57277297976476],[5.462837008133593,52.54073689579812],[5.443439960498495,52.51072311407944],[5.418062686911242,52.498382568360796],[5.257159333441454,52.43309872614245]]]}},{"type":"Feature","properties":{"fillColor":"#fff9b9"},"geometry":{"type":"Polygon","coordinates":[[[-4.112524448764034,50.36039178272809],[-4.112524448764034,51.2125635772112],[-3.792500017288717,51.2391662582213],[-3.570138930425458,51.230274199106645],[-3.507222412678004,51.22332763715809],[-3.437291862623056,51.20638274924107],[-3.420000316808398,51.190551757666015],[-3.408611297026653,51.18444061351494],[-3.393611429153907,51.1813850414394],[-3.370277881702691,51.18110656735382],[-3.301389218286147,51.18110656735382],[-3.028333665646187,51.206108092129114],[-3.01277804463615,51.25631332534306],[-3.013333797773441,51.27277374299649],[-3.006944656658504,51.30722045808375],[-2.960000037454904,51.37499237134608],[-2.852777958714228,51.44471740680342],[-2.553055762246402,51.65721893430788],[-2.471666813564013,51.72444152888721],[-2.454861401250469,51.731662752406805],[-2.428889272710421,51.73693847876018],[-2.403889179300336,51.74040985124782],[-2.388333558290299,51.74666213869875],[-2.380000115043174,51.76173400735712],[-2.392777920151104,51.77513122344686],[-2.460556031536538,51.74666595567231],[-2.578888892304519,51.677772521038946],[-2.629167080547575,51.64416504072278],[-2.665000440602057,51.61499786450344],[-2.674722673634562,51.60694122318654],[-2.698889257733867,51.58943939155739],[-2.71472263491745,51.58082580652837],[-2.847777843716187,51.544998167475114],[-2.892777919997172,51.538604736724096],[-2.91888904701915,51.537773131440986],[-2.95472240261455,51.53971862860698],[-2.966389178569727,51.541664121314],[-3.021111487883275,51.525276186026986],[-3.118750332073205,51.48749542031959],[-3.12777805427686,51.478881835290736],[-3.151667118534135,51.453048705232504],[-3.158889055506677,51.43054962133539],[-3.164583445002336,51.409091951413984],[-3.181111337473681,51.39735794143127],[-3.270972491553891,51.380134583887525],[-3.346111297603329,51.37860870410714],[-3.359444619517262,51.37860870410714],[-3.403333662186412,51.37971496650209],[-3.416388987136486,51.380554201273185],[-3.451111318038215,51.384719848258214],[-3.488611219592428,51.38999939158521],[-3.542500019595195,51.39777374184314],[-3.560277939701393,51.405548096560324],[-3.671944616634107,51.47388458302254],[-3.751600744032544,51.52930831920014],[-3.761111259885411,51.54444122376299],[-3.781666755103288,51.56749725137223],[-3.837917089015491,51.61999511677146],[-3.949722291767387,51.6127777102256],[-3.965555668950969,51.6097183211765],[-4.112524448764034,51.56399895846858],[-4.112524448764034,52.13159561167356],[-2.158534884365139,52.13159561167356],[-2.158534884365139,50.61935407087359],[-2.197222234807327,50.626106261230575],[-2.390972375710419,50.641662595693674],[-2.43111133547518,50.63499450783064],[-2.771389005572757,50.70861053316099],[-2.823055742810823,50.72027587775119],[-2.863889217863516,50.72833251906815],[-2.882778167122467,50.73110961705811],[-2.906944751221829,50.733329771336116],[-2.927500246439706,50.73124694784377],[-3.244166849243982,50.674438475185696],[-3.254167079240347,50.6719436637959],[-3.411389349260048,50.61610412720643],[-3.437222479318223,50.604995726328355],[-3.461805822531915,50.58791351208487],[-3.494166851396528,50.546386716778045],[-3.500277995547606,50.53582763458297],[-3.551389215979611,50.43833160584836],[-3.553333758902284,50.42555236937545],[-3.651944638222233,50.23110961721221],[-3.675000188709646,50.220275877905124],[-3.706666947535666,50.20971679571005],[-3.716666700410372,50.20666504060807],[-3.72888898871247,50.206382749548936],[-3.789444445213178,50.212219236588055],[-3.803055764090971,50.214164733754046],[-3.81333350947034,50.21721649331505],[-3.836528062898765,50.22971725570255],[-3.845000268296531,50.23805236664623],[-3.851944444636445,50.251663208402306],[-3.877639053334406,50.28138732833338],[-3.943889140121257,50.31346511635462],[-4.112524448764034,50.36039178272809]]]}},{"type":"Feature","properties":{"fillColor":"#fff9b9"},"geometry":{"type":"Polygon","coordinates":[[[37.74785469100198,44.64469145145381],[37.74785469100198,45.70738752287212],[37.809852600936466,45.73984909032999],[37.83457185602688,45.76137925117578],[37.85123823583683,45.78304290070679],[37.86831665743236,45.816665634297735],[37.8769378662102,45.83887481429953],[37.88430022403435,45.872695922607136],[37.89068220657556,45.92290876782072],[37.908379362459804,45.974661273156066],[37.91276548599607,45.987487790772605],[37.91414344990648,45.98974964799739],[37.927490240359305,46.011657721340214],[37.95116806690214,46.03200150536776],[38.00970297821597,46.05530594889852],[38.19623563899131,46.12957000366695],[38.2206878779965,46.13568113735616],[38.265352877020156,46.13109232582428],[38.2666549854952,46.130958549253876],[38.31415558685154,46.09777069918989],[38.355552681337414,46.07331849889952],[38.40637969839037,46.04527282811249],[38.45394135301139,46.02637864293661],[38.453941353011665,46.02637864293661],[38.915268872594496,45.70432063397727],[38.915268872594496,44.64469145145381],[37.92466115599966,44.64469145145381],[37.8654022060917,44.692836743541946],[37.84404651240545,44.70075360217084],[37.78308107345532,44.72335435532409],[37.78323252757026,44.72304389185702],[37.799293522048956,44.69012070563275],[37.82269666697299,44.663665787916074],[37.81580694231221,44.64469145145381],[37.74785469100198,44.64469145145381]]]}},{"type":"Feature","properties":{"fillColor":"#fff9b9"},"geometry":{"type":"Polygon","coordinates":[[[8.115866897119872,43.9256639039744],[8.115866897119872,46.053493257041026],[8.830766833927669,46.09364134752815],[9.467298301995868,46.346582234728714],[10.217043165066514,46.52880417429435],[10.774257904135254,46.599691920890564],[11.259404714668847,46.57943692623303],[11.997677170294537,46.39719065723227],[12.10939973131319,46.36665562282422],[12.10939973131319,42.37272853628525],[11.455325094382083,42.37272853628525],[11.4513168508808,42.37417602839179],[11.372776026442523,42.40464784054643],[11.183887484985405,42.48485948029423],[11.187151918261634,42.512496942062455],[11.158054365926773,42.554992685593845],[11.080275526495143,42.63221739986568],[10.775136962046474,42.89902496710283],[10.732637424463121,42.92867660588291],[10.680693639830963,42.9465217744073],[10.588888151596336,42.95749665041757],[10.533331887492864,43.0527725347489],[10.540833463794854,43.12332916399009],[10.542637806504615,43.150135031512775],[10.538331983395324,43.18083189289234],[10.53027724980376,43.22360990614652],[10.518332490225703,43.257495861770735],[10.422777162352986,43.3980484135742],[10.377637855047851,43.44583128465325],[10.357498175529827,43.45861054208791],[10.324513423390044,43.47513197362724],[10.29513836325475,43.542564394655074],[10.287607208833265,43.59130096650881],[10.276665704994286,43.69374466671468],[10.276943212794663,43.714439400548144],[10.274166121620794,43.7433280864513],[10.267498965745744,43.796108227251466],[10.252222060678207,43.84333039165193],[10.236248985791406,43.8790245227525],[10.215693470435781,43.904994963263164],[10.17944335586401,43.94471740967265],[10.111804004145142,44.0037498383806],[10.0908317625113,44.018608081428965],[10.059721001034973,44.03305436012141],[10.027334199226573,44.04417418440232],[9.983606356679331,44.05387878858818],[9.714996343758457,44.11471556000589],[9.661109927094174,44.14083098750194],[9.372776031777846,44.28527070039547],[9.336526885076466,44.30971906791905],[9.231110583876614,44.34693910477341],[8.815553647869876,44.42555236463215],[8.747220991228005,44.42805098013531],[8.639999379448057,44.388328533725826],[8.495276467676263,44.32263185275383],[8.274026869763304,44.14083098750194],[8.23430442335382,44.10041426829912],[8.156318653231097,43.9827728348244],[8.164650933338066,43.958747852527495],[8.115866897119872,43.9256639039744]]]}},{"type":"Feature","properties":{"fillColor":"#9cb3ec"},"geometry":{"type":"Polygon","coordinates":[[[50.466207504212875,80.77770253233568],[50.466207504212875,80.87024474019569],[50.64083010281092,80.88466265368379],[50.6649932849906,80.8866577143063],[50.72248840401903,80.89332580540832],[50.7483291624136,80.89776611410736],[50.75725991350665,80.90056516980754],[50.80860137811381,80.91665649490056],[50.84609985320098,80.91693115203502],[50.86658577578674,80.91307836681092],[50.880825042364734,80.91040038950018],[50.888673082984205,80.90725775498589],[51.03846740850932,80.84727478085689],[51.02245043669807,80.83586885079458],[51.01888275026992,80.83332824684254],[50.74521381801675,80.81103929635965],[50.72193145776253,80.80914306586482],[50.551413633149096,80.78817838380176],[50.466207504212875,80.77770253233568]]]}},{"type":"Feature","properties":{"fillColor":"#fff9b9"},"geometry":{"type":"Polygon","coordinates":[[[-10.177072506837899,53.41277122562266],[-9.21387279027789,53.41277122562266],[-9.21387279027789,53.245463174789386],[-9.497501374182889,53.223052977827194],[-9.608057022964829,53.232215880698504],[-9.903889655963496,53.318950653219645],[-10.17652893132282,53.409717559744024],[-10.177072506837899,53.41277122562266]]]}},{"type":"Feature","properties":{"fillColor":"#c6d1ed"},"geometry":{"type":"Polygon","coordinates":[[[23.37433489005592,65.78194996323504],[23.37433489005592,67.89016972378244],[23.543703421627924,67.9329093431943],[24.68211139326371,68.22020247301282],[29.333514549573415,68.48966369106829],[29.333514549573415,61.534444266802865],[28.801149655796962,61.894273435728735],[27.746983233783112,62.70356945402244],[26.375771833137378,64.08527218784496],[25.955555283836475,64.41190563743459],[25.31823347244682,64.99283601768713],[25.346109378765902,64.97962950354423],[25.37377548949786,64.97113036258077],[25.391817096998068,64.97650908938289],[25.41305542556165,65.03416443208954],[25.37055205521142,65.0794372667948],[25.35388757242748,65.09235380696663],[25.29138757380406,65.10943602261415],[25.267498015933086,65.16999815112791],[25.293052659321006,65.26638793814237],[25.301109328653354,65.29360960278785],[25.324996950783486,65.34582520414256],[25.35527418227366,65.4108276510359],[25.35721967920199,65.44818113786062],[25.351247802705586,65.47874451055503],[25.303749098375306,65.51513670850119],[25.215135569281756,65.55429840951729],[25.189580925893893,65.55957794896096],[25.16152573126209,65.5558319033749],[25.132081991043492,65.55429840951729],[25.101802823812534,65.56929780678428],[25.092735271922265,65.59187315151479],[25.08076097293963,65.6058883794471],[24.891246800057502,65.64839171108235],[24.796108237178146,65.65832519725978],[24.77166366370642,65.65666197005402],[24.748609532847695,65.64818574826165],[24.66916657576951,65.65470884630685],[24.559442515719752,65.72673032803698],[24.55353928059185,65.76200103519614],[24.559165937074965,65.79013060098924],[24.53860856340816,65.79527281898112],[24.414720533103434,65.76735688154213],[24.220275873557693,65.77346801523126],[24.174999244800574,65.7915191465762],[24.16700746149951,65.81402588865302],[24.11360931609329,65.79957581590861],[23.9313182825573,65.76047516815737],[23.77333260401508,65.79527281898112],[23.65388868614201,65.8063812223914],[23.518329610007584,65.8008270400436],[23.37433489005592,65.78194996323504]]]}},{"type":"Feature","properties":{"fillColor":"#fff9b9"},"geometry":{"type":"Polygon","coordinates":[[[-2.158534884365139,56.96760026423175],[-2.158534884365139,57.67852422230655],[-2.140277862729022,57.69055175566399],[-2.13138913900724,57.69527435082017],[-2.120000364475004,57.69749450509801],[-2.07555580054094,57.699440002264225],[-2.022222517344092,57.69388580182509],[-1.929722309512499,57.67777252365005],[-1.918333530521124,57.67055511264505],[-1.860000132326206,57.6213836683778],[-1.821944473175506,57.57860565040244],[-1.781388999545754,57.505554198271966],[-1.774166821782899,57.490829469092034],[-1.773333548803464,57.458053589599785],[-1.855833531097801,57.39888763633735],[-1.958889008610015,57.33249664258193],[-1.9748612638802,57.317081451418915],[-2.054166796012282,57.21860504015416],[-2.061666966279972,57.20416259757417],[-2.065833567508434,57.19055175581809],[-2.074305772906143,57.14763259900184],[-2.067222593625047,57.13443756211666],[-2.158534884365139,56.96760026423175]]]}},{"type":"Feature","properties":{"fillColor":"#c6d1ed"},"geometry":{"type":"Polygon","coordinates":[[[32.31310437933216,63.82107653768206],[32.31310437933216,67.10214462529716],[32.497356395851966,67.031372081943],[32.52082825957427,67.01832580842301],[32.53888701773798,67.00776672953549],[32.55908585349471,66.98587799206496],[32.52943421471463,66.94859314660869],[32.51832581130435,66.88220215412855],[32.67971800649741,66.82748414321873],[32.850547789790824,66.78581236711403],[32.91277314551047,66.76901245990399],[32.93082427685539,66.73623657419608],[32.83596802241328,66.72679139799135],[32.80089568997073,66.72657776963723],[32.934433000989486,66.69136048892409],[32.969711296252456,66.6863708460217],[33.05998991086295,66.68275453378374],[33.11971281831245,66.6841430793707],[33.19499207437076,66.63943482282565],[32.86254884071133,66.58528139007603],[32.943153397125684,66.58870695441612],[33.05496217258178,66.58742522300622],[33.070865638229634,66.58872987358723],[33.11271666393202,66.60207367046729],[33.240131381675894,66.61623380795544],[33.28360750049029,66.61219786582791],[33.40637969237122,66.59443663102428],[33.4276275447794,66.58901214330984],[33.524921400174605,66.52748106038393],[33.48721313077698,66.52221681329235],[33.43471525969966,66.52998350865369],[33.38971710661309,66.53997800938095],[33.34221650525683,66.54914854268173],[33.30693817127883,66.55442808212536],[33.19919967799183,66.56400299167808],[33.0809478667299,66.52768706191921],[33.12472150890437,66.51345824434776],[33.33026884206754,66.48332212836158],[33.54436490987325,66.47366332380295],[33.56304929946185,66.39221191950577],[33.50207900064413,66.31206512707456],[33.75000000952423,66.29081727466638],[34.1097183342751,66.24901580392839],[34.49694063210882,66.10693359103414],[34.531105024689055,66.09359742097274],[34.56666566710447,66.07804869918277],[34.71249388687016,65.99081419183159],[34.85013198733293,65.89873502856341],[34.867767321555164,65.88026426732893],[34.964717853962966,65.72122957213517],[34.930614475932714,65.69705964156759],[34.88888547933021,65.70526122045584],[34.84137725115511,65.73054505370652],[34.815269489192474,65.74636841840027],[34.7580490300129,65.77665710947588],[34.68915938331463,65.80164338065151],[34.67416381881429,65.77720643399863],[34.690128337726776,65.71693420202632],[34.75221633327965,65.63414763987339],[34.778324133956914,65.60039521164913],[34.673049916131276,65.447898868138],[34.618049635499005,65.44331360148772],[34.54138183385379,65.45109558920137],[34.494991302413666,65.44970704361441],[34.422492970296105,65.41886902801605],[34.381244656847855,65.38262177834065],[34.47443389003206,65.27818298752743],[34.55054474033568,65.25193786539796],[34.93610381096369,64.83831787034535],[34.95721434192012,64.6527709982222],[34.83526611746589,64.58638000574206],[34.81082154399422,64.56832887439697],[34.787773142928245,64.54776000242992],[34.96068574460219,64.45790101770905],[35.135871873839676,64.38496400801262],[35.29269420909091,64.33646159235131],[35.29269420909091,63.82107653768206],[32.31310437933216,63.82107653768206]]]}},{"type":"Feature","properties":{"fillColor":"#fff9b9"},"geometry":{"type":"Polygon","coordinates":[[[-9.21387279027789,53.41277122562266],[-9.21387279027789,54.29331755062919],[-9.058473586053873,54.28083038376744],[-8.748611448967093,54.26332855159032],[-8.62000084010496,54.257217406779105],[-8.474862099581122,54.273468017350766],[-8.474862099581195,54.27346801735086],[-8.474862099581117,54.273468017350865],[-8.515278815044098,54.324302672927786],[-8.523442610646395,54.32710325930687],[-8.529445648490334,54.329162598716884],[-8.587778090731781,54.339580536247475],[-8.589409881287386,54.3394307656273],[-8.60444450501501,54.33805084287195],[-8.62243110098938,54.334006134090224],[-8.626667021929505,54.33305358772463],[-8.647222518693582,54.33110809322085],[-8.668126106462054,54.34353637817207],[-8.666876197512359,54.34580699355777],[-8.6616668706464,54.35527038505819],[-8.657039968016543,54.35831708431934],[-8.65111160375776,54.3622207634005],[-8.434446334798213,54.4474945059335],[-8.395557403600474,54.46193695135941],[-8.388032212720551,54.464596377763044],[-8.380985260090995,54.46708679324712],[-8.373603729525394,54.467743925394636],[-8.348333358734132,54.4699935906745],[-8.284439086530583,54.47332763614194],[-8.267084121513093,54.52180099608678],[-8.211106846373434,54.56528744704829],[-8.201112747611774,54.573051452792015],[-8.190813064754115,54.57912063808752],[-8.170000077432029,54.59138488722568],[-8.170000077432041,54.59138488722571],[-8.170000077432007,54.59138488722573],[-8.188333511865608,54.633605957363955],[-8.309481180010382,54.62811664464989],[-8.390556335399312,54.62444305449267],[-8.444242881016176,54.620915281863084],[-8.55972290077625,54.61332702584309],[-8.584445954374644,54.60971832165944],[-8.617049903705345,54.615939821006585],[-8.62666702192952,54.61777496355779],[-8.63880154283769,54.62011316548103],[-8.680000305080114,54.62805175867646],[-8.789861678380305,54.65860748273252],[-8.798334121407025,54.695758818698785],[-8.7397232048121,54.72735595597753],[-8.669168472948218,54.75971984776274],[-8.645121816869318,54.76483264489778],[-8.620834351471842,54.76999664288127],[-8.561177211012335,54.77957475622483],[-8.530000685503678,54.78458023071924],[-8.490835189062745,54.793609619869635],[-8.368612290255022,54.831939698416754],[-8.353889466532006,54.839439391608174],[-8.315556525611088,54.87381744386799],[-8.31555652561115,54.87381744386808],[-8.3155565256111,54.87381744386812],[-8.337362290717124,54.90235901003285],[-8.344948229050837,54.904164801947594],[-8.349028587479395,54.90513610937661],[-8.371946335722464,54.90305328293125],[-8.373901173932179,54.90183432014132],[-8.382639885232777,54.8963851919965],[-8.38269968984913,54.89424262030835],[-8.38305663962452,54.88145446900097],[-8.396945954564046,54.88277435399374],[-8.437499999385182,54.89694213812004],[-8.440373278967046,54.899894881183265],[-8.457500456552511,54.91749572835712],[-8.459722518882927,54.938331603418305],[-8.457222938045845,54.99679946849096],[-8.378927988590815,55.059609002872094],[-8.317501066851479,55.10888671975889],[-7.95302176475525,55.20067086509252],[-7.95302176475525,53.41277122562266],[-9.21387279027789,53.41277122562266]]]}},{"type":"Feature","properties":{"fillColor":"#fff9b9"},"geometry":{"type":"Polygon","coordinates":[[[12.10939973131319,42.37272853628525],[12.10939973131319,44.82256237500596],[12.282894812497513,44.82256237500596],[12.26152611604357,44.77624510435311],[12.247637756563165,44.72388459344239],[12.245414751834403,44.69388579890841],[12.279998774304033,44.476104738781146],[12.288887037881807,44.45166016530942],[12.353470784041406,44.278331766512736],[12.368331891985974,44.246665950721024],[12.422359462869053,44.189304337322596],[12.446388239217981,44.167770382424806],[12.518609992690756,44.10999297190364],[12.545831696050982,44.08860779804343],[12.689721116551539,43.987495422926656],[12.72055437022749,43.9769439708578],[12.740554792552757,43.97222138275549],[12.753574352849796,43.971000665895644],[12.76472092906846,43.970275885827164],[12.818609242758725,43.96319200367378],[12.903055199350774,43.92472078139923],[13.055971134036668,43.83582687960893],[13.12555505352833,43.78665925699488],[13.17118263209153,43.75405882683259],[13.193332655854647,43.73583220122714],[13.295277593087178,43.67541502098402],[13.356666553924015,43.64916231075097],[13.426109319196883,43.62277220163588],[13.480415327035985,43.61096573138025],[13.55208206490795,43.6016655034465],[13.599443447786427,43.569999687654615],[13.621525759336578,43.53704451363416],[13.84805489669327,43.07833101090358],[13.86249923964482,43.00638579736079],[13.873610507951526,42.964439378352154],[13.882499700684889,42.94221498342779],[13.89749909795205,42.91333009157643],[13.905553831543614,42.90138242838731],[13.923610692681336,42.84471892054893],[13.939722056890673,42.80360413450069],[13.987221729091345,42.71110917410988],[14.016666398465532,42.66999818211343],[14.058332444777534,42.61972045086844],[14.074998863302255,42.60027314711783],[14.130554198250309,42.5411071910097],[14.199998860549158,42.482498186243106],[14.35099838589855,42.37272853628525],[12.10939973131319,42.37272853628525]]]}},{"type":"Feature","properties":{"fillColor":"#fff9b9"},"geometry":{"type":"Polygon","coordinates":[[[10.82645701228003,64.44259738973989],[10.82645701228003,64.52562106434942],[10.936527260213552,64.57332610540323],[11.060971273989253,64.54277039824245],[11.273332608324324,64.45166015067184],[11.274766961152192,64.44259738973989],[10.82645701228003,64.44259738973989]]]}},{"type":"Feature","properties":{"fillColor":"#bde7d1"},"geometry":{"type":"Polygon","coordinates":[[[16.41847038272523,56.213188171265614],[16.41236571863847,56.22262639355762],[16.41083145128637,56.224998474333695],[16.40622062072087,56.25522451020224],[16.403331756764885,56.27416229252009],[16.397044804418712,56.37701091053072],[16.391666412364454,56.464996338039064],[16.393372065566812,56.50449873428805],[16.394580840772562,56.53249359108946],[16.420276641669375,56.586387634057076],[16.47139222050708,56.66584651420358],[16.542499542334294,56.776382446517744],[16.56159257114305,56.801533147715936],[16.614303588842006,56.87096786492481],[16.629165649396157,56.87916564951547],[16.644873338634255,56.883571372292344],[16.64499664308618,56.8836059569613],[16.6449966430863,56.88360595696133],[16.678628976800766,56.90167504501329],[16.749443054199677,56.93972015394626],[16.848052978318165,57.06416320803953],[16.848052978318194,57.064163208039574],[16.848052978318208,57.06416320803959],[16.848401627145847,57.06463862196652],[16.899997710924026,57.13499450691103],[16.94520413392417,57.202548638193214],[16.961248397584768,57.226524352742615],[16.965553283791735,57.24166107204212],[16.960277557198708,57.256942748830795],[16.95994542300855,57.27299088699358],[16.959857940964138,57.27721786505601],[16.96116593481827,57.280647059474084],[16.966110229693584,57.29360961914807],[16.969530297345155,57.29913448291409],[16.973331451558707,57.30527496354849],[16.978709886946845,57.31112694457333],[16.98277664194171,57.315551757989226],[16.99305343638241,57.3247146606264],[17.000080707514652,57.330014381104625],[17.009998321286844,57.33749389624124],[17.022220611589024,57.34499359135196],[17.03555297860534,57.351943969561326],[17.05666351338867,57.359161376926345],[17.10208129910907,57.34944152838735],[17.10576117599164,57.344674025104865],[17.124164581528543,57.3208312990825],[17.05055236823758,57.186660766860605],[17.008888244572702,57.1319427488357],[17.005870109358913,57.12836291518669],[16.961109161256502,57.07527160653825],[16.92666626004609,57.038055419908744],[16.915444759881627,57.011849466371814],[16.88027572610033,56.92971801766156],[16.848331451563656,56.84388732915783],[16.838888168430845,56.829582214505415],[16.828052520838185,56.825271606548085],[16.823753730924654,56.82519501342392],[16.812637328882417,56.824996948391984],[16.79058750644899,56.81261353992639],[16.782220840633556,56.80791473382038],[16.779197990113516,56.80485664987332],[16.770275115737515,56.79582977318536],[16.726665496800436,56.70221710182521],[16.668869442152555,56.585918392208264],[16.635555267203415,56.518882751416925],[16.616819348634433,56.483270185312946],[16.57666397088845,56.406944274782326],[16.56999778767489,56.391246795670064],[16.57110786438903,56.37430191017642],[16.57541465784616,56.36429977389174],[16.571662903040703,56.35499572767634],[16.563353118166344,56.342219305726935],[16.553054809431355,56.326385497782205],[16.496109008977744,56.240829468023755],[16.489731592949074,56.23463469261796],[16.48638534534939,56.23138427705169],[16.47360992423478,56.22444152843195],[16.449354902775234,56.21574033482866],[16.43722152716294,56.211387634071855],[16.42972183205224,56.20888519289788],[16.41847038272523,56.213188171265614]]]}},{"type":"Feature","properties":{"fillColor":"#fff9b9"},"geometry":{"type":"Polygon","coordinates":[[[8.30192598685723,63.151660922628736],[8.631387694514899,63.182495105460475],[8.76784135390011,63.1928482215273],[8.80416487176285,63.19554900579908],[8.94013784799398,63.20791242739614],[8.87138749720333,63.209442127201896],[8.824607843148726,63.20749663027357],[8.61840154510412,63.19999695099739],[8.479722016093717,63.291801471361396],[8.539999009988264,63.30944059963571],[8.584444044500003,63.312217729524264],[8.708748801083118,63.35062027171546],[8.641179097318116,63.39558412347503],[8.672222146581362,63.41388701726777],[8.737302797402833,63.415916447917084],[8.745970734963464,63.419162762659425],[9.00097082535973,63.464649187004056],[9.068887723593775,63.44041061506783],[9.114166249376922,63.41291426880343],[9.14611054083963,63.374160776806264],[9.231388091677047,63.353881840095426],[9.373332983119283,63.368331912839736],[9.418054596275795,63.37471772814786],[9.468541155237858,63.39596937460789],[9.394998568391031,63.38277435876546],[9.216595663815724,63.36839676015637],[9.1648607069003,63.38930128957725],[9.152811068885967,63.485759717960434],[9.247637745208579,63.535274496328555],[9.534582127067495,63.60457994014945],[9.647499075413975,63.623886089681264],[9.71749879202838,63.630271904989286],[10.045901282923069,63.38353731164233],[10.064443589137227,63.4197158812342],[10.087360398543979,63.4302711660697],[10.125276566502919,63.44027708766765],[10.146387097459353,63.44416045470592],[10.273055083834208,63.462913524377825],[10.300276748479803,63.463329321500396],[10.44333267770861,63.452499393760945],[10.525554661701506,63.43416595397861],[10.550832765159385,63.430831911463315],[10.577499375489424,63.431663505708684],[10.82645701228003,63.442449932187145],[10.82645701228003,63.151660922628736],[8.30192598685723,63.151660922628736]]]}},{"type":"Feature","properties":{"fillColor":"#fff9b9"},"geometry":{"type":"Polygon","coordinates":[[[0.128801228733239,47.272396213726665],[0.128801228733239,49.39960738345552],[0.140555550131864,49.405967706734145],[0.169444468324059,49.41416169751852],[0.235277773881251,49.42721555914238],[0.270277787047746,49.43027495875367],[0.295240558330136,49.43145750280519],[0.376666643137696,49.44082641082241],[0.424722182665107,49.451660171328854],[0.465763836426333,49.468814861111696],[0.488194387745409,49.486248026565136],[0.441388833478698,49.47166442642077],[0.379861041312154,49.45666123510176],[0.353611041116039,49.4541625808838],[0.315833317338729,49.45318983241964],[0.256111068040923,49.45722198049532],[0.160833325398244,49.46888733524702],[0.128801228733239,49.48158654075629],[0.128801228733239,49.61639849246084],[0.169722208413305,49.688888535206615],[0.185972210378168,49.704025253925636],[0.211111095358206,49.718883496974],[0.585833308294639,49.85277559056544],[0.640277760315371,49.86610413380805],[0.689027727495386,49.8742980858778],[0.713333237348365,49.875549310012616],[1.071110981952529,49.926662429555165],[1.210972087144,49.97291184549124],[1.232499847671306,49.98166658166923],[1.372429865235119,50.06578063614444],[1.401666519903586,50.078884130162294],[1.438749893457896,50.10083008813086],[1.461111067826778,50.1241607589194],[1.505555405471966,50.20194242453266],[1.53444432366399,50.29041290238155],[1.554374943176072,50.36006163047506],[1.591805356340046,50.37041474654194],[1.603850851869254,50.36878969214473],[1.55979157178308,50.401870728031554],[1.577222104629129,50.52805326933009],[1.564166539553355,50.68471528831685],[1.564444318357403,50.70582581927306],[1.598610878967293,50.809165961041],[1.624999749208087,50.87777709335364],[1.739583138089927,50.945274361697955],[1.768888705130735,50.955825813766864],[1.792777759708997,50.96277616852029],[1.943333135925286,50.995277411324366],[2.235277652401521,51.038055424578374],[2.359444158377016,51.05444336743233],[2.384721758542241,51.051940919162575],[2.415138479514042,51.056522353046034],[2.492221845993015,51.07611084973013],[2.516666419464684,51.082771307942096],[2.541666511829533,51.09111024699729],[2.555555335887846,51.09402465962319],[2.863055233102386,51.213333114355464],[2.955277447615231,51.24971772419764],[3.019999986389678,51.27638243750164],[3.104027513251367,51.31485749254301],[3.131666678471561,51.32416534729555],[3.179721830850724,51.33610534495119],[3.370865820052472,51.37385558120923],[3.406666262037618,51.38555144323601],[3.528888471243874,51.4116630379653],[3.550277710159889,51.40972137380356],[3.639721865628417,51.381660449379126],[3.734374751142582,51.35076141923088],[3.764166343981969,51.345275878251755],[3.8645830138571,51.33958054168528],[3.961388597994187,51.36972045172348],[4.122334062926555,51.37025367010609],[4.122334062926555,47.272396213726665],[0.128801228733239,47.272396213726665]]]}},{"type":"Feature","properties":{"fillColor":"#c6d1ed"},"geometry":{"type":"Polygon","coordinates":[[[14.754181265894239,78.7278193393197],[14.754181265894239,79.78374418669527],[14.769165039007646,79.78193664278757],[14.852775572524422,79.76596832443641],[15.020415303335767,79.70359039163498],[15.262638094506087,79.61234283436329],[15.291249275824953,79.59706878685404],[15.290833470845882,79.56137085039222],[15.29958152706223,79.52610015966434],[15.440532685138805,79.37802123881897],[15.4863862966954,79.33638000534495],[15.510831830716086,79.32388305788851],[15.651388168727863,79.27388000630634],[15.772637367845277,79.2377624494265],[16.092494964289244,79.07415771215801],[16.11145544052127,79.0569312712726],[16.11145544052127,78.50680239503828],[16.02333068932421,78.4810943584747],[15.993330004119116,78.47692871117653],[15.646110532327441,78.4527740459759],[15.587776186148858,78.45109558098898],[15.472775457978912,78.45124053985967],[15.427457809919133,78.4581756618947],[15.35721969467943,78.4748458875273],[15.298053744104436,78.50054931503797],[15.247276308586493,78.57632446090815],[15.269192696029279,78.58606720094548],[15.341665268026077,78.60942077413756],[15.403054234603076,78.61442565671007],[15.448886872368973,78.63304138356096],[15.500971796521299,78.71373748903233],[15.483330725217968,78.80831146388965],[15.401109695587365,78.8433227548258],[15.370830533395804,78.8430404679624],[15.317775725775505,78.82916259857626],[15.295553207756711,78.81971740715812],[15.219718933706872,78.771926881902],[15.197775838191319,78.73164367772381],[15.177136421433204,78.67128753823374],[15.027914999097618,78.5990142812081],[14.992774962125452,78.59582519717696],[14.965274813267968,78.59721374442233],[14.944721221638758,78.59999084447514],[14.90194320427105,78.60873412861184],[14.855690957210811,78.62012481568632],[14.80527591608859,78.64513397235527],[14.823470114801864,78.6552658092993],[14.84485816962598,78.67359161284685],[14.83721923815176,78.70054626517208],[14.816387175097987,78.72943115139793],[14.754181265894239,78.7278193393197]]]}},{"type":"Feature","properties":{"fillColor":"#fff9b9"},"geometry":{"type":"Polygon","coordinates":[[[-22.740001679231398,63.98277282905508],[-22.725559232982334,64.06388855244694],[-22.715557096665975,64.0727691666579],[-22.70041847358368,64.08193969622437],[-22.688335417667588,64.08415222332741],[-22.673889160313934,64.08166503659567],[-22.6611137386692,64.07832336517822],[-22.643611908494904,64.07221984740028],[-22.633613588937465,64.06748962211202],[-22.589725491964828,64.04443359341741],[-22.565834045415784,64.02583313038235],[-22.555278778737375,64.01081848128536],[-22.390834810504884,63.99270629763697],[-22.18638992487024,64.01805114903237],[-22.045558926798947,64.04666137624707],[-21.969448088323986,64.0683288567252],[-21.70208549761378,64.18276977689356],[-20.514029371687002,64.1657046229816],[-18.97751173839555,64.1657046229816],[-18.119723320518148,64.19334281914709],[-18.119723320518148,63.47957490424994],[-18.14805602977583,63.47305297711654],[-18.710002901503685,63.39110565262911],[-18.729446410256514,63.38999939190484],[-18.775001526178983,63.391387940121376],[-19.08611297849535,63.41277313310724],[-19.27583694714764,63.433326719343256],[-19.394168852336463,63.461387632954995],[-19.599166868333327,63.50444030641876],[-19.62722397084042,63.50971985096487],[-19.726947785131017,63.52749633511337],[-19.78083419600671,63.53638458284212],[-19.8416671760325,63.544441223821025],[-19.868057248281104,63.54555511240858],[-20.04944610522125,63.53749847142973],[-20.071392062087114,63.53638458284212],[-20.088336945140156,63.534439087504666],[-20.110000608859423,63.533332826780395],[-20.136947633883437,63.53416442787574],[-20.1705589292564,63.53638458284212],[-20.196945190400527,63.54249572848357],[-20.221389772966006,63.54972076271258],[-20.5011138903256,63.667495726434765],[-20.53050231793725,63.69627380622683],[-20.54116821408087,63.70710754363853],[-20.541252137542244,63.72352600233336],[-20.540834425787864,63.74680328430378],[-20.75386238241407,63.80585479915578],[-20.80311203053305,63.79435730191678],[-20.846389768377207,63.79055023470306],[-21.06166839707805,63.83860778742968],[-21.07500076018954,63.841941830983785],[-21.11722564931688,63.854995729016366],[-21.163333895601625,63.87110901097395],[-21.180904387855776,63.879718782315024],[-21.193752288339454,63.924720762220886],[-21.319446563226336,63.88749694690614],[-21.654724121720392,63.82471466043825],[-21.947223660724944,63.83972168167173],[-22.04667091548879,63.83472061351358],[-22.142223357164198,63.834716796754776],[-22.249446870967006,63.84999847196269],[-22.326114656562936,63.86054992753668],[-22.420001984840837,63.84722137552967],[-22.67305755356415,63.80471801566887],[-22.686250686963433,63.80457687475001],[-22.719169616607758,63.8255538950516],[-22.740001679231398,63.98277282905508]]]}},{"type":"Feature","properties":{"fillColor":"#9cb3ec"},"geometry":{"type":"Polygon","coordinates":[[[46.62610244762908,80.29498290907209],[46.68360138002846,80.31469726651399],[46.955268860397624,80.36109924447105],[47.011108399386444,80.36720275995181],[47.02844641687292,80.36883816757852],[47.04055023110163,80.36997985924637],[47.06519006730072,80.37035756018847],[47.07638549678436,80.3705291735153],[47.11554718127595,80.3677520742207],[47.14276885995295,80.36387634376564],[47.17388153043739,80.35386657774775],[47.193046570987754,80.34304809643353],[47.23175048834324,80.32933807272936],[47.311378478715056,80.30859375103324],[47.311378478715135,80.30859375103324],[47.31137847871514,80.30859375103324],[47.31317568374431,80.30861738583583],[47.518489837975565,80.3113174447739],[47.62032699596194,80.30881500261377],[47.849433897998644,80.30137634303964],[47.8763809195412,80.29998779339233],[47.90613746649035,80.30031201677849],[47.90613746649035,80.24349228931568],[47.879714965092205,80.24497985779453],[47.849874358689455,80.24519212175989],[47.84110260011487,80.24525451755152],[47.69804382388318,80.2422027584998],[47.65033249254324,80.2387727040183],[47.462768555453295,80.22528839106974],[47.45430396742261,80.22485456492845],[47.44326782284962,80.22428894165219],[47.2562247512959,80.19211099194285],[47.15748977581052,80.17512512313027],[47.12892305322563,80.16789227584883],[47.114158631628655,80.16415405189642],[47.084075538507186,80.16669118036843],[46.9330520634183,80.17942810063948],[46.91422577660448,80.18333569737361],[46.91165924046485,80.18386840933836],[46.700731105320536,80.25863068662252],[46.64832305797945,80.27720642079169],[46.647793995828245,80.27762967051264],[46.62610244762908,80.29498290907209]]]}},{"type":"Feature","properties":{"fillColor":"#fff9b9"},"geometry":{"type":"Polygon","coordinates":[[[-4.758487224011844,52.78726196204309],[-4.752223012977424,52.80693817102167],[-4.741111753828193,52.81944275038279],[-4.721944807605382,52.83610534724096],[-4.651111601266166,52.886940002074084],[-4.618889807214828,52.90916442885941],[-4.586112023694909,52.92388152855136],[-4.552778246247442,52.928886414766566],[-4.540278433644175,52.93054962087342],[-4.526667596347124,52.935829164200584],[-4.505833627043671,52.94610595533652],[-4.462500573843215,52.97027587928767],[-4.36097240301757,53.02888488883792],[-4.352639673223393,53.03805160506454],[-4.34458351348718,53.06513595779137],[-4.330278397233485,53.11222076605168],[-4.19638919754334,53.20610809151299],[-4.153333664184913,53.22555542030835],[-4.134583472617464,53.22972106729321],[-4.112524448764034,53.23402973633989],[-4.112524448764034,52.68305943247437],[-4.130556106202334,52.777770994802495],[-4.118333817900179,52.89443969522006],[-4.133611678277759,52.91444396772738],[-4.233333586750689,52.91499328641032],[-4.312917231782649,52.904994964900766],[-4.414167405644548,52.88471984779625],[-4.440555570927927,52.87249755949409],[-4.477222444752215,52.854995727865],[-4.500278472361288,52.82943725491873],[-4.539444924333452,52.79305267215358],[-4.727778436373342,52.78138732756355],[-4.744167325903732,52.78124618426352],[-4.758487224011844,52.78726196204309]]]}},{"type":"Feature","properties":{"fillColor":"#c6d1ed"},"geometry":{"type":"Polygon","coordinates":[[[56.3199758526479,70.70069152528605],[56.3199758526479,71.15339876456424],[56.63832855278097,71.01748657097319],[56.873981960494696,70.92684729373711],[56.927215575280684,70.90637206948435],[56.930526696007114,70.90514399266779],[56.95416259672266,70.8963775645893],[57.06457519459242,70.8598403921251],[57.11444091813643,70.84915161087949],[57.24249267524449,70.82720947394655],[57.46610260045941,70.80581665052765],[57.63311767563596,70.72811126588897],[57.57538911622704,70.68893866190723],[57.45166015503318,70.60498046777356],[57.42106723152034,70.60387327567739],[57.38652038692578,70.60262298675798],[57.25721740629399,70.62719726625653],[57.16220855809166,70.64915466411719],[57.001663208787136,70.67221069220125],[56.83231928729893,70.6955828076986],[56.7902755739648,70.70138549914067],[56.78798015541823,70.70153448846415],[56.76888275054591,70.70277404864657],[56.744365693135535,70.69950103658664],[56.74436569313573,70.69950103658654],[56.74436569313549,70.69950103658651],[56.86624145569053,70.63902282684943],[56.96709117099219,70.62973624386929],[56.98554992823199,70.62803649905288],[56.993280898128695,70.62753781527572],[57.028602599765286,70.62525940004139],[57.09540939416044,70.62594604592807],[57.24249267524449,70.59443664616914],[57.332908629664935,70.5691528325876],[57.32858946089099,70.56716720958032],[57.31415557927558,70.56053161627061],[57.24615118109922,70.56567064357829],[57.16332244924291,70.57192993159919],[56.64249420129835,70.62997436526808],[56.59651947111229,70.64110565270585],[56.50499725280929,70.66970825154442],[56.49683689350692,70.68996658106042],[56.49582671978283,70.69247436673663],[56.514507293546956,70.7218551642468],[56.53983438737732,70.72438603874681],[56.55138397372252,70.72554016064339],[56.55138397372258,70.72554016064342],[56.55138397372259,70.72554016064342],[56.554330670751696,70.72691657854297],[56.57457733098397,70.73637390153021],[56.545829772504305,70.74887085027751],[56.530123656625214,70.74929450686389],[56.51471710254489,70.74971008307386],[56.47383271530354,70.74527117355527],[56.46096038883826,70.74387359623228],[56.32138061449285,70.70166015749538],[56.3199758526479,70.70069152528605]]]}},{"type":"Feature","properties":{"fillColor":"#fff9b9"},"geometry":{"type":"Polygon","coordinates":[[[13.774130330115682,64.89554326692314],[13.774130330115682,65.73353385685105],[14.703774918823632,65.73353385685105],[14.501076393313326,65.57363178914892],[13.774130330115682,64.89554326692314]]]}},{"type":"Feature","properties":{"fillColor":"#c6d1ed"},"geometry":{"type":"Polygon","coordinates":[[[18.826003789775328,78.02871048506007],[18.826003789775328,79.47459077180555],[18.85971832508494,79.45054626475843],[18.873746870938078,79.3110885618126],[18.850830076515592,79.29721069242663],[18.851387024926566,79.24832153210463],[18.91819000481803,79.16693115022957],[18.937217710085235,79.16026305886407],[18.978607180207405,79.15415954678753],[19.124439241338337,79.14553832888777],[19.186660768952322,79.14526367290216],[19.240966795825443,79.15193176426766],[19.26555442991861,79.16526031612062],[19.29194259523547,79.182205197739],[19.31499862537015,79.1844177240647],[19.34805297989493,79.18470764180609],[19.723606107098192,79.15109252899333],[19.799442288867738,79.12456512240232],[19.809997556106794,79.0991516126328],[19.906661985491155,79.01388549563916],[20.492771151068382,78.9380340576758],[20.51638793949104,78.93525695762298],[21.124717709805623,78.88442993252261],[21.371940611468858,78.86747741446447],[21.54041481103667,78.84053802389514],[21.540552139029387,78.75991821051707],[21.390272138175078,78.65796661169685],[21.354995729850657,78.65359496962856],[21.122634886156618,78.63874053697538],[21.081386565028083,78.6372070308592],[21.054443359019615,78.63943481337907],[20.93041038561239,78.6577682478046],[20.66846847713117,78.68137359547222],[20.107772826885025,78.63888549584607],[19.76138687277114,78.61804199203726],[19.710826872778227,78.61499023599902],[19.688606262478856,78.61276245347915],[19.656940460761405,78.60498047085389],[19.61182403539209,78.57389068361823],[19.598606109021205,78.54887390163321],[19.55638504006447,78.50416565036517],[19.35694122290232,78.48359680254197],[19.216938017862503,78.47164917261836],[19.161106110189394,78.46998596382542],[19.008888244556545,78.46081542839289],[18.969924926408282,78.45199585216284],[18.99943923769945,78.25999450474023],[19.037776946221186,78.19802856704081],[19.085344312793893,78.09345245235437],[18.86680221586755,78.0334625226991],[18.838329313620193,78.02915954740797],[18.826003789775328,78.02871048506007]]]}},{"type":"Feature","properties":{"fillColor":"#fff9b9"},"geometry":{"type":"Polygon","coordinates":[[[-4.790278424118469,48.42374801125197],[-4.776667107860476,48.5111045864179],[-4.750972742702174,48.539440153746284],[-4.728889463281632,48.55888366344493],[-4.699722766285504,48.57083128791942],[-4.539306145738351,48.6358299407608],[-4.354166979341414,48.67416380286852],[-3.993611330552369,48.722770680088956],[-3.864731605460078,48.72511800515799],[-3.864731605460078,47.81857271257718],[-3.886458631144706,47.83263777469392],[-3.904444682884048,47.852775557185964],[-3.982222554445343,47.88971711836956],[-4.101388925803406,47.874992364006516],[-4.155486570503228,47.837009412990085],[-4.344306006014108,47.845760355115885],[-4.350000374710135,47.871940629928645],[-4.363889702061044,47.89888765167012],[-4.392222404493168,47.93444062855207],[-4.419445037009098,47.96083069895212],[-4.44347284548752,47.97666169046471],[-4.490345957107877,48.002918233464584],[-4.534512051371053,48.01951217785398],[-4.591111176470463,48.01693725544874],[-4.691805857438453,48.03069305539958],[-4.722238064336636,48.03917694272559],[-4.705903044635932,48.06805037499129],[-4.353889471541038,48.112911206625654],[-4.192153450068076,48.299369812663315],[-4.300000189980324,48.320549023702824],[-4.440463078270227,48.34619902168231],[-4.605278011621692,48.344718915555745],[-4.71138955348539,48.334716788009814],[-4.760625352890202,48.33499526368041],[-4.782153113417507,48.36451341377534],[-4.790278424118469,48.42374801125197]]]}},{"type":"Feature","properties":{"fillColor":"#c6d1ed"},"geometry":{"type":"Polygon","coordinates":[[[29.333514549573415,61.534444266802865],[29.333514549573415,63.82107653768206],[35.29269420909091,63.82107653768206],[35.29269420909091,58.63327244848083],[32.941451475713116,58.63327244848083],[32.42048124222316,59.277770481479024],[31.680051319710913,59.86733458528062],[30.71019234626027,60.55847336984931],[29.700698415519696,61.286262114164685],[29.333514549573415,61.534444266802865]]]}},{"type":"Feature","properties":{"fillColor":"#fadfa4"},"geometry":{"type":"Polygon","coordinates":[[[-9.490834234385261,38.79388428734785],[-9.462500564082745,38.83958054599458],[-9.444514280054364,38.86305237100191],[-9.421945555557386,38.91805269034916],[-9.412639636545634,38.94943999175547],[-9.417361256777497,38.99172973375158],[-9.42625044951103,39.01152419325632],[-9.419168464383574,39.07860566447806],[-9.396667490814366,39.11777495359797],[-9.364723199351772,39.16305162106988],[-9.339722642409072,39.22485734689997],[-9.337362277513535,39.26332856917446],[-9.338344588537268,39.29297637518772],[-9.359583846256328,39.35666275062948],[-9.29333497586532,39.39138792731791],[-9.227222459055724,39.43527221643626],[-9.144166945076677,39.52638246400687],[-9.0855560432841,39.6149978514116],[-8.966683973112616,39.885202411454884],[-7.474836199865581,39.885202411454884],[-7.627079027003219,39.536606632490816],[-7.576523880322156,38.914766378994386],[-7.527276352226238,38.280747291025364],[-7.400801638178732,37.945652969204474],[-8.81534285428766,37.945652969204474],[-8.839446074776845,38.01471710357794],[-8.806806581365151,38.08902357245705],[-8.796112078051635,38.11833192696446],[-8.78944589004692,38.139442457920836],[-8.779167183856202,38.18054961715046],[-8.775821681755247,38.211761463011044],[-8.77722261608335,38.256381991783314],[-8.779724135197625,38.30110929601767],[-8.786390323202363,38.32888795071946],[-8.673334117663103,38.41388702588614],[-8.768890374691296,38.51721954083524],[-8.898612030884863,38.517772659410014],[-8.918889999725309,38.50999450446318],[-8.992778774455815,38.46360780578971],[-9.062778491070162,38.43721769667485],[-9.083612443381696,38.43305205991396],[-9.183889391486161,38.41971588985274],[-9.20027923136621,38.45166014260042],[-9.183751102163797,38.47805021300053],[-9.178889256868786,38.50916291021764],[-9.183889391486161,38.53694152620466],[-9.205417616591149,38.59541320951922],[-9.220140473928325,38.61944198586815],[-9.239861491427291,38.640968313947155],[-9.274236686180018,38.66874313588215],[-9.215278628633257,38.67832946630551],[-9.159723293685317,38.677913669182885],[-9.074445742847843,38.6311035078532],[-9.028057108433643,38.699996948603314],[-9.015556326669696,38.72943879179604],[-8.948195450621654,38.76284410298081],[-8.919746410167761,38.765892043006716],[-8.919723529711575,38.77027130812172],[-8.929445284560927,38.800411218159866],[-8.955848711572457,38.84085844463766],[-8.979549418571366,38.85013199806326],[-8.989445699810801,38.90069199903104],[-8.994306577235477,38.940620408261054],[-9.0652790035993,38.85499574038431],[-9.079028144601807,38.83055112819784],[-9.089167593599825,38.80499648481015],[-9.092778214759903,38.77145005812133],[-9.095278727289042,38.74735639574095],[-9.118473044496113,38.71722031846963],[-9.212501537459445,38.69082641530275],[-9.322223661768476,38.67666627781455],[-9.429723749219079,38.69194031798571],[-9.47604273567947,38.70527265528034],[-9.490834234385261,38.79388428734785]]]}},{"type":"Feature","properties":{"fillColor":"#fff9b9"},"geometry":{"type":"Polygon","coordinates":[[[8.115866897119872,56.11545715865079],[8.115866897119872,56.40200083733411],[8.12117860857569,56.5482597158998],[8.160694124294082,56.64554977724299],[8.175554264368486,56.667770378115506],[8.194721234137148,56.69138335734169],[8.220727911715358,56.70742418315632],[8.237777723061924,56.6877746719224],[8.41583250401294,56.57833098456928],[8.643540391369243,56.47429657000794],[8.740206718313516,56.49013139428729],[8.756914135828424,56.54899595555355],[8.713887225022972,56.58478547996077],[8.680831895773679,56.617843635391466],[8.867916094521263,56.75666427990586],[8.959999090556266,56.80527495117826],[9.072783479372902,56.80761336477332],[9.11083220686163,56.79228593687111],[9.116151816139848,56.6962852337565],[9.063694014896896,56.655162820889416],[9.044721587078072,56.59561920175224],[9.06291580838257,56.565757767384696],[9.091874103524674,56.57180405375743],[9.123332020755242,56.60300064598056],[9.168706907715205,56.61710739573749],[9.218332294312233,56.6337432682725],[9.24888800147312,56.63333130391652],[9.278311726132017,56.61312867410783],[9.35291575708601,56.56846617847532],[9.323056219744672,56.67638016602268],[9.267325390536257,56.696105945443946],[9.171839710617462,56.674648297448414],[9.164998996222664,56.892494204892216],[9.178199780572754,56.91603087721626],[9.302568416602128,56.999855035150006],[9.365554828172492,57.01221466269527],[9.417637831282605,57.01916122339668],[9.769443505816128,57.05374528458128],[9.974273685729827,57.07173156860949],[10.11263331421653,57.02225113686271],[10.11263331421653,56.70959762312244],[9.866388308431397,56.65027619811207],[9.886388769471466,56.641937259057045],[9.933053982530339,56.64166261615304],[10.003610611771535,56.65916442297521],[10.077220910831102,56.686103817898015],[10.11263331421653,56.689745770398865],[10.11263331421653,55.87250439275008],[10.099720955244834,55.87791442082471],[10.055554396403693,55.87846374534746],[10.012290008917603,55.874622345169996],[9.982498183789176,55.87166596568369],[9.881991922356663,55.84681464924914],[8.303096860892072,55.84681464924914],[8.323888765170693,55.856109617074935],[8.395692824494766,55.89471816080152],[8.385276796851997,55.92333220380084],[8.31138705425127,56.05117797230497],[8.262915601456598,56.078884114156494],[8.223888395711128,56.09277344150746],[8.141456616130938,56.10902406290944],[8.115866897119872,56.11545715865079]]]}},{"type":"Feature","properties":{"fillColor":"#fff9b9"},"geometry":{"type":"Polygon","coordinates":[[[0.128801228733239,42.37272853628525],[0.128801228733239,47.272396213726665],[6.794224895762392,47.272396213726665],[6.6660618461392,46.92391917061735],[6.563092997820775,46.51867843539668],[6.74926609071764,46.29598056418081],[7.219894190769196,46.06329976832632],[7.930324877052044,46.043073396264276],[8.115866897119872,46.053493257041026],[8.115866897119872,43.9256639039744],[8.067777636987898,43.8930511328407],[7.948888773430212,43.84638212572963],[7.738888733146155,43.79624558741824],[7.66548536477751,43.7795753361267],[7.53193473586208,43.78204344435488],[7.515832895497567,43.79096984202641],[7.484166150550266,43.78277588995684],[7.4392928914599,43.75752256398107],[7.420277103047169,43.73707963131011],[7.391609207739066,43.72754668861796],[7.24680518842797,43.701660143113486],[7.155694011701712,43.66055298388386],[7.074721354817939,43.57221986620192],[6.888193604119294,43.43457793297216],[6.846388803907189,43.42416380235545],[6.794166582318837,43.422775256768546],[6.636388763623245,43.31110380276425],[6.637499801409831,43.28777313197554],[6.599444376258077,43.192497247644155],[6.169756416304608,43.11534117474105],[5.816526888272165,43.11763762147547],[5.678474423134787,43.190483109347156],[5.358680248984342,43.24874495835962],[5.257638450976856,43.3488159049287],[5.218054758467702,43.33902357297006],[5.09638880373609,43.336936960537685],[5.072388173058414,43.359466544355826],[5.077479829500646,43.38551712453523],[5.099205035588795,43.392940535624064],[5.146804824303501,43.41666412307927],[5.188611018248935,43.43388366017882],[5.231527320825478,43.46583174569332],[5.229027272874077,43.49319077050558],[5.024166121107726,43.55263520228448],[5.010277258334781,43.51443862291393],[5.02819393312393,43.48409271134028],[4.99043084354696,43.456146227911745],[4.980901230328925,43.43752289158783],[4.96786405479088,43.42861174755376],[4.758961192389393,43.37414933185846],[4.652777679682742,43.35971830680347],[4.613055233273485,43.361522688228035],[4.592638007240225,43.366523752001115],[4.573679942618071,43.3874931287387],[4.596110339077939,43.42815398357061],[4.574721332450736,43.44666291761348],[4.535554869512453,43.45832823365049],[4.316874502926851,43.5020752013167],[4.286110897204651,43.50555419210281],[4.249305263739586,43.49291608888677],[4.241433147934515,43.48595427454791],[4.28986023355003,43.45804975797972],[4.197777276229999,43.46110536353905],[4.162221899029532,43.47110749108515],[4.132325660042682,43.50849915071842],[4.130415935604219,43.53985594484982],[4.104513633169518,43.55561829499368],[4.056249614358478,43.56277465128238],[3.964722137216938,43.540832526080806],[3.913194188422167,43.5212478621633],[3.843610772223087,43.47555543628346],[3.722499833092286,43.4116592265396],[3.546666624421903,43.31971742343819],[3.414097067656257,43.28721618063412],[3.334999562880228,43.26527405543237],[3.313055501937868,43.25527192788638],[3.258055221305199,43.227493273184564],[3.141110886805677,43.13888551259868],[3.081388482648663,43.06944274732564],[3.003611075665162,42.8811035303911],[3.01222183144273,42.798049913438035],[3.041388528438972,42.61263656871506],[3.058124788491455,42.544162757854394],[3.110277400840687,42.526313795277986],[3.17765473068556,42.4368057216484],[3.169166546015219,42.4261093213089],[3.155591108185839,42.37272853628525],[0.128801228733239,42.37272853628525]]]}},{"type":"Feature","properties":{"fillColor":"#fff9b9"},"geometry":{"type":"Polygon","coordinates":[[[-1.944861175133383,49.676940910732185],[-1.942083464522455,49.7215919467792],[-1.93945040882042,49.72223005244737],[-1.896037628741988,49.72223005244737],[-1.86796518836342,49.71766342534856],[-1.86796518836342,49.65378861238321],[-1.892083395936993,49.664718643353694],[-1.913055676285808,49.667770377431395],[-1.944861175133383,49.676940910732185]]]}},{"type":"Feature","properties":{"fillColor":"#c6d1ed"},"geometry":{"type":"Polygon","coordinates":[[[13.39690709126721,78.31456756784468],[13.39690709126721,79.44436103766903],[13.429720879863623,79.4377593995606],[13.46218299594824,79.45429992807834],[13.477872848436562,79.47443389928947],[13.494623181601696,79.47884369018544],[13.57166480848008,79.4869232158681],[13.594442367190197,79.4841461158154],[13.768331525589417,79.43304443472925],[13.873607634276027,79.39193725703262],[13.914720535131096,79.35485076776337],[13.903886796467418,79.31915283130138],[13.894928930042283,79.29171752822049],[14.018609998729914,79.2649993886152],[14.058886528670996,79.26026916759002],[14.079303743386333,79.2666549665301],[14.099720001461037,79.27998351838306],[14.153887749262367,79.33526611408502],[14.018888475716437,79.45151519714767],[13.96069240304763,79.47179412722949],[13.932497977786511,79.48719787741561],[13.884998321350622,79.53831482025754],[13.930136682712885,79.56429290931561],[13.977497103436747,79.57971191569555],[14.007776260066237,79.58804321029197],[14.072219847041595,79.6038665753344],[14.11027526870015,79.61053466669989],[14.136943818722841,79.60998534916689],[14.39999961846405,79.73027038797466],[14.43944167964844,79.75082397404208],[14.466941834067711,79.76666259527832],[14.522776606100933,79.80178833269713],[14.557774543000733,79.8060913079882],[14.584997177074285,79.80415344320971],[14.754181265894239,79.78374418669527],[14.754181265894239,78.7278193393197],[14.698608395796313,78.72637939535952],[14.677497861318102,78.72360229530676],[14.616941450216359,78.70803833005613],[14.53166580018717,78.68275451740158],[14.388888359454597,78.49150848228214],[14.413192750043777,78.47408294434649],[14.443054199536618,78.46804809348515],[14.490831376318397,78.46388244618697],[14.545831679594983,78.4611053461341],[14.569719314126019,78.45887756361441],[14.61055374355675,78.45332336350884],[14.668054583181231,78.4409561131672],[14.717496870913294,78.40637206796515],[14.728192330505408,78.38623809675403],[14.688331605543567,78.37776184328692],[14.637220380298174,78.37442016394527],[14.606386182977246,78.37359619042672],[14.579165456623002,78.37387085197412],[14.2988872549181,78.33582306119371],[14.16760337672007,78.31456756784468],[13.39690709126721,78.31456756784468]]]}},{"type":"Feature","properties":{"fillColor":"#fff9b9"},"geometry":{"type":"Polygon","coordinates":[[[8.092915554097374,55.55620576031339],[8.115866897119872,55.588285239195145],[8.115866897119872,55.54709647897605],[8.092915554097374,55.55620576031339]]]}},{"type":"Feature","properties":{"fillColor":"#bde7d1"},"geometry":{"type":"Polygon","coordinates":[[[-21.875974655041603,64.23290252690873],[-21.835834502272746,64.28387451153702],[-21.80619931271302,64.3056740270099],[-21.80619931271302,64.2317539041963],[-21.80778122217896,64.23249817098343],[-21.823333740256714,64.23443603280288],[-21.841392517552038,64.2347106924318],[-21.875974655041603,64.23290252690873]]]}},{"type":"Feature","properties":{"fillColor":"#bde7d1"},"geometry":{"type":"Polygon","coordinates":[[[-23.172301888588827,65.52168087737982],[-23.172301888588827,66.14794189772807],[-23.16027831827472,66.14471435597716],[-23.02861404431991,66.10401916729393],[-22.98361205875949,66.08012390398619],[-22.97750091311815,66.0702667253475],[-22.978889466989074,66.03443908611274],[-22.80972290133161,65.99415588121809],[-22.75283431833384,66.04090881484416],[-22.746667860787113,66.04265594615083],[-22.677780150989122,66.04499816955007],[-22.49972534325741,65.96611022898787],[-22.421808244811587,65.92249298053946],[-22.419586184293053,65.91262817403748],[-22.432779312037837,65.87387848069187],[-22.44083404746456,65.86637878683392],[-22.449447629910026,65.86109924228799],[-22.46125221509277,65.85054779236833],[-22.462917328490335,65.83415222291836],[-22.445003508872787,65.8336029036609],[-22.43555831967757,65.83888244820679],[-22.424724576611254,65.84748840278883],[-22.401668547916756,65.87693786461705],[-22.39472580117996,65.8869323730699],[-22.385833742346733,65.90415954361526],[-22.388336179150826,65.92694091833545],[-22.397502897612867,65.9558258051793],[-22.41111373711209,65.98818206539124],[-22.499999997231726,66.07696532956373],[-22.595279696139528,66.10749816852575],[-22.60889053563875,66.1110992438451],[-22.661945345419042,66.1205444330405],[-22.727890017413813,66.13063812068157],[-22.749391556521516,66.13179778775896],[-22.75922394036303,66.13296508835418],[-22.830835340240924,66.14513397328375],[-22.84166717775497,66.14749145241001],[-22.911945341321655,66.17359924282079],[-22.94361114701178,66.19387817508243],[-22.952503205845005,66.19999694858734],[-22.962779996135794,66.21026611101462],[-22.97222519098557,66.22137451370952],[-22.965835568956322,66.2294311546886],[-22.921947477638184,66.2399902324716],[-22.856391905841747,66.25555420082623],[-22.83333587714725,66.26054382436189],[-22.801391600724003,66.2613830589753],[-22.738750455174852,66.2601242070553],[-22.493335721228334,66.26499939002144],[-22.707778932074802,66.29388427686524],[-22.941669462778748,66.29846191661215],[-22.974723816685184,66.2985992407722],[-23.027225496103426,66.30249023710161],[-23.051391602281115,66.30583190851905],[-23.073333742388,66.30999755882289],[-23.13361358639736,66.32582092542509],[-23.14611434841339,66.3297119161],[-23.172301888588827,66.33988853952845],[-23.172301888588827,66.36880882894722],[-23.07833481054621,66.43666076461949],[-22.94180679259307,66.46569061479545],[-22.88694763404868,66.46638488607647],[-22.421669003790555,66.43331909320204],[-22.258335113041312,66.340270993883],[-22.20250320682794,66.27194213675824],[-22.086391450950998,66.26805114608317],[-21.97430610435663,66.27290343980468],[-21.80619931271302,66.2024943510006],[-21.80619931271302,65.43412093793681],[-21.80986213612414,65.43360900798365],[-21.871391298637832,65.44583129926633],[-21.940002443254798,65.46443176230144],[-21.993057253035204,65.50109863049522],[-22.037780762207717,65.49943542264998],[-22.11652946740338,65.48193359247568],[-22.33480644015856,65.48316955515082],[-22.85388946338327,65.55499267488887],[-23.0552787761971,65.53915405255981],[-23.172301888588827,65.52168087737982]]]}},{"type":"Feature","properties":{"fillColor":"#fff9b9"},"geometry":{"type":"Polygon","coordinates":[[[18.64995750948232,42.37272853628525],[19.128623533161527,42.37272853628525],[19.951370825309937,41.70189057137969],[20.096465399699824,41.53315507541571],[20.096465399699824,39.664111563588804],[20.057775516145114,39.68180084696252],[20.01002884341881,39.691200262254654],[19.985414505479582,39.69475172717614],[19.983608227029038,39.7652740550904],[19.98777769655669,39.86721802445254],[19.93749617125968,39.93749238397095],[19.857290261304684,40.043468462693795],[19.841110217012044,40.05138397780752],[19.825553907118262,40.054718020322866],[19.754997239162435,40.08297728074916],[19.503053683480914,40.19749450601063],[19.451387406648962,40.22673034766791],[19.40110777837816,40.27999879844094],[19.289789209920798,40.42145158585845],[19.318885794385267,40.43888854536408],[19.341804500818057,40.43138503332108],[19.391664499199464,40.387912747273674],[19.402915953854517,40.36999510461379],[19.40680311494458,40.350135797792575],[19.432870845787477,40.32719421090371],[19.46397398044502,40.337306985393525],[19.479442601280766,40.35485838589483],[19.487638489091182,40.438743597093264],[19.453607546481464,40.56388474855896],[19.307209018762933,40.64530943963325],[19.356107728265613,40.69617462949458],[19.404998772234876,40.81971740107116],[19.413330084471397,40.86638640818205],[19.4524192726372,40.88384245409179],[19.470621120760313,40.8831901481588],[19.521663663193408,40.90985490017766],[19.523262043082468,40.93659208761699],[19.508607865828765,40.97277448997568],[19.461109161498484,41.00694275403754],[19.43621445086228,41.02106475743193],[19.45055387666281,41.05999757645645],[19.5137481867946,41.2540207090866],[19.510135668608484,41.276103988507145],[19.498607635308645,41.29388427100008],[19.475137707327292,41.30902482248587],[19.45222089792054,41.30971526251261],[19.442497246045207,41.40694427059111],[19.51999664193562,41.56999969298994],[19.56666564904674,41.58499909025693],[19.584720613158424,41.605827312775716],[19.586940752990756,41.63861082530258],[19.57082938878142,41.685268411542665],[19.581941586243715,41.69569016897822],[19.599164956109803,41.779720289732666],[19.597705833413556,41.80610656608087],[19.52475740284649,41.835243220379766],[19.479442601280766,41.85221862185023],[19.440414427664848,41.86096952526134],[19.416248329863947,41.861244206880144],[19.3677711472767,41.84899902033061],[19.29944228468662,41.89472199220023],[19.278888705071836,41.903327947340756],[19.232358916438898,41.91173173371243],[19.176109308697505,41.931522360450344],[19.152776702167955,41.948886884535284],[19.13798330643624,41.982772840159555],[19.14596939865936,42.01958083522834],[19.138610834887174,42.04332734185465],[19.07860945176685,42.11166383126334],[19.05006788290291,42.13700867906374],[18.879371627009505,42.27943800899743],[18.847358694178297,42.28693772698841],[18.81083296883213,42.28472138120787],[18.64995750948232,42.37272853628525]]]}},{"type":"Feature","properties":{"fillColor":"#bde7d1"},"geometry":{"type":"Polygon","coordinates":[[[49.23998907302743,46.28966819157336],[49.23998907302743,46.31810160357552],[49.2572170294418,46.29027623229125],[49.25721742612285,46.29027559160006],[49.23998907302743,46.28966819157336]]]}},{"type":"Feature","properties":{"fillColor":"#fff9b9"},"geometry":{"type":"Polygon","coordinates":[[[-0.204545319966243,54.05261411021584],[-0.204545319966243,54.15544721567078],[-0.200528666493881,54.15171051002727],[-0.161111101359097,54.088050841792324],[-0.173888861876321,54.0816650405294],[-0.204545319966243,54.05261411021584]]]}},{"type":"Feature","properties":{"fillColor":"#fff9b9"},"geometry":{"type":"Polygon","coordinates":[[[10.426809282651,55.441396082448065],[10.473749160910899,55.43763351428246],[10.603887557749664,55.48610305776373],[10.603887557749676,55.48610305776377],[10.603887557749715,55.486103057763785],[10.614166259543254,55.51943969717166],[10.614166259543257,55.51943969717171],[10.614166259543262,55.51943969717173],[10.614401467442796,55.52257723845478],[10.617498397768884,55.56388854971573],[10.616600178700073,55.592610413472265],[10.616040229836337,55.61051559444011],[10.660276412817161,55.587635040041825],[10.74534606942751,55.49166107199856],[10.83145713803776,55.299369811821215],[10.813748359905878,55.19583129862396],[10.783331871173736,55.12409210205992],[10.73919712625308,55.07053228931115],[10.734860420025655,55.06526947032569],[10.705785660897199,55.06329149200175],[10.665554046556348,55.06055450419901],[10.617729670943444,55.04962260573644],[10.529443740789077,55.029441833656335],[10.521184188805412,55.02875491607107],[10.519444465396239,55.02861022945787],[10.497776031732636,55.02888488747581],[10.152776718255343,55.08444213886773],[9.896804809776029,55.28277206428851],[9.81575020325458,55.427858982556806],[9.810832977318686,55.43666076678705],[9.874027252134372,55.50791168219794],[10.21249961869237,55.598884582709594],[10.294303893914805,55.61582946757557],[10.308550640610159,55.61501090225581],[10.318470954984434,55.61444091771955],[10.331185066023753,55.61031465650077],[10.402359962396222,55.58721542339317],[10.462244569191554,55.547427797762225],[10.484722137371078,55.53249359153324],[10.484486043570678,55.53212190386201],[10.473609924235063,55.51499938958591],[10.454832275892235,55.48866789575847],[10.448748588498965,55.480136871312894],[10.441082624914024,55.475038376478324],[10.423471450924989,55.46332550064496],[10.424207667459493,55.45407829703095],[10.425207138114217,55.44152450583249],[10.426809282651,55.441396082448065]]]}},{"type":"Feature","properties":{"fillColor":"#fff9b9"},"geometry":{"type":"Polygon","coordinates":[[[32.48109818634604,45.39402009293012],[32.493881237832696,45.421932236317076],[32.52874373597308,45.45748521319898],[32.57387541645956,45.482490532064055],[32.59887075556935,45.494827877699564],[32.59887075556935,45.31743970701398],[32.596376168240724,45.31764727941296],[32.569847101150756,45.319854739554884],[32.50971985616397,45.339706419557494],[32.48109818634604,45.39402009293012]]]}},{"type":"Feature","properties":{"fillColor":"#fff9b9"},"geometry":{"type":"Polygon","coordinates":[[[10.659166343881566,59.36388397831223],[12.147873591588507,58.94705948262498],[12.874027256254891,58.74481564873781],[12.874027256254891,57.351524356102146],[12.127549812089653,57.351524356102146],[12.124187361298262,57.35931485602538],[12.094999329677648,57.42694093361223],[12.04763794679917,57.45728684518565],[12.009581553777025,57.42551804798353],[12.00958155377701,57.42551804798349],[12.009581553777007,57.42551804798348],[11.987949397159259,57.351524356102146],[11.976959021655164,57.351524356102146],[11.94277762907052,57.37610625102565],[11.917776104257257,57.402221678521755],[11.902776706990267,57.4243049579423],[11.906665803821113,57.51499940839017],[11.911111813278637,57.52664947078961],[11.914582248090312,57.531524672696094],[11.922222152429697,57.56388855533339],[11.900507983553853,57.64583936092658],[11.887777309723099,57.693885822301354],[11.887777309723049,57.693885822301354],[11.74597167547364,57.68874739836167],[11.701873796715972,57.69992448185525],[11.72305490478169,57.80722046479656],[11.749304788833342,57.89471815546631],[11.798679342138257,58.03909302104313],[11.880485529008354,58.20207976335848],[11.823611074347161,58.282286739969166],[11.798053749428185,58.318328857194224],[11.793934226099884,58.31894363433179],[11.729165070600516,58.328609460411144],[11.644028669171437,58.286595711324466],[11.62277602093629,58.27610779528163],[11.616575033998771,58.271217744166776],[11.60110950650892,58.25902174686746],[11.528610245235939,58.23075865367434],[11.495277408186269,58.23610687320149],[11.405553809176581,58.26110839801464],[11.309105350146094,58.31061316480616],[11.238332750017108,58.34693910614148],[11.21931416780099,58.37396373033547],[11.201387394781534,58.399436938504095],[11.235553723102555,58.50527190172312],[11.249999033924553,58.655273423783115],[11.235120132228602,58.80918220811917],[11.232221616327902,58.83916473423403],[11.199387299016045,58.90674891113437],[11.194166191176123,58.917495724369985],[11.194166191176118,58.917495724369985],[11.194166191176105,58.91749572437001],[11.190185304671791,58.91850074932008],[11.166666012145129,58.9244384910196],[11.11944295730385,58.9412460250483],[11.113332752770237,59.00360870221964],[11.121877648341796,59.01856167396065],[11.12333201541992,59.021106714989855],[11.1694431420338,59.066520703913795],[11.195415479570272,59.07721710425329],[11.265554414662745,59.093887316830035],[11.2995120587619,59.09787023332674],[11.319998750538817,59.10027313213804],[11.321507880685553,59.099518715745546],[11.344165816210115,59.088191980263574],[11.429191604599744,58.98764038925511],[11.429191604599758,58.98764038925514],[11.42919160459985,58.987640389255034],[11.431583224332314,58.99264126002038],[11.432776441692464,58.99513627447929],[11.432776441692425,58.995136274479364],[11.432776441692454,58.99513627447942],[11.385831823807337,59.076110828389176],[11.354928960892323,59.10672758881475],[11.298332197396633,59.113883983818255],[11.232363687695988,59.10906285417147],[11.203332891709913,59.106941217168725],[11.173975276082306,59.108991633491776],[11.064165130156198,59.11666107499218],[10.900276177771389,59.14249419405064],[10.826948315654219,59.17380942931763],[10.797498717137717,59.186386109987666],[10.788731944576103,59.19545029013652],[10.764720934403783,59.2202758596639],[10.659166343881566,59.36388397831223]]]}},{"type":"Feature","properties":{"fillColor":"#bde7d1"},"geometry":{"type":"Polygon","coordinates":[[[7.904684606250441,60.59881669656454],[8.229943118194683,60.827444254332704],[8.653769505692424,61.06735734806398],[9.101890658563718,61.373294299090446],[10.093509505129191,62.394262103919345],[10.558976732832264,62.65895420040613],[11.022860381767487,62.946273572679786],[11.656737151990853,63.27853672528852],[12.09014414966704,63.52813635284765],[12.09014414966704,62.03238935615204],[11.846438904792478,61.836645704073305],[11.455975571020929,61.532435428517545],[11.501532705267664,61.245275161493225],[11.814782932578055,60.81154627840942],[12.09014414966704,60.568625947159276],[12.09014414966704,58.9632232015511],[10.659166343881566,59.36388397831223],[10.662081724377686,59.43558501751096],[10.691463482176175,59.479263305093866],[10.673887265477731,59.4952774176856],[10.65763854110179,59.51360702470123],[10.559582700700005,59.72478867988109],[10.58444403916485,59.78999329554307],[10.600555403374017,59.81138609622212],[10.639443390641702,59.85457990659887],[10.664582236906824,59.845970157406555],[10.696249020569098,59.79652405912174],[10.7386455380273,59.80377197595021],[10.760784140919668,59.83657074211442],[10.741179461442528,59.89034271778297],[10.688610084100105,59.903049462367505],[10.670558914040441,59.88716125035711],[10.532498357506483,59.875968951940706],[10.499027269849478,59.86582946422777],[10.47326279215946,59.84408950779465],[10.482082375653931,59.799720780185226],[10.49250030032266,59.780288691357214],[10.49166487331047,59.763053900620264],[10.492637621774634,59.73249815474452],[10.52284621189608,59.677913671234876],[10.555574400950945,59.66689299559738],[10.576073663679153,59.64943311692082],[10.592294706961752,59.631000528494894],[10.595981596309173,59.59487151386725],[10.589304916589526,59.562217695973686],[10.558053968764796,59.543052661945865],[10.513053879937445,59.52499390378233],[10.47874926229423,59.51568984308159],[10.45883846476778,59.52408600263465],[10.438930493422731,59.536621085725415],[10.426040666473796,59.57312009784869],[10.413331986148478,59.667079910728546],[10.377637855047851,59.70082854490079],[10.278332726252017,59.73499680896248],[10.230901734134648,59.729091638093905],[10.26604081091972,59.69464493707625],[10.30550955914066,59.68526456947359],[10.32388783067995,59.68152235665411],[10.380970968407553,59.654090896421394],[10.479166027287192,59.41971968595669],[10.488455395935546,59.390861565995124],[9.692226142651577,59.51669031192233],[9.084779302190498,59.710564283892666],[8.342263549351685,60.01261065065796],[8.169098141383984,60.12098426990019],[7.904684606250441,60.59881669656454]]]}},{"type":"Feature","properties":{"fillColor":"#fff9b9"},"geometry":{"type":"Polygon","coordinates":[[[-3.864731605460078,42.37272853628525],[-3.864731605460078,43.48248072794018],[-3.810277939313266,43.49249266494536],[-3.585556048277397,43.51027678020506],[-3.549861413884116,43.50693894363775],[-3.224722388395413,43.3969421377099],[-3.150592807510066,43.353561412202055],[-3.02222253068021,43.35749816697114],[-3.002500042018255,43.38333128602983],[-2.934583647076863,43.43569183565518],[-2.856389049237293,43.43277742302945],[-2.807777874672126,43.43027497475953],[-2.735555656621557,43.42638398090264],[-2.565278062747154,43.39027405267922],[-2.51055598678164,43.37763594946318],[-2.487638945086019,43.35888291850614],[-2.458472480378703,43.3379135030537],[-2.350972431642901,43.30513761734585],[-2.295555579591394,43.29610444421206],[-2.163333643157671,43.291107174491],[-2.121944911071978,43.296661395553485],[-1.97472237721189,43.33249664215805],[-1.839166862840557,43.380554194855904],[-1.786041734316029,43.39041137413125],[-1.780876635868026,43.359924308338975],[-1.730000025135894,43.37888337954632],[-1.666944507619178,43.38527678295816],[-1.590138919944309,43.43763349981691],[-1.530000099227493,43.512496958752195],[-1.486666683224712,43.570549012177366],[-1.443888902259459,43.64054869007697],[-1.442500124383571,43.66555021489012],[-1.440277816521586,43.69138337266355],[-1.424722435783394,43.78472138688517],[-1.344444516270869,44.06180189180577],[-1.328958512482757,44.091037733463054],[-1.305000080954358,44.19554899841182],[-1.264166829047156,44.393325803446885],[-1.258611214251289,44.45221711665101],[-1.231816767599128,44.52802277806097],[-1.222266906532468,44.55672454883296],[-1.207166773314327,44.59735869044192],[-1.151389021749083,44.65708159789148],[-1.126111266724479,44.65110778565423],[-1.09000013834185,44.653743761324165],[-1.040625081744224,44.674926766415865],[-1.059861196174097,44.71083069310379],[-1.127777823404415,44.759304042924384],[-1.17013895552094,44.77388381030198],[-1.221444603842713,44.73016355585855],[-1.231027837080774,44.71153642548279],[-1.247500178233395,44.757774343118626],[-1.237288919950285,44.82256237500596],[0.128801228733239,44.82256237500596],[0.128801228733239,42.37272853628525],[-3.864731605460078,42.37272853628525]]]}},{"type":"Feature","properties":{"fillColor":"#fff9b9"},"geometry":{"type":"Polygon","coordinates":[[[8.14888763381498,40.74416351328239],[8.182391982872417,40.87433593020249],[8.19249916097876,40.91360473677099],[8.228054047172023,40.93839645403445],[8.23099082239109,40.91818713439933],[8.23222160296813,40.909717559363095],[8.284443854956844,40.85999679607455],[8.307082176058183,40.847358704039024],[8.356388092020751,40.836105346219185],[8.457498550387362,40.8219375613573],[8.479999542727118,40.82027435286771],[8.505277633347331,40.823608398478534],[8.543054580692305,40.831382750859404],[8.579721451344765,40.83999633794291],[8.604304313815911,40.848606109493126],[8.665846466962588,40.872715352321464],[8.782637596227119,40.9184684752081],[8.798919393945123,40.92787765897863],[8.810276031252572,40.934440612854516],[8.847178116238634,40.9643081603868],[8.849998474459483,40.966590881898355],[8.860244739036608,40.98093140607199],[8.873471260238036,40.99944305444821],[9.012638092280657,41.121940612928775],[9.12855325904738,41.21145729619626],[9.164512634622932,41.239227294926195],[9.23305511436106,41.254714965764975],[9.431765542103772,41.17810625802945],[9.51333236654159,41.14665985088686],[9.51646199728384,41.14482119135626],[9.562498092701274,41.11777496368189],[9.623601392121891,41.007697930586765],[9.63388824469348,40.98916626009259],[9.628330644297199,40.971248170949146],[9.61277770986936,40.9211044316287],[9.659166336531191,40.85249328568356],[9.75027656583197,40.666244506596705],[9.742498397917814,40.6386108403791],[9.742536069577518,40.63744559974332],[9.742776870974277,40.629997253295535],[9.750276565831982,40.59749603310742],[9.8049297337647,40.54055404680015],[9.824165344265678,40.52721786557435],[9.809444427606707,40.4683303834052],[9.80648263485084,40.45998362498494],[9.800277709943618,40.442497253221276],[9.783425136204919,40.41789411303553],[9.761318206600833,40.38562011758779],[9.734860419806466,40.37291336056268],[9.705554008700972,40.35402298034103],[9.657220840669368,40.308326720787136],[9.640702657225159,40.287058647179556],[9.636943817247884,40.28221893307991],[9.623332024006848,40.25187301682058],[9.626666069617668,40.19318771408675],[9.655154281774065,40.14212293277362],[9.656805038851303,40.13916397035479],[9.662478629033876,40.13411643606022],[9.698332786899714,40.10221862786336],[9.707227621673233,40.066312789917035],[8.43310455354645,40.066312789917035],[8.456248779667668,40.1231884514821],[8.46444320689881,40.14332580528587],[8.463974322788543,40.15739619366491],[8.461666107400902,40.226661682205815],[8.460893132739093,40.24313765371301],[8.457221985097554,40.32138824448966],[8.423536607933105,40.38553509441144],[8.367221832489292,40.49277496384025],[8.301804542352272,40.58749389627508],[8.19597053535125,40.6159706115111],[8.178333282666074,40.63638305714494],[8.149721145217597,40.721382141337074],[8.14888763381498,40.74416351328239]]]}},{"type":"Feature","properties":{"fillColor":"#bde7d1"},"geometry":{"type":"Polygon","coordinates":[[[44.579232040246694,67.06978464640513],[44.579232040246694,68.55886435766247],[44.80304719513781,68.57402036752622],[44.88352087103811,68.57878543156673],[44.884994497511855,68.57887268897656],[44.943603502278506,68.57943726713677],[45.139991761726634,68.57777403993106],[45.264160164728054,68.57443237059698],[45.285827647025826,68.57304382501005],[45.403045656559044,68.56109620053562],[45.50086849436113,68.54648009054651],[45.505271895644,68.54582216036454],[45.507033577580096,68.54554061808993],[45.88874972808223,68.48453685170831],[45.88874972808223,67.78346336734698],[45.621376041208975,67.76914979804587],[45.55188323526416,67.7623377448832],[45.536384592861054,67.76081848580937],[45.52789092385755,67.7598056244008],[45.50388335005704,67.7569427455901],[45.4569397000422,67.74971008239925],[45.426101684443836,67.74470518585935],[45.38249207694429,67.73553465255878],[45.322490693823966,67.71762846948457],[44.94804382065803,67.47817992705967],[44.93166350462275,67.45721434437405],[44.93080289623941,67.45515833664241],[44.9216613770767,67.4333190954251],[44.914729319622246,67.3797595452117],[44.912906640898825,67.36567687881],[44.912906640898846,67.36567687880998],[44.91290664089884,67.3656768788099],[44.927352919591215,67.3470687961235],[44.992496481988496,67.32101442189207],[45.12526704607832,67.2802734273912],[45.155799152913936,67.27258233331997],[45.16388321662362,67.2705459427491],[45.250861955441856,67.25132821670202],[45.37137604671524,67.22470094177976],[45.40749360175735,67.21775817513029],[45.46554565518248,67.20860289546718],[45.542911523672984,67.19261932886519],[45.57860565477364,67.1822051982484],[45.60707854355408,67.16797638067689],[45.634990686941094,67.13484954516275],[45.63725649772906,67.11284898472381],[45.63790893233369,67.10651397783431],[45.64186203384839,67.09576496622998],[45.650268559878924,67.07290649788081],[45.81499479758722,66.90110017207105],[45.841659549606064,66.8872070119534],[45.88874972808223,66.8719226384529],[45.88874972808223,66.77394103707229],[45.13701657136289,66.95499392181512],[44.579232040246694,67.06978464640513]]]}},{"type":"Feature","properties":{"fillColor":"#fff9b9"},"geometry":{"type":"Polygon","coordinates":[[[5.073610322366562,62.15305328429275],[5.080138221048969,62.17666243075212],[5.158471572788642,62.21249388330472],[5.193888660666744,62.20166016151319],[5.247776974357066,62.17166136697904],[5.446665746334247,62.057495130238635],[5.467082972367507,62.03812026190849],[5.462722793656951,62.00937652427592],[5.46888828294766,62.00680160187068],[5.496397017953086,62.025260942234524],[5.548333175766629,62.078330979576094],[5.511110312730636,62.089996334327736],[5.463054657058819,62.09583282511301],[5.422499648533517,62.10472108869095],[5.387221817848058,62.12096787732628],[5.421041493707492,62.17811965642255],[5.45555497778264,62.18416594279512],[5.851943976150267,62.198188797545924],[5.886249522949129,62.19360732494761],[5.914443974773747,62.17930220047401],[5.923680323261351,62.1600646923107],[5.919999124991762,62.11360931355392],[5.950277324352328,62.10666654690448],[6.268263323026417,62.07312012021572],[6.123055469470671,62.09666441935855],[6.092568868256308,62.10381698159529],[5.920138343469773,62.20672990536974],[5.94916582198789,62.25402450519073],[5.976943973397169,62.27249909919186],[6.016388408713567,62.295688615761776],[6.051666278113885,62.306663530486844],[6.292429924120029,62.370067597491015],[6.404947035526554,62.38852894214498],[6.404947035526554,61.83027722522909],[6.383610710085179,61.831939709216385],[5.942944041354963,61.869522078032844],[5.879589568029871,61.90617370396018],[5.83427716678284,61.91188429416411],[5.782221806051041,61.91527555717744],[5.433610916840053,61.93499754254668],[5.353471751227687,61.92374802363241],[5.310138683658124,61.91366196236572],[5.291471483447765,61.910163885175336],[5.154582979250449,61.8924980049635],[5.103471756733882,61.91423033457778],[5.145832540417189,61.969406109470754],[5.187777526977527,61.956382755121865],[5.220276834040817,61.961387651661596],[5.399096503609485,62.018814073661815],[5.278888703703785,62.07471466733796],[5.206665982360619,62.09666441935855],[5.186388013520173,62.10110473773801],[5.115833281305129,62.103607186007935],[5.095832820265116,62.1101379495866],[5.073610322366562,62.15305328429275]]]}},{"type":"Feature","properties":{"fillColor":"#fff9b9"},"geometry":{"type":"Polygon","coordinates":[[[6.404947035526554,61.83027722522909],[6.404947035526554,61.86072445551758],[6.530394212361964,61.86072445551758],[6.526457772882452,61.85749435260425],[6.504304884222961,61.830688485081396],[6.422777173023462,61.82888793642388],[6.404947035526554,61.83027722522909]]]}},{"type":"Feature","properties":{"fillColor":"#fff9b9"},"geometry":{"type":"Polygon","coordinates":[[[16.102932565506507,43.47588388140373],[16.102932565506507,44.601252162769896],[16.79233889067831,44.18850623970508],[17.500351762365653,43.66628172716838],[17.763726487532665,43.48561552495505],[19.128623533161527,42.37272853628525],[18.64995750948232,42.37272853628525],[18.647081376613926,42.374301928972955],[18.62562179287761,42.418952926305394],[18.70347024154819,42.39902114534863],[18.70763587830902,42.41985703340089],[18.678609832239033,42.46055222827454],[18.508052833538216,42.4538841432439],[18.50319671803601,42.44943999209761],[18.522775652160647,42.43013380385099],[18.516942994142198,42.39999389381279],[18.35706710342862,42.496559136372866],[18.214721668501056,42.57943725906557],[17.877220150570736,42.76777647599994],[17.742637616952322,42.79708099774069],[17.552497851360272,42.840827926692214],[17.439163208865068,42.87388612083771],[17.364997855489946,42.91527558850498],[17.203746814515853,42.98194122388912],[17.180482849354803,42.97548293444578],[17.145275131201117,42.976661684445446],[17.07166289640054,42.98638154226876],[17.012359618840605,43.006244643142],[17.010622020473534,43.04804990793184],[17.268886582861,43.011940018423275],[17.29888533868035,43.006942748702215],[17.438955310303754,42.95395277359995],[17.52277757121169,42.92027281951101],[17.657358169089093,42.88082884877235],[17.649841300434673,42.889076227287944],[17.578525551083544,42.943824784187484],[17.518886577354806,42.95277022954849],[17.48069383075108,42.98124695109573],[17.47166441295434,42.99055480584826],[17.470554343038145,43.017776470493686],[17.45499803314442,43.03333281910227],[17.326526633215394,43.116386397340534],[17.251663212994913,43.15415955276967],[17.222499845472896,43.161384589141846],[17.17784501537386,43.173885332190935],[17.131385803850264,43.19888306295218],[17.068193429459257,43.24097059746464],[17.04499818309671,43.272495259037726],[16.939998608175074,43.36471557652453],[16.881664285027284,43.40360642868865],[16.860832229741632,43.4052734499463],[16.838054638812935,43.40527344994638],[16.81361006534121,43.40694426525596],[16.76416396705656,43.411384583635424],[16.736385351069544,43.416107171737906],[16.637777321248734,43.441108696551],[16.618888865865472,43.44888305744581],[16.49916457529565,43.503051743832884],[16.469232563818935,43.5335388096251],[16.430553442982955,43.54568864158307],[16.354026795556706,43.55082702680795],[16.310276033838363,43.54305266591314],[16.190551743268486,43.51166532579202],[16.17027663932447,43.49193954637076],[16.102932565506507,43.47588388140373]]]}},{"type":"Feature","properties":{"fillColor":"#fff9b9"},"geometry":{"type":"Polygon","coordinates":[[[3.444235816249773,51.52936935747147],[3.457430135225877,51.548885341305436],[3.485555171385442,51.563331619997825],[3.517360941236689,51.577217114581856],[3.571180110265971,51.596664418332466],[3.834999784156651,51.6066665458784],[3.870833172450091,51.60027314246656],[3.899305325649095,51.56853864659138],[3.929722085335698,51.547843951472544],[4.103471740044142,51.44749449051784],[4.122334062926555,51.439668072753676],[4.122334062926555,51.41640470711318],[4.056110395880694,51.4258270082201],[3.92694425858042,51.42985536224376],[3.90319419019113,51.39749527365848],[3.826388602516204,51.38985823421547],[3.573055262373828,51.44444275644014],[3.538471936770804,51.45624543264381],[3.444235816249773,51.52936935747147]]]}},{"type":"Feature","properties":{"fillColor":"#bde7d1"},"geometry":{"type":"Polygon","coordinates":[[[37.73748396345231,46.667106639273186],[37.76281718754289,46.65932122015486],[37.77693176695791,46.654983520538096],[37.79232202521537,46.645079325849856],[37.80540848850494,46.636657707574614],[37.845542899270356,46.62318421606126],[37.87360382369485,46.6213684137661],[37.97034570116627,46.61946706063824],[38.000541691051524,46.61887359231485],[38.005553554690536,46.61923800963302],[38.02540968846449,46.62068176779137],[38.054714210205205,46.63109969246012],[38.07439526309703,46.64738348606366],[38.099708569239866,46.66832731741834],[38.10891591768024,46.67368627483552],[38.121658321260185,46.68110274208636],[38.26752091978234,46.724185944234144],[38.26753094477874,46.72417733557222],[38.29068755589607,46.7042922973711],[38.30228043651246,46.67901612965401],[38.38777161570397,46.65277100752467],[38.38777161570407,46.652771007524656],[38.38777161570408,46.65277100752465],[38.45749281793305,46.64068602288318],[38.54181973291707,46.651619341622656],[38.584949502537185,46.65721128718943],[38.58494950253717,46.657211287189575],[38.58494950253723,46.65721128718958],[38.581653594115544,46.695957191082876],[38.55817793634157,46.71235276075535],[38.55817793634137,46.71235276075542],[38.55817793634128,46.712352760755486],[38.49858925094793,46.73349742815184],[38.48304366726884,46.739013680007496],[38.48304366726881,46.739013680007496],[38.483043667268674,46.739013680007545],[38.46488200878527,46.74013193641789],[38.41749572861932,46.743049622135196],[38.409449215799285,46.74021889688872],[38.39339064536833,46.73456956757602],[38.38490958904374,46.71366212107354],[38.38391112912208,46.711200723978976],[38.366310134941614,46.74513244051554],[38.40341816529715,46.81408785368925],[38.41033170679707,46.826934833333596],[38.466518402962855,46.858600610410555],[38.48108664981553,46.85966163790598],[38.490402231040875,46.860340105803665],[38.6738357387939,46.86119078645335],[38.70062611282582,46.86149403067167],[38.702484121835,46.86151506175129],[38.77748869627429,46.88192748714734],[38.800376895432066,46.88928984497154],[38.82230197312756,46.89863064837691],[38.91414642145405,46.9377594007401],[38.98998259013885,46.97721099829756],[38.99877195315691,46.9830669952223],[39.01499174177091,46.99387358405552],[39.029541879835854,47.00199541444888],[39.07470702240154,47.02720642110507],[39.18359375841318,47.0202636544556],[39.2470203600502,47.01026633235334],[39.25978087690429,47.008255015431224],[39.27957154235715,47.01721192037759],[39.2999878005199,47.07693482782717],[39.28528879729745,47.17836095805271],[39.28480198878718,47.18172003639364],[40.50948776185298,47.18172003639364],[40.50948776185298,45.56252767445788],[39.11837822708857,45.56252767445788],[38.45394135301163,46.02637864293661],[38.547977434078604,46.02686308142792],[38.54797743407861,46.026863081427926],[38.54797743407864,46.026863081427926],[38.55027878833479,46.02895399569738],[38.566165925590326,46.04338838444874],[38.56616592559035,46.04338838444893],[38.56616592559036,46.043388384448946],[38.566512891552556,46.04692157393785],[38.5708541736509,46.091129288667354],[38.57085417365072,46.091129288667474],[38.57085417365074,46.09112928866764],[38.51499175278336,46.1291503737774],[38.42470551135406,46.167495734185586],[38.267765055411296,46.272346489354995],[38.16291323161096,46.347096943186074],[38.16081239545747,46.34859466111035],[38.153708947628,46.35261056493201],[38.08734510892777,46.39012907704825],[38.06693268353164,46.396514892356464],[38.0012001667397,46.39395102110493],[37.98321533977487,46.39324952992425],[38.004402177633295,46.367519392275966],[37.993392961581364,46.3456802484845],[37.89776612744379,46.40720749864373],[37.82401657119154,46.47998047366501],[37.73748396345231,46.667106639273186]]]}},{"type":"Feature","properties":{"fillColor":"#fff9b9"},"geometry":{"type":"Polygon","coordinates":[[[-5.81708383700817,57.81943893632837],[-5.801389217516146,57.853885651415624],[-5.611111639675357,57.92360687435854],[-5.338611603841343,57.92082977190938],[-5.217500686380845,57.90083312889044],[-5.127500533818818,57.86943817336413],[-5.262778282503973,57.97110748303078],[-5.398056031189242,58.0311050415761],[-5.416944503326533,58.042770386166126],[-5.452847478558112,58.0741615291779],[-5.397639276533823,58.25054931851446],[-5.389444827309603,58.260272978452974],[-5.368611812249583,58.25916290354348],[-5.203611374998331,58.25083160511457],[-5.071666718230745,58.264717103982605],[-5.075555799617007,58.26721954486061],[-5.08222293769569,58.268882750967464],[-5.126389504666008,58.28749847447972],[-5.16472244286831,58.32527160623994],[-5.174722672864675,58.34999847390321],[-5.168889044096602,58.364997864654185],[-5.109444616748817,58.50833130041309],[-5.001528263510693,58.62416076605973],[-4.770139218112433,58.60263443074564],[-4.701666832229648,58.55860900707523],[-4.676667211482197,58.52443694910016],[-4.277222633878807,58.53360748230017],[-4.112524448764034,58.54374156178469],[-4.112524448764034,57.851454671820406],[-4.120000840980822,57.850830079340085],[-4.243056296904797,57.870277403676255],[-4.36250066840654,57.897773744300366],[-4.37805557150449,57.90361023133943],[-4.391666890382339,57.901386260087804],[-4.349861620990055,57.86041259597857],[-4.297500609254541,57.84638214129609],[-4.283333778029885,57.844161987018026],[-4.149723052425202,57.82527160639387],[-4.112524448764034,57.8214689204587],[-4.112524448764034,57.72021852069119],[-4.296667099943818,57.67443847748899],[-4.416389463950168,57.60166168247048],[-4.431528089514586,57.572772980336936],[-4.414722440869696,57.5727767928513],[-4.378334045590066,57.58972168076866],[-4.343611719147532,57.607772826621556],[-4.330278397233485,57.61888885698778],[-4.312500000005684,57.628051756240666],[-4.259445190894382,57.655273435293964],[-4.249444960898018,57.65943908673785],[-4.227778436527274,57.66499328717697],[-4.191389082545186,57.67138671792799],[-4.112524448764034,57.65391674254118],[-4.112524448764034,57.572393417206314],[-5.707653027292951,57.572393417206314],[-5.789028167063577,57.659523011106785],[-5.81708383700817,57.81943893632837]]]}},{"type":"Feature","properties":{"fillColor":"#fadfa4"},"geometry":{"type":"Polygon","coordinates":[[[21.174163806433796,37.82611083184344],[21.184164036953916,37.92902375561772],[21.286093937439887,38.03211446354598],[21.367221817418557,38.11416625148884],[21.416978120299277,38.12794460610378],[21.766581617484235,38.018513547898806],[22.201621453958523,37.90667383747683],[22.347775459513358,37.87841261218318],[22.347775459513358,36.71571717295773],[22.296943680538106,36.81499482363938],[22.167190206715407,36.99778942061544],[22.152463897810033,37.01853560660953],[22.15246389781002,37.01853560660954],[22.15246389780998,37.01853560660959],[22.13473043215474,37.02309275223903],[22.120830525033906,37.02666475007732],[22.092210254209576,37.02820691286003],[22.05902673494478,37.029994959825956],[22.02916336483662,37.02471925314893],[22.029163364836567,37.02471925314891],[22.029163364836553,37.02471925314891],[22.02796081474334,37.02429595234746],[21.979442584932997,37.00721740761202],[21.945552835256933,36.99263764023442],[21.945552835256883,36.99263764023436],[21.945552835256823,36.992637640234335],[21.929719908003495,36.9740219307292],[21.924232469998376,36.85666276697722],[21.932506171120846,36.830587224009555],[21.93798254015644,36.81332780238165],[21.94926675672788,36.80604853973472],[21.961666096492053,36.79804992944385],[21.956501668120275,36.79021234307061],[21.93805311726587,36.76221464412443],[21.93342459273754,36.75936936655604],[21.87513542449375,36.723537459029444],[21.704638640397352,36.81610583887074],[21.70360757435475,36.81666563894896],[21.581109986662966,37.06388474821699],[21.565343842467087,37.15506363715616],[21.572558576559967,37.17447230824067],[21.583053586565367,37.20270539273127],[21.604999544533886,37.22415924667493],[21.62273685001753,37.23137624985393],[21.630275712250977,37.23444368265842],[21.672359452711646,37.27096557523777],[21.695831316433953,37.316661833884496],[21.681388870508215,37.37638853538607],[21.659721388210414,37.42388154863852],[21.649719221949624,37.44194030680217],[21.604721068863114,37.50471494832959],[21.576387398560712,37.53444289401182],[21.285276412070516,37.78388593716397],[21.21791456815197,37.81541059873712],[21.174163806433796,37.82611083184344]]]}},{"type":"Feature","properties":{"fillColor":"#bde7d1"},"geometry":{"type":"Polygon","coordinates":[[[16.460870639215557,68.38530497969276],[16.547496809612255,68.39637755093128],[16.589443189906092,68.39942932372401],[16.706386556535392,68.40083312294826],[17.132637027985254,68.36749265908014],[17.202499384432713,68.36957551617525],[17.25235938281429,68.40110017774839],[17.402496329300277,68.41831971484788],[17.489166258491423,68.4222107087046],[17.570831291142724,68.42443847535571],[17.57194136105892,68.4502715944144],[17.548192996121372,68.52568817192451],[17.525415405192803,68.52610017499524],[17.35305406378228,68.49610900727976],[17.32312201359059,68.48645020272107],[17.296110144532634,68.46582794302299],[17.261943816211613,68.45111085419342],[17.22555541231742,68.44499205497056],[17.183608993308837,68.44194032089285],[17.113887791080003,68.43721006725696],[17.05666349913355,68.43415833317908],[16.527221666953437,68.43388365156028],[16.50472069338406,68.43595884312197],[16.46701048824582,68.51172637043817],[16.539581294498475,68.53846739064431],[16.576683057590515,68.53088377764738],[16.567358013459682,68.57102964799827],[16.566316623626847,68.60283661800884],[16.62458230540608,68.63874054469693],[16.7711105277578,68.66777038481888],[16.84277726562999,68.68110655488016],[16.972913751075907,68.70152281304297],[17.257499703780127,68.72055052561882],[17.32932664356025,68.77013398407047],[17.491386398323755,68.83637998956516],[17.646663665775577,68.87471009633589],[17.715274798088274,68.88999939014428],[17.73464966641825,68.88249208404949],[17.754720704567774,68.86985777488542],[17.819858537172138,68.86332701130681],[17.844373687753148,68.87249754460737],[17.718608840603565,68.92860413981896],[17.685832993610347,68.92915342562674],[17.628608701663723,68.92555236702628],[17.57277678807111,68.92109679500913],[17.518608101684038,68.91554261266151],[17.49444200388308,68.91137693718582],[17.467636097645652,68.90151975791053],[17.431873325176355,68.89839171693052],[17.48777771290446,68.98999023575925],[17.6364555366942,69.10367582806055],[17.687496182101256,69.11332704451519],[17.716388700771063,69.1152648759101],[17.90388869664139,69.12693785748064],[18.117496493189208,69.1447143459215],[18.14791487889795,69.15013120681738],[18.020275111929323,69.22694395673307],[18.08124924351381,69.31748962614364],[18.17361067650461,69.43222044104448],[18.20444106528413,69.46276856010138],[18.25694273041347,69.48637391250872],[18.27694319145371,69.48887636077865],[18.301527022118023,69.48401641250956],[18.34930420211913,69.46304320300533],[18.368333464791938,69.45150050221228],[18.368333464791938,67.35784339071243],[16.569860161130823,67.35784339071243],[16.58221109017262,67.3918879324682],[16.721803647951084,68.14068605263779],[16.76832960381728,68.13165284078912],[16.8000659967185,68.13033293657088],[16.73332978422485,68.17193603259221],[16.64590391869723,68.21184037084339],[16.460870639215557,68.38530497969276]]]}},{"type":"Feature","properties":{"fillColor":"#c6d1ed"},"geometry":{"type":"Polygon","coordinates":[[[22.513189315795984,79.39992947037334],[22.513189315795984,80.42882161525185],[22.612216949694016,80.42665100087612],[22.678398131851452,80.41207122669084],[22.65805053586837,80.38456726083047],[22.63277435326097,80.3699798573665],[22.61923217549571,80.34859466496306],[22.69499588170578,80.3283233666051],[22.71693802113157,80.32499694786446],[22.749160766032333,80.3241577126912],[22.83249664506667,80.40789794833597],[22.833885193146045,80.4369201648517],[22.886940000485595,80.49026489445862],[23.25805282456281,80.45304870680752],[23.284721372308013,80.45027160581088],[23.314996720834188,80.44498443824864],[23.35582923981741,80.426513673859],[23.33971786736703,80.34242248655522],[23.301803588618156,80.28068542456617],[23.242492675966673,80.26554870819609],[23.196105954990003,80.25999450620264],[23.16971588317523,80.25776672295001],[23.139717104468957,80.25665283374246],[23.086940763383893,80.25248718466634],[23.047496797317876,80.24497985829208],[23.00416374232026,80.15679168542061],[23.071664809048627,80.12609100339608],[23.1013870227726,80.12081908955338],[23.1527748109404,80.11526489239765],[23.1830520607391,80.11331176801684],[23.22047996692197,80.11748504637177],[23.175827027353307,80.13638305520777],[23.118328095007428,80.15304565635],[23.09027290529309,80.16456604138813],[23.225273132639472,80.18969726769967],[23.24805069018055,80.1924743638586],[23.42943954461373,80.20776367064116],[23.47291183273876,80.20623779070678],[23.492076876005797,80.19094848392433],[23.48286437922843,80.17266845634077],[23.48916244315427,80.15470886330155],[23.548608781550456,80.12983703730441],[23.59666442780906,80.13581848374423],[23.619718550332266,80.14276885825785],[23.751388551555465,80.20721435773504],[23.86666488733988,80.27804565542442],[23.939437867910897,80.30941772365264],[24.189437866059563,80.36331176616568],[24.21305084171554,80.36608886716226],[24.273609163209017,80.36859130928713],[24.3074989321193,80.36886596815896],[24.347774504079837,80.3677520741137],[24.506107329879853,80.34498596290979],[24.52722168046938,80.34136962673972],[24.56027603126472,80.33360290488883],[24.599996567150527,80.31289672796782],[24.551940916054036,80.306640622656],[24.476661681137955,80.29609679980831],[24.467216493778267,80.26401519898297],[24.50055313272412,80.25471496791914],[24.532497406532514,80.25360107387388],[24.77972030852243,80.24664306524346],[24.80999755832096,80.24775695928889],[24.874368667492647,80.25046035643602],[24.874368667492647,79.34290027861498],[24.711105347748628,79.35192871071212],[24.443328859250244,79.31275939868038],[24.26992798058876,79.2607574463184],[24.232494356074994,79.22499084581449],[24.11693954436049,79.1969299329316],[24.059719087944757,79.1869201644327],[23.90916061327448,79.17637634158518],[23.789165498449506,79.17442321720438],[23.75916290268509,79.17414855833238],[23.511665341823345,79.17886352515234],[23.40749740518777,79.18275451535652],[23.31194305485542,79.18775939960597],[23.252220151477104,79.19165038981015],[22.973884581573543,79.21360778779353],[22.926662447319814,79.21914672639161],[22.891662596584524,79.22637939389386],[22.825828553865847,79.24136352468958],[22.779441832889177,79.25305175869744],[22.737216948768207,79.26554870592577],[22.69554901167004,79.2783203120261],[22.6541633627225,79.29692840343267],[22.64291191338799,79.32234954717364],[22.655830381894305,79.35998534999243],[22.614719391818653,79.39776611394478],[22.513189315795984,79.39992947037334]]]}},{"type":"Feature","properties":{"fillColor":"#9cb3ec"},"geometry":{"type":"Polygon","coordinates":[[[48.546154975920984,80.14596447174496],[48.546154975920984,80.53210167145681],[48.74860381991994,80.49470520094127],[48.7877731311537,80.49165344188955],[48.82416534309287,80.49220275878113],[48.89258595470201,80.49762636965552],[49.18617248535161,80.52089858343366],[49.18617248535161,80.38011322150793],[48.902488709453394,80.38275146582919],[48.866661070512805,80.38247680607219],[48.836654663176375,80.37997436653467],[48.800689698291194,80.37317657360751],[48.78022171096835,80.36476867489925],[48.627906798599724,80.30220031706565],[48.627906798599795,80.30220031706557],[48.62790679859978,80.30220031706557],[48.63537479847179,80.29377800603797],[48.64193725562742,80.28637695405384],[48.669990540317976,80.27915954606024],[48.714439393006465,80.27665710390009],[48.84777068971957,80.28166198822038],[48.878823078597264,80.28214166280948],[48.88333129826799,80.28221130248926],[48.91888427745124,80.27998352008626],[48.924605802890014,80.27804125565258],[48.94832611178916,80.26998901279806],[48.99499511751581,80.24914550673627],[49.10728454468098,80.18546295183657],[48.99037478525237,80.14814510515487],[48.98832702641379,80.14749145612888],[48.95915985183307,80.14498901396874],[48.943966140692986,80.1450978856781],[48.920829773355024,80.14526367110324],[48.79804992756385,80.1499938956664],[48.76583099393156,80.15359497160978],[48.546154975920984,80.14596447174496]]]}},{"type":"Feature","properties":{"fillColor":"#fff9b9"},"geometry":{"type":"Polygon","coordinates":[[[26.37971878042356,39.28527069106706],[26.379718780423506,39.28527069106699],[26.37957763655891,39.26860046396317],[26.379577636558963,39.26860046396314],[26.379577636558963,39.26860046396308],[26.38666100188623,39.26449755424409],[26.40499877925301,39.25387573234056],[26.474716186489903,39.219436645437824],[26.528331756758703,39.15415954591235],[26.60666656507597,39.05332183832353],[26.612220764191857,39.044166564927636],[26.61737890235803,39.02790380204623],[26.618610382061775,39.02402114869909],[26.61569023130062,39.013881683329885],[26.521800995024137,38.973320007175516],[26.473568302658272,38.969936978482394],[26.450553894143674,38.96832275376178],[26.411564518013616,38.97011888521428],[26.3902702333545,38.97109985331974],[26.36659867329212,38.97348034006791],[26.3238868713778,38.97777557359623],[26.18749237080443,39.017219543267316],[26.183790281723642,39.0188897251289],[26.136386871475338,39.040275573563804],[26.088468551525693,39.07437133789978],[26.111316681103943,39.09103393564896],[26.130436250849893,39.09502972832592],[26.16749954207114,39.10277557353123],[26.276939392030897,39.15637969976808],[26.286109924136156,39.16776275637437],[26.29131317133067,39.182632446137575],[26.257080078208844,39.203460693223576],[26.237913131536004,39.20429611197767],[26.19916152941579,39.20111083993669],[26.185176948820164,39.19775374018418],[26.172496795484655,39.19470977763321],[26.167194951600134,39.190916535624076],[26.163192748869562,39.188053131144954],[26.163192748869555,39.188053131144926],[26.163192748869484,39.188053131144876],[26.157775878940846,39.16916656486269],[26.154552526640245,39.160997593295775],[26.15360641492657,39.158599853623855],[26.114598463784922,39.11501997658112],[26.110969543458463,39.110965728741995],[26.081108093454404,39.08790969844554],[26.06541252122917,39.08457565318537],[26.045276641693874,39.08943176273448],[25.988105774076246,39.10516357439445],[25.889995574838395,39.141105651798],[25.870896729079,39.15034484548185],[25.86416244498394,39.153602600210114],[25.847651995129162,39.16851089706576],[25.8348560333435,39.18006515503771],[25.85693931569864,39.25277328496816],[25.861377673161787,39.25626085079014],[25.880275726385527,39.2711105345013],[25.90777587907074,39.28694152817369],[25.917812060054178,39.290055549312584],[25.92388153071618,39.291938781587326],[25.92451095568938,39.279300689711995],[25.950271606272807,39.2738876344607],[25.981527328473316,39.271797180036096],[26.173538208019615,39.32721328724416],[26.17353820801975,39.327213287244206],[26.171540866255274,39.34073613553853],[26.170829773055296,39.3455505371788],[26.165412902725198,39.36985778806697],[26.17389129299775,39.37322310313144],[26.17832946765253,39.3749847413132],[26.187203713753213,39.37653069816426],[26.224576950093873,39.38304138201399],[26.3238868713778,39.37443542496565],[26.39611053447548,39.3411026001127],[26.419994354171322,39.32582855214253],[26.416228427588898,39.32344863902349],[26.414718628107266,39.32249450688238],[26.393745422479412,39.304443359354366],[26.393745422479384,39.30444335935433],[26.393745422479288,39.304443359354245],[26.38108771860843,39.2871418586366],[26.37971878042356,39.28527069106707],[26.37971878042356,39.28527069106706]]]}},{"type":"Feature","properties":{"fillColor":"#fff9b9"},"geometry":{"type":"Polygon","coordinates":[[[0.128801228733239,38.677578492458],[0.128801228733239,38.83618958662824],[0.147777760322469,38.828323361546836],[0.198472179131045,38.80374146662314],[0.215277738704117,38.75804137520964],[0.207222192101369,38.732208256151125],[0.164166671046985,38.69748687351472],[0.144166635869851,38.68470765479486],[0.128801228733239,38.677578492458]]]}},{"type":"Feature","properties":{"fillColor":"#bde7d1"},"geometry":{"type":"Polygon","coordinates":[[[23.258749008151597,58.42985534630117],[23.226104736031687,58.43665313687927],[23.206910249364938,58.44520128923121],[23.20207786560029,58.44735336307204],[23.172847649791304,58.44551378404626],[23.142494201330578,58.443603515319126],[23.07694244369719,58.413879394501464],[23.076942443697142,58.41387939450135],[23.07694244369709,58.41387939450133],[23.064163208174058,58.385826110579],[23.047132035807078,58.372387565655856],[23.028610229509525,58.35777282742043],[22.75694274925496,58.240272522129885],[22.685496652588473,58.23365933793984],[22.648883819343133,58.230270385690986],[22.637817512130464,58.23206127482136],[22.58193969737556,58.24110412616744],[22.52055358875009,58.24221801794022],[22.48124504109927,58.24207687407261],[22.3729133606231,58.22137832661474],[22.27666282667974,58.18047332726684],[22.27131652799352,58.15311813386211],[22.27111368849876,58.15171909362319],[22.263332367267445,58.098049163477405],[22.202495574944383,57.98610687229278],[22.099163055100917,57.93054962151422],[22.073329925903693,57.916664123802434],[22.051662444950807,57.909713745362524],[22.037776947239138,57.90832519543858],[22.01624870333052,57.91138076784773],[21.99735641463866,57.91985321049509],[21.990894802951093,57.94145280924617],[21.983188629191677,57.96721267677755],[22.085968017559022,58.07929992700363],[22.106523513562383,58.084571838200425],[22.15110778834759,58.08638000455328],[22.187314345304756,58.135956768194625],[22.194091797025692,58.145236969083555],[22.194091797025685,58.145236969083555],[22.194091797025692,58.14523696908357],[22.180243730637404,58.1488402584806],[22.13846969592862,58.15970993025405],[22.104640859592998,58.166522253625196],[22.073608398464945,58.17277145351225],[22.014967374206886,58.19801080370938],[21.877079010264083,58.257358551292214],[21.84450912486976,58.2891616822039],[21.85605762242945,58.30473671967895],[21.883327483776213,58.34151458712165],[21.955551147288247,58.343048095323354],[21.985720269496113,58.35103825501771],[22.0069427490587,58.356658935647594],[22.006942749058688,58.35665893564763],[22.006942749058794,58.35665893564766],[21.996383666733493,58.38137817383574],[21.91138458287236,58.46152114851901],[21.87805175816925,58.474159240938036],[21.859580993493125,58.483047485604175],[21.837356567417675,58.50666427601384],[21.924995422432804,58.51721191434486],[21.992635726567446,58.51569366454754],[22.112495422100036,58.492218017241875],[22.112495422100075,58.4922180172419],[22.112495422100096,58.492218017241896],[22.129606330624082,58.50380068730937],[22.193746566558893,58.54721832289781],[22.327220916825876,58.57749176001794],[22.501663207645077,58.6022186277901],[22.62416458115497,58.593322753539965],[22.74564814953839,58.601448608590154],[22.77204513545064,58.60321426368358],[22.815690994313275,58.616661072151864],[22.87166213952375,58.617767334340584],[22.91124534608953,58.61679840084563],[22.984855651938556,58.59943771353212],[23.090831756582663,58.56443786634374],[23.26305389420406,58.49610137927841],[23.281108856097703,58.487071990744674],[23.328189849818692,58.44693756105337],[23.258749008151597,58.42985534630117]]]}},{"type":"Feature","properties":{"fillColor":"#bde7d1"},"geometry":{"type":"Polygon","coordinates":[[[28.831982323333435,70.1655211763066],[28.831982323333435,70.8771824293069],[28.853885637028668,70.88055420860445],[28.891248686413007,70.88221739709536],[28.94916535412699,70.88055420860445],[29.03610992622214,70.87416076647776],[29.250553149781922,70.84283447962133],[29.318885806423793,70.79331970125321],[29.347499849423002,70.69027708284557],[30.00916292117023,70.71083070117515],[30.07902527761786,70.7113799869831],[30.10861017205525,70.70735167167425],[30.195274371453763,70.67944336105404],[30.34173391372218,70.59970857169367],[30.297775253442524,70.57582091084873],[30.234996779148275,70.5544433638072],[30.066387174401996,70.53610229720607],[30.008052812539233,70.53644562019332],[30.0462474948838,70.52276612714462],[30.14277650037627,70.5127715877025],[30.16555405259021,70.51319121759195],[30.213607772521243,70.5186004516691],[30.272914882848227,70.52763366351769],[30.30749700829182,70.5383224370384],[30.33666610560641,70.54666137609354],[30.36277770033587,70.55082701285426],[30.405551919537913,70.55415342855093],[30.434719081111837,70.5558319093941],[30.473886473205766,70.55541227950471],[30.597776400536475,70.53519439605839],[30.637775425590746,70.49026488434055],[30.825832372802495,70.43249510063816],[30.938468948452112,70.44977569100234],[31.008609780570566,70.395828259788],[31.04083250898907,70.34637449596977],[31.073537817587805,70.28554535137067],[30.911109923639913,70.25888059935204],[30.889024747193503,70.25818632655847],[30.733055103974095,70.25749205376508],[30.529163371197797,70.24179838370452],[30.356628432552895,70.16894530772885],[30.36216163147043,70.14533232850272],[30.34874725748108,70.12387847455904],[30.31999968708169,70.11555482785627],[30.114997845674452,70.0705413824175],[30.09444426605961,70.06860351230779],[29.933609022208145,70.06304932995994],[29.906665794518688,70.06277464834136],[29.87638856302857,70.06277464834136],[29.79694367020952,70.06582642113388],[29.771385194054915,70.06832886940379],[29.514999384253258,70.09693907963617],[29.263610844172547,70.11637879528286],[29.035552974880545,70.12832641975729],[28.831982323333435,70.1655211763066]]]}},{"type":"Feature","properties":{"fillColor":"#c6d1ed"},"geometry":{"type":"Polygon","coordinates":[[[55.56697692407002,73.34115479338746],[55.56697692407002,74.12186544990224],[55.79972076800499,74.09942627128055],[55.82499694501138,74.09803771895486],[55.86200332920714,74.10817718167209],[55.811382294547286,74.13874053718928],[55.61993860392602,74.18532562138707],[57.41674117078372,74.18532562138707],[57.41674117078372,74.17976696617453],[57.41471099717478,74.17956542664302],[57.41499328686933,74.08082580952487],[57.41674117078372,74.08056449587062],[57.41674117078372,73.83585334576037],[57.402770999560005,73.83831787380836],[57.27388000170339,73.84860229609848],[57.171104428278284,73.8566436753211],[57.04638671685012,73.86360168805913],[56.66777038478432,73.8819274895717],[56.56784057327849,73.88011932522295],[56.67443847837666,73.85525513078841],[56.6983261108503,73.85137939295674],[57.05860138250114,73.83248901205525],[57.28777313103285,73.82498931607495],[57.33055114440799,73.82415771368693],[57.361381530717324,73.81429291121299],[57.41674117078372,73.78712315979547],[57.41674117078372,73.56670078831975],[57.35110473787876,73.54971313682296],[57.32804870779296,73.54998778927325],[57.0929946913497,73.58094024680184],[57.05307388017383,73.5865173366654],[56.84290695431184,73.64832306106388],[56.78888702641723,73.59387207307282],[56.90927124073494,73.57370758161346],[57.004604342960135,73.55703735542579],[57.120605472630984,73.53003692244761],[57.147102354036576,73.52295684628336],[57.25249481363784,73.49123382197638],[57.22748565963042,73.45027161019419],[57.03638458425456,73.3636016835681],[56.97776794707954,73.33831786931745],[56.90637970210861,73.30886840588266],[56.85555267226624,73.3385925295608],[56.78749847409148,73.36387634381146],[56.75805282927894,73.36026000732073],[56.7480468780613,73.3333206177453],[56.74958038216687,73.24526214658647],[56.718879696527836,73.24275207272711],[56.570831302563704,73.2533264141627],[56.156097413470604,73.28471374261687],[56.12860107395744,73.28804015996178],[56.08998870976626,73.29721069016938],[56.063323972641115,73.30720520110663],[55.980152129908674,73.3269042960427],[55.74916076895482,73.34637451523554],[55.658882143082394,73.34553527560325],[55.61610412970708,73.34359741058404],[55.5763854950917,73.33915710115667],[55.56697692407002,73.34115479338746]]]}},{"type":"Feature","properties":{"fillColor":"#bde7d1"},"geometry":{"type":"Polygon","coordinates":[[[20.138318035779257,52.03929712220091],[20.138318035779257,54.58329252645969],[20.15028624255942,54.586342024371504],[20.216938008946233,54.60332488789866],[20.232844732237577,54.608036893484304],[20.245552051945285,54.611801148406016],[20.39728927534635,54.67506409990631],[20.39728927534626,54.675064099906315],[20.39728927534634,54.67506409990635],[20.138318035779257,54.70494004287649],[20.138318035779257,54.94493293915362],[20.36194229999983,54.94193268169342],[20.42263412314684,54.947628018259906],[20.548606868857913,54.99638367651797],[20.6047172581214,55.023605341163474],[20.61597291286713,55.02977520106218],[20.62499619483251,55.0347213713924],[20.653707472046033,55.051507276112474],[20.672496796188593,55.06249236056072],[20.68400370857428,55.06988229554226],[20.696939472634515,55.078189863388054],[20.74980439694888,55.12123243597425],[20.827774063640387,55.18471526663373],[20.894439699024613,55.243049628496365],[20.90838313300614,55.25539002314082],[20.933570703609714,55.27768184607241],[20.98612999402258,55.27768184607241],[20.9848137069414,55.2765502942728],[20.95622655869937,55.25852541367758],[20.908329026375252,55.228324874133534],[20.8835372971498,55.19672773842501],[20.87183607490903,55.183018809727],[20.8430518978634,55.14929581715185],[20.783044026871284,55.111250774624125],[20.70832824874117,55.06388090614785],[20.672496796188618,55.04332732653292],[20.666821678992132,55.04030038890587],[20.630828852850716,55.02110289289358],[20.583747881383868,55.00013351615604],[20.537475463232095,54.968333451250366],[20.531698211730102,54.964363116868135],[20.531698211730138,54.96436311686811],[20.53169821173009,54.96436311686807],[20.560831071977123,54.93915559051956],[20.58638571536495,54.93984986331303],[20.65499495065161,54.94248963303491],[20.73001963110868,54.9429063140386],[20.755275731522946,54.94304658437636],[20.76371226457566,54.9423666971756],[20.793191899481894,54.939990978816965],[20.8651351772839,54.902492505006656],[20.919691226521163,54.89792045007473],[20.984439837964494,54.892494210227206],[21.093051892357554,54.89569093129042],[21.16842838421821,54.91679803079318],[21.22249604075036,54.93193818096613],[21.235460693434366,54.94522058744076],[21.245063797377192,54.95505905616738],[21.237107793246,54.97032699540828],[21.227911004620122,54.98797605737944],[21.22323836715916,55.000698405973225],[21.216663344017483,55.018600444623544],[21.19083022495883,55.149162289751466],[21.219640754561485,55.18873496438354],[21.227634425975364,55.19971466390082],[21.263935102096664,55.24898530663994],[21.283148897095316,55.27768184607241],[23.048485139504074,55.27768184607241],[23.048485139504074,52.03929712220091],[20.138318035779257,52.03929712220091]]]}},{"type":"Feature","properties":{"fillColor":"#fff9b9"},"geometry":{"type":"Polygon","coordinates":[[[8.235276222282438,56.74624633829813],[8.235300483217387,56.747002258214785],[8.236109733330522,56.772216796703276],[8.245832443057452,56.806663512961734],[8.260137557962366,56.82777404775004],[8.275599911372579,56.844296183756676],[8.290554046953499,56.860275268917526],[8.31315166762802,56.88246161631616],[8.33666610671213,56.90554809616805],[8.361864469423528,56.92942142707628],[8.37888717628874,56.94554901118167],[8.450553893484757,57.0049972535861],[8.543656324660487,57.07196483266068],[8.57722091691312,57.096107483474384],[8.618471145118027,57.12152481058801],[8.646944045779625,57.123191833859565],[8.713888168507106,57.10610961957709],[8.713888168507125,57.10610961957709],[8.713888168507196,57.10610961957707],[8.737220764619963,57.102218628219475],[8.766109466249418,57.10110473623939],[8.804998398395412,57.1038818356169],[8.846666335505006,57.10832977296457],[8.856005076028792,57.11062330140931],[8.894165038778667,57.11999511764024],[8.927035680376234,57.12897433523229],[9.01722145060603,57.15361022961224],[9.07972145068436,57.145271300906984],[9.157999614348656,57.137819546737205],[9.161388397221552,57.13749694876452],[9.196109771776541,57.13610839848798],[9.196109771776625,57.13610839848798],[9.196109771776662,57.13610839848798],[9.197263201115723,57.136128474151256],[9.24388885480674,57.13694000277448],[9.255862708347525,57.13802921418938],[9.26527595465302,57.13888549786543],[9.382776260375948,57.151250301142774],[9.382776260375948,57.023186629507265],[9.289443969750835,57.004714965892504],[9.285939161383832,57.0035801401392],[9.269721985239137,56.99832916285098],[9.259930340451385,56.99711430727793],[9.24958324402786,56.99583053646853],[9.227638244810748,56.99930191098434],[9.115549087822444,57.0527725219178],[9.115549087822444,57.05277252191767],[9.115549087822309,57.05277252191773],[9.115554809282372,57.03867340073512],[9.077952348971307,57.028517715526945],[9.030328750162539,57.01565551784148],[8.885831832709187,56.99749755856453],[8.67659568829697,56.94812011683695],[8.493552578969995,56.79193243174785],[8.4863176341279,56.78575897189575],[8.486317634127898,56.785758971895746],[8.486317634127829,56.78575897189569],[8.478316000476315,56.755496243729205],[8.463054657145504,56.697776794828265],[8.41579723326197,56.678127288413634],[8.415797233262127,56.678127288413634],[8.41579723326196,56.67812728841356],[8.465049743317811,56.67766570988757],[8.49199962587254,56.675365447830295],[8.509138107252692,56.67407226619336],[8.509138107252731,56.67407226619338],[8.509138107252738,56.67407226619338],[8.524971008343925,56.679988861311756],[8.532634408270697,56.681077340308114],[8.579061508381473,56.687671661864364],[8.607221603761081,56.63055419910571],[8.599113234824452,56.609595445063356],[8.598194122553195,56.60721969623137],[8.545901298919091,56.58517074559688],[8.475667953826132,56.630275726110824],[8.461307525204063,56.63954162539102],[8.398278236581973,56.672042846558554],[8.368331908894675,56.677215576632875],[8.25166794129573,56.70266699163408],[8.24416542096145,56.70430374171651],[8.235276222282438,56.74624633829813]]]}},{"type":"Feature","properties":{"fillColor":"#c6d1ed"},"geometry":{"type":"Polygon","coordinates":[[[14.74562358603771,77.65929412730236],[14.865831376111487,77.67970276006088],[15.203609466362025,77.70999145528799],[15.428609850006637,77.72998046762848],[15.451387403154968,77.73193359416274],[15.643888472966069,77.7455291766853],[15.753887177361605,77.74609375041229],[15.77999877897355,77.74720764167205],[16.005275726323248,77.75888061561005],[16.11145544052127,77.76475085280816],[16.11145544052127,77.51670607960685],[15.918331144342687,77.56262207260204],[15.69205474665415,77.58065795840838],[15.226109504726594,77.6115112329241],[14.912776948496685,77.61470031695524],[14.88388824683193,77.61553955222956],[14.74562358603771,77.65929412730236]]]}},{"type":"Feature","properties":{"fillColor":"#fff9b9"},"geometry":{"type":"Polygon","coordinates":[[[27.8970976132049,36.33293602601602],[27.909160613880285,36.3397216796901],[28.068332672187683,36.40499877925443],[28.10382136913854,36.4173330547042],[28.107494354309154,36.4186096192081],[28.121707365095936,36.422012956508176],[28.207221984780855,36.44248962392514],[28.207221984780897,36.442489623925205],[28.207221984780915,36.44248962392521],[28.214614868118073,36.45415496824858],[28.233886718871315,36.44137573229128],[28.238048553437853,36.43110656723918],[28.20694351201677,36.34359741203451],[28.20400088962546,36.33718245029328],[28.186939239644175,36.29998779283568],[28.162957912352,36.25289674859687],[27.8970976132049,36.33293602601602]]]}},{"type":"Feature","properties":{"fillColor":"#bde7d1"},"geometry":{"type":"Polygon","coordinates":[[[17.228150932054437,52.03929712220091],[17.228150932054437,53.65848948413666],[20.138318035779257,53.65848948413666],[20.138318035779257,52.03929712220091],[17.228150932054437,52.03929712220091]]]}},{"type":"Feature","properties":{"fillColor":"#bde7d1"},"geometry":{"type":"Polygon","coordinates":[[[18.368333464791938,60.280329451219586],[18.368333464791938,60.34778296689472],[18.437845218362497,60.339996334156865],[18.5996151152994,60.235618596608106],[18.556941980481668,60.22444151311453],[18.53110886142298,60.22694396138445],[18.47083283539871,60.23499296518321],[18.44090078520702,60.242980954432255],[18.381526930537575,60.27054977483181],[18.368333464791938,60.280329451219586]]]}},{"type":"Feature","properties":{"fillColor":"#9cb3ec"},"geometry":{"type":"Polygon","coordinates":[[[68.51532665106566,76.95085049188982],[68.93136596644264,76.78276061895967],[68.87108338229147,76.5761504095426],[68.86109924300541,76.54193115471492],[68.39833068762402,76.36415099982821],[67.92942810023465,76.25555420189431],[67.52581787306377,76.19108581461239],[67.49727761274443,76.18446175323919],[68.51532665106566,76.95085049188982]]]}},{"type":"Feature","properties":{"fillColor":"#bde7d1"},"geometry":{"type":"Polygon","coordinates":[[[18.68323448391685,53.65848948413666],[18.68323448391685,54.39275736122256],[18.70833204812861,54.38277436341649],[18.757774352361317,54.370826738942085],[18.774001865259446,54.36723598188467],[18.84374811173291,54.3518028204182],[18.89319227427688,54.34555053251023],[18.927358641312647,54.34638595952246],[18.953887930190657,54.35166166619944],[18.97055245168944,54.34513473538751],[19.022777538174036,54.34221648999489],[19.046386723348274,54.34221648999489],[19.138885516505884,54.3466644351932],[19.150153858877868,54.347769255402504],[19.212497712591905,54.35388184474646],[19.33284821260408,54.368538336977245],[19.374443065074022,54.373603830116],[19.387129348012788,54.375651701856775],[19.41749955399906,54.38055418486925],[19.439720154871612,54.385826097494096],[19.497375420690368,54.40172432431111],[19.516803753639113,54.40708161543624],[19.53196961450626,54.414275048863686],[19.562774655190022,54.42888641918578],[19.597266966064087,54.446511251231804],[19.613330823390722,54.45471953824457],[19.6168805356145,54.45689934345876],[19.62725828483564,54.46327210565356],[19.672999719319158,54.486236177817645],[19.698743837368948,54.49916077870435],[19.710980211778708,54.50685943072586],[19.73180009577402,54.51995849394797],[19.754486538053843,54.534942880654015],[19.771385182016378,54.54610442871922],[19.805110806120478,54.57406824292928],[19.836383834857653,54.59999847220188],[19.8302764952205,54.57276918073805],[19.756517007646323,54.51595550998486],[19.755275714833136,54.51499939703566],[19.75265658733785,54.51337957998784],[19.69777677998268,54.47943879333499],[19.65110777287178,54.4558258141088],[19.634259542759633,54.44547481286923],[19.63034439766957,54.44306947584515],[19.61521518720469,54.43643947848079],[19.524440754367237,54.3966598580007],[19.42833327579031,54.3652725178796],[19.421306952561874,54.363060350151514],[19.408050545027393,54.35888670257192],[19.376108150590735,54.35249709321191],[19.27763558391069,54.346107483851895],[19.23171527860827,54.33392487001887],[19.230760575264593,54.33367158811919],[19.236580324414415,54.31936443026289],[19.253330228917022,54.278186791566085],[19.253330228917076,54.27818679156608],[19.253330228917203,54.278186791565766],[19.321858855329932,54.27260906372583],[19.371109022559036,54.268600461142206],[19.47642206538985,54.31317558008153],[19.478746431461342,54.31415939833717],[19.571039184368754,54.346939078097165],[19.60752826244872,54.34922093986143],[19.62874601778088,54.350547802231105],[19.713607771495504,54.383331314757875],[19.7814552188039,54.4274395065958],[19.797006608461626,54.43754959482426],[19.822359083080844,54.46638489299632],[19.96294773643953,54.530510181324225],[20.036109930873508,54.56388091716007],[20.06549091433154,54.56843250281038],[20.102497090586727,54.57416535314371],[20.138318035779257,54.58329252645969],[20.138318035779257,53.65848948413666],[18.68323448391685,53.65848948413666]]]}},{"type":"Feature","properties":{"fillColor":"#fff9b9"},"geometry":{"type":"Polygon","coordinates":[[[-9.811668394878666,52.593887329012205],[-9.752131334969233,52.62884533541329],[-9.731250762497568,52.64110565171431],[-9.565000534932826,52.745826720928285],[-9.486260796703744,52.80025741886693],[-9.485834121573703,52.80055236809642],[-9.437201065529857,52.85254903063474],[-9.405555725077717,52.886383056753026],[-9.40555572507771,52.886383056753054],[-9.405555725077647,52.88638305675312],[-9.394723892945763,52.92666625849529],[-9.468403815157842,52.9293708813978],[-9.474166868964641,52.93874740570565],[-9.280834198696368,53.13971710110683],[-9.2708187774808,53.145613875933904],[-9.263612747399748,53.14985656686724],[-9.260980919442106,53.14982042497368],[-9.253612517524353,53.14971923750916],[-9.231668472380063,53.14305114657427],[-9.21387279027789,53.135014069261175],[-9.21387279027789,52.61444987837373],[-9.217521565287909,52.614302471321764],[-9.2416667931451,52.613327027002015],[-9.499000550210326,52.6116104113172],[-9.633917808147544,52.587772368563776],[-9.811668394878666,52.593887329012205]]]}},{"type":"Feature","properties":{"fillColor":"#9cb3ec"},"geometry":{"type":"Polygon","coordinates":[[[57.19444879515629,61.03097149419864],[57.23405083285519,61.720090718417225],[57.336728200821256,62.065925215849006],[57.832416071430146,63.582877844848156],[58.38624556338124,63.991891556194844],[58.49480134743711,64.3260648203928],[58.89406067404515,64.3260648203928],[58.46704353011874,61.658610109492166],[58.75175687097515,60.17582882191862],[58.81834024650061,58.977981089502606],[58.06749299524466,59.461968060606466],[57.584310810653164,59.95499350523204],[57.19444879515629,61.03097149419864]]]}},{"type":"Feature","properties":{"fillColor":"#9cb3ec"},"geometry":{"type":"Polygon","coordinates":[[[47.90613746649035,80.08467695043926],[47.90613746649035,80.17941062240176],[47.94221496581821,80.17997741753092],[48.00054931760233,80.18498229922852],[48.056381224603626,80.19108581470928],[48.08249664275531,80.19720458891973],[48.082496642755196,80.19720458891976],[48.082496642755416,80.19720458891982],[47.970145189123095,80.22939871879622],[47.96228408741414,80.23165130495518],[47.95801875761904,80.23286265377499],[47.92416381778082,80.24247741825695],[47.90613746649035,80.24349228931568],[47.90613746649035,80.30031201677849],[47.92448028785561,80.30051187772557],[47.977210998745306,80.3010864245528],[48.003883360530665,80.30470275922573],[48.074420843589195,80.31582332609018],[48.185405730436536,80.33332061691495],[48.1854057304362,80.333320616915],[48.18540573043646,80.33332061691505],[48.153877258256784,80.33888244749176],[47.97793935040002,80.35800898951639],[47.92916107273613,80.36331176814437],[47.91559283466492,80.36438189351719],[47.90613746649035,80.36512763731533],[47.90613746649035,80.41285806927942],[47.983427168853964,80.4137429342316],[48.043327331521596,80.41442871193487],[48.068371922938994,80.41447465576819],[48.19304656949042,80.41470336906933],[48.21035074637462,80.4173853872714],[48.22888183517324,80.42025756765844],[48.228881835173105,80.4202575676585],[48.22888183517316,80.42025756765851],[48.172921949531116,80.44553533840262],[48.12985610993462,80.46498870946897],[48.12985610993454,80.46498870946897],[48.12985610993453,80.46498870946898],[48.122119635487586,80.46567008951551],[48.08888244735817,80.46859741215445],[47.90613746649035,80.46753105080124],[47.90613746649035,80.53027508868192],[48.01027679449824,80.54054260327706],[48.04027557246983,80.54304504281453],[48.288508984388464,80.55965347024393],[48.33082580689012,80.56248474049931],[48.34638432325401,80.5634363889384],[48.39443969750623,80.56637573230677],[48.434158325631564,80.56330871452536],[48.543331145455305,80.53262329109496],[48.546154975920984,80.53210167145681],[48.546154975920984,80.14596447174496],[48.54596710281163,80.14595794592685],[48.54596710281161,80.14595794592684],[48.54596710281159,80.14595794592684],[48.510967253890804,80.12165069511165],[48.5109672538908,80.12165069511165],[48.510060564236916,80.12138422298192],[48.48165893474909,80.11303710810591],[48.45390516455856,80.10607853984114],[48.397491453935345,80.09193420363948],[48.38266254414516,80.08892768806928],[48.374160767065696,80.0872039790762],[48.36858272533395,80.08755875507421],[48.34777069177966,80.08888244721044],[48.32749176133902,80.09332275328666],[48.32535940002219,80.09407904799589],[48.245685578124494,80.12233734057054],[48.203605652399915,80.13275146554787],[48.16276550239695,80.13442993105934],[48.10721588189489,80.12831115684884],[48.060821533302715,80.1191406262094],[48.05164746844285,80.11663389921652],[48.04055023222696,80.11360168372717],[47.995456694274985,80.1016540537931],[47.93494403306775,80.09015227831861],[47.90613746649035,80.08467695043926]]]}},{"type":"Feature","properties":{"fillColor":"#fff9b9"},"geometry":{"type":"Polygon","coordinates":[[[10.11263331421653,55.87250439275008],[10.11263331421653,56.689745770398865],[10.177221280290894,56.69638825388154],[10.316110604888593,56.696105945443946],[10.34305476173381,56.692634581476625],[10.356943121214215,56.67652511429333],[10.33766554321653,56.63696670255894],[10.31774711887141,56.61972807905511],[10.305265423511628,56.616233834631714],[10.28808212347991,56.60805130343283],[10.245553975647567,56.57332612674435],[10.214720721971617,56.54430387472621],[10.187776565126399,56.46860502749354],[10.228471760000048,56.48110960330939],[10.224164969020535,56.50694276108288],[10.23187351472842,56.54874419310585],[10.315629960449314,56.56186677352798],[10.348845491606653,56.54925917758686],[10.420276649823847,56.526107795110704],[10.508888243176784,56.510826128120925],[10.53027724980376,56.50833130666962],[10.584999093480235,56.511383040747546],[10.646110546516752,56.521659849912396],[10.765275950004366,56.532493610418726],[10.786943432302166,56.53416442572831],[10.847638120345664,56.522357955472614],[10.866665832921512,56.51235962197853],[10.96194361427888,56.44221878986008],[10.92138864446838,56.343605030246636],[10.907499317117498,56.328605632979475],[10.744998949034368,56.16388702208991],[10.683887495997851,56.19437025511553],[10.683887495997851,56.219440460011924],[10.641943941885643,56.22943879350606],[10.616388330627387,56.22548295233264],[10.589721681582489,56.20722198668551],[10.552429209307661,56.157249444334184],[10.574234980927827,56.120967854617106],[10.548817620277134,56.10041044223544],[10.519721035812665,56.09972000220887],[10.389999379619098,56.161941525161524],[10.355692864949674,56.197494502043526],[10.437359794626957,56.219924937218025],[10.479442605931979,56.22055052992812],[10.504929537106818,56.271038056760574],[10.448610320126477,56.291938792129486],[10.400554664454603,56.29083251626531],[10.239366535056206,56.17260741822611],[10.21777628881614,56.141799909902716],[10.238401413410656,56.118747714784774],[10.258748991490165,56.08763505628241],[10.2797222009944,56.018882769750974],[10.250832547221023,55.917358391563596],[10.184581741089062,55.82818984686929],[10.143054022814226,55.84117506712465],[10.128400813430972,55.86589811626692],[10.11263331421653,55.87250439275008]]]}},{"type":"Feature","properties":{"fillColor":"#bde7d1"},"geometry":{"type":"Polygon","coordinates":[[[16.27560369308364,63.99706744452209],[16.27560369308364,66.94394909264449],[16.477749957019455,67.10394753564043],[16.569860161130823,67.35784339071243],[20.461063236500237,67.35784339071243],[20.461063236500237,67.102871049906],[19.200956722152796,66.7570424327784],[18.175186825465858,66.38793686795816],[17.826732763143696,66.1055269699292],[17.781960422195596,65.69606471410418],[17.564857725749846,65.0593637267765],[17.440590708394666,64.68889577276974],[16.90302228574393,64.36998615437273],[16.27560369308364,63.99706744452209]]]}},{"type":"Feature","properties":{"fillColor":"#fff9b9"},"geometry":{"type":"Polygon","coordinates":[[[-7.627079027003219,39.536606632490816],[-7.349768887498897,40.171573454328325],[-7.164357932868654,40.88316538447987],[-7.006535533079557,41.52055197335619],[-6.992443041354193,42.133566904502516],[-7.086721237104495,42.37272853628525],[0.128801228733239,42.37272853628525],[0.128801228733239,40.107334617611016],[0.047499999206877,40.03374097805181],[-0.179166691890714,39.73610685480162],[-0.317638864347202,39.514858263473855],[-0.326111137228168,39.49472044226701],[-0.337638938239081,39.43805314037678],[-0.241111132906042,39.14388275427541],[-0.195000006292219,39.05360413966497],[-0.182499998824539,39.02915952747844],[-0.143333342312076,38.9783325104255],[-0.092222197225169,38.929718006386224],[-0.065000029287035,38.9049949572439],[-0.041114962334859,38.88920976535837],[0.008888900302622,38.8622131499377],[0.048541660043441,38.85971070166795],[0.077083345051667,38.85762788328745],[0.128801228733239,38.83618958662824],[0.128801228733239,38.677578492458],[-0.052777800623574,38.59333039113886],[-0.294583339755093,38.484024063952575],[-0.320000003539008,38.471523282188514],[-0.37930560398803,38.43624878097751],[-0.511666758899764,38.324996956862606],[-0.600277771530273,38.185272205252716],[-0.670159452356984,38.047834222486074],[-1.221652276170744,38.04461064564754],[-2.058321465832478,37.970048679087085],[-2.569621653641377,37.88306426717219],[-3.709559295665201,37.68426114618029],[-4.28031675624851,37.597292825285365],[-4.928376681977511,37.535175593364386],[-5.638744519973045,37.49790645298344],[-6.207394359337684,37.47306085884384],[-6.751024819052816,37.49790645298344],[-7.19630238537917,37.7215347825321],[-7.381868736797799,37.89549031182173],[-7.527276352226238,38.280747291025364],[-7.576523880322156,38.914766378994386],[-7.627079027003219,39.536606632490816]]]}},{"type":"Feature","properties":{"fillColor":"#fff9b9"},"geometry":{"type":"Polygon","coordinates":[[[-4.112524448764034,52.13159561167356],[-4.112524448764034,52.36210709988106],[-4.096666811948808,52.385829927318696],[-4.091944693914456,52.397773741535275],[-4.059722899863118,52.48583221390487],[-4.061111448858071,52.50610351403577],[-4.080555914923082,52.553329465596164],[-4.106389044981313,52.65083312827778],[-4.112524448764034,52.68305943247437],[-4.112524448764034,53.23402973633989],[-3.854444504365176,53.28443908697062],[-3.73013925713758,53.28944015621215],[-3.692500116311066,53.28555297885367],[-3.609861371866089,53.279438017729035],[-3.589444638798909,53.28221893269256],[-3.46166706038133,53.32054901262376],[-3.388055801808775,53.34360504023283],[-3.362778188556661,53.346107481111005],[-3.336389064570824,53.347221372993886],[-3.318889141428485,53.346942903367506],[-3.211667062687923,53.297492980555546],[-3.088598728937086,53.26000976488359],[-3.082569836999426,53.26853561302909],[-3.126111508318104,53.324996946208785],[-3.154166696681955,53.34832763538884],[-3.166944501789999,53.357082368177146],[-3.176389219439386,53.36277771191618],[-3.188889027583571,53.377773285693536],[-3.189722536894237,53.38832855091505],[-3.180277823703932,53.396110535120215],[-3.170833587635286,53.400276182105245],[-3.063313009075159,53.38610458412268],[-3.054708480440127,53.38658523741282],[-3.046008349102408,53.38265991261392],[-3.013491867745984,53.360816955774],[-2.985325099790998,53.32682037156542],[-2.928291795795531,53.302162169295],[-2.899722577917998,53.28916168212663],[-2.882500170158721,53.28527069225356],[-2.862222671904703,53.28277588086371],[-2.776389120570968,53.29249572828752],[-2.753194571601682,53.3043022161778],[-2.704930782248766,53.35062026757407],[-2.717500210029129,53.352493286832896],[-2.76944470344057,53.33930206246248],[-2.777778146687695,53.33277511789936],[-2.857361314598053,53.320827482250195],[-2.878333568930316,53.32569122516543],[-2.969125034516878,53.39328766020185],[-2.975125312529713,53.397789000203375],[-3.000858545789811,53.42755508454866],[-3.004758596516069,53.432155607895254],[-3.105625151155607,53.5599288922175],[-3.052639007437051,53.9076347362564],[-3.043472527541837,53.918743132675274],[-3.025000096606789,53.92610931200932],[-2.932500361437917,53.95055389307265],[-2.896944521225407,53.99888610702783],[-2.833611489613133,54.084999086690345],[-2.817500115465805,54.142776490957885],[-2.813611506742177,54.22277069252215],[-2.930972336839261,54.153327943664806],[-3.152222635340081,54.08193969764142],[-3.214722634763461,54.09555053493847],[-3.230000258809639,54.10097122156549],[-3.380555631541085,54.24443817113632],[-3.440998095353838,54.30791473388666],[-2.158534884365139,54.30791473388666],[-2.158534884365139,52.13159561167356],[-4.112524448764034,52.13159561167356]]]}},{"type":"Feature","properties":{"fillColor":"#bde7d1"},"geometry":{"type":"Polygon","coordinates":[[[12.09014414966704,58.9632232015511],[12.09014414966704,60.568625947159276],[12.267986301857263,60.4117357540631],[12.702999749955382,60.1268478403299],[13.514290148080022,60.03742992230582],[14.390613560298846,60.159377447607824],[14.657913853293792,60.45248091714217],[15.020252151921625,60.87692921747299],[15.264391328340992,61.15514592514825],[15.76305380461622,61.557076534842906],[16.27560369308364,61.96263821408535],[16.27560369308364,59.46685691729922],[16.173332206169164,59.46513367488063],[16.09666444323875,59.472217557034014],[16.066387173033775,59.48249816025094],[16.032463083315974,59.49016570696864],[16.0715942383423,59.455341342922],[16.107219689359624,59.44541548356318],[16.175277703097493,59.43971635294491],[16.27560369308364,59.44395065395458],[16.27560369308364,58.6633682512937],[16.237915023172945,58.66388700574214],[16.19360734882798,58.6274948077961],[16.27560369308364,58.616077674684966],[16.27560369308364,56.655409220272304],[16.253608693233502,56.64611052263655],[16.21611021942317,56.60721587642041],[16.120553962395036,56.45568848732148],[16.10416412251493,56.42555237133553],[16.090553270834675,56.39499662545978],[16.054721818282133,56.313606274427286],[16.04333114514924,56.26888276424472],[16.003469480261742,56.21305085065211],[15.86555480115419,56.09221649016587],[15.78861045957916,56.11193847553534],[15.775833137885172,56.14777376085476],[15.658887874230004,56.17888641935707],[15.598054896864312,56.1947174108696],[15.375276567015987,56.13805390303139],[15.225831996297586,56.15110780337005],[15.088888168628216,56.159996028233365],[14.781862166829171,56.919727673087095],[14.517282462303967,57.46166861380544],[14.222592691375326,57.93053746402035],[13.721887545792072,58.336455381039],[13.071885752484434,58.689709322361296],[12.147873591588507,58.94705948262498],[12.09014414966704,58.9632232015511]]]}},{"type":"Feature","properties":{"fillColor":"#bde7d1"},"geometry":{"type":"Polygon","coordinates":[[[16.27560369308364,58.6633682512937],[16.27560369308364,59.44395065395458],[16.276416791437214,59.44398497111587],[16.30930518240018,59.45110702607781],[16.334999082980858,59.45333099867696],[16.66472054893819,59.47360610262098],[16.689373020971175,59.46367265515835],[16.74999999680159,59.42416383710298],[16.811943044083648,59.38811875619626],[16.85992812264601,59.38821794355454],[16.868011466486678,59.397926341792356],[16.85437204327235,59.40714646877217],[16.800554267976565,59.42554854992329],[16.72666549324623,59.45360564158091],[16.69541551329189,59.47047806164113],[16.836734773309445,59.48964692843566],[16.928178781307906,59.453315745039504],[16.949220670895613,59.44152448970647],[16.964427966724088,59.427814489382854],[17.11166381848085,59.374443057199585],[17.17444229277504,59.37305451161262],[17.280551898898068,59.3566665687585],[17.308572753488136,59.34680176266454],[17.30097009280155,59.32284162768411],[17.263885480373176,59.29083252761973],[17.252914437129846,59.2643050970529],[17.28694154697274,59.259048476780094],[17.291942610745764,59.25721742084744],[17.370553973578353,59.2480506815989],[17.39201166028886,59.252147676991115],[17.47083281870897,59.29638670996758],[17.585830688409715,59.28221894566076],[17.740276322901366,59.26943968822593],[17.847221356036414,59.26444245721967],[18.074718479934972,59.316665646678416],[18.27853967431679,59.366107950911214],[18.43048475756433,59.42798231810974],[18.477218611991873,59.435272201798455],[18.498332975714902,59.4305496136962],[18.526386273320725,59.4193000947821],[18.61027717559716,59.36999511200128],[18.643156042715475,59.32186887921995],[18.593051908705036,59.3016662494112],[18.522220597845035,59.295829758625985],[18.309997552832385,59.21971894703711],[18.02138518184529,59.041938770275465],[17.893957146204798,58.90478897978545],[17.891941072166958,58.874160759774384],[17.89472199610765,58.85888671960345],[17.789443984230218,58.94305420052467],[17.75666426575532,59.018325791049335],[17.768886571848554,59.09666444671876],[17.764718999346883,59.12076186443619],[17.66624832969285,59.167354564644995],[17.624164589232237,59.074440013079595],[17.578327176366884,58.95050811888848],[17.59138870352416,58.94360352504742],[17.629095075895975,58.910202007914506],[17.581109997333442,58.84749604647055],[17.349998458222956,58.752220162139054],[17.034442898261034,58.63721466561947],[16.90728950552449,58.616661086004626],[16.789718610444254,58.62360381393921],[16.736122129036232,58.62899016756012],[16.677776346302835,58.63693998400066],[16.461387625814666,58.65554810540192],[16.436386101001574,58.657493602330305],[16.41277695454204,58.65888214791721],[16.298332203415896,58.66305541149677],[16.27560369308364,58.6633682512937]]]}},{"type":"Feature","properties":{"fillColor":"#bde7d1"},"geometry":{"type":"Polygon","coordinates":[[[53.07516445233372,71.5064445984636],[53.07516445233372,72.47953378660611],[53.63142256861664,72.38469512938428],[54.508643997094,71.90866544400075],[54.72304417300285,71.6534912551881],[54.75533226145569,71.2993932228236],[54.52674302696988,70.98290969888416],[54.09030417400271,70.90172468334976],[53.9380745609368,70.77790068598881],[53.83110809346482,70.80914306624857],[53.55665588273223,70.83248901361497],[53.52971649175413,70.83415222147545],[53.506938934061395,70.81989288481435],[53.463607788941374,70.81387329240295],[53.379714967249186,70.85887908788374],[53.56735610967354,70.89346313320516],[53.61111831528979,70.88809204075187],[53.62964248691236,70.8806610106385],[53.73957443266136,70.94929504549964],[53.69971465970832,70.98414611871169],[53.64582824728808,71.01054382344438],[53.503952026051934,71.06192779520774],[53.50833129879902,71.08610534810191],[53.815410612478274,71.13095092620927],[53.93888092150041,71.13998413005822],[53.98304748418485,71.13777160548841],[54.0080490121432,71.13442993203512],[54.02943420509831,71.13053894187249],[54.05686569069741,71.11769103971807],[54.02249145437412,71.11608886598253],[53.954711913237134,71.12747192357858],[53.92902374258745,71.12456512585356],[53.91554260140259,71.09942626871788],[53.93749237199478,71.09832763529914],[54.08888244600536,71.09275817954375],[54.11846542204967,71.09400939987216],[54.210273741207686,71.1113739007559],[54.23603057964152,71.12477874688801],[54.202770234469085,71.13582611200479],[53.953044890144724,71.17456817537959],[53.78857421998089,71.16709899933767],[53.559432984939065,71.2013854981081],[53.50499725261426,71.22109985273886],[53.45735168410397,71.25971222059553],[53.680824280141564,71.38776397770357],[53.736240386476595,71.4097061146366],[53.831939695797416,71.40887451230401],[53.893325806115,71.41817474404371],[53.94123840251615,71.4585266116182],[53.90749358999125,71.47082519386788],[53.88124084489982,71.46679687452792],[53.55652236878689,71.38011932336042],[53.5419387821467,71.34609985248079],[53.54666137783721,71.3197784428005],[53.52305221461654,71.29928588949826],[53.48054504456053,71.2916564928874],[53.44638061403981,71.29706573446458],[53.36429977508112,71.32638549784991],[53.25582885865845,71.44609069699567],[53.35582733044208,71.5142974865924],[53.2438812266206,71.52693176132158],[53.07516445233372,71.5064445984636]]]}},{"type":"Feature","properties":{"fillColor":"#fff9b9"},"geometry":{"type":"Polygon","coordinates":[[[15.749589117150055,39.922894697564544],[16.102932565506507,39.922894697564544],[16.102932565506507,39.221954308845866],[16.056110363869266,39.22499846240396],[16.05333327269517,39.256385802525074],[16.0338172888612,39.34436797040087],[15.9809017236351,39.449645982278355],[15.926666254190707,39.516525284731586],[15.903888701976712,39.53388214328305],[15.853054058104988,39.60999299358656],[15.807914750799853,39.67930223145959],[15.799860946363651,39.70749664456923],[15.787498492636985,39.792495719735825],[15.749589117150055,39.922894697564544]]]}},{"type":"Feature","properties":{"fillColor":"#fff9b9"},"geometry":{"type":"Polygon","coordinates":[[[3.688957936036843,51.71013642099433],[3.716180336264017,51.73395540175596],[3.780833227084599,51.74638746472169],[3.881944402041938,51.74388884921859],[3.964027399845691,51.733535771866514],[4.104166012837538,51.661941546844446],[4.119443885775524,51.67464829142921],[4.122334062926555,51.67538179917464],[4.122334062926555,51.626184594015434],[4.111943703206805,51.63360594080126],[4.106143952781849,51.650978091704985],[4.090971461572792,51.64034270591537],[4.06638813420102,51.629714946944546],[4.01430513109068,51.618747697752895],[3.973749619272894,51.614578228225355],[3.712656242717458,51.6746750046521],[3.693680291850285,51.68513489618118],[3.688957936036843,51.71013642099433]]]}},{"type":"Feature","properties":{"fillColor":"#fff9b9"},"geometry":{"type":"Polygon","coordinates":[[[20.096465399699824,39.664111563588804],[20.096465399699824,39.922894697564544],[21.895030179179887,39.922894697564544],[22.093231816796482,39.77120360873716],[22.093231816796482,38.38179499691685],[22.04277421651682,38.39804840755494],[21.975555423842934,38.40666198951391],[21.947776807856087,38.40943908068783],[21.713054647585295,38.353050215753626],[21.53999899466652,38.31596757778084],[21.337221164573236,38.39180374646554],[21.266941075262196,38.339164721169595],[21.238330826314836,38.321662914347314],[21.164165511654517,38.300064073418184],[21.108747498158436,38.35555266402355],[21.118747728678557,38.37471769805143],[21.13854025244251,38.39339829358801],[21.086387640093278,38.50305177652842],[20.98791313767242,38.6711082627001],[20.901107784055284,38.731941240065964],[20.80971909952882,38.75943754761539],[20.76881790311967,38.759925857588314],[20.73277471923899,38.80443953346855],[20.749721510460347,38.909721378112806],[20.78110885058146,38.93166350331461],[20.970275867709518,38.94194031247929],[21.031108845075185,38.921314258729204],[21.026155477955342,38.89957426358126],[21.047636045121976,38.88207625081117],[21.08513641595829,38.86402511946608],[21.140831008099155,38.93193818493336],[21.164510731667974,38.98207855601157],[21.14430426909246,39.00874326931563],[21.102012630070362,39.05082700977624],[21.083049764811165,39.056663500561456],[21.04527664809683,39.01332853596591],[20.933052075517992,39.05805204614842],[20.820831296990946,39.11360548407043],[20.77471924122159,39.0852737495087],[20.699304599452148,39.05402373083956],[20.534442898603174,39.18582917328388],[20.345970154268628,39.288051618316786],[20.29583168021628,39.321800213774225],[20.25194359704608,39.40068815525177],[20.245277409041307,39.44138335012548],[20.227775563504395,39.519439697357484],[20.173816672704618,39.62874602454383],[20.096465399699824,39.664111563588804]]]}},{"type":"Feature","properties":{"fillColor":"#fff9b9"},"geometry":{"type":"Polygon","coordinates":[[[10.82645701228003,63.151660922628736],[10.82645701228003,63.442449932187145],[10.855371482250462,63.44370269072277],[10.889165877335074,63.44721985431727],[10.911804211071058,63.45804978205672],[10.917081814774122,63.55242539205938],[10.913124076574718,63.59992599341564],[10.878888139014805,63.60138321908613],[10.82645701228003,63.58887551816773],[10.82645701228003,63.648944657937356],[10.92444421131313,63.68694303964611],[10.965971000432148,63.700550097274345],[11.25361062295508,63.76777647805204],[11.279443742013541,63.772911069225074],[11.337499628205535,63.77555083894703],[11.421665173385747,63.783050518223035],[11.459929464969377,63.798259749792294],[11.42756747935806,63.840969082963],[11.294998154881284,63.86555481065335],[11.274998661711663,63.86791231065263],[11.23361016191484,63.86374663517694],[11.192915934911582,63.851108531960904],[11.136942867100117,63.84318922279533],[11.104513169275776,63.84930039519935],[11.0954847193496,63.88624571172011],[11.264720923391167,63.96083069498485],[11.34722138305483,63.972770692640665],[11.42090129135346,63.97679900794935],[11.487915979517709,64.00554657834857],[11.35763741069752,64.1084670902269],[11.313054086863417,64.11624145112182],[11.212776170888617,64.04388427322311],[10.902011879112422,63.89347074809234],[11.02222157604399,63.875759106968076],[11.074721344147292,63.83971785882801],[10.941944121109202,63.738052365136696],[10.82645701228003,63.70223750044371],[10.82645701228003,64.44259738973989],[11.274766961152192,64.44259738973989],[11.285554875702758,64.3744354364],[11.221666331492372,64.31610107453741],[11.258888226657916,64.33360292007433],[11.34472083181089,64.38916015204836],[11.410878992165843,64.44259738973989],[12.300293671197856,64.44259738973989],[12.300293671197856,63.64916172296642],[11.656737151990853,63.27853672528852],[11.414689174723312,63.151660922628736],[10.82645701228003,63.151660922628736]]]}},{"type":"Feature","properties":{"fillColor":"#fff9b9"},"geometry":{"type":"Polygon","coordinates":[[[8.115866897119872,51.233188888442164],[8.115866897119872,52.17206389116808],[10.575695631456647,52.17206389116808],[9.898383385278521,51.633250830267],[9.386602492839415,51.3856677825907],[9.002130171773786,51.241358323907775],[8.68003505612677,51.20014244975346],[8.115866897119872,51.233188888442164]]]}},{"type":"Feature","properties":{"fillColor":"#c6d1ed"},"geometry":{"type":"Polygon","coordinates":[[[35.29269420909091,66.44335443784094],[35.29269420909091,68.6513101086668],[35.90346849635739,68.49953759591017],[37.92328829161977,67.94160375083936],[38.74345848467573,67.57705077558523],[39.5216891004568,67.36064719497932],[40.311679868610895,67.19647399918097],[40.940879410281696,67.14468228491847],[41.38836095358323,67.12591622775159],[41.390827193903135,67.11914824828352],[41.3019370861648,66.94651032822838],[41.283050527807745,66.91693116358363],[41.27137754623726,66.90054322072967],[41.246383648242784,66.86859130244835],[41.21971130812011,66.83776854048745],[41.155822763909725,66.79443357589184],[41.12721251496248,66.77693176906973],[41.09693907752438,66.75999450169286],[41.04972074589068,66.74220275961449],[40.97248840480023,66.7074890037967],[40.73666000738007,66.58720396783343],[40.72124098022351,66.57332610006807],[40.72103118463622,66.54373168178586],[40.56554412159704,66.45387269706498],[40.46638487022739,66.40998840794664],[40.443321215524065,66.40081787464612],[39.80998991705326,66.23027039979013],[39.383605956918245,66.14387511350293],[39.11082457744368,66.10443114276421],[38.60777281566362,66.05220032648685],[38.55304717793496,66.05081178089989],[38.492767319144036,66.0524749693908],[38.19915771715068,66.06721497739147],[37.98999023898256,66.07916260186579],[37.96804811378098,66.0808257903567],[37.90998839482222,66.08749391410231],[37.67360687882746,66.12109376723697],[37.482765213623,66.16775510881439],[37.40693663304211,66.1930389420649],[37.39527131700527,66.1974792604446],[37.29527284457146,66.22415160056727],[37.26638795272015,66.23136901012066],[37.14777373206641,66.2519378820877],[37.016105649788926,66.26860046784583],[36.97443391239909,66.27221678008374],[36.908325189641516,66.27638245555943],[36.75777434305877,66.28581237812648],[36.71527101142357,66.2874908589697],[36.65443420129105,66.2885894693004],[36.22568894710491,66.32026670596298],[35.91443634535585,66.3533172732898],[35.73220826211053,66.36997985904776],[35.579704291780615,66.38107300882058],[35.5571975884186,66.38217161915128],[35.509132370187274,66.38774109385116],[35.43688963328441,66.40159608116045],[35.40493775371789,66.40797423093483],[35.377983105157625,66.41574096501114],[35.29269420909091,66.44335443784094]]]}},{"type":"Feature","properties":{"fillColor":"#bde7d1"},"geometry":{"type":"Polygon","coordinates":[[[46.329821969302614,48.800912398329395],[46.329821969302614,49.10119713587974],[46.39803790766466,49.062826691116754],[47.35257473814467,48.800912398329395],[46.329821969302614,48.800912398329395]]]}},{"type":"Feature","properties":{"fillColor":"#fff9b9"},"geometry":{"type":"Polygon","coordinates":[[[8.115866897119872,53.39698081052843],[8.115866897119872,53.437786547931104],[8.210276614875283,53.40304945067095],[8.234443680546633,53.40055083516785],[8.246249182931876,53.40180205930261],[8.286040309424664,53.42089461919534],[8.311873428483352,53.45631406867716],[8.319929129945308,53.50555037137451],[8.30499934191721,53.524856559621185],[8.268194211744856,53.52027512573767],[8.233679759799315,53.5231208969949],[8.236944193075715,53.55777739360002],[8.243055326764988,53.58610533410962],[8.269582757331818,53.60749434073682],[8.306110379703796,53.61694334970798],[8.332221974433082,53.61527632845042],[8.494443905560331,53.55499267560731],[8.560867302341592,53.51543426387292],[8.565519352049364,53.52905653642375],[8.511734019769165,53.617218031326786],[8.490831387374215,53.648883808403866],[8.484096519286151,53.68631743489751],[8.548053743579999,53.81832884016251],[8.577360162346622,53.8549957197273],[8.604582794862608,53.87902070202421],[8.659026162868315,53.892635347756425],[8.682221409231033,53.893886571891414],[8.71159650808113,53.87034227274859],[8.756387691761745,53.84666444620575],[8.775554661530407,53.84055327380173],[8.797222143828208,53.83583068569942],[8.853054057421048,53.829719552010204],[8.907499322452736,53.82804869798582],[9.020555489277172,53.84666444620575],[9.105276088773167,53.86332703196365],[9.114250105668201,53.86438253898796],[9.114250105668201,53.39698081052843],[8.115866897119872,53.39698081052843]]]}},{"type":"Feature","properties":{"fillColor":"#bde7d1"},"geometry":{"type":"Polygon","coordinates":[[[40.50948776185298,44.40285239101582],[40.50948776185298,45.56252767445788],[47.495985629290466,45.56252767445788],[47.50151442385186,45.55748747968468],[47.51776887802066,45.52193450280278],[47.51998139103431,45.494987481061244],[47.50001735837645,45.455019421463156],[47.48192975993447,45.41880798938933],[47.4457788488457,45.358311351148906],[47.37109373294247,45.2333297586345],[47.240821823070576,45.05581663667276],[47.18764316094863,44.99760299198732],[47.13526154147026,44.9402618543455],[47.116653458783986,44.86526107395797],[47.073329915059176,44.783180244183995],[46.94886778274936,44.768882746529066],[46.889992826963876,44.749690972118024],[46.886657719382285,44.748603809818064],[46.872180823012755,44.74134667279635],[46.772907241049566,44.69158172535523],[46.72720077259871,44.620927123558324],[46.71527098474722,44.60248565479617],[46.67998506266537,44.51540376124911],[46.6799850626654,44.515403761248976],[46.20605536047325,44.16329698959999],[46.26621056353622,43.78666346810882],[46.46117002008665,43.33500911682158],[46.71346836074129,42.90875243590434],[46.76239469468091,42.532889760398604],[46.61781499057893,42.38260920698976],[46.250931398498494,42.45774487874129],[45.31746135062945,42.68320716698143],[45.30198701171683,42.42017589183938],[45.48116125018951,42.05712763909239],[45.49106738201979,42.038819457863255],[43.924072877031676,42.669970022372354],[42.61061040181335,43.069719471351846],[41.25009723577956,43.15370176555146],[40.996471951219974,43.68375732019926],[40.50948776185298,44.40285239101582]]]}},{"type":"Feature","properties":{"fillColor":"#fff9b9"},"geometry":{"type":"Polygon","coordinates":[[[-9.768076615711069,52.42916011874961],[-9.639111518238792,52.51816177313066],[-9.626445769930399,52.52666092045155],[-9.611611365296653,52.53166198606931],[-9.610816858203826,52.531770276404465],[-9.604278565548013,52.532661437615445],[-9.452716826137543,52.53655624484383],[-9.450139713213623,52.5333108019322],[-9.448833465820996,52.53166580170654],[-9.36422127849882,52.5601476391584],[-9.331666945163024,52.57110595686377],[-9.222501753871551,52.5849990848572],[-9.21387279027789,52.586646507107616],[-9.21387279027789,52.42916011874961],[-9.768076615711069,52.42916011874961]]]}},{"type":"Feature","properties":{"fillColor":"#bde7d1"},"geometry":{"type":"Polygon","coordinates":[[[39.11837822708857,45.56252767445788],[40.50948776185298,45.56252767445788],[40.50948776185298,44.40285239101582],[40.343306559805896,44.64824040537777],[39.331173367586096,45.41397295713508],[39.11837822708857,45.56252767445788]]]}},{"type":"Feature","properties":{"fillColor":"#fff9b9"},"geometry":{"type":"Polygon","coordinates":[[[4.122334062926555,47.272396213726665],[4.122334062926555,51.37025367010609],[4.212395177701353,51.37055204596885],[4.238898295363811,51.350425723062244],[4.255835524025713,51.336238872351146],[4.312013160924494,51.28638456504757],[4.302374836503418,51.26318358889222],[4.320626742883462,51.27275849844489],[4.330212105436431,51.29340363859933],[4.295557505857332,51.319950116855495],[4.276387206614515,51.34428024933146],[4.252367954110412,51.37514493943792],[4.202499399754572,51.40499878570131],[4.122334062926555,51.41640470711318],[4.122334062926555,51.439668072753676],[4.125555019464741,51.43833162275092],[4.149027347764786,51.435691814314225],[4.246735567834435,51.436870564313836],[4.264279380231926,51.44396973881953],[4.283610810538448,51.448051441859434],[4.292013164462162,51.46957780865324],[4.284721383747296,51.48832704555832],[4.264860644477722,51.50944137056672],[4.229632368756825,51.51861573663393],[4.209582817330102,51.51569365847456],[4.122334062926555,51.5261084797067],[4.122334062926555,51.60834377480475],[4.169721617020514,51.60555268191041],[4.193055152705483,51.599994666795794],[4.207509987372305,51.58947755476885],[4.186166780372332,51.61704254240158],[4.159860604978405,51.61485670389618],[4.137221806664513,51.615550976689576],[4.122334062926555,51.626184594015434],[4.122334062926555,51.67538179917464],[4.155833257539939,51.68388367204625],[4.167754168791475,51.68556977970826],[4.127222079437104,51.70666505702701],[4.122334062926555,51.709986468065296],[4.122334062926555,51.98944757412701],[4.143749240769239,51.999160756337346],[4.36241301334141,52.17206389116808],[8.115866897119872,52.17206389116808],[8.115866897119872,51.233188888442164],[7.624536356819135,51.26196882633252],[6.934488686426562,51.45785398575282],[5.955986401581981,51.530061195885935],[5.587482517155081,51.31350256807491],[5.592314227457337,50.82950688869397],[5.848088659394875,50.45942274225621],[6.20698590451866,50.0078429313599],[6.768218044080186,49.31352149908497],[7.178852327621371,48.76308055129539],[7.316786773816602,48.54923718072831],[6.833922289941313,47.38033395852352],[6.794224895762392,47.272396213726665],[4.122334062926555,47.272396213726665]]]}},{"type":"Feature","properties":{"fillColor":"#c6d1ed"},"geometry":{"type":"Polygon","coordinates":[[[51.09511126469539,67.68108109712051],[51.34291398125731,67.99378518588372],[51.55360411395486,68.42526244278264],[51.781379713524075,68.49136353872137],[52.074714672613425,68.54443357606294],[52.20110321544729,68.55497740131278],[52.33874510996202,68.48831939274748],[52.355552682705536,68.47734831078901],[52.28305051782121,68.41207122099183],[52.25722123152934,68.40235136316852],[52.198875410081314,68.39637755093128],[52.17179869370648,68.39568327813771],[52.14124298654559,68.3820648383537],[52.235824598083695,68.31164549184984],[52.258739471749664,68.30637357922478],[52.42290879683122,68.34095764040927],[52.66471100648863,68.41304017540403],[52.69922638758976,68.42747499451099],[52.73040772617543,68.4590225365402],[52.73040389340861,68.48303985330364],[52.71207428639292,68.49401093526194],[52.488044732409776,68.58554077400737],[52.40832899073888,68.584571819595],[52.361381546671964,68.58471680658062],[52.32332612152027,68.58831786518112],[52.28311540385266,68.59900663870195],[52.29485702679165,68.6166458056909],[52.35665891985491,68.63610840179382],[52.3920784080517,68.64582825961713],[52.71415710477345,68.73193361064807],[53.1702331876434,68.85209031759285],[53.1702331876434,65.44101401605062],[53.065168727867615,65.55141789989909],[52.49671764256698,66.05425916953828],[51.90956997046419,66.57662298318644],[51.28027173129021,67.27420873987978],[51.09511126469539,67.68108109712051]]]}},{"type":"Feature","properties":{"fillColor":"#bde7d1"},"geometry":{"type":"Polygon","coordinates":[[[45.88874972808223,67.78346336734698],[45.88874972808223,68.48453685170831],[45.90332032716532,68.48220825905815],[45.95915986757679,68.44901274346061],[45.95444288657411,68.4384601967809],[45.95114899787154,68.43109130674907],[45.9511603942426,68.43099975407084],[45.95388032813304,68.4091491815472],[46.02568818150904,68.32666014275435],[46.28235242826669,68.20734406120329],[46.31929778350229,68.20179746695948],[46.346107483791855,68.20874023360895],[46.3933258154255,68.19747925510923],[46.498878470206975,68.15386964760971],[46.50808518840693,68.14879577709652],[46.52735519175417,68.13817597754911],[46.57871657893601,68.07916644542543],[46.714851393572545,67.92276000552508],[46.718322757539866,67.84248351846068],[46.713345961457485,67.82476486969684],[46.711105347986404,67.81678772085417],[46.67984505386211,67.80702734766479],[46.67152022302899,67.8044280933089],[46.14554596076425,67.79721068375551],[45.88874972808223,67.78346336734698]]]}},{"type":"Feature","properties":{"fillColor":"#9cb3ec"},"geometry":{"type":"Polygon","coordinates":[[[62.50638580329172,80.82124328672228],[62.51271764857715,80.82566506683628],[62.51971435603486,80.83055114672374],[62.55746459940971,80.84411621134005],[62.575828552721006,80.84609985343654],[62.91332244904519,80.90277099660491],[62.96665954527957,80.9141540533984],[62.98499298137015,80.92053222684457],[62.984992981370226,80.92053222684461],[63.00777435280912,80.93304443293783],[63.0132436952564,80.93541698547945],[63.03721618615675,80.94581604071556],[63.0641957050841,80.95297236830555],[63.08749389651041,80.95915222238483],[63.116104125356,80.96388244619567],[63.30609893755354,80.98081970237604],[63.340270996228696,80.98220825184359],[63.37609863346523,80.98248290986328],[63.52147748196209,80.98262032971503],[63.66666412422185,80.98275756788313],[63.823051453152566,80.97804260192427],[63.901382445869466,80.97415161154142],[63.93915557905571,80.97360229550188],[63.97332000728819,80.97470092758094],[63.98686599731451,80.97625198668536],[63.98686599731451,80.72283929527234],[63.92276763891499,80.721374511823],[63.75777435364262,80.71331787152093],[63.587493896560204,80.71331787152093],[63.49163978134295,80.7029921470132],[63.46638488730979,80.70027160572332],[63.42947465006861,80.69695117212235],[63.37360382147591,80.69192504954941],[63.212493896143656,80.68165588420379],[63.14110565228117,80.68193054222348],[63.102775574129396,80.68386840773064],[63.087722777940655,80.6909027097638],[63.078330993686336,80.6988677984038],[63.00999450677875,80.71887207090771],[62.932769775066845,80.73332214402478],[62.72832488975223,80.77053833072875],[62.53833007755452,80.80247497606575],[62.512114271052795,80.80647969196022],[62.509162902226706,80.80693054185674],[62.50638580329172,80.82124328672228]]]}},{"type":"Feature","properties":{"fillColor":"#fff9b9"},"geometry":{"type":"Polygon","coordinates":[[[14.878609652673504,44.811386116879135],[14.87906726024505,44.82256237500596],[15.733279828520669,44.82256237500596],[16.102932565506507,44.601252162769896],[16.102932565506507,43.47588388140373],[16.102706896844666,43.4758300791874],[16.03694343281518,43.48180389142465],[15.988332761542779,43.50444028941985],[15.91881849000481,43.56694032675807],[15.925831795048907,43.6277389640822],[15.782152170135873,43.75624466533799],[15.599443442451104,43.84527588858026],[15.457499518879274,43.922634130252106],[15.405553798506105,43.96527098928726],[15.28166580691618,44.07305144943484],[15.2322216056574,44.1191635052042],[15.151666642922237,44.19638825819084],[15.117984753092685,44.27075957438643],[15.145137776369609,44.28006742913914],[15.203887935354999,44.254997262957374],[15.29131795252664,44.253398883068314],[15.52229023444437,44.2632560623436],[15.503332131107413,44.27610779391358],[15.478610049835481,44.27555084257216],[15.448610287430938,44.28318788201517],[15.270555506479923,44.36916349969795],[14.990554820426155,44.57943725373025],[14.971110342857116,44.601661687369415],[14.926387800545001,44.65499877951112],[14.89472101688267,44.6952743444952],[14.887777321077635,44.71624375994759],[14.878609652673504,44.811386116879135]]]}},{"type":"Feature","properties":{"fillColor":"#bde7d1"},"geometry":{"type":"Polygon","coordinates":[[[18.368333464791938,62.828585913660056],[18.368333464791938,62.99146093160464],[18.396247852133968,62.993331921099184],[18.53235818853193,62.98513793031481],[18.557220456152265,62.980548869612505],[18.575204843154665,62.961799632707255],[18.4704151025353,62.86041261468671],[18.368333464791938,62.828585913660056]]]}},{"type":"Feature","properties":{"fillColor":"#fff9b9"},"geometry":{"type":"Polygon","coordinates":[[[45.48116125018947,42.057127639092414],[45.30198701171679,42.42017589183939],[45.3174613506294,42.683207166981504],[46.250931398498494,42.457744878741266],[46.61781499057889,42.38260920698974],[46.76239469468078,42.53288976039869],[46.713468360741274,42.90875243590432],[46.46117002008663,43.335009116821595],[46.26621056353622,43.78666346810883],[46.20605536047316,44.1632969896001],[46.67998506266538,44.51540376124906],[46.69846724477047,44.44762422318192],[46.7136001694376,44.42513273474261],[46.76027680336722,44.39192963104116],[46.80015507636649,44.388631825550206],[46.8022079300236,44.38846206112578],[46.805468723851675,44.38932733238331],[46.83152007858301,44.39624021607266],[46.98915864008593,44.36609651198259],[47.01221466797064,44.360824599357564],[47.03762436308776,44.347553237898],[47.265830974702425,44.14360045185704],[47.3502655104237,44.02664945840906],[47.49012754477086,43.81054304635828],[47.58498383792764,43.72221376144305],[47.56637571652642,43.684707660814006],[47.5549926702122,43.656379681589456],[47.532760609754206,43.598037731622895],[47.52499391439284,43.574157697596654],[47.48720550532627,43.456382736721956],[47.48373414135895,43.426933305425344],[47.45442961961824,43.08956910894703],[47.46630476995732,43.013805375682765],[47.5380477760167,42.95304870521913],[47.61471557766177,42.90442657436109],[47.708530442270956,42.721996322347195],[47.732341757498986,42.64255905634699],[47.948875426257985,42.45860289857937],[47.97190475382467,42.44085183932],[48.087051391658065,42.35209654302304],[48.09609958310528,42.34473395570675],[48.11387634558507,42.330268858817156],[48.30596160810566,42.09290313477259],[48.31944276515257,42.05776978778019],[48.323326093475856,42.035961151263656],[48.36721038259415,41.9515151946717],[48.38629842817665,41.92938955850577],[48.39422608441902,41.92020032868595],[48.40070536001808,41.91644294002001],[48.42430114714058,41.90275953641363],[48.5839538469405,41.835769664446275],[48.61304474032711,41.82443237904444],[48.675270096046575,41.784435289731],[48.72415113996557,41.73855067334475],[48.724990837235225,41.73776244985339],[48.73947729681643,41.72286815184104],[49.03609465794682,41.417900098912],[49.13590388337575,41.27047724667931],[49.139713275385375,41.264850598111316],[49.14012246406534,41.251852674942654],[49.140819551249535,41.229709624300256],[49.14651208286838,41.198337077307464],[49.15498352150448,41.15164948301622],[49.19275663821875,41.061103813605754],[49.201778484444695,41.04657592945793],[49.206382743536324,41.03916168840402],[49.215532254686444,41.027465578689124],[47.52181791784693,41.27084695094413],[45.97992718606906,41.84191759234341],[45.491067382019764,42.03881945786326],[45.48116125018947,42.057127639092414]]]}},{"type":"Feature","properties":{"fillColor":"#bde7d1"},"geometry":{"type":"Polygon","coordinates":[[[18.68323448391685,54.70042010545126],[18.68323448391685,54.70789578332162],[18.703887935696915,54.70027158754],[18.727934458598632,54.6902831318248],[18.73999786392055,54.68527222898756],[18.744642868220218,54.68274508457886],[18.774719246556753,54.66638183786381],[18.83267211262347,54.621036529023286],[18.82096862377795,54.59374235152786],[18.796498093159553,54.61119682281576],[18.786109919689718,54.618606554888686],[18.777959473824023,54.62732328260182],[18.772081373860754,54.63360978492274],[18.763313946674774,54.64554319610439],[18.755554212528875,54.656105028699],[18.755554212528754,54.65610502869911],[18.75555421252864,54.656105028699265],[18.732250743653143,54.677053350833965],[18.730831163386494,54.678329462338255],[18.706247332722075,54.693607335276084],[18.68323448391685,54.70042010545126]]]}},{"type":"Feature","properties":{"fillColor":"#bde7d1"},"geometry":{"type":"Polygon","coordinates":[[[22.553793008208537,67.67720808787175],[22.553793008208537,70.06400516821277],[22.813610088050382,70.09416198846247],[22.87305451982911,70.10249330069882],[22.99166486900117,70.08833312449588],[23.045555118432276,70.02276609944226],[23.166664121822464,69.95776365254903],[23.31763649532064,69.9423522909259],[23.469720835760995,69.98387908004514],[23.53471944988752,70.01929473547511],[23.509998336486035,70.02527617453103],[23.46694184756126,70.02777099598211],[23.433887486182357,70.02861021704632],[23.389720927341443,70.02638245039515],[23.364442823883508,70.02735136609272],[23.331941619794236,70.03207399290977],[23.260276778948253,70.04943847827991],[23.23971940528145,70.0566558878333],[23.178747170722943,70.09110258885096],[23.331108089808026,70.21971131023196],[23.40916443704009,70.27387999661903],[23.464996350632713,70.31138609724805],[23.585552196733317,70.38360595369494],[23.64583205552441,70.40777588426249],[23.656110761715127,70.417221060467],[23.813886644670106,70.48443602037412],[23.854164106680173,70.49526978088039],[23.894165028760426,70.50082396322802],[23.978610985352304,70.50942991836837],[24.02124788310249,70.50791167814828],[24.15527725943116,70.5680542154874],[24.295829772519767,70.66831970400631],[24.32749938236367,70.67971800395804],[24.3630523592455,70.68859864071715],[24.476108564784738,70.67776488021087],[24.50833129320324,70.66693878523819],[24.62360763857481,70.6211089991915],[24.646522779916836,70.61420869560405],[24.646522779916836,68.21122119005533],[23.543703421627924,67.9329093431943],[22.820817280555787,67.75049128559664],[22.553793008208537,67.67720808787175]]]}},{"type":"Feature","properties":{"fillColor":"#bde7d1"},"geometry":{"type":"Polygon","coordinates":[[[28.868819346953707,52.03929712220091],[28.868819346953707,59.79397757144189],[28.95625985690602,59.819089011929854],[28.956521982158332,59.819164289883716],[28.956693139796105,59.819237777657726],[28.981105812823085,59.829719536004376],[29.02735902281108,59.86666105847324],[29.03617860630555,59.895061511833205],[29.02853766010358,59.92961845000602],[29.028331771275123,59.930549602683655],[29.062774639526022,59.9691543523582],[29.10680197988906,59.98846437337161],[29.1945781849444,60.006801607206],[29.342673155030372,59.990449855149876],[29.49277115656236,59.973876940460265],[29.57714834069217,59.96337449641177],[29.762775406147778,59.94026946050698],[29.79051689333724,59.93599815340118],[29.791664130765902,59.93582151530864],[29.79868025184496,59.934141001643944],[29.9308280982675,59.90248871697397],[30.00916481819623,59.881103504398894],[30.03944015266035,59.872764604058574],[30.076248186443973,59.86763001288553],[30.112650425523203,59.865910491846115],[30.155551925044506,59.86388396729927],[30.171938290634554,59.86823120385512],[30.18485640807005,59.87165832819434],[30.21805192366759,59.8969383286782],[30.240629884936794,59.95217610364302],[30.246662133900163,59.966934212525935],[30.238090854931105,59.97764705184689],[30.23388291518013,59.98290635825711],[30.233882915179983,59.98290635825715],[30.233882915179784,59.982906358257395],[30.169996267996048,59.99867250245298],[30.169996267995877,59.99867250245299],[30.169996267995746,59.998672502453026],[30.133709893946747,60.00080815934631],[30.07666398356676,60.00416563153612],[30.036972044432197,60.0079994048951],[29.971382138922188,60.018051164835306],[29.947580347539127,60.0271873580939],[29.893466945909182,60.093463909578404],[29.89779456428564,60.10725355130634],[29.90200995075909,60.12068557422389],[29.87985802996978,60.145271301914384],[29.865958666318843,60.15134817091565],[29.845550547430097,60.16027069918136],[29.836926072150106,60.16351987013805],[29.824165334854708,60.16832732979935],[29.748603809073803,60.18693541248562],[29.721660620099343,60.19221495192927],[29.68868461894401,60.19480499941827],[29.67221831586662,60.19609831896723],[29.657013238582547,60.19651091697578],[29.57999799837958,60.1986007672375],[29.55356596111909,60.197715746545896],[29.518608108387262,60.19360349751627],[29.49874484036442,60.18911616734234],[29.471040723973548,60.18285750349741],[29.444717397916104,60.16749190278676],[29.434068054767526,60.16544904971701],[29.400550839074764,60.15901947504682],[29.263523123973574,60.1645342889286],[29.16235731483705,60.168605805469724],[29.046386735386815,60.181663499860356],[29.03655478401589,60.18370773324449],[29.02638817137263,60.18582154851748],[28.868819346953707,60.25995456704816],[28.868819346953707,61.848535016431995],[29.700698415519746,61.28626211416467],[30.710192346260214,60.55847336984934],[31.68005131971082,59.867334585280695],[32.42048124222314,59.277770481479045],[33.05779019235134,58.48934853648962],[33.09086091894041,58.088424917242534],[33.21816376005062,57.54459974380502],[33.664566044178954,57.00241023396247],[34.420900091373255,56.30315736153847],[34.93831321795775,55.954539170763056],[35.65477129653687,55.58288824685185],[36.41191279025627,55.26718559685968],[37.54559166795226,54.6855761020749],[38.62357948948741,54.13757736637932],[39.68662390042799,53.59860196344249],[40.72315391569755,53.01409540164713],[41.70799776337677,52.42320547758609],[42.25357447801491,52.03929712220091],[28.868819346953707,52.03929712220091]]]}},{"type":"Feature","properties":{"fillColor":"#fff9b9"},"geometry":{"type":"Polygon","coordinates":[[[6.938332542749208,62.906105040566615],[6.949443811055858,62.93138887381713],[7.036388383150836,62.96749876332575],[7.090277664711721,62.983886706179874],[7.110554704396577,62.988052381655336],[7.265138628210423,63.011383052444046],[7.298054700266903,63.00193787623954],[7.381110175531148,62.957221992875816],[7.445138441512086,62.914718622525584],[7.467360513547533,62.91124725855832],[7.520833030115057,62.91749571369951],[7.575555338369441,62.93333053797886],[7.60590217909845,62.95464707047057],[7.648888594206483,62.96916199053146],[7.681666376940541,62.97444152997531],[7.718610764305708,62.97721862114906],[7.747499450208863,62.97694397824506],[7.87878369444438,62.9745863246784],[7.87878369444438,62.75120254918921],[7.692499169576422,62.73166657185374],[7.669444070847305,62.728881853861026],[7.556388871893432,62.69944001066841],[7.531666287328846,62.69027327141987],[7.484860423343662,62.679645551163674],[7.389999406979314,62.68332671071829],[7.367776870366129,62.72610472397247],[7.326665878369681,62.7447204721924],[7.203332902380396,62.735549938891836],[6.979027273045176,62.72152329008884],[6.95458269957345,62.72402573835876],[6.938332542749208,62.906105040566615]]]}},{"type":"Feature","properties":{"fillColor":"#bde7d1"},"geometry":{"type":"Polygon","coordinates":[[[22.04430389406629,58.94262695311204],[22.049291217080036,58.94709271028661],[22.052219390952985,58.94971466066863],[22.05402135776118,58.95006752339173],[22.06499862680382,58.95221710185715],[22.19110488871453,58.947486877334036],[22.293388300144102,58.94980111567202],[22.37555313128206,58.95166015615172],[22.399173140316577,58.95756630594049],[22.434440612904154,58.96638488748577],[22.46805191016304,58.9780426024413],[22.487773895415522,58.9922180175545],[22.523003215987256,59.02197955604548],[22.523609161266734,59.02249145532329],[22.54506778717041,59.04144038282614],[22.54506778717041,58.687423133609975],[22.531665802079146,58.68859863299343],[22.517776489046696,58.691101074181915],[22.47999572771249,58.69971466069978],[22.468465805084634,58.71124267595627],[22.471939086900022,58.763610839954254],[22.447772979718195,58.83471298223748],[22.42610549949569,58.85527038579147],[22.404994964465402,58.871658325270175],[22.386106491169414,58.88457489030441],[22.386106491169382,58.88457489030443],[22.383244145608014,58.8855701991149],[22.369716644319567,58.89027404808337],[22.336109161289983,58.89221954356651],[22.291251808490504,58.89010826904098],[22.276943206558567,58.889434814526425],[22.259983729870456,58.88358245548431],[22.245548248407488,58.87860107415867],[22.22943878152506,58.878044128453325],[22.17721939093741,58.888885497792614],[22.164997100791936,58.891937255714936],[22.146782162032505,58.89762693979213],[22.06361007702611,58.92360687274601],[22.05215512785307,58.92878231940442],[22.049163818288278,58.930133819341926],[22.04430389406629,58.94262695311204]]]}},{"type":"Feature","properties":{"fillColor":"#fff9b9"},"geometry":{"type":"Polygon","coordinates":[[[-4.112524448764034,56.48423385609976],[-4.112524448764034,57.65391674254118],[-4.109022618521806,57.653141022358284],[-4.088555814430833,57.63961029245661],[-4.111389159979467,57.59832763630959],[-4.039861679142689,57.55569076609328],[-3.754137038255692,57.62503814857928],[-3.488055707245451,57.70944214074723],[-3.339722633610108,57.72332763515624],[-3.286250115600126,57.72499465823688],[-3.278055666375792,57.71805190880286],[-3.261111260039456,57.70471954559122],[-3.246111392166654,57.698326110381174],[-3.223333357062188,57.6916656475471],[-3.123333456084708,57.67166137504],[-3.080833435073259,57.665550230888925],[-3.038472412543683,57.66249465881339],[-3.022500036878228,57.66527557377691],[-2.989444733516166,57.674163820377146],[-2.967500207722594,57.68027496452805],[-2.942500114312566,57.68943786824008],[-2.923611165053444,57.69693756138605],[-2.898056031959186,57.7069396954102],[-2.852777958714228,57.70582580352715],[-2.786389114235931,57.702220917227805],[-2.64583349437919,57.68804931478604],[-2.570000173041819,57.67971801635707],[-2.510000228887975,57.67166137504],[-2.44444465738917,57.668327333338084],[-2.396250246882062,57.666381836172036],[-2.186111448320844,57.668609619938024],[-2.170000314963829,57.670970917516115],[-2.158534884365139,57.67852422230655],[-2.158534884365139,56.96760026423175],[-2.194167135394423,56.90249633976441],[-2.219722272947877,56.867774963106115],[-2.3198611724074,56.796382904568134],[-2.348055840833979,56.78443908589253],[-2.448479412502024,56.69143676767169],[-2.488611219900349,56.614166257680665],[-2.531250239393785,56.576107026805914],[-2.551389216287532,56.563888551018294],[-2.640833379380979,56.52249908649719],[-2.720833779068471,56.48888397223385],[-2.756741688611291,56.48423385609976],[-4.112524448764034,56.48423385609976]]]}},{"type":"Feature","properties":{"fillColor":"#fff9b9"},"geometry":{"type":"Polygon","coordinates":[[[8.115866897119872,52.17206389116808],[8.115866897119872,53.39698081052843],[10.11263331421653,53.39698081052843],[10.11263331421653,52.17206389116808],[8.115866897119872,52.17206389116808]]]}},{"type":"Feature","properties":{"fillColor":"#fff9b9"},"geometry":{"type":"Polygon","coordinates":[[[5.214874303039849,60.56978798840642],[5.371533263915441,60.56978798840642],[5.3602771577103,60.56499480383735],[5.319166165714023,60.55832671880671],[5.268332954290543,60.55291365196291],[5.241388332867416,60.557216648890574],[5.214874303039849,60.56978798840642]]]}},{"type":"Feature","properties":{"fillColor":"#fff9b9"},"geometry":{"type":"Polygon","coordinates":[[[34.666206375555134,46.08637619329011],[34.73346330232246,46.108184829806675],[34.79948042582558,46.087722772016654],[34.82364656234128,46.072616560572506],[34.854351815411334,46.00532714153054],[34.759622089342194,46.00532714153054],[34.75485230894958,46.01131056558614],[34.716926578431014,46.03082275536826],[34.70053863557689,46.04638673079546],[34.666206375555134,46.08637619329011]]]}},{"type":"Feature","properties":{"fillColor":"#fff9b9"},"geometry":{"type":"Polygon","coordinates":[[[-10.47472381580053,52.14555358907296],[-10.463335037544915,52.18020630004907],[-10.379971994339806,52.2200447538695],[-10.35972404494106,52.2297210680498],[-10.312406528115467,52.24859014499564],[-10.265001296492121,52.26749420047328],[-10.250556944539253,52.27138519206439],[-10.219833969531882,52.2778226038583],[-10.204168320150075,52.28110504105928],[-10.189467154257173,52.28274664456225],[-10.161875724250692,52.28582763749031],[-10.157084464432302,52.27207946754618],[-9.948890685236004,52.230690002247854],[-9.92027854915683,52.22999572676607],[-9.883890152059672,52.22999572676607],[-9.84429830303921,52.23490054137559],[-9.84429830303921,52.151936825563396],[-9.872501373804027,52.151382446476816],[-9.881946733143288,52.150827958660116],[-9.886667251403448,52.15055084163687],[-9.895395996826778,52.14963959080554],[-9.942501068654622,52.14472198423317],[-10.007683323406768,52.13791653192451],[-10.025001524897759,52.13610839879433],[-10.031039700517976,52.13512130478253],[-10.053890228803482,52.13138580236341],[-10.093055725244426,52.123603821764505],[-10.184722899996075,52.107215881834804],[-10.444931983876984,52.09312057414968],[-10.46777915962241,52.104721069898346],[-10.473611832663494,52.129165649143204],[-10.47472381580053,52.14555358907296]]]}},{"type":"Feature","properties":{"fillColor":"#fff9b9"},"geometry":{"type":"Polygon","coordinates":[[[10.666248329008965,63.545410151274496],[10.72055433684801,63.60499573727219],[10.742498397790428,63.616386410405084],[10.82645701228003,63.648944657937356],[10.82645701228003,63.58887551816773],[10.726943017052236,63.56513596941073],[10.687776554113952,63.547775278092445],[10.666248329008965,63.545410151274496]]]}},{"type":"Feature","properties":{"fillColor":"#fff9b9"},"geometry":{"type":"Polygon","coordinates":[[[-6.71777820593519,61.93332672127178],[-6.7252779006742,61.93444061279587],[-6.758132223872821,61.945137826631],[-6.773056030397866,61.949996948173954],[-6.869167327964536,61.99749755856211],[-6.892103349926919,62.00976169652006],[-6.961112022420082,62.046661376906684],[-7.03458166123022,62.11211013789722],[-7.130307674540347,62.125598907393396],[-7.234236717211592,62.17707443237889],[-7.233657730318842,62.187424087657],[-7.233195304803019,62.195690155059026],[-7.210926624888532,62.28435080408678],[-7.210833549624823,62.28472137447176],[-7.193889141107006,62.30624771121352],[-7.146749549846128,62.303831275926285],[-7.131527900770436,62.303050994872194],[-7.12398362696513,62.30095730610912],[-7.087500572306662,62.29083251960837],[-7.068194866159575,62.28347015390842],[-7.06000041974302,62.275829315120745],[-7.052222251916173,62.257499694720266],[-7.051426495071861,62.25601235903399],[-7.043750286164254,62.24166488652992],[-7.040693635471994,62.23818662180921],[-7.036666870014822,62.23360443115719],[-6.990834236069241,62.19305419935148],[-6.973889350813037,62.18249511731023],[-6.945834159854216,62.16805267345627],[-6.91638946526497,62.15388488768066],[-6.882984320267879,62.140771404711224],[-6.841389656065473,62.1244430540728],[-6.778986798580038,62.07702992722508],[-6.735000610251217,62.043609619072186],[-6.721806049240748,62.03180313120141],[-6.696250438702712,61.977355956964615],[-6.704722404454635,61.938884735242254],[-6.71777820593519,61.93332672127178]]]}},{"type":"Feature","properties":{"fillColor":"#fff9b9"},"geometry":{"type":"Polygon","coordinates":[[[25.940930660130554,41.76735497110957],[25.940930660130554,43.16721442045773],[26.384261319034408,43.23092495946139],[26.994980782903156,43.406498849428374],[27.67429855739846,43.47548808661503],[28.20000353422347,43.5758499525806],[28.57756425221828,43.591655749081724],[28.577564252218284,43.59165574908168],[28.600412381541634,43.56186675013485],[28.60513496964391,43.53395081269588],[28.592494969401972,43.50332259268486],[28.559135969498197,43.45547605373108],[28.557632432546768,43.453319543058626],[28.556988299329383,43.45269263895824],[28.541660325530284,43.43777465403555],[28.525554652398963,43.42581940274238],[28.50514942019399,43.411440521378346],[28.479442596629553,43.393325786757146],[28.453469023250626,43.385319328592956],[28.453331001900267,43.38527678295816],[28.431388837983718,43.38943483161506],[28.41572170946231,43.395606254433304],[28.408466337498997,43.39846421069685],[28.40793274753234,43.398758045749894],[28.382495896988473,43.41276550240377],[28.335966108355535,43.421653765981716],[28.299720755706176,43.421653765981716],[28.150411609413595,43.404441816986036],[28.12722015710301,43.394985181196034],[28.127220157102986,43.39498518119601],[28.1272201571029,43.39498518119598],[28.084854108204784,43.35707091026294],[28.07166288641412,43.322776784334714],[28.06145734360839,43.299420064144584],[28.053331382372505,43.28082273850748],[28.031654829202637,43.24903061269902],[28.01583101153619,43.22582245787488],[27.94499970067635,43.16721345310827],[27.94172843204525,43.15982035383715],[27.887355817555147,43.036937710469715],[27.88665543879044,43.02046814766618],[27.88638686314297,43.0141525314369],[27.896381363870272,42.92498778079463],[27.9038829788872,42.89110945198913],[27.902406979920446,42.86745029393482],[27.90166473608076,42.85555268105526],[27.87916565953759,42.84110260831102],[27.879165659537612,42.841102608310955],[27.879165659537573,42.84110260831093],[27.898120897978114,42.78401947058324],[27.894094479695287,42.70305250477735],[27.824336451630057,42.70699250864661],[27.80554963068522,42.708053607265185],[27.77194021499099,42.713607789613036],[27.732912080089704,42.71110534134306],[27.510690701582917,42.55221938847194],[27.495830522793767,42.535827651566024],[27.449579248546456,42.47298049718847],[27.449579248546478,42.472980497188445],[27.44957924854641,42.47298049718835],[27.46479630336037,42.44973212238365],[27.464992507195404,42.449432365278824],[27.464992507195408,42.449432365278824],[27.46499250719543,42.44943236527879],[27.51520349409785,42.43513490633871],[27.55388261493373,42.4488754139373],[27.603653292090435,42.44756296652709],[27.616664883279924,42.44721985226511],[27.6791648819033,42.41831970677646],[27.70034219591702,42.39527130571049],[27.70388793104568,42.36888886212917],[27.717633604400376,42.338319064371554],[27.755413053658856,42.25429916273231],[27.761937986815582,42.24727024934735],[27.78055189992398,42.22721861359076],[27.85721970156906,42.16416166362584],[27.899162287810906,42.133605956465],[27.93888856698715,42.10304258377061],[27.968608847135773,42.072494503428494],[27.99880161411765,42.0390171234063],[28.000553138598377,42.03707505394658],[28.0218009910066,41.9941635132926],[28.017064595716317,41.987694099230346],[28.01305388164751,41.982215888818075],[28.02833175458534,41.93748475181686],[28.032493597294177,41.90915681130715],[27.987739579836784,41.89050676176032],[27.987739579836767,41.8905067617603],[27.965482703181788,41.86360929498311],[27.967634201645584,41.828468321171975],[28.00450954793243,41.76735497110957],[25.940930660130554,41.76735497110957]]]}},{"type":"Feature","properties":{"fillColor":"#bde7d1"},"geometry":{"type":"Polygon","coordinates":[[[-22.09923744022808,64.31234741459207],[-22.03029251297238,64.42863464525522],[-21.978889466414955,64.50082397594667],[-21.80619931271302,64.56834273684582],[-21.80619931271302,64.34084350104422],[-21.809722900757436,64.33888244451828],[-21.93861388938393,64.30444335915433],[-21.981668474054516,64.2962417604976],[-22.022502898104392,64.295822143191],[-22.09923744022808,64.31234741459207]]]}},{"type":"Feature","properties":{"fillColor":"#bde7d1"},"geometry":{"type":"Polygon","coordinates":[[[20.461063236500237,67.35784339071243],[20.461063236500237,69.56827378471108],[20.46638678189106,69.57318878997069],[20.490276339762033,69.57527160835104],[20.521526319716315,69.56179807812282],[20.55583190523015,69.54638671649985],[20.611385343152165,69.52943419548552],[20.697635642453747,69.51026916145764],[20.849025710100705,69.49228667148128],[20.82388686383564,69.505554200174],[20.671386726272488,69.55360412605324],[20.51055527647287,69.61694334574088],[20.484928120234883,69.63130952347916],[20.56583023872429,69.76138305863441],[20.62027740078196,69.76748656550478],[20.709720627095066,69.78138731372644],[20.770832080131527,69.79331968456347],[20.804996472711593,69.80540466920473],[20.835845947895564,69.84461213113303],[20.85245514592225,69.86971284330457],[20.901943211067646,69.90415954432217],[21.05944441240365,69.94610596333081],[21.084442143164893,69.94214628939062],[21.058748242584272,69.925689705168],[21.02861022957211,69.91943358449316],[21.00666427160354,69.91305543471879],[20.988054291891217,69.90443418722617],[20.923414215674768,69.8544616835897],[20.945274342896425,69.81248475730615],[21.00020791790098,69.78562163057063],[21.048332214941524,69.78901672635061],[21.136943808294234,69.86888121034417],[21.22749710452348,69.97305298507229],[21.2482624154664,69.99776457462917],[21.31333160670232,70.0209655894995],[21.347221356378554,70.02499390480824],[21.377498626583474,70.02638245039515],[21.41444398181909,70.02333067760264],[21.442775716380652,70.01748655999859],[21.554996494907698,69.98332212870355],[21.891109467251056,69.82804869401855],[21.922777180068977,69.80651857188752],[21.964443187666006,69.77026365667871],[21.979858382055795,69.74082947901957],[22.034721379951066,69.73277280968705],[22.06860733557528,69.73138426410026],[22.099580775599634,69.7437438916453],[22.015274037485767,69.8422088702215],[21.808401109026136,70.04026794497935],[21.750274645724858,70.05610656331055],[21.725414275130504,70.05651856638133],[21.469928739657632,70.10173034782196],[21.27666472713753,70.17166138435289],[21.212738048833387,70.20825958383438],[21.24521637246653,70.21780394739733],[21.29999923069289,70.24693297487755],[21.51638795118123,70.30387879115318],[21.586456309164134,70.29360198198845],[21.84083177472087,70.27165222996803],[21.98673440436272,70.31867218688484],[22.261108395218685,70.28694152377648],[22.31041527502549,70.27777099047591],[22.278610240755597,70.1813812421762],[22.32951356471068,70.15580751238423],[22.448219307189163,70.1427078124184],[22.434345233475824,70.1516418369086],[22.419429769929593,70.15419771162436],[22.35567854717118,70.16381071655582],[22.336456292645266,70.16436004107857],[22.380887970545587,70.2513427859821],[22.407220859162578,70.25457764113918],[22.50972174115151,70.25082396873427],[22.553793008208537,70.2463204745419],[22.553793008208537,70.08157452776628],[22.55138778746334,70.0813293432966],[22.527721420505998,70.08107758084873],[22.497972491393682,70.0816574126464],[22.47672080621868,70.07982635671374],[22.46171951192548,70.07716370653571],[22.328609457615187,70.05387879665938],[22.29666520486728,70.04123686067675],[22.318193429972325,70.03665925956005],[22.553793008208537,70.06400516821277],[22.553793008208537,67.67720808787175],[21.390113904132093,67.35784339071243],[20.461063236500237,67.35784339071243]]]}},{"type":"Feature","properties":{"fillColor":"#c6d1ed"},"geometry":{"type":"Polygon","coordinates":[[[15.646943093364428,79.83978271289436],[15.684859273748827,79.86456298772129],[15.707220076400972,79.8708190895465],[15.731109618651544,79.87359618959937],[15.797777178269769,79.87525939839207],[15.836664198762719,79.8749847424067],[15.951387406586946,79.93442535452903],[15.97555446362145,79.96804809821958],[16.022773740913408,80.00888061436899],[16.056665422993035,80.02040862943636],[16.11145544052127,80.03034409645069],[16.11145544052127,79.20766135438376],[15.973885537232036,79.32470703140689],[15.940275190936916,79.38526916566718],[15.892498014155137,79.4966430688338],[15.874164579729609,79.56414795044492],[15.794443129805984,79.63040161280338],[15.73888587811848,79.66442870959446],[15.691803934381142,79.69234466343102],[15.647499085134768,79.76499939204717],[15.646943093364428,79.83978271289436]]]}},{"type":"Feature","properties":{"fillColor":"#fff9b9"},"geometry":{"type":"Polygon","coordinates":[[[-6.06651401316293,56.72048187208145],[-6.041056154926878,56.7397727986006],[-6.009805678093471,56.74510574388512],[-5.905972478836588,56.758605955834526],[-5.896472455201831,56.75894164885119],[-5.889972688739419,56.755771638913416],[-5.86880588469046,56.74443817036632],[-5.851461409580963,56.73944091809835],[-5.849583623564172,56.74444198733988],[-5.662917139063893,56.86923217749387],[-5.672500609945814,56.8761062615352],[-5.742778299479085,56.89374542394984],[-5.767500877506052,56.89249420128124],[-5.818056108469534,56.88555145184722],[-5.865278243056196,56.87944030769631],[-5.882778166198591,56.87902450728427],[-5.919583797714381,56.8870811441422],[-5.646111490419116,57.23499297990037],[-5.560667038518659,57.25477218473861],[-5.548500537782559,57.256439207819085],[-5.512667177728076,57.27744293434705],[-5.575677871272376,57.33214950756275],[-5.632555963566347,57.370552060942146],[-5.75111198351658,57.34333038188902],[-5.773750306685997,57.34013366651345],[-5.788611412408203,57.34388733006004],[-5.818056108469534,57.362495424084216],[-5.860000608215955,57.45082855356577],[-5.866945266136725,57.467773437023766],[-5.871389387207273,57.47916412450178],[-5.869861603399102,57.493885041167346],[-5.850417137334091,57.54972076524223],[-5.804528236838848,57.55535888559115],[-5.790111540994246,57.55923080397349],[-5.766861913452829,57.553691862510675],[-5.750694751739445,57.540691375342305],[-5.653055666759087,57.508743284159436],[-5.642778398501434,57.50860595783291],[-5.510139467236399,57.53319168219616],[-5.519722938118321,57.54846573005926],[-5.535278318337987,57.55221557663225],[-5.643611907812158,57.55221557663225],[-5.655000209681759,57.54708099357879],[-5.670000077554619,57.5466613761933],[-5.69555568777065,57.559440612666435],[-5.707653027292951,57.572393417206314],[-4.112524448764034,57.572393417206314],[-4.112524448764034,56.48423385609976],[-5.136752405503899,56.48423385609976],[-5.135556220892511,56.48499298236095],[-5.120555875897935,56.49555206455585],[-5.107778547911721,56.50777435285801],[-5.070138929963491,56.5606918356429],[-5.084167003496646,56.55707931539638],[-5.095833779451766,56.544715879335115],[-5.103889466525459,56.529441831472184],[-5.11555576535892,56.512771605126034],[-5.157971564337401,56.48423385609976],[-5.332683110283713,56.48423385609976],[-5.362228392136046,56.49400329631118],[-5.383055686194666,56.58305358875447],[-5.314723016705898,56.65666198905592],[-5.363333700287626,56.66194152792383],[-5.563889505088639,56.540550232350085],[-5.592778207222295,56.524162292604046],[-5.601944923448798,56.519439697448036],[-5.676944731016363,56.49388885398997],[-5.884166719652683,56.55332946882322],[-5.895556448428295,56.556938172096295],[-5.93055629917211,56.56971740856943],[-5.942778587474095,56.57666015800345],[-5.908555985812427,56.61854934730559],[-5.91663980522992,56.62521743962765],[-5.916889192728206,56.63180160312169],[-5.909139157840514,56.63888549585579],[-5.903555870814273,56.64138031170478],[-5.895889283173801,56.64254760554542],[-5.840622903515964,56.64571761994216],[-5.61250018867031,56.681938170943],[-5.552395821750906,56.68885040242475],[-5.739444730439686,56.711662290874244],[-5.765972612117082,56.71138382124769],[-5.779444696181656,56.70777130100117],[-5.821539400081235,56.70537185598272],[-5.833038808879394,56.69897079574349],[-5.877305986100737,56.69477081383263],[-6.040638923149857,56.69827270427248],[-6.051306249543245,56.70094299388842],[-6.062472819136701,56.708774567536466],[-6.06651401316293,56.72048187208145]]]}},{"type":"Feature","properties":{"fillColor":"#c6d1ed"},"geometry":{"type":"Polygon","coordinates":[[[57.41674117078372,73.56670078831975],[57.41674117078372,73.78712315979547],[57.48165512188916,73.75526428367294],[57.567520145310084,73.69548034825692],[57.58544158590877,73.67222595243993],[57.60471725799272,73.61928558020088],[57.58610534816336,73.61053466980951],[57.41674117078372,73.56670078831975]]]}},{"type":"Feature","properties":{"fillColor":"#bde7d1"},"geometry":{"type":"Polygon","coordinates":[[[26.739252551625135,68.3393750632219],[26.739252551625135,70.41102715898784],[26.926387768533516,70.47610474685251],[26.99055482712936,70.51971435435195],[27.011943833756334,70.58804321694197],[27.090692518041124,70.70581817781664],[27.139513023615848,70.74061582864039],[27.30916405690982,70.81804658316236],[27.343471539449467,70.82429503830355],[27.424163823636547,70.81527711880727],[27.514720913917813,70.80693055293341],[27.565551763737574,70.80471800120495],[27.510276801486157,70.86193846038452],[27.459999070241167,70.87582399368353],[27.382774355969502,70.87860108485745],[27.309165953935803,70.88082885150857],[27.26735879211998,70.88220977027669],[27.205276487645108,70.88916016374475],[27.168886186725103,70.8973541158145],[27.128747943192877,70.91658782992585],[27.136108403991045,70.95832824739904],[27.22833061850389,71.02124024909324],[27.265691770862247,71.0297165096004],[27.651664741587183,71.11305235756129],[27.730831158735384,71.0872192385026],[27.767497999585316,71.05166626162082],[27.878053653880613,71.03221129233668],[27.972082146844002,71.04666136508092],[28.008052817874557,71.06248472977484],[28.03083037008855,71.06971739296569],[28.207775119838004,71.07998657531175],[28.229997617736558,71.07512666575752],[28.517498021781478,70.98471069098025],[28.544372569387633,70.97395323737607],[28.53388596463543,70.94110108348087],[28.520553588626,70.92359923794379],[28.44360731131013,70.86027527189361],[28.36444093287679,70.82443235975552],[28.25791549091639,70.78929901276314],[28.2324981689805,70.78415679477126],[28.137775403223714,70.78027342773322],[28.010831844789095,70.79263305527849],[27.800277718060215,70.7916565127623],[27.77131651930671,70.78589629016437],[27.82833097695101,70.76748658219452],[27.88666533881377,70.76388548487927],[27.921665197121,70.76138307532415],[28.119407662114327,70.73280333365187],[28.08055304701793,70.70485688893791],[28.03777693078996,70.69471740122503],[27.84249877997263,70.65054321556539],[27.657150282566306,70.6063842835431],[27.710830697695144,70.60276793259015],[27.740833286281315,70.60388183527317],[27.7966651998741,70.60943601762096],[27.836940764858184,70.6152648815874],[28.12805175134838,70.66693115841935],[28.170831661628426,70.67707823423609],[28.191108701313226,70.68610381926607],[28.284303664290405,70.65012358567583],[28.330274565840966,70.50214386744648],[28.30583192811025,70.48138428629619],[28.2541656512783,70.44721985500121],[28.19249724690019,70.4063873386757],[28.16916657611165,70.38720701229539],[28.154026024625693,70.36429597139625],[28.159164409850746,70.22888184353269],[28.16305540370763,70.203323367378],[28.183609022037274,70.16443634798071],[28.21583175045572,70.18415833335013],[28.19888685626023,70.21304322520132],[28.190969482835442,70.28263093874494],[28.228330596478827,70.39499662682783],[28.33194352283948,70.47415162310534],[28.480274190875093,70.6297149543318],[28.509162915493107,70.67527772429321],[28.524997701057487,70.71720885094953],[28.543609616510764,70.7391662685036],[28.748332982247234,70.85735319373424],[28.803333301594478,70.87138367530389],[28.828609469311573,70.87666321474774],[28.831982323333435,70.8771824293069],[28.831982323333435,70.1655211763066],[28.816665638889106,70.16831971501892],[28.740137094436818,70.17707824524854],[28.70027542954938,70.1783294693837],[28.656387346379177,70.17637634563653],[28.61666489996969,70.17109680619268],[28.599094374349306,70.16075135565927],[28.61647031930505,70.11016080870172],[28.831982323333435,70.07456332522335],[28.831982323333435,68.4606093433725],[26.739252551625135,68.3393750632219]]]}},{"type":"Feature","properties":{"fillColor":"#c6d1ed"},"geometry":{"type":"Polygon","coordinates":[[[56.14982301740214,63.82107653768206],[56.14982301740214,68.62229575759412],[56.210548419696124,68.6130371202716],[56.25249479998979,68.6080322237317],[56.29193877072862,68.605255132558],[56.329162601635005,68.6049804509392],[56.38943483360731,68.60914612641471],[56.452491744857355,68.61942289686476],[56.508605966887586,68.62776183591984],[56.591102593784456,68.63720701212435],[56.62804411625319,68.63693236922052],[56.64916227402824,68.6344299209506],[56.68693542945738,68.62580871217278],[56.764999403508,68.60276793792553],[56.79305266239902,68.59304808010216],[56.825340276848976,68.5789489571639],[56.870269788566816,68.56303407064536],[57.01305390107342,68.54443357606294],[57.07221985718155,68.53997804276065],[57.09943772777501,68.54012299103124],[57.14166258373962,68.54359435499873],[57.276100169087044,68.5558166610918],[57.348743449475194,68.56581878863796],[57.39804839354139,68.58082581272373],[57.41526793064088,68.59179685596723],[57.42929841221053,68.61679075396171],[57.44860076769038,68.65013121782982],[57.58665466527589,68.73359679913881],[57.60846709584433,68.73970030600941],[57.651100160827696,68.74304197534337],[57.75785134736651,68.74117961408808],[58.15238747044117,68.12289977466105],[58.511566592462486,67.66229030860939],[58.92283378107277,67.17776853633904],[59.12941284716089,66.40364806101508],[58.72309774848651,64.96504363099484],[58.59038186692237,64.62029561120619],[58.38624556338124,63.991891556194844],[58.15495161822456,63.82107653768206],[56.14982301740214,63.82107653768206]]]}},{"type":"Feature","properties":{"fillColor":"#bde7d1"},"geometry":{"type":"Polygon","coordinates":[[[22.553793008208537,70.08157452776628],[22.553793008208537,70.2463204745419],[22.931110367306303,70.20776368575764],[22.95749854068032,70.20416258844216],[22.971038815251063,70.1894378727938],[22.890274056928604,70.13970946607157],[22.82694242534484,70.11290739260073],[22.7961082425133,70.10693358036349],[22.720832819221982,70.09860230684194],[22.553793008208537,70.08157452776628]]]}},{"type":"Feature","properties":{"fillColor":"#c6d1ed"},"geometry":{"type":"Polygon","coordinates":[[[53.9380745609368,70.77790068598881],[54.09030417400271,70.90172468334976],[54.52674302696988,70.98290969888416],[54.75533226145569,71.2993932228236],[54.72304417300285,71.6534912551881],[54.508643997094,71.90866544400075],[54.37542598196561,71.98095703170063],[55.00683402965984,71.98095703170063],[55.00683402965984,70.59768288165704],[54.781105041873616,70.66775512759688],[54.74804687523533,70.68025970361259],[54.73285438353382,70.6916160028589],[54.70047378654562,70.71582031090767],[54.70978164555396,70.74109649722072],[54.68762969962319,70.75791168139506],[54.57344055257181,70.78147888025984],[54.49957656966677,70.78401183957675],[54.49957656966675,70.7840118395767],[54.49957656966668,70.7840118395767],[54.48703333001139,70.75321260231486],[54.479156492989546,70.73387146087339],[54.47915649298959,70.73387146087337],[54.47915649298958,70.73387146087336],[54.498466490552175,70.72637176617131],[54.51720560035712,70.72217209106465],[54.54554748462078,70.71582031090765],[54.53555297972575,70.6837310789747],[54.214439392920326,70.72637939343991],[53.96610260129711,70.7697143569871],[53.9380745609368,70.77790068598881]]]}},{"type":"Feature","properties":{"fillColor":"#fff9b9"},"geometry":{"type":"Polygon","coordinates":[[[12.300293671197856,63.64916172296642],[12.300293671197856,65.06171826773758],[12.42055512015952,65.08444212461973],[12.624721534554567,65.13360595318187],[12.939234736813034,65.3208846938793],[12.776305214995773,65.25353241252043],[12.705571155753375,65.21931459349435],[12.688570976800804,65.21126555098061],[12.479789717636152,65.13430022597527],[12.390415210121375,65.14068604128329],[12.368331891985974,65.15776825693081],[12.42222214141708,65.23054502600417],[12.510276783428367,65.24026488382765],[12.558776846471972,65.24813080526206],[12.593509688693814,65.25350190524529],[12.577444085397076,65.26113127915482],[12.431110366280222,65.27207948065683],[12.367776876385392,65.2694397109351],[12.509192458864732,65.36660766574892],[12.634511930772419,65.41603088357743],[12.607498164688252,65.45915221981892],[12.561943060260319,65.50444030816169],[12.531110774454817,65.51693725715893],[12.505414976848158,65.51082612346971],[12.476665509422958,65.51304626330204],[12.421110135760102,65.52860261191063],[12.392914754780065,65.54415892180435],[12.355554570292156,65.59027097757371],[12.354928977582063,65.64075471035414],[12.459812764428593,65.73353385685105],[13.774130330115682,65.73353385685105],[13.774130330115682,64.89554326692314],[12.660067751929091,63.85635606232279],[12.300293671197856,63.64916172296642]]]}},{"type":"Feature","properties":{"fillColor":"#fff9b9"},"geometry":{"type":"Polygon","coordinates":[[[-4.112524448764034,57.72021852069119],[-4.112524448764034,57.8214689204587],[-4.043222903404285,57.814384460670226],[-3.926389216978919,57.807495117652934],[-3.87472247974091,57.81527709739885],[-3.850555895641548,57.819999697014055],[-3.838194608857577,57.82763290397196],[-3.823472501617289,57.84833145097667],[-3.806805610663957,57.858188629186145],[-3.788333416060254,57.86110687047602],[-3.774028063475328,57.85485458302509],[-3.777778150838742,57.84360504330613],[-3.819444658080442,57.80458068887731],[-3.865555763514294,57.76860809400961],[-3.948055982139863,57.71485519342724],[-3.968611241026508,57.702499391313154],[-3.98427796450602,57.70510482805082],[-3.990944625462987,57.703273773206206],[-3.998278378357895,57.70194244314223],[-4.009061337647267,57.70746230865535],[-4.007377624225512,57.71598816126004],[-4.019444464494768,57.72805023031225],[-4.031111717571548,57.731384276473364],[-4.085278510079092,57.7261047376054],[-4.097778318223277,57.72388458332739],[-4.112524448764034,57.72021852069119]]]}},{"type":"Feature","properties":{"fillColor":"#fff9b9"},"geometry":{"type":"Polygon","coordinates":[[[-2.597222328184955,49.42249298093424],[-2.654444694547067,49.42582702636366],[-2.666700796039217,49.43183678376759],[-2.668611288066749,49.43277359010973],[-2.654166936863987,49.45777511596327],[-2.593409463275004,49.48455241772077],[-2.579166889160251,49.4908294678077],[-2.53652811053038,49.50819396976111],[-2.500972509388058,49.503887176552134],[-2.528472662008943,49.42638778687653],[-2.549687777932448,49.42399425786085],[-2.555555820503173,49.42333221433449],[-2.590833663962542,49.42249298093424],[-2.597222328184955,49.42249298093424]]]}},{"type":"Feature","properties":{"fillColor":"#fff9b9"},"geometry":{"type":"Polygon","coordinates":[[[11.74850559234618,55.547634124773424],[11.74850559234618,55.78221555558428],[11.765554428288873,55.75860595731393],[11.799860000710858,55.68555068973597],[11.795655903702517,55.66701804119032],[11.794440269721633,55.66165924064819],[11.79444026972166,55.661659240648206],[11.794440269721637,55.661659240648106],[11.823331833163024,55.67909240750665],[11.824951576465924,55.684260899613975],[11.832082748644154,55.707015991147614],[11.841492062703717,55.75388820070149],[11.843610763443452,55.76444244348952],[11.86929148221855,55.833454586689825],[11.904026985316063,55.92679977437281],[11.912636334783638,55.92927810051999],[11.914164543119966,55.92971801746057],[11.919561851677493,55.929303753527066],[11.924999237202933,55.92888641353402],[11.931155868791596,55.92718672535116],[11.941110611169563,55.924438476127534],[11.949834141941551,55.92100424419059],[11.959444046058081,55.91722106963764],[11.989860535032548,55.902912139957344],[12.000138282492806,55.8917999271212],[12.035276412954474,55.806388854599625],[12.040554046951236,55.7933273316992],[12.056249618954539,55.746803283430566],[12.055750658374032,55.738571012999344],[12.055416106801658,55.73305130037295],[12.050894494061001,55.72644292652148],[12.048193931526232,55.722496032379425],[12.028610229298497,55.714996337460676],[12.023997794308535,55.71506340709858],[12.009721756013505,55.715270995654635],[11.970554351558121,55.71749877947531],[11.970554351558048,55.71749877947522],[11.97055435155802,55.71749877947522],[11.936665535212434,55.676940918024336],[11.935832977172753,55.6533279418028],[12.059581756669408,55.655689239157944],[12.091080922557989,55.69683528902623],[12.092222213902062,55.69832611042523],[12.092222213902062,55.698326110425235],[12.092222213902064,55.698326110425235],[12.092255729333909,55.698583330841196],[12.093887329091444,55.711105346677016],[12.091526984959387,55.72527313258786],[12.08777618383192,55.73888397187625],[12.072219848261852,55.76453781119005],[12.043537547178216,55.90875900796144],[12.040970802137606,55.9216651914816],[12.040970802137588,55.92166519148162],[12.040970802137565,55.921665191481736],[12.011110305672787,55.95777511552603],[12.011110305672744,55.95777511552603],[12.011110305672702,55.95777511552608],[11.996586035163272,55.957270391108565],[11.979166030605882,55.95666503873326],[11.933886527667823,55.94999694863111],[11.918365105038724,55.945706183407644],[11.886665344010233,55.93694305418542],[11.880996303437533,55.936839247461506],[11.871249198986504,55.93666076664681],[11.8511104583622,55.94583129876338],[11.847082138481573,55.95555496194036],[11.862638473161624,55.96818923975024],[11.919166564809727,55.994438171520834],[12.10017262792818,56.07192961089364],[12.174165726058106,56.10360717781572],[12.179465989023718,56.10535560641596],[12.182898044565938,56.10648775855757],[12.182898044565938,55.547634124773424],[11.74850559234618,55.547634124773424]]]}},{"type":"Feature","properties":{"fillColor":"#fadfa4"},"geometry":{"type":"Polygon","coordinates":[[[28.15724274380044,36.24167413144082],[28.141387939399596,36.21054077145868],[28.1372373750719,36.20502936636359],[28.12277221684036,36.18582153328737],[28.063606262346184,36.1119308472056],[28.00916290282015,36.06888580328166],[27.95666122433971,36.044990539648495],[27.945827484012625,36.03471374513833],[27.940126335238475,36.02822797817555],[27.93166351311544,36.01860046373744],[27.92212701370645,36.007200510484125],[27.906108856074184,35.988052368133424],[27.90010574064846,35.977663458196325],[27.898887634243554,35.97555541981347],[27.892776489173368,35.96083068851467],[27.86555480955468,35.932220459082714],[27.84111022956273,35.912631988564044],[27.799720764173458,35.89332580568265],[27.784025192207423,35.89041137696637],[27.768608093294404,35.89360809332021],[27.73124885554762,35.91305160529117],[27.72222137446886,35.929718017635594],[27.72069836327385,35.94178564145608],[27.72027587883852,35.945133209256355],[27.73083114611274,35.97888183579899],[27.73155189966632,35.987932916299414],[27.74082946785893,36.10443878178012],[27.7197189330216,36.16609954826336],[27.78888320926177,36.2516555786685],[27.804443359430355,36.26943969723141],[27.825890325116305,36.28448431099843],[27.876106262244434,36.31970977785943],[27.895828246979534,36.33222198480661],[27.896176482260596,36.3324178733818],[27.8970976132049,36.33293602601602],[28.162957912352,36.25289674859687],[28.15724274380044,36.24167413144082]]]}},{"type":"Feature","properties":{"fillColor":"#9cb3ec"},"geometry":{"type":"Polygon","coordinates":[[[57.75785134736657,68.741179614088],[57.763053884554594,68.74108885159623],[57.91513059817625,68.74539947534257],[57.938223046893285,68.75206527748618],[57.94401932279425,68.75373841439767],[57.97707368417315,68.77870176640238],[57.94533539424592,68.8230438195039],[57.95824244586333,68.83488819844446],[57.97137451483985,68.84693906845268],[57.97697996887807,68.848098150891],[58.00222015725686,68.85331725694195],[58.18429566541269,68.88499449360448],[58.24026869450929,68.87908173463194],[58.22991582186454,68.86567539306022],[58.22165681777102,68.85498048414766],[58.20145035519553,68.83728026389403],[58.20145035519557,68.837280263894],[58.20145035519556,68.837280263894],[58.20922922340498,68.83149012143372],[58.3454093849349,68.7301254351715],[58.37226671444597,68.73087460380961],[58.38999174089855,68.73136903248769],[58.396324468936086,68.73242474004944],[58.421661389457256,68.73664857193148],[58.4332562858892,68.7502555887362],[58.43526840837069,68.75261688489604],[58.39402009492227,68.77442931546449],[58.36554716742705,68.77970885490834],[58.309432984111595,68.7808227575913],[58.282215113518,68.79401397938192],[58.280523839346934,68.80206020872437],[58.27471160147519,68.82971190453452],[58.27221678002405,68.85581970521179],[58.27631377541627,68.89186095335185],[58.28565661441579,68.89410452003465],[58.48943330070571,68.94303895892568],[58.60110475470994,68.96192931133479],[58.81193542136893,68.9933166514559],[58.86277006524061,68.99803161273945],[58.89833070765606,68.99971009358262],[58.927571107962564,68.99994132306047],[58.93498992168742,68.99999999012402],[58.9949135735348,68.99944381567865],[59.17665864265953,68.99775696983548],[59.22169492983955,68.99063874764038],[59.19404440499783,68.9818526385295],[59.19165800121185,68.98109434536269],[59.14527130253856,68.98151397525226],[59.053047190999564,68.97137452625418],[59.04387506805307,68.97030385009221],[59.01971435395008,68.96748353239732],[59.002587155777775,68.96401720479109],[58.97304534683917,68.9580383174781],[58.90151596913398,68.93352510263787],[58.90151596913419,68.93352510263784],[58.90151596913391,68.93352510263774],[58.95138549136013,68.92526247048474],[59.00999449612674,68.92137147662791],[59.07054899782176,68.91526793104262],[59.09452813658321,68.91013328858756],[59.1004066381372,68.9088745276307],[59.17228673043787,68.87811399925629],[59.27013014556654,68.83624266811319],[59.310821546388254,68.81721495553728],[59.42137909770952,68.76443481473719],[59.42721558849476,68.74525452707184],[59.42320855040573,68.72506343912428],[59.420547503464036,68.71165467393723],[59.40166090639218,68.70220183219908],[59.38564656175097,68.70061994583709],[59.367908478167905,68.69886778968365],[59.32004547726246,68.70243916751957],[59.31944275516611,68.7024841406365],[59.277770979061415,68.70832825824056],[59.25041199296402,68.70832063142177],[59.20888520384477,68.70416258276487],[59.171241743048995,68.69497679582685],[59.061798094410676,68.61984252675421],[59.06027222737174,68.57666013724804],[59.070292756251675,68.45050975306644],[59.07235337924624,68.42456816998899],[59.098049176852825,68.40762327579347],[59.12589218672629,68.40138818116468],[59.127212505660054,68.40109251221475],[59.22187469830092,68.38837835746557],[59.454203235826725,68.35717412590964],[59.454203235826725,67.00010668583789],[58.970243997345186,67.00010668583789],[58.92283378107277,67.17776853633904],[58.511566592462486,67.66229030860939],[58.15238747044117,68.12289977466105],[57.75785134736657,68.741179614088]]]}},{"type":"Feature","properties":{"fillColor":"#bde7d1"},"geometry":{"type":"Polygon","coordinates":[[[-22.560140611528936,65.16838836543525],[-22.50500106538999,65.22888183485668],[-22.3994445818459,65.27388000365829],[-22.35361480629456,65.2891540510027],[-22.02416992270861,65.37638854789952],[-21.80619931271302,65.41996866985285],[-21.80619931271302,65.2034345520476],[-21.808334352541124,65.2033233637037],[-21.826946260198497,65.19707488824787],[-21.836807249941558,65.1859664912073],[-21.836112978660537,65.17416381723115],[-21.8788909924956,65.1555480984693],[-21.91333389461846,65.1422119129445],[-21.99416733051828,65.11555480893054],[-22.036945344353455,65.10916137579704],[-22.07444572484917,65.10472107151884],[-22.291584014219723,65.12882232672109],[-22.544307711511124,65.15776824778112],[-22.560140611528936,65.16838836543525]]]}},{"type":"Feature","properties":{"fillColor":"#fff9b9"},"geometry":{"type":"Polygon","coordinates":[[[-2.021111488283736,49.177215576217634],[-2.021772360329772,49.17706166024383],[-2.041388988491717,49.1724929809595],[-2.059447402584633,49.16915584368712],[-2.066944599125577,49.167770385701374],[-2.079540592673702,49.17532949538856],[-2.089167118038794,49.18110656734906],[-2.109831883135322,49.19015969695042],[-2.122777938850504,49.19583129881323],[-2.133055686976377,49.19860839844614],[-2.149167060814989,49.199024200450026],[-2.161111354801335,49.19291305537541],[-2.172724766700601,49.18803707573252],[-2.181944847097069,49.18416595459183],[-2.205277919782775,49.18083190915016],[-2.226388931321424,49.18972015385765],[-2.247361421579626,49.25124740601228],[-2.237118473982355,49.257038813142074],[-2.233611345251111,49.25902175898322],[-2.154166698515081,49.26110839841338],[-2.070744722522623,49.248290566838875],[-2.038472413976365,49.24333190923642],[-2.036595102886353,49.24226663222551],[-2.01680564875044,49.2310371398618],[-2.015000343328165,49.214164733917976],[-2.021111488283736,49.177215576217634]]]}},{"type":"Feature","properties":{"fillColor":"#c6d1ed"},"geometry":{"type":"Polygon","coordinates":[[[55.49790954450526,74.5690155014853],[55.528190610328124,74.64748382262047],[55.56697692407002,74.65839545514065],[55.56697692407002,74.55989995183046],[55.52693939591711,74.56219482666194],[55.49790954450526,74.5690155014853]]]}},{"type":"Feature","properties":{"fillColor":"#bde7d1"},"geometry":{"type":"Polygon","coordinates":[[[28.868819346953707,44.74953053196821],[28.868819346953707,44.87656667280928],[28.893743507864155,44.86318971516295],[28.94735528162452,44.8266563242833],[28.938721057601153,44.80621589791505],[28.926940920487556,44.77832792273374],[28.905134973827305,44.75855732377947],[28.901662817029784,44.75540925501555],[28.899494502028535,44.75502114366975],[28.868819346953707,44.74953053196821]]]}},{"type":"Feature","properties":{"fillColor":"#c6d1ed"},"geometry":{"type":"Polygon","coordinates":[[[16.11145544052127,78.31456756784468],[16.11145544052127,78.35612744344282],[16.133052824453102,78.3555450428646],[16.23943710124115,78.34248352168123],[16.266387938127423,78.3408203128883],[16.475551602693315,78.33360290398986],[16.536384583061988,78.33166503921137],[16.71916199003033,78.32859802141729],[16.77055358885781,78.330276491966],[16.818885800768953,78.33387756553725],[16.881938932779462,78.34165954816262],[17.045551300925922,78.3702545166471],[17.081386565380626,78.37664794646503],[17.295204164440122,78.4217910743451],[17.26777648667519,78.43386840694541],[17.244438169677153,78.43609618946533],[17.21693802081967,78.43637085101267],[17.19249343787783,78.43470764221979],[16.921939850094304,78.39415740737212],[16.8788833613022,78.38554382591212],[16.851387022321944,78.3844299290904],[16.82444000087463,78.38610839963911],[16.598608018395453,78.40706634436879],[16.40666198927562,78.43054199492155],[16.33027458225382,78.45095825299626],[16.464160921180678,78.52554321551298],[16.542221070030905,78.566085813921],[16.691383364186663,78.61276245347915],[16.66527175701276,78.66581726109939],[16.57110977169566,78.7133178686143],[16.55055237018928,78.71638488640832],[16.513193132654067,78.71360016103944],[16.48429870783076,78.70178985354693],[16.46548080721061,78.6789398181823],[16.317079542954787,78.56678772120267],[16.11145544052127,78.50680239503828],[16.11145544052127,79.0569312712726],[16.13187027197779,79.03838348360273],[16.12860679801082,79.00624084656857],[16.148052215976747,78.98664856201242],[16.32763671791338,78.91596222168619],[16.351387024451697,78.91026306270993],[16.393051144997514,78.90443420661882],[16.42138290381314,78.90277099782588],[16.449996949492345,78.9038696273301],[16.49450683686814,78.9272689802275],[16.455549241878373,78.96234893794093],[16.40027427705428,78.97234344689224],[16.374164583161814,78.98414611794516],[16.11145544052127,79.20766135438376],[16.11145544052127,80.03034409645069],[16.27944183399478,80.06080627453548],[16.307773592810634,80.0627594010698],[16.334995270243496,80.06053161854987],[16.53110885438082,80.04234313743314],[16.563676834991668,80.02609252665678],[16.72582626595681,79.90332031109949],[16.790275576090664,79.88081359849781],[16.819164277755476,79.87220764235383],[16.841941830903636,79.86943054230113],[16.877220152509267,79.86970519828674],[16.902357104135433,79.88324737578773],[16.875413892565177,79.90609741115219],[16.867635725378932,79.92720794563058],[16.89666366831773,79.93942260622356],[16.92666244580346,79.94831848010892],[16.956661223289018,79.95693969800851],[16.977218630357246,79.96026611559424],[17.039165496423834,79.95693969800851],[17.226940155086936,79.94081115903089],[17.280551911118152,79.93609618863792],[17.370830536000426,79.92414855871431],[17.4687296151483,79.90720410290838],[17.4687296151483,78.31456756784468],[16.11145544052127,78.31456756784468]]]}},{"type":"Feature","properties":{"fillColor":"#fff9b9"},"geometry":{"type":"Polygon","coordinates":[[[24.3577003030727,40.135662445251356],[24.3577003030727,40.20404039199764],[24.381526953246702,40.182079311620804],[24.394094479353235,40.14801790045104],[24.3577003030727,40.135662445251356]]]}},{"type":"Feature","properties":{"fillColor":"#c6d1ed"},"geometry":{"type":"Polygon","coordinates":[[[24.874368667492647,79.34290027861498],[24.874368667492647,80.25046035643602],[24.98221587942868,80.2549896219532],[25.228607175523848,80.2505416847265],[25.508888245367245,80.23637390126788],[25.54360962017222,80.23442077688708],[25.69888305682474,80.21582031475924],[25.72545814711509,80.17623138272194],[25.86388397382558,80.17164611847807],[25.89388656475228,80.17276000768544],[26.081665039294023,80.18580627265777],[26.242492677939822,80.1863708489592],[26.5980529778617,80.18470764200765],[26.637218477673002,80.18331909392833],[26.79999923586189,80.17221069477932],[27.182216642029687,80.1069335942455],[27.22929954315623,80.09651946913624],[27.167774199699295,80.0219268789811],[27.14499664215822,80.00444030606059],[27.10110855108593,79.96748351872407],[27.121383666502197,79.9583282487938],[27.165550233504803,79.93969726471312],[27.23554801918931,79.9139022814768],[27.22360610803554,79.88526916301373],[27.181385040972884,79.8652572649703],[27.14221954116158,79.85359191879883],[27.06027603210282,79.83915710574695],[27.034164426542418,79.83749389879557],[26.94694137436221,79.83471679779893],[26.86860656735672,79.82916259580549],[26.636245727703,79.78096008230301],[26.533885954314826,79.73991393867772],[26.477910995793025,79.71568298176919],[26.449718474223687,79.7099914527588],[26.193050384874255,79.66499328469939],[26.037776948221733,79.64582824627024],[25.811107637578402,79.61386871390442],[25.835691452256242,79.59429168474821],[25.871940613105778,79.58526611255638],[25.903049468798997,79.57165527128262],[25.9422187808309,79.54136657514704],[25.97527313162624,79.50776672366607],[25.802776334588145,79.43386840755062],[25.722772597463063,79.4079055801821],[25.67666244630641,79.39888000315233],[25.19554901250814,79.33082580645959],[25.14916229153141,79.3263854985114],[25.050273893179735,79.32916259950821],[24.98610687447075,79.33276367228297],[24.95971679781792,79.33818054242153],[24.874368667492647,79.34290027861498]]]}},{"type":"Feature","properties":{"fillColor":"#fff9b9"},"geometry":{"type":"Polygon","coordinates":[[[22.774469946014847,41.987672206644845],[22.848721316924582,42.20044342926923],[23.03698339647019,42.419549761562166],[23.272401842034242,42.64186620481627],[25.271916070684654,43.07107110341241],[25.940930660130554,43.16721442045773],[25.940930660130554,41.76735497110957],[22.7986579723242,41.76735497110957],[22.789176304183968,41.82814220232797],[22.774469946014847,41.987672206644845]]]}},{"type":"Feature","properties":{"fillColor":"#c6d1ed"},"geometry":{"type":"Polygon","coordinates":[[[56.3199758526479,70.56573571001911],[56.3199758526479,70.65813940365193],[56.33837127696842,70.65724945192096],[56.3484122663182,70.65609111387123],[56.37547302387432,70.65296935922726],[56.3754730238742,70.65296935922737],[56.375473023874235,70.65296935922737],[56.35913467339356,70.66866302498202],[56.36527252201792,70.67858886848362],[56.380149973436346,70.67776023174801],[56.424995421279675,70.67526245276264],[56.44390548918448,70.67204788728243],[56.45443725610996,70.67025756825367],[56.605816747288685,70.6005160709814],[56.6526298537979,70.57894897418049],[56.5774165507398,70.55335713042352],[56.54096603240441,70.54095459081725],[56.49276733514807,70.53970337048884],[56.46998596222346,70.54220581114566],[56.3199758526479,70.56573571001911]]]}},{"type":"Feature","properties":{"fillColor":"#fff9b9"},"geometry":{"type":"Polygon","coordinates":[[[28.560805322617966,46.24023377193669],[28.576053327012346,46.657838208747535],[28.82664625865226,47.13675127624208],[29.12140479747751,47.33457468118792],[30.344001500324396,47.578191746648145],[30.57983803909366,47.59321995297029],[30.57983803909366,46.17221077849279],[30.50916291015773,46.09637452678423],[30.451271046081207,46.04732145791156],[30.246242504010524,45.87359619693609],[30.205504058146868,45.85196505056712],[30.163608555661778,45.82971953463641],[30.150513117525403,45.82344936596469],[30.14443968886718,45.82054137451718],[30.063331607557302,45.79985426750238],[30.04735756480011,45.81276321957017],[30.030132297907812,45.8313102877068],[29.983604445015715,45.84318160527914],[29.929992671255206,45.817771910162094],[29.802146902751133,45.73505782214431],[29.79759637171037,45.71564591764948],[29.79742621167485,45.71492003965223],[29.82568740784198,45.686519625007136],[29.856886603593992,45.676549800952536],[29.8599243132723,45.67557908903859],[29.82277299521613,45.648330672455316],[29.78476960832818,45.63099413491102],[29.780134200440045,45.62887953593798],[29.742631893863063,45.624011999565084],[29.67971609811684,45.69623565006384],[29.677215585587703,45.73957061465927],[29.68957521313297,45.768566114739485],[29.68138122234859,45.80359268626961],[29.636104593591256,45.82068252873597],[29.596107465563023,45.68338775126051],[29.595310711703938,45.65049107165862],[29.59304810466646,45.557071682561954],[29.61916353216255,45.48776244468908],[29.674163812795033,45.46554563786855],[29.732978819097024,45.471446975970416],[29.753467551395207,45.44943237663332],[29.753714076768777,45.44491611232478],[29.760412215070662,45.32220840678729],[29.73767668941373,45.245576492602574],[29.731939326290217,45.22623824966246],[29.71677611196489,45.217846613833],[29.70860671976074,45.21332550354243],[29.697227606001267,45.2124255258581],[29.668188103531804,45.2101287824791],[29.664331449716826,45.211803430555506],[29.664331449716787,45.21180343055544],[29.664331449716702,45.21180343055548],[29.641105657364296,45.173881532803705],[29.660274524158947,45.112762452948466],[29.641380300268263,44.981933591735086],[29.63695328083293,44.963648682886436],[29.60832597760424,44.84540939395521],[29.54943845845213,44.820266714923434],[29.450828570320255,44.80888366860921],[29.389995592954392,44.80221558357857],[29.34655577541464,44.799850274641365],[29.344177227778335,44.79972076212727],[29.335240140137948,44.79926240995455],[29.214160913120907,44.79305267709668],[29.06749343357643,44.82276153637457],[29.049716945135515,44.84734726406492],[29.044313922204353,44.90830788976754],[29.042909602911923,44.92415238716197],[29.043262626315627,44.92448730851171],[29.067497266343253,44.947479263898686],[29.07492777955363,44.95075117986148],[29.103397360264335,44.963287336240214],[29.103397360264125,44.963287336240356],[29.103397360264353,44.963287336240455],[28.59128903660212,45.7321358629776],[28.560805322617966,46.24023377193669]]]}},{"type":"Feature","properties":{"fillColor":"#fff9b9"},"geometry":{"type":"Polygon","coordinates":[[[11.74850559234618,55.05446452856947],[11.74850559234618,55.547634124773424],[12.248468399080798,55.547634124773424],[12.248253141103804,55.54741886679643],[12.244443893427498,55.54360961912012],[12.212152634407547,55.508995890835315],[12.205831527368446,55.502220153742655],[12.20389539804005,55.499375307207565],[12.19235992451339,55.48242568952898],[12.191665649683785,55.46166229229178],[12.19791507726336,55.448467254966815],[12.206665038631243,55.43833160360899],[12.227915764274545,55.42610549930754],[12.297777175567656,55.40305328349107],[12.3436107636791,55.40166473383185],[12.360834975861922,55.39930574119053],[12.363887786623309,55.398887634513414],[12.36600134686427,55.39828943916982],[12.37666511553883,55.39527130103358],[12.399442673161388,55.381103516012686],[12.433332443620094,55.359580993624796],[12.444166183589914,55.34832763701928],[12.452776908524635,55.33346939095116],[12.462221145612135,55.28957748444928],[12.447915753361897,55.276020332109006],[12.446249008078798,55.27444076551482],[12.425832748701339,55.26166534393553],[12.412498474053166,55.25582885775992],[12.379766660791873,55.247275457767785],[12.329582214201336,55.23416137693019],[12.321405428728655,55.23335203647061],[12.315553664723609,55.23277282727105],[12.293888092120085,55.233055114809815],[12.27249908415672,55.2338867187363],[12.25198345644221,55.236075052171955],[12.243888855031054,55.23693847624861],[12.243888855031038,55.2369384762486],[12.243888855031003,55.23693847624861],[12.239003928153398,55.23586789547245],[12.203332900916374,55.22805023167066],[12.188042673483498,55.22383800049717],[12.176109314113717,55.220550536752],[12.099393485122777,55.19467619019625],[12.036109924217243,55.1733322145437],[12.025554657113748,55.16944122286994],[12.015068054113714,55.15322494541196],[12.06180381759139,55.13180160539688],[12.074998855806385,55.12888336141906],[12.091526031736251,55.129161834285384],[12.114999771524623,55.13277435309281],[12.128926783421392,55.13351894866825],[12.130554198868538,55.13360595701937],[12.131833189679732,55.133380199610656],[12.149442673043565,55.1302719119683],[12.178749084335113,55.11846923808493],[12.171248436193281,55.000205994011694],[12.158609390487847,54.99277496319641],[12.09402125482875,54.974762267824914],[12.071943282731695,54.968605041242256],[12.041110992683855,54.96638488765649],[12.013332366594739,54.96833038304834],[11.994998931706107,54.97138214145076],[11.840276718392374,55.02333068860412],[11.74850559234618,55.05446452856947]]]}},{"type":"Feature","properties":{"fillColor":"#9cb3ec"},"geometry":{"type":"Polygon","coordinates":[[[50.466207504212875,80.52789084236727],[50.466207504212875,80.729705182761],[50.469711304443024,80.73054504499254],[50.616661072482145,80.75860595642526],[50.641937255255435,80.76304626512426],[51.26721191440456,80.78526306210367],[51.72526550181621,80.72276306137766],[51.746242523074145,80.71512603831754],[51.73123931809462,80.6837310787112],[51.705825806754206,80.67526245226026],[51.528235699191235,80.64546828752991],[51.500549316295675,80.64082336296686],[51.44074400555138,80.63378113082788],[51.41554260272608,80.63081359957164],[51.074165343002335,80.57887268175523],[50.77332305868748,80.53166198850181],[50.61381870934621,80.5301905449938],[50.59137725772134,80.5299835203676],[50.466207504212875,80.52789084236727]]]}},{"type":"Feature","properties":{"fillColor":"#fff9b9"},"geometry":{"type":"Polygon","coordinates":[[[9.114250105668201,54.621897729888786],[9.114250105668201,55.84681464924914],[9.881991922356663,55.84681464924914],[9.869582164598341,55.84374619547788],[9.887221331587398,55.83430098055851],[9.922777173365603,55.82860564399209],[9.95638848608587,55.8249969585728],[9.999999990611286,55.821639996886404],[10.044443128097214,55.81568910382009],[10.04583167368395,55.75027465385608],[9.992776889980064,55.70499419233215],[9.831665028768953,55.671386712378535],[9.806943876652497,55.66985701257295],[9.730123538632768,55.687065128801805],[9.646110529827013,55.689716358109024],[9.721721649287076,55.65310669904204],[9.819166182745732,55.604721076994394],[9.70416641601895,55.531105048142024],[9.58972166489275,55.41818999682141],[9.600832933199456,55.399581914135126],[9.610275283222393,55.39443969614331],[9.597568499923057,55.37152098971069],[9.67145727465346,55.27957914789444],[9.61347103641549,55.19249725434736],[9.574582081277413,55.189510328871506],[9.48944281976236,55.15193938092568],[9.461525914452977,55.12214658792681],[9.507499680900082,55.05027772000096],[9.54861067289636,55.03249360474143],[9.63638877497766,55.0163879316101],[9.725624102729455,54.98992538707472],[9.74666595360236,54.94777679929746],[9.766110431171228,54.896385204084254],[9.735519416098327,54.83079529857457],[9.624165539729006,54.853607190830246],[9.627058968924587,54.88342286428525],[9.642846096550613,54.90610885595959],[9.631874085436891,54.92353822736118],[9.597498890684165,54.927772505490566],[9.502777092797828,54.86833190647849],[9.451873768842574,54.8335380497067],[9.445358258901365,54.82540131813499],[9.439442635032378,54.80797957355202],[9.578332888785894,54.82555389322448],[9.902151119615496,54.79110719220682],[9.935832970730246,54.781944285724876],[9.972012508192563,54.760757447866524],[10.037360175099195,54.66823577425265],[10.039999015665558,54.63307188127055],[10.038921813830846,54.621897729888786],[9.114250105668201,54.621897729888786]]]}},{"type":"Feature","properties":{"fillColor":"#bde7d1"},"geometry":{"type":"Polygon","coordinates":[[[13.758053789883117,54.147357930352385],[13.768470746681476,54.16582869158681],[13.812776562715257,54.16673279868243],[13.928530046956418,54.10449610346114],[14.00131701926318,54.065361034298924],[14.026704136709194,54.049015246037854],[14.104999554862381,53.99860383837539],[14.155253953684092,53.96942405332197],[14.225555400962872,53.928604121760905],[14.234253290214001,53.926368056053555],[14.249860755956579,53.92235566661981],[14.3047556585979,53.91541082215867],[14.317983828329618,53.913737304639284],[14.317983828329618,53.812633465695725],[14.289998999488768,53.8227767853609],[14.27003432221613,53.83438101298589],[14.266109480332638,53.83666227994487],[14.252653671096661,53.845882094652914],[14.218887315932239,53.86901853576346],[14.193471891022106,53.87499618076774],[14.082498542578145,53.87332915951004],[14.03937341228508,53.86978532140708],[14.03937341228503,53.86978532140706],[14.039373412284966,53.86978532140705],[14.037310206836844,53.868836153492914],[14.000276558585263,53.85179899866423],[13.949165336069191,53.843605046594405],[13.926290640531002,53.842362157202565],[13.885276791858743,53.84013368262701],[13.85976067078249,53.84894622751117],[13.829189283051454,53.85950471819031],[13.854097559283144,53.9763250243338],[13.859025939936695,53.999439226672834],[13.828169102036634,54.03112249521134],[13.82277679323531,54.03665922481237],[13.758053789883117,54.147357930352385]]]}},{"type":"Feature","properties":{"fillColor":"#bde7d1"},"geometry":{"type":"Polygon","coordinates":[[[14.317983828329618,52.03929712220091],[14.317983828329618,53.69924116158713],[14.327086820544011,53.699278774585764],[14.366109849792366,53.69944001531958],[14.410693173626491,53.68054962419567],[14.524999635430241,53.660552995922345],[14.554721851319655,53.67860412726726],[14.620277416787694,53.76791382618025],[14.619770797782264,53.77193197145582],[14.61416624438389,53.81638334323383],[14.58083247817888,53.8474960404511],[14.553471556340025,53.857772810901416],[14.476665504087393,53.864578256098866],[14.415531306284173,53.86013946056332],[14.412568093445525,53.859924309364956],[14.402774082315842,53.85254862655365],[14.339443200747436,53.80485534864931],[14.317983828329618,53.812633465695725],[14.317983828329618,53.913737304639284],[14.327775948969867,53.91249848734439],[14.350276961254075,53.910552990416036],[14.37638758811284,53.91222001167371],[14.383931026724085,53.91380118055694],[14.425415992248816,53.92249678212375],[14.463698447429826,53.93883879341409],[14.483331692092547,53.94721983126602],[14.504303933726462,53.959163661688606],[14.559444439422101,53.97666167445886],[14.580600621243041,53.98257576424049],[14.745277414034565,54.02861022101348],[14.766280555821265,54.03181429593303],[14.814443600662948,54.0391616730821],[14.97972105991987,54.071388234267474],[15.13589606087279,54.10789681960416],[15.228054033155804,54.1294403264075],[15.243143314919829,54.13314249100528],[15.302777305743163,54.147773727474934],[15.326182476800142,54.15171820528474],[15.35388756038892,54.15638734814903],[15.395858756879715,54.16062929181196],[15.42944335637701,54.16221617340072],[15.493472086935736,54.16652296438027],[15.654166215283265,54.19388582195934],[15.69169448419276,54.20163610132249],[15.752360345007672,54.21416471995518],[15.794166577667601,54.22610471761107],[15.79938359973519,54.227870990762284],[15.839303987946852,54.24138642331569],[15.846316105134388,54.24233132212185],[15.876388561660686,54.24638365432172],[15.962394415684768,54.25405237179744],[16.047775257580675,54.26166536002654],[16.08138657030094,54.25430296348757],[16.144025787402338,54.25291441790064],[16.17472075175596,54.25916291175665],[16.215088395465493,54.27270343784174],[16.217777240680967,54.273605357682285],[16.3294410678664,54.35680009013899],[16.329441067866227,54.35680009013923],[16.329441067866266,54.35680009013926],[16.320068499749695,54.3699020959687],[16.317567814553158,54.37339782858064],[16.318332664456005,54.391105636938164],[16.408222195166665,54.46152494472724],[16.454783152301395,54.495507220984194],[16.460552198802542,54.499717730045916],[16.48952865119354,54.51866913571947],[16.500156134728766,54.52499701913609],[16.515552518149644,54.5341644310635],[16.543609609807366,54.544715883132284],[16.56144565225305,54.54878077798881],[16.571662907413213,54.5511093252589],[16.590958079029996,54.55471109047871],[16.638610851234873,54.5636062742562],[16.66527556453889,54.56694031677154],[16.701942444103757,54.5687446594812],[16.736990994844998,54.57146140504313],[16.793331128630577,54.57582854163448],[16.884162900530715,54.58972166303723],[16.904765527542533,54.595051693600524],[16.915275559032633,54.59777070555117],[16.939441695548346,54.60541153904607],[17.01242795791439,54.64393896798407],[17.019165025323186,54.64749527950665],[17.020858339430866,54.6487688911227],[17.036525716641435,54.66055297389731],[17.065832135408126,54.673469552784],[17.228150932054437,54.72323564893715],[17.228150932054437,52.03929712220091],[14.317983828329618,52.03929712220091]]]}},{"type":"Feature","properties":{"fillColor":"#fff9b9"},"geometry":{"type":"Polygon","coordinates":[[[7.87878369444438,58.07410588199673],[7.87878369444438,62.73242300664705],[7.996804707331364,62.7360382101499],[8.075693113386649,62.714160932264804],[8.114999762673392,62.69749451373991],[8.137984284293129,62.69364165397677],[8.121805207870977,62.71930315025651],[8.046388630360696,62.75388337867429],[7.999721520275784,62.76388550622022],[7.87878369444438,62.75120254918921],[7.87878369444438,62.9745863246784],[7.964166646368028,62.973052984388346],[7.984582904530839,62.97263335449878],[8.010971077904912,62.96694185069913],[8.056388860880816,62.95166014499455],[8.083888072041475,62.94069289580307],[8.109373106190219,62.904022222186086],[8.14979075454886,62.82103728531649],[8.179860126192352,62.800689707236984],[8.214443219506563,62.79193876511124],[8.286664972979167,62.781661994661135],[8.306943909690176,62.776664724940076],[8.49277688430277,62.71527479623279],[8.526248939830225,62.69319151681242],[8.541110047774794,62.679718025298996],[8.548332219250597,62.653884906240535],[8.5697212258778,62.67554855577151],[8.560068112396948,62.70926284990202],[8.338985452770089,62.81275177270737],[8.1536102421407,62.94409178563507],[8.006109232609845,62.99582670383552],[7.967777267528106,63.00416564289071],[7.946110249808044,62.99694060651848],[7.900833117758395,62.99472046668615],[7.88090230467202,63.00256346894963],[7.974860685103806,63.080551136098165],[8.03833199974315,63.10319136686013],[8.070554728161596,63.10846711225196],[8.098054868478016,63.10374831820167],[8.307498925290759,62.93777465041035],[8.360887508137523,62.89477158793159],[8.375555042002645,62.88510895060608],[8.49694441808947,62.846107490213114],[8.531769750006504,62.84721756012925],[8.656839356492526,62.971694946076354],[8.51527596084594,62.98305511193428],[8.430555361350116,62.978607166736026],[8.381943683492295,62.97082901178919],[8.226387011214229,63.027770995298],[8.160970702938869,63.118049609908496],[8.24555491013848,63.14638517723688],[8.30192598685723,63.151660922628736],[10.82645701228003,63.151660922628736],[10.82645701228003,62.8246256272023],[10.558976732832264,62.65895420040613],[10.093509505129191,62.394262103919345],[9.101890658563718,61.373294299090446],[8.653769505692424,61.06735734806398],[8.229943118194683,60.827444254332704],[7.904684606250441,60.59881669656454],[8.169098141383984,60.12098426990019],[8.342263549351685,60.01261065065796],[9.084779302190498,59.710564283892666],[9.692226142651577,59.51669031192233],[10.488455395935546,59.390861565995124],[10.515693649659397,59.306243889242864],[10.459999096233332,59.24513243620635],[10.43708228682658,59.25096892699162],[10.369650833669198,59.265480053000545],[10.32722090532485,59.20527650111171],[10.231109632695961,59.03860472776017],[9.95472146482814,58.95194242538781],[9.877498608867484,58.954994198180316],[9.838887200244756,58.96686934851948],[9.821613307543828,59.01705931327689],[9.78694345432723,59.036109906308866],[9.614166277079278,59.11777497767497],[9.551595701346344,59.114021305270285],[9.626388544457711,59.05777738860667],[9.68416595497871,59.031944269548205],[9.693054218556654,58.98305512260475],[9.605693810624132,58.92513655786496],[9.507499680900082,58.89193724821547],[9.409442911342808,58.841384874066534],[9.348709121335162,58.75868987245303],[9.339998249043788,58.75083161655209],[9.183888419476148,58.655277256549766],[9.064165096776719,58.61638640438582],[9.030553822771253,58.60721587108526],[8.713532442450003,58.41797637982188],[8.691944131950777,58.377220170398346],[8.5102767940989,58.27027130449653],[8.243888856751141,58.16722105927005],[8.155187599884869,58.14000702144324],[8.127498608696612,58.098884569861355],[7.934721938278813,58.07943726611069],[7.87878369444438,58.07410588199673]]]}},{"type":"Feature","properties":{"fillColor":"#bde7d1"},"geometry":{"type":"Polygon","coordinates":[[[45.88874972808223,66.77394103707229],[45.88874972808223,66.8719226384529],[46.03363037113087,66.82489776122787],[46.24748993012629,66.83387754663053],[46.40567526338301,66.82178651292935],[46.55471801061856,66.81039430075236],[46.653977055559025,66.81880075810297],[46.923881511573825,66.84165953434419],[47.088600161178206,66.86859130244825],[47.216102606694974,66.89637754525397],[47.244712816927404,66.90248109083926],[47.28755675474915,66.91122123108062],[47.30193327610715,66.9141540336949],[47.31354533454735,66.91596212257392],[47.33221434036396,66.91886903369328],[47.345774688232495,66.92041747057783],[47.36388398892268,66.92248534593125],[47.39582824167036,66.923309313358],[47.433601397099494,66.92248534593125],[47.4423654736135,66.92176655385522],[47.45388029509549,66.92082215744043],[47.49748994130982,66.91554261799666],[47.497489941309844,66.91554261799666],[47.49748994130988,66.91554261799666],[47.512707302611226,66.9190196886656],[47.598327634807745,66.93858339224391],[47.692713737562244,66.9830738894824],[47.69971465282845,66.98637389014169],[47.7315177900723,67.01068876898],[47.74804688714505,67.0424881121719],[47.74995946906077,67.07733449621061],[47.752216356672605,67.11845397549001],[47.752216356672584,67.11845397549004],[47.75221635667259,67.11845397549013],[47.7401313720315,67.137344366614],[47.706935895148604,67.16636657991717],[47.68221284600634,67.18637083500926],[47.84332277147661,67.37164306422841],[47.858360308343585,67.37827068730184],[47.889991778587415,67.39221189748065],[47.93665695293154,67.42324066097694],[47.94640276690068,67.4425933409719],[47.95110319290916,67.45192717811159],[47.93827651720684,67.47165480218653],[47.93665312016476,67.47415161175076],[47.91693880032895,67.49165345728774],[47.91049371412783,67.49613544740919],[47.8891601456271,67.5109710664052],[47.85832975684758,67.5299835253436],[47.81436540549009,67.57429503245521],[47.837215431839354,67.59400939100578],[47.867422131179694,67.60595001305357],[47.879714969422594,67.61080933693064],[47.963445120176075,67.63936531804366],[48.00152207837294,67.65235137968722],[48.26401902186382,67.6767883263401],[48.34295911391828,67.6830841817655],[48.5077851037533,67.69622985432979],[48.5077851037533,65.76943891505299],[47.43629475103472,66.27659601944157],[46.35145741537849,66.66249914997599],[45.88874972808223,66.77394103707229]]]}},{"type":"Feature","properties":{"fillColor":"#fff9b9"},"geometry":{"type":"Polygon","coordinates":[[[32.59887075556935,45.31743970701398],[32.59887075556935,45.494827877699564],[32.63362067094913,45.5119799441293],[32.898597715670064,45.64276886328878],[32.917495850985304,45.651370762024335],[32.931232447159246,45.657623273570415],[33.02248381023388,45.687484746652615],[33.184150687045616,45.738601698961816],[33.34601374136667,45.78382003537814],[33.35915373391873,45.7874908459051],[33.38165849820248,45.79516506879778],[33.62304688853014,45.87747956397408],[33.63437807724391,45.89752962709229],[33.66818619583546,45.95735167478654],[33.646377559318864,45.97081757819592],[33.62637709827871,45.9981841911121],[33.626185022998975,46.00532714153054],[34.368983067221365,46.00532714153054],[34.497425070600116,45.87477874098754],[34.61790347204504,45.803930483296334],[34.61790347204504,44.77576852834661],[34.51859282205436,44.74443054623856],[34.462074262486794,44.720401769889634],[34.45011722521735,44.71147504571357],[34.44124220720127,44.70484925404783],[34.39859772134723,44.650825515931515],[34.38144743669368,44.627724872896515],[34.37693786586817,44.62165068882405],[34.365654666074924,44.60309686220346],[34.35971070194998,44.59332274831432],[34.35078944832711,44.57631060503965],[34.336513519846505,44.54908750938995],[34.13013075967109,44.4354095439075],[34.011657731950834,44.395820624897965],[33.95554350992063,44.38110349735359],[33.95466840893716,44.381035856704344],[33.93027496902229,44.37915037360645],[33.905763284068016,44.380613142687366],[33.79526901146272,44.387207042938996],[33.71068190065205,44.3943633992277],[33.45957566900876,44.51277541239796],[33.387069710072524,44.55957032009019],[33.36905288005464,44.58436204931593],[33.46470642741501,44.60304260613765],[33.554435717502685,44.6236038125712],[33.54744377430983,44.64519629517692],[33.538604725990126,44.672492998229416],[33.5197105408144,44.781105052622195],[33.53474235515488,44.813178054035994],[33.540542596099826,44.82555388118584],[33.556171418843746,44.8422775202085],[33.58159525749404,44.85097707330389],[33.601444253549005,44.85776902150042],[33.60877949416105,44.879907672434605],[33.62123108623497,44.91748809618324],[33.62123108623496,44.91748809618332],[33.61249543646147,44.96263123625528],[33.56651686937715,45.087490079283384],[33.54624176543308,45.10846328878779],[33.51332855827303,45.1294326655252],[33.42610167774046,45.17332458146234],[33.39623641060632,45.18478010191194],[33.36235428774887,45.18401718774987],[33.34275345424966,45.17579150324075],[33.338874835922695,45.1741638025264],[33.27617262981587,45.15554429896932],[33.175403577686495,45.19012452738707],[33.16156067859818,45.19933372151025],[33.146377570331325,45.20943450968561],[33.13970920168505,45.21506925518791],[33.12304686082797,45.22914886823634],[33.073192592239195,45.267635344148346],[33.018398873453755,45.30040422462901],[33.01165771526112,45.304435712398295],[33.00161853513189,45.30942698729205],[32.93457032244146,45.342761986402195],[32.86400986043361,45.357627856269175],[32.84054566224489,45.359710674649705],[32.72734450843507,45.35457228942465],[32.720197390799726,45.35122786188405],[32.68623351643852,45.335334781261324],[32.65801128806874,45.31361720944116],[32.656723031877334,45.312625870416014],[32.59887075556935,45.31743970701398]]]}},{"type":"Feature","properties":{"fillColor":"#bde7d1"},"geometry":{"type":"Polygon","coordinates":[[[48.5077851037533,65.76943891505299],[48.5077851037533,67.69622985432979],[48.634990698295624,67.70637511780355],[48.86179734345268,67.69692231478027],[48.861797343452714,67.6969223147803],[48.86179734345279,67.6969223147803],[49.04721831499461,67.85359192187093],[49.05878317329526,67.85476095056698],[49.080276470425275,67.85693359120502],[49.194007862353715,67.86976623637085],[49.21397017708562,67.8723196705161],[49.226097102087124,67.87387085858177],[49.59443663561581,67.96499632107503],[49.73265809089959,67.99051732309863],[49.88930129451066,68.01943968908094],[49.93718665482408,68.03224527002145],[49.966102584840996,68.03997801505824],[49.986882020819344,68.04841335645756],[50.00305177284332,68.05497741232537],[50.02350997424368,68.06548372318468],[50.03416059857892,68.07095335210863],[50.057212832411665,68.09193418843165],[50.11388396706866,68.12831117145515],[50.11765144589159,68.12976039817715],[50.21499634218526,68.16720581767109],[50.241378785766585,68.17581177281144],[50.26915740175356,68.1835937605251],[50.35860442211853,68.20193482712627],[50.379792956303305,68.20772373845867],[50.40026857140441,68.21331787344042],[50.45529283435199,68.2298795167418],[50.50916289552001,68.24609375914855],[50.51974834337769,68.24984154853723],[50.53665924178438,68.25582887060926],[50.567487092136616,68.26692725247723],[50.588325518616244,68.274429326477],[50.937492352583476,68.34109496186123],[51.06763077377016,68.34970854382033],[51.505828869694454,68.41665648764207],[51.55360411395476,68.42526244278244],[51.34291398125731,67.99378518588372],[51.09511126469539,67.68108109712051],[51.28027173129021,67.27420873987978],[51.90956997046419,66.57662298318644],[52.49671764256698,66.05425916953828],[53.065168727867615,65.55141789989909],[53.653893104643544,64.93277428005803],[53.74585585509544,64.47061441853816],[53.641440140083546,64.16895042765867],[53.25659068003512,64.06017863238742],[52.52372943371762,64.10200376626926],[50.59107523054615,64.81498559997056],[49.596303689554645,65.2542220186549],[48.5077851037533,65.76943891505299]]]}},{"type":"Feature","properties":{"fillColor":"#fff9b9"},"geometry":{"type":"Polygon","coordinates":[[[12.10939973131319,53.43963938339939],[12.10939973131319,54.18859330279684],[12.129720673599252,54.19110869207066],[12.358265884993784,54.29920576198259],[12.372015955151824,54.309123994522565],[12.486432057314232,54.402542109698345],[12.680776600346178,54.44494245992348],[12.729240426321951,54.42336274411326],[12.703799256059597,54.42967225251897],[12.509411817011653,54.37295915100174],[12.486578941325718,54.35937501254449],[12.450494758455022,54.31900026020196],[12.455702791633769,54.293334969870386],[12.47599504624128,54.28512572544838],[12.451596272396728,54.249717696837195],[12.549470888745418,54.28525925284856],[12.546595578083497,54.29875945758488],[12.583179491797921,54.32905198142731],[12.62492943311588,54.34621809208079],[12.644263263741038,54.350887292452],[12.669929521943093,54.353549942629954],[13.023887624096005,54.39971925761222],[13.118609421982171,54.27645492299172],[12.53370752234457,53.7477737512998],[12.22661784380665,53.58127195433036],[12.10939973131319,53.43963938339939]]]}},{"type":"Feature","properties":{"fillColor":"#c6d1ed"},"geometry":{"type":"Polygon","coordinates":[[[56.3199758526479,72.99296598950279],[56.3199758526479,73.06630131161786],[56.43471527101535,73.05554199072151],[56.455249150327454,73.04858333890553],[56.460132598542266,73.04692840486835],[56.405146023076,73.01929509350232],[56.3799896226036,73.00665283234667],[56.34040832643228,72.9938659675123],[56.327712204001,72.99330674834408],[56.3199758526479,72.99296598950279]]]}},{"type":"Feature","properties":{"fillColor":"#fff9b9"},"geometry":{"type":"Polygon","coordinates":[[[12.10939973131319,41.93161013076271],[12.10939973131319,42.37272853628525],[14.106166148409848,42.37272853628525],[14.106166148409848,40.816734774089],[14.073888793386118,40.82193757961829],[14.046805379348086,40.86222077142122],[14.028748518210364,40.90124511227049],[14.01777553922625,40.91971587350497],[13.989166258149282,40.96332931377117],[13.899999610481188,41.078048707801315],[13.83722113618694,41.152496330899226],[13.79805471196346,41.193328847224905],[13.775833143220495,41.21110533566576],[13.737653714513385,41.23474119534825],[13.712221138940038,41.251110090512725],[13.644165022228151,41.25971604565302],[13.614443774209178,41.25597000006712],[13.566803915659932,41.23805235740741],[13.276110662033318,41.295135495135014],[13.211111080036346,41.28249359786719],[13.169998152299286,41.26888274618699],[13.146944060155306,41.25916288836362],[13.116805079272751,41.24333189685109],[13.029582960662594,41.26013563682784],[13.005415933706104,41.29791258630894],[12.979999540925803,41.326385513804155],[12.951944346293999,41.35305022710821],[12.932220463898716,41.37027739102632],[12.913055429870894,41.38360597298379],[12.892221438844413,41.39555359745822],[12.8549995436789,41.40999604338384],[12.6561098038311,41.45783996772758],[12.576110824567138,41.50721742464367],[12.517775533548956,41.567771926338764],[12.471942882605845,41.60721589707748],[12.447082512011548,41.62763215524029],[12.351387965660876,41.69444273889525],[12.215832722293271,41.78805160196919],[12.2070817801673,41.81694032658703],[12.177777297141517,41.86805344612958],[12.158471108894844,41.89208222247851],[12.123332032109658,41.92305372676202],[12.10939973131319,41.93161013076271]]]}},{"type":"Feature","properties":{"fillColor":"#fff9b9"},"geometry":{"type":"Polygon","coordinates":[[[12.182898044565938,55.547634124773424],[12.182898044565938,56.10648775855757],[12.200277328731623,56.11222076419974],[12.274999618835128,56.127220154037225],[12.29055404706906,56.12888336189035],[12.29187989626993,56.12885059115852],[12.301666259905346,56.128608703696386],[12.304581578448296,56.128234984427834],[12.31249809253882,56.127220154037225],[12.331388473160036,56.12416076629003],[12.508584299586142,56.088887280919884],[12.514165878093117,56.087776184051634],[12.533609390664584,56.08082580552072],[12.562749550404835,56.066655902085834],[12.617290496785696,56.04013442964526],[12.593887329327048,56.004714965758005],[12.58416557348636,55.999443053769994],[12.571617697234363,55.99454590194683],[12.570276260441714,55.99402236955755],[12.538055336425488,55.95748353494221],[12.527776718271298,55.9458274840909],[12.524434125827307,55.93906266126223],[12.516248702581919,55.922496795408165],[12.519165039223537,55.91138458257202],[12.558875083945086,55.867237091238216],[12.566944122726845,55.857498169371624],[12.575138092475196,55.84680175760873],[12.593874012308936,55.80432291154255],[12.597498894021328,55.796104431017625],[12.598073698755693,55.78946204624114],[12.599998473696544,55.76721954369798],[12.600213362021245,55.75735826016081],[12.600276947452869,55.754440307446316],[12.58416557348636,55.7352752686312],[12.584165573486361,55.73527526863119],[12.584165573486317,55.73527526863114],[12.597984314201218,55.702564239068785],[12.561388015863757,55.666938781981074],[12.555982013002192,55.66232498345594],[12.549999237497502,55.657218933476656],[12.540833473276336,55.65083313002316],[12.535477765771223,55.6471729725676],[12.524166106800152,55.63944244343061],[12.519686683494262,55.63775516997386],[12.502777099726757,55.63138580277928],[12.493993983467133,55.60681703181663],[12.492846489236387,55.6036071775801],[12.465730972602119,55.605779710874884],[12.44256877928096,55.60763549835076],[12.44102926100298,55.608846234114864],[12.432498931467293,55.6155548099052],[12.431026417887715,55.6156678408694],[12.421665191497482,55.61638641383189],[12.407710105726375,55.616602028884884],[12.40388870234156,55.61666107202567],[12.39973256485025,55.615646451716295],[12.391387939846197,55.613609313623385],[12.380832671852716,55.6099929810336],[12.344444274941907,55.59304809580419],[12.339457511941873,55.59020614616469],[12.315963517787212,55.58006917295399],[12.269444465195127,55.55999755861682],[12.264440349246417,55.55766832693529],[12.253332138005476,55.55249786369819],[12.248468399080798,55.547634124773424],[12.182898044565938,55.547634124773424]]]}},{"type":"Feature","properties":{"fillColor":"#fff9b9"},"geometry":{"type":"Polygon","coordinates":[[[12.325903604323289,44.82256237500596],[12.394076173300057,44.82256237500596],[12.396944037959202,44.79138182307207],[12.325903604323289,44.82256237500596]]]}},{"type":"Feature","properties":{"fillColor":"#fff9b9"},"geometry":{"type":"Polygon","coordinates":[[[11.455325094382083,42.37272853628525],[12.10939973131319,42.37272853628525],[12.10939973131319,41.93161013076271],[12.02111051623234,41.9858322010561],[11.912498461839562,42.03596877808246],[11.885276797194138,42.03777312079217],[11.862220769309374,42.03110503576136],[11.830762852078749,42.03027344151599],[11.80499841310359,42.05749510616141],[11.739358913914657,42.1495475949215],[11.725555417310659,42.18222046050437],[11.703887935013029,42.22444152241695],[11.627707475470459,42.298259720038004],[11.5341663246096,42.342773434633216],[11.497499483759611,42.3574981502814],[11.455325094382083,42.37272853628525]]]}},{"type":"Feature","properties":{"fillColor":"#bde7d1"},"geometry":{"type":"Polygon","coordinates":[[[33.01744186675003,68.80591051383243],[33.01744186675003,68.96570868238528],[33.03228376901143,68.96255494275971],[33.0406189140146,68.99427031351598],[33.04770279616798,69.03914643750261],[33.075271616567534,69.05941770868003],[33.09679794464654,69.06484223510932],[33.28555299741862,69.08638002277377],[33.41888426818707,69.09748838746924],[33.44054795643285,69.10304260853184],[33.56777192627891,69.18385316648147],[33.57420729655132,69.20650481811413],[33.5604095297399,69.27956389562507],[33.578052529495665,69.30844878747627],[33.60943603684996,69.31971739279481],[33.64138032831261,69.32554625676124],[33.71915436710702,69.33137512072767],[33.871101386095575,69.33276366631463],[34.36165619887839,69.31706999625408],[34.417297364573244,69.30458830089447],[34.44304658862575,69.28137207110143],[34.64747239228734,69.25093080493639],[35.14768600962901,69.18828581932752],[35.157974239664554,69.26385497192706],[35.178192123110705,69.27365113665252],[35.295181289367065,69.26890562937916],[35.45857236921967,69.25332640031445],[35.836654679742594,69.19886777867112],[35.97499084705072,69.17303465961265],[36.26471712072083,69.07443235958448],[36.476379381625236,69.0335998432588],[36.561656971177456,69.02178954023634],[36.60083009306419,69.01332090654796],[36.99137876787978,68.89721679969784],[37.15110014776309,68.84582520448453],[37.29499816295271,68.79942321345897],[37.4949951078201,68.73526002634458],[37.64638517546706,68.71276853790522],[37.693321237378086,68.70166017320975],[37.77332304282362,68.67608644341777],[37.824714676751626,68.6583252086142],[37.95416258048198,68.59082031345105],[38.327354435461075,68.43886566764388],[38.50791166468184,68.366020218487],[38.60388182180674,68.38749695288698],[38.62971497958023,68.38262175098043],[38.93054961794559,68.30358886123224],[38.95068740043763,68.29012299653766],[39.10943603185673,68.21138000333082],[39.52791214241165,68.06916046898453],[39.57110595278857,68.06109617283346],[39.74137878474062,68.04664610008905],[39.85263060885529,68.04407501045063],[39.7913818343668,68.1222076258698],[39.9306869560873,68.0894317788767],[40.14471434380971,67.95068360849763],[40.399436965120515,67.79220582593047],[40.463607779053575,67.75498962184292],[40.48429871883519,67.74887848815371],[40.52041244111058,67.74651336133576],[40.696655291247964,67.77026366201403],[40.93915556775056,67.73332213954512],[40.99221801698832,67.71609497562696],[41.04971695183872,67.6585922080098],[41.10638045967687,67.45137785358884],[41.110687250656554,67.25095369072784],[41.13304900574775,67.23206329960396],[41.16179657614691,67.22415161725701],[41.224433896222365,67.21331785675068],[41.245269784274626,67.21249388932415],[41.265964518108206,67.21762848049718],[41.28485487051728,67.2297057996048],[41.318328861785574,67.22831725401784],[41.34443666246301,67.21582030502066],[41.36096572082096,67.20109558937241],[41.38836095358323,67.12591622775159],[40.940879410281696,67.14468228491847],[40.311679868610895,67.19647399918097],[39.5216891004568,67.36064719497932],[38.74345848467573,67.57705077558523],[37.92328829161977,67.94160375083936],[35.90346849635739,68.49953759591017],[34.81162770654123,68.77085127701196],[34.049727210153776,68.80591051383243],[33.01744186675003,68.80591051383243]]]}},{"type":"Feature","properties":{"fillColor":"#c6d1ed"},"geometry":{"type":"Polygon","coordinates":[[[32.31310437933216,67.15785272910178],[32.31310437933216,68.76606538263029],[32.411250993378076,68.77961499001844],[33.010790435728666,68.80591051383243],[34.049727210153776,68.80591051383243],[34.81162770654123,68.77085127701196],[35.29269420909091,68.6513101086668],[35.29269420909091,66.44335443784094],[35.16458131014531,66.48483278047786],[35.0787429751997,66.51483153629721],[35.02763364970912,66.53926085613148],[34.97415923611561,66.56387329704472],[34.87554930926882,66.59803772833976],[34.84582519635342,66.60498045627435],[34.77110672440352,66.6067886317507],[34.74096681436538,66.60165404057784],[34.708328250109275,66.58193968202704],[34.68721009233428,66.5719299276625],[34.661933885902386,66.56414793994873],[34.55138396139989,66.53804017798626],[34.5129127391254,66.53165436267824],[34.47901915668234,66.53234863547164],[34.44318391007772,66.54553985726227],[34.36061860309758,66.61344908996273],[34.2978401288035,66.63924407492777],[34.157493578535366,66.66998290316775],[33.93332670310025,66.68470765753091],[33.85555266430566,66.69247435289225],[33.81853483493478,66.70331574021719],[33.797771459732644,66.73338317612001],[33.77651977455747,66.76124572582785],[33.74374772161622,66.77539823649715],[33.5988769579626,66.82304382483909],[33.51846694349808,66.81275938885551],[33.5358276348162,66.7861023023703],[33.56999206611124,66.76832581392921],[33.60777280964436,66.7558288649322],[33.62804411953641,66.74609375347137],[33.534854886352036,66.71971130988999],[33.48387908826163,66.7213744983809],[33.25138856612364,66.79443357589184],[33.18804168090253,66.81498719422149],[33.154991152290506,66.82887268880569],[33.08860015981031,66.85693357451532],[32.942764274511035,66.92498779420123],[32.90165711528141,66.94442747113305],[32.834716798278464,66.98054502617526],[32.81374358877406,66.99845887478295],[32.79749296737191,67.02623749076997],[32.80179975835159,67.05303193742213],[32.79388428195267,67.08581541123402],[32.69609832253258,67.11192321191129],[32.66777038202275,67.11943055672111],[32.61249162571971,67.13040159996444],[32.36471556511026,67.16192626153753],[32.339576718845194,67.16262816114971],[32.31310437933216,67.15785272910178]]]}},{"type":"Feature","properties":{"fillColor":"#fff9b9"},"geometry":{"type":"Polygon","coordinates":[[[-4.112524448764034,57.851454671820406],[-4.112524448764034,58.54374156178469],[-3.848333360214099,58.559997560529325],[-3.782639026564652,58.5674972536753],[-3.373333453778173,58.627494812220846],[-3.353888987713219,58.660552978312865],[-3.0226390353601,58.646526336144916],[-3.014722346768394,58.63819122520147],[-3.057916878608694,58.450828553257736],[-3.109722614328632,58.381660461512354],[-3.121944902630617,58.3694381732102],[-3.20555591407782,58.30624771180379],[-3.483333589211156,58.182777405252125],[-3.845000268296531,58.01999664515722],[-3.996944903475935,57.950553891840684],[-4.000092983651825,57.92786788771514],[-3.991666795972947,57.90610504272945],[-4.015000343424219,57.86777496279825],[-4.106667519066775,57.85194397122319],[-4.112524448764034,57.851454671820406]]]}},{"type":"Feature","properties":{"fillColor":"#fadfa4"},"geometry":{"type":"Polygon","coordinates":[[[20.62258046158237,38.37688229402377],[20.680553436396323,38.277496337916304],[20.812637329090595,38.11492538454807],[20.807545037917283,38.101198647260794],[20.793470382648536,38.06325912481287],[20.746006394678215,38.06128668392653],[20.73499679561781,38.060829162671865],[20.680898799903684,38.069902748578386],[20.55777740483211,38.0905532836004],[20.51499748222119,38.10318756103601],[20.377777099593516,38.156661987277914],[20.342567443782286,38.17790985115283],[20.34152603150517,38.19888305673862],[20.356109619075767,38.23194122318199],[20.392058501402175,38.31112492055427],[20.398609161309547,38.32555389408907],[20.44180297847527,38.32652282706867],[20.480762481718827,38.30881500242534],[20.48076248171893,38.30881500242539],[20.480762481718955,38.308815002425376],[20.48954337470041,38.31274337288727],[20.503887176431274,38.31916046134848],[20.516387939447565,38.327774047787884],[20.522491077255424,38.33294477793971],[20.536388397328665,38.344718933168394],[20.545900344812708,38.360202789387586],[20.54916381839263,38.39096832283468],[20.53971862787688,38.40943908698216],[20.534164428663246,38.434719085787776],[20.5397574333251,38.46072012101075],[20.541872024607315,38.470550536991894],[20.562221527196236,38.47110748302055],[20.57110977168338,38.46804809579479],[20.590640682292747,38.433184070248345],[20.612499237067766,38.39416503896365],[20.62258046158237,38.37688229402377]]]}},{"type":"Feature","properties":{"fillColor":"#c6d1ed"},"geometry":{"type":"Polygon","coordinates":[[[35.29269420909091,55.770709820925276],[35.29269420909091,58.63327244848083],[47.2110535281259,58.63327244848083],[47.2110535281259,48.83974424478411],[46.39803790766456,49.06282669111687],[45.55477918424424,49.53714710720732],[45.042885174495154,49.94308932982949],[44.19328441076868,50.674372941553486],[41.707997763376795,52.423205477586066],[40.72315391569754,53.014095401647126],[39.686623900427946,53.59860196344255],[38.62357948948733,54.13757736637939],[37.545591667952124,54.685576102075004],[36.41191279025611,55.267185596859804],[35.65477129653681,55.58288824685184],[35.29269420909091,55.770709820925276]]]}},{"type":"Feature","properties":{"fillColor":"#bde7d1"},"geometry":{"type":"Polygon","coordinates":[[[18.168888092265377,56.909996032738434],[18.144580840892957,56.9147872923117],[18.158332824950435,56.941665649187144],[18.20916366570708,56.98916625987516],[18.241307837300212,57.02668139779418],[18.246719360231545,57.03299713153559],[18.24671936023155,57.03299713153561],[18.246719360231623,57.032997131535694],[18.254444122324685,57.07916259755655],[18.173332214391166,57.141937255936796],[18.14833068864192,57.23527526875256],[18.158054351677038,57.315826416154096],[18.14249801620764,57.40943908670306],[18.11527633690656,57.48082733160152],[18.110136031856335,57.50458145144906],[18.11245239428629,57.51390880782818],[18.11527442939557,57.5252723694357],[18.138610839592054,57.55110931396846],[18.170333580054677,57.57905072426827],[18.185302734576396,57.59223556524455],[18.200608711252112,57.599485986995425],[18.219858169399572,57.608604430921055],[18.230845146903608,57.613093314839226],[18.245693206939848,57.6191596982361],[18.26198288816334,57.62719523283235],[18.276107787961404,57.63416290269882],[18.294719696284556,57.64582824704901],[18.313558506102417,57.661113424287144],[18.338886260845356,57.681663513386695],[18.35182447826439,57.69248128457004],[18.355831146104727,57.69583129906585],[18.3819427488891,57.718605041737725],[18.401664733729028,57.7386093138363],[18.419719696023666,57.760276794494956],[18.46652603129816,57.810272216986334],[18.481446150398536,57.81738291447985],[18.685970306384775,57.91485595699038],[18.707616421380926,57.91928975752444],[18.720554351798764,57.921939849829954],[18.88194274888223,57.919715881256145],[18.908330917429083,57.91791152932591],[18.970692296637687,57.9103300009926],[19.005413055460963,57.906108856109086],[19.005272958360013,57.90544584671561],[19.00388717628584,57.89888763440299],[19.033332824679107,57.82694244399441],[18.938221259326653,57.74708560853902],[18.92944335957024,57.73971557636792],[18.84888839714688,57.7211074830667],[18.82667553521024,57.711320427231],[18.809165954711865,57.703605651778595],[18.79333114648748,57.659164428966406],[18.75971984872354,57.50804901142102],[18.768749236863467,57.46971893327984],[18.784562250069023,57.452442608166336],[18.788330078333217,57.4483261108727],[18.767978021472317,57.39306341058864],[18.713191986204134,57.244300842388945],[18.700637443070118,57.23895730088043],[18.65805435166999,57.220832824822025],[18.551940917987395,57.18277740493238],[18.50652694700665,57.16735839832967],[18.447498321353407,57.15485763571422],[18.417221069198376,57.14416503901424],[18.4010781951743,57.1352311325088],[18.393123626925153,57.13082885761509],[18.342914581349255,57.07548141501838],[18.33752966372631,57.04170293608329],[18.332538604513218,57.010395049817475],[18.298748016270242,56.936103821019216],[18.27831991923731,56.930618982832016],[18.210830688252315,56.912498474067434],[18.168888092265377,56.909996032738434]]]}},{"type":"Feature","properties":{"fillColor":"#c6d1ed"},"geometry":{"type":"Polygon","coordinates":[[[17.790830612402658,80.12706756558634],[17.87791252050738,80.15554046435818],[18.038330079374532,80.18525695975165],[18.16749572752508,80.18580627265777],[18.203327179317057,80.18470764200765],[18.41555214151964,80.17248535365133],[18.674438478733066,80.1580352772043],[18.71735572594565,80.15929412754542],[18.760969162983656,80.18775939703858],[18.904163361465407,80.18761444074272],[19.191246032468428,80.11498260424713],[19.212635041930127,80.10220336886806],[19.234161378408658,80.08957671906342],[19.263332368278498,80.08415221964628],[19.289997098965443,80.08166504091685],[19.318885805522484,80.08332824786822],[19.340553286076442,80.08638000289909],[19.512136461263992,80.14051818716888],[19.495468141791036,80.14851379221949],[19.480548857445513,80.16831969973742],[19.40499496365743,80.17025757039852],[19.368885040772852,80.16998291152652],[19.310554502532455,80.1744232194747],[19.21457863092195,80.19692230108546],[19.099163057172404,80.25804138182184],[18.97999572634609,80.33665466475748],[19.023887634476694,80.35054016006535],[19.06082916325562,80.35054016006535],[19.097217562070284,80.3494262708578],[19.156661989518454,80.34526062178162],[19.211383820867752,80.34027099608966],[19.261665344268806,80.3347167989341],[19.330276487984293,80.32527160673646],[19.38555145413568,80.31414794903009],[19.41652297797407,80.29970550669964],[19.433605194284155,80.28637695357679],[19.578273773859394,80.2348175042186],[19.592023848260226,80.23115539721414],[19.655273437736355,80.21360779006386],[19.687496187474892,80.2130432137626],[19.808609008565497,80.2124938960186],[19.84082984735602,80.2209625260258],[19.913745878112593,80.37664794856727],[19.723327634429097,80.39637756329802],[19.689994812541386,80.39526367409047],[19.581939697922166,80.38693237110044],[19.54860687119657,80.38610839932232],[19.51221847721979,80.38720702997227],[19.4773559583395,80.39498901521847],[19.45874404987461,80.42067718371504],[19.463329314118425,80.45471191375907],[19.4819374103628,80.46234893787147],[19.642494202357113,80.49942016438888],[19.668884279009944,80.50166320619911],[19.701107023910765,80.49971008181831],[20.00749969447662,80.4694366442402],[20.15200996409932,80.44977457549417],[20.15200996409932,79.77311700808659],[20.084720612274396,79.76138305798474],[19.92666244534655,79.74192810212617],[19.57027435175047,79.7119293234199],[19.54222106814649,79.71026611163063],[19.511108400232672,79.70942688129526],[19.472494124275443,79.71305084190612],[19.452495573841475,79.72276306369685],[19.43443870628903,79.73262787106216],[19.40221786266062,79.73719787674872],[19.01444244227912,79.72608947759977],[18.829719544664272,79.71859740978294],[18.80194091993212,79.71693420283162],[18.771385194203276,79.7174835205754],[18.471660614838186,79.78276062110928],[18.154163362181635,79.90998840343644],[18.24415969830011,79.92858886556434],[18.35638427905377,79.94303894201141],[18.482772826207565,79.95304870567236],[18.514720917074044,79.95416259971779],[18.634162901934644,79.95664977844706],[18.80583191013625,79.96998596084887],[18.80944061218969,79.99470520127142],[18.736106872375558,80.02388000336191],[18.357704163624646,80.07637786851666],[18.062774656087356,80.12608337411723],[18.007499694773685,80.12803649849803],[17.938327786977368,80.1255340563734],[17.790830612402658,80.12706756558634]]]}},{"type":"Feature","properties":{"fillColor":"#fff9b9"},"geometry":{"type":"Polygon","coordinates":[[[9.114250105668201,53.39698081052843],[9.114250105668201,53.86438253898796],[9.128887170973314,53.866104123137575],[9.21597100026105,53.86485673176941],[9.283401485548268,53.85554887701687],[9.322360049925294,53.828193646256466],[9.35138702515087,53.79804994216647],[9.379444116808486,53.760826111260144],[9.412360188864966,53.727497106977296],[9.554999353100754,53.60443877389213],[9.577916162507506,53.5886077823796],[9.672777178871854,53.5555496269489],[9.695833206756618,53.55027771432384],[9.764745695196154,53.5437316971076],[9.809373850787097,53.53374482319913],[9.829060566959186,53.54169847240644],[9.779026971343058,53.56208039052751],[9.741083161005633,53.56500242997208],[9.724164980032981,53.565551754494834],[9.699443827916696,53.56832884566876],[9.672777178871854,53.57527161231815],[9.5752773219412,53.61360930719269],[9.553887386158578,53.627635955995515],[9.434165960485132,53.74402237128339],[9.417221066289585,53.771110547243666],[9.407775890085077,53.79222107819987],[9.39374924128225,53.82263566985682],[9.332776077567985,53.8549957197273],[9.282360095715433,53.875553132108905],[9.23444365852157,53.88638305984841],[9.213054651894538,53.889717102363704],[9.114250105668201,53.89520492624872],[9.114250105668201,54.621897729888786],[10.038921813830846,54.621897729888786],[10.032499297674576,54.55527496201984],[10.004304884564931,54.52373504680929],[10.106109635449059,54.489440920881066],[10.11263331421653,54.48952691906589],[10.11263331421653,53.39698081052843],[9.114250105668201,53.39698081052843]]]}},{"type":"Feature","properties":{"fillColor":"#fadfa4"},"geometry":{"type":"Polygon","coordinates":[[[14.433072554270925,35.81682001878202],[14.42388725283199,35.818603515663376],[14.416155560034262,35.823151122782825],[14.377359390264077,35.845970153811386],[14.371201981058068,35.85114323441942],[14.366943359365678,35.85472106927773],[14.347221374482615,35.87249755862052],[14.33791542049778,35.88180160524928],[14.333054542495807,35.89499664308214],[14.332142885738074,35.91421896228904],[14.329095840459729,35.97846603387791],[14.364998817441744,35.99193954470974],[14.37499809270463,35.990829467796175],[14.391678689729186,35.983370758854896],[14.443332672072227,35.96027374263955],[14.510276794417885,35.92527770995188],[14.548332214395064,35.892219543503685],[14.56388854978728,35.877777099613816],[14.566584129423843,35.87409886171328],[14.569999694818534,35.86943817133101],[14.566152911253385,35.83684074429085],[14.564582824681874,35.8235359192094],[14.519721984902237,35.79999542240598],[14.433072554270925,35.81682001878202]]]}},{"type":"Feature","properties":{"fillColor":"#bde7d1"},"geometry":{"type":"Polygon","coordinates":[[[20.933570703609714,55.27768184607241],[20.935550691021387,55.279434199623395],[20.942832947891446,55.28720093369978],[20.971321751425485,55.318318214126826],[20.982772816706618,55.3308257948369],[20.98722211779106,55.33571305232955],[21.002498634843164,55.35249327713438],[21.043399792537045,55.408950822152285],[21.04708349897862,55.41642774788476],[21.064441682124713,55.45166015532297],[21.079274542605308,55.49018804299812],[21.085830688751848,55.507217426011756],[21.093467728194693,55.53999327300502],[21.09582902224608,55.59415437128777],[21.095829964309665,55.63271258322142],[21.095830919271794,55.671798715449334],[21.092128707173764,55.71268942870679],[21.09200860549839,55.714015944595076],[21.096315617109568,55.71114541482232],[21.112218862125818,55.700546247133744],[21.125135441012507,55.68304823436354],[21.13471983569502,55.62915802364725],[21.129217661574852,55.58446699482767],[21.128051750664298,55.57499696407903],[21.103050225850865,55.42082976654363],[21.046663296657535,55.329719557687795],[21.008874303225173,55.297234088419096],[20.98612999402258,55.27768184607241],[20.933570703609714,55.27768184607241]]]}},{"type":"Feature","properties":{"fillColor":"#bde7d1"},"geometry":{"type":"Polygon","coordinates":[[[46.329821969302614,45.56252767445788],[46.329821969302614,48.800912398329395],[47.35257473814467,48.800912398329395],[47.512136842424354,48.75713033108631],[48.297792420260194,48.70365895842547],[49.23998907302743,48.58800297795467],[49.23998907302743,46.40663119334387],[49.21665952848078,46.378036476519114],[49.2225265289656,46.34630585192629],[49.22252653986383,46.346305846560256],[49.23998907302743,46.31810160357552],[49.23998907302743,46.28966819157336],[49.154426570162826,46.28665161382877],[49.04638672074899,46.195823674695404],[48.959797718142326,46.15404533163084],[48.911094660699945,46.13054658489793],[48.78193665351101,46.0927658026501],[48.741261321411365,46.077101902615055],[48.69644926837145,46.059844968671655],[48.69644926837164,46.05984496867141],[48.69644926837145,46.05984496867134],[48.72491456904798,46.02317808910648],[48.738883958638155,45.96804044830719],[48.76165771680016,45.854705805812074],[48.74144372857532,45.84448554269208],[48.71332548248342,45.83026885915941],[48.626789080692404,45.91081998912782],[48.59943388864699,45.94706727751784],[48.57082367841465,45.964084607133714],[48.570823678414584,45.9640846071337],[48.57082367841451,45.96408460713374],[48.45262529359836,45.93360520687503],[48.37332151628337,45.87498474252292],[48.356657169451644,45.855431574266184],[48.341369636716855,45.83749389553148],[48.32025522187443,45.82012496563578],[48.256942766529136,45.7680435034397],[48.223876945564854,45.74415588130954],[48.1927566602438,45.737487796278856],[48.18785366691855,45.73775719271829],[48.1372146431924,45.740539569071714],[48.04170138258643,45.73304061240071],[47.97804258783191,45.728042620074305],[47.909595960483585,45.72181787881483],[47.854301441538645,45.716789229678625],[47.83054351404168,45.65582276362768],[47.61597442861529,45.75717164755481],[47.60167986333383,45.762337306896356],[47.596656780783306,45.76415250958287],[47.57557805304376,45.766117562170145],[47.55561446887035,45.76797865612316],[47.48769681978843,45.75840863199553],[47.39022825969542,45.74467469855736],[47.403044454622815,45.707270299045426],[47.414295208852614,45.674434679080974],[47.41429520885274,45.67443467908093],[47.41429520885282,45.674434679080704],[47.48050691302066,45.65258407570374],[47.540683751686615,45.636238099710155],[47.55998993993326,45.60026549293875],[47.563906089172306,45.58280060505605],[47.568180097950766,45.56373976759303],[47.56733800092234,45.56252767445788],[47.49812812665776,45.56252767445788],[47.48619079000156,45.57145690798981],[47.486190790002105,45.571456907989315],[47.48619079000163,45.57145690798967],[47.495985629290466,45.56252767445788],[46.329821969302614,45.56252767445788]]]}},{"type":"Feature","properties":{"fillColor":"#bde7d1"},"geometry":{"type":"Polygon","coordinates":[[[13.650140416380953,54.462217415045465],[13.631109237662935,54.40110778821716],[13.506388664262479,54.342216491772604],[13.469444274842767,54.32833099374971],[13.387446069987057,54.287890380174716],[13.357638359035263,54.27318954468353],[13.357638359035263,54.273189544683525],[13.35763835903518,54.27318954468348],[13.357498168934063,54.25971984860464],[13.406943321121005,54.265132904040826],[13.42097091664506,54.26027297969057],[13.426184568638414,54.2506078490949],[13.427638053954354,54.24791336058365],[13.426943778926502,54.23582839976049],[13.395416259743053,54.221660614135324],[13.29108340494283,54.24777008855566],[13.253332137984273,54.257217407340136],[13.202649708655931,54.28241345140428],[13.174995846364785,54.296161173091384],[13.650140416380953,54.462217415045465]]]}},{"type":"Feature","properties":{"fillColor":"#fadfa4"},"geometry":{"type":"Polygon","coordinates":[[[14.039367198944097,37.110109700998585],[14.039367198944097,38.03302997675637],[14.132776261053483,38.022773742962926],[14.242776871117277,38.01221466069596],[14.311943054548168,38.01221466069596],[14.367916106678198,38.01832961978008],[14.519444465607263,38.04277038653763],[14.643470764156138,38.07728576740547],[14.755715719385195,38.138597921873],[14.78472137478417,38.15444183415059],[14.874443054817107,38.170555114198066],[14.908256160400091,38.16580841489245],[14.96944332184544,38.157218933040895],[15.088748932288176,38.1224975588638],[15.150833130245703,38.145553589432836],[15.278800771364867,38.19787338819896],[15.301666260314164,38.207221984219416],[15.331535644562416,38.219196231347695],[15.51541614552422,38.29291152933594],[15.545831680628028,38.296939849347815],[15.647936820908921,38.26457595763344],[15.590373077064996,38.19040317714714],[15.503609657040187,38.07860565186488],[15.427776337168783,38.00083160354404],[15.369025230362459,37.94388580349193],[15.235277175773478,37.78527069169476],[15.225700984798415,37.77244920904496],[15.219720840477066,37.764442443426105],[15.219280678750112,37.751929673937774],[15.217776298771017,37.709163666018576],[15.20083236651968,37.65138244636792],[15.19612753027933,37.63854400654338],[15.168054579910518,37.56193923953458],[15.1499986647853,37.54277420065387],[15.118610381759424,37.51943969688534],[15.092498779100481,37.490272522136706],[15.085832595150237,37.463050841584334],[15.08583259515024,37.463050841584284],[15.085832595150231,37.46305084158425],[15.092706680686021,37.34832382188147],[15.092706680686033,37.34832382188145],[15.092706680686035,37.34832382188142],[15.104114662686587,37.32841717372971],[15.186943053867937,37.18388366726539],[15.203887940257383,37.15749359140704],[15.230692863500675,37.12485504139766],[15.214034450905961,37.06221323504016],[15.180276869917577,36.93527221714032],[15.087770294080517,36.79553000163421],[15.023610114731081,36.698608398727345],[14.779165268727525,36.704437256450774],[14.757657565655302,36.70971123046563],[14.721387863981269,36.718605042302016],[14.598666606356083,36.76371239977179],[14.553609847523546,36.78027343708857],[14.459165572756035,36.834159851794425],[14.44111061176892,36.873329162410926],[14.41416454364969,36.91402053753956],[14.39388847273733,36.94249725411794],[14.373609542706447,36.96638488773311],[14.34712028427407,36.98929214526498],[14.312730248625492,37.01515978844025],[14.276388169048747,37.04249572831381],[14.268391907812784,37.0476568602741],[14.245832443207064,37.062217711945664],[14.144999503550878,37.099021911938394],[14.101804733688766,37.10985946575698],[14.039367198944097,37.110109700998585]]]}},{"type":"Feature","properties":{"fillColor":"#fff9b9"},"geometry":{"type":"Polygon","coordinates":[[[-7.95302176475525,53.41277122562266],[-7.95302176475525,55.20067086509252],[-7.670000077075931,55.27194213774127],[-7.657500266363455,55.27443694967762],[-7.632500647521872,55.265552521159904],[-7.550972460607284,55.14488601743864],[-7.550864159927293,55.143278038518595],[-7.550472736125884,55.13746642937964],[-7.55313921040573,55.12780380202703],[-7.541528226175449,55.085968018252345],[-7.54185876268508,55.085865180265074],[-7.575000763383798,55.075553893775805],[-7.616666793925333,55.053886413874636],[-7.636140315991057,55.03852680444485],[-7.636389732586028,55.03833007878469],[-7.636389732586053,55.03833007878467],[-7.682291983349216,54.95089721772791],[-7.682291983349141,54.95089721772793],[-7.682291983349218,54.95089721772778],[-7.663333892668001,54.95388793850823],[-7.653080054255547,54.95774907214558],[-7.644166946867472,54.96110534687557],[-7.554101096467251,55.00131216452475],[-7.456250190081757,55.0449943540823],[-7.454523219311557,55.04689446262014],[-7.446528434559809,55.0556907659664],[-7.464694975550799,55.14502334679685],[-7.500528335634556,55.17385482906013],[-7.506861686420507,55.177856445715236],[-7.521111487372991,55.18723297002316],[-7.520761387394165,55.190654559039004],[-7.52019500849989,55.196189880148864],[-7.516800745858542,55.228381816358926],[-7.511944771447824,55.274436949677664],[-7.396389485651611,55.37833022968896],[-7.376667022330962,55.379993439368775],[-7.24083423620071,55.351943968994135],[-6.956111907104063,55.24944305300026],[-6.935139655948232,55.23846816934601],[-6.935833931430015,55.21971893378418],[-6.953611373003469,55.21166229188566],[-7.067222595482747,55.17443847689475],[-7.144166946511405,55.150833128597526],[-7.15916728874106,55.145828247342536],[-7.174709529601938,55.136999633453875],[-7.183611870569319,55.13194274804019],[-7.190415072125094,55.12677039120424],[-7.197500229662012,55.12138366809762],[-7.252507210974045,55.07059478725108],[-7.25305605048311,55.04679870617406],[-7.18935052850205,55.04282569944114],[-7.09500026693161,55.036941527821114],[-7.068889140293072,55.03916168104123],[-7.05138921722628,55.046802521811415],[-7.040609352229385,55.05414716130785],[-7.029167175651821,55.06194305318962],[-7.020016803932235,55.070015118451266],[-7.019722938636713,55.07027435380435],[-6.994167326934941,55.1102752681391],[-6.966944695082819,55.15610504246101],[-6.889722822964161,55.16777038595978],[-6.836774440538712,55.168000332713625],[-6.824722289787758,55.168052673367185],[-6.799167006648588,55.17135985185846],[-6.730278015692422,55.180274962989635],[-6.69217073923261,55.18905587412048],[-6.69217073923261,53.41277122562266],[-7.95302176475525,53.41277122562266]]]}},{"type":"Feature","properties":{"fillColor":"#bde7d1"},"geometry":{"type":"Polygon","coordinates":[[[21.32833100396935,60.86527252957613],[21.370574053621745,60.975125572063114],[21.44444273763879,61.167221070624386],[21.467985570006228,61.199754577082],[21.493888835923098,61.23554993321447],[21.54444121007209,61.27638244954013],[21.548370931560292,61.28937057035002],[21.554443376333097,61.30944060497071],[21.530551921436103,61.4472198596525],[21.511802684531002,61.51270295098519],[21.60333252327621,61.54471588381631],[21.584678346948284,61.586342808926815],[21.509344285856876,61.754451293815436],[23.048485139504074,61.754451293815436],[23.048485139504074,60.3487431739017],[22.942739011994206,60.31228759594439],[22.919166575598513,60.304161087552146],[22.801109306286296,60.258468622957416],[22.76055526563138,60.244163498483786],[22.74212365493369,60.2393312395569],[22.734582889379993,60.23735425923441],[22.699165336924164,60.229164139931676],[22.662776933029964,60.22222137328205],[22.5654735537902,60.21193693729862],[22.475640129154943,60.23545910571913],[22.44930266388269,60.24235536172209],[22.461833004861095,60.2623783079765],[22.46277619411055,60.26388548385316],[22.48416326499679,60.28319167209979],[22.536109914525465,60.31249236107374],[22.617126335130603,60.373333233243386],[22.62659453067141,60.38044356063466],[22.55429448415222,60.386255268931535],[22.483608249396102,60.39193725389267],[22.27694321949792,60.38582612020346],[22.250934254190685,60.393636864412706],[22.083610526894123,60.443885800447624],[22.01444244324028,60.46527101302246],[21.869720460624034,60.52416228751176],[21.859590786281927,60.54541677717152],[21.824443831866777,60.61916352893922],[21.824443831866525,60.61916352893913],[21.82444383186632,60.619163528939566],[21.791537540478767,60.60827843814797],[21.77069283962845,60.601383207731494],[21.713297920528976,60.57504470250794],[21.664165500641882,60.55249785484043],[21.625059598975668,60.53037534779586],[21.588054650338382,60.509441365915364],[21.54518393459863,60.52625333961517],[21.4527740498748,60.56249235556765],[21.424163800927598,60.57929992831114],[21.366813570071546,60.64430909914097],[21.358608235459453,60.65361022995689],[21.32833100396935,60.86527252957613]]]}},{"type":"Feature","properties":{"fillColor":"#c6d1ed"},"geometry":{"type":"Polygon","coordinates":[[[38.27228403884966,63.82107653768206],[38.27228403884966,64.73948239282603],[38.327774065350525,64.75360106490155],[38.35277559016362,64.75637815607524],[38.65110015344038,64.77748106021284],[38.868598943844916,64.7558288702673],[38.9322128451513,64.74359131053677],[39.229713441001365,64.65942382961555],[39.389160139265925,64.60664368881544],[39.49582673544512,64.57582092685453],[39.54596327375668,64.56317140276786],[39.614440917384,64.55747986025324],[39.7373504694317,64.5534515449445],[39.91603471457444,64.61004637269923],[39.87818908500998,64.61762235887755],[39.85235596595129,64.61109159529889],[39.83249282636325,64.60082245166763],[39.79409028417206,64.5948410126116],[39.79513167400489,64.6272048952489],[39.817699430631535,64.66394041618236],[39.86277009656823,64.66581727174218],[40.01805115807184,64.63275145077785],[40.05776977171456,64.62109376155962],[40.08166502066348,64.61248780641932],[40.130310070692644,64.58865357202023],[40.164085379372864,64.56247712997447],[40.216934200256446,64.55247496371351],[40.45054625189613,64.53637695611582],[40.49721525900702,64.53512573198088],[40.52373885680703,64.5409622227661],[40.532215117314195,64.56470489662541],[40.45054625189613,64.78915404178332],[40.412208557021756,64.86088562697199],[40.37596130734636,64.92345426696397],[40.27943803164669,65.01193237163147],[40.24249267641113,65.0285949573896],[40.21582792439227,65.0363769451032],[40.181381223374444,65.0422058090698],[40.05915831730147,65.11553956819955],[39.782768252407664,65.31944276056129],[39.75388336055647,65.34220885318979],[39.71804811395185,65.37831115459437],[39.704162580652905,65.40525817633585],[39.70138548947915,65.4277648796978],[39.70388031093029,65.46290589222383],[39.72380829783498,65.51040649358009],[39.751388539105335,65.55081175319754],[39.77443694017131,65.57083130064188],[39.81221009560039,65.59359739327039],[39.85665892416415,65.611923206234],[39.89193725814198,65.62469483685004],[39.91582488027228,65.63304136400905],[39.93998718402122,65.64109803334162],[39.97859956051451,65.65165711222915],[40.02249143773673,65.65914916468648],[40.202217111426876,65.71026611699568],[40.390274058638624,65.76721193327148],[40.41276550836312,65.77638242785724],[40.433601396415554,65.78665161020331],[40.47221373419387,65.80914305992769],[40.54415894773666,65.85720823944433],[40.595268234512446,65.89526366459609],[40.609718307256685,65.9097137373405],[40.641662598719336,65.93637086254051],[40.65915681743763,65.94886781153775],[40.68027497521268,65.95887756590253],[40.703323376278604,65.96804809920309],[40.72943113824107,65.97499082713767],[40.75916291669006,65.97970582713612],[40.8533248983386,65.99081419183159],[40.88665769667324,65.99359132172015],[40.939712519092154,65.99525451021105],[41.0077743655969,65.99942014697194],[41.251873868608406,66.04274341242875],[41.251873868608406,63.82107653768206],[38.27228403884966,63.82107653768206]]]}},{"type":"Feature","properties":{"fillColor":"#fff9b9"},"geometry":{"type":"Polygon","coordinates":[[[-6.69217073923261,54.39638233249572],[-6.69217073923261,55.18905587412048],[-6.631817798708325,55.20296276688379],[-6.613333701009083,55.207221985445415],[-6.599270602499191,55.21093750641608],[-6.515556334709791,55.233055115653855],[-6.376389503112097,55.23916626046507],[-6.364287578033479,55.23843742123738],[-6.353333472247357,55.23777770950147],[-6.332145256956074,55.23603302282128],[-6.145833493192865,55.22069168103602],[-6.101250649499077,55.20944213866552],[-6.063750744604964,55.191524505360135],[-6.06174522647129,55.18899619317022],[-6.06174522647129,54.39638233249572],[-6.69217073923261,54.39638233249572]]]}},{"type":"Feature","properties":{"fillColor":"#fff9b9"},"geometry":{"type":"Polygon","coordinates":[[[31.51450921063387,46.57909392540758],[31.539997109679096,46.56179428735401],[31.55652427101108,46.550125138550314],[31.5585527020635,46.549594012455735],[31.587774289680283,46.54194260735136],[31.598796872222877,46.54137721439157],[31.620273596743484,46.54027558609373],[31.664272978879154,46.54431893294572],[31.680381794040954,46.54579926116651],[31.68388850598223,46.546648455040845],[31.694133761224958,46.54912947091509],[31.72288133162419,46.55121232801031],[31.76374625225075,46.55332565366563],[31.837497705529184,46.52970888038748],[31.852527610071203,46.522674553198414],[32.06148638907974,46.51139330941239],[32.0924835101585,46.509719840218054],[32.10605281891171,46.50691159126564],[32.18110656309673,46.4913787736169],[32.276649463513436,46.46858980053224],[32.319709785205035,46.46193696913902],[32.319709785205056,46.46193696913902],[32.319709785205134,46.461936969139],[32.320890820134956,46.46182105939656],[32.34804535253349,46.459156045198384],[32.41609953350465,46.497768382976844],[32.59887075556935,46.6046192567419],[32.59887075556935,46.09965853163774],[32.58554077121131,46.09609984516544],[32.53804779667372,46.07756044256246],[32.532583080308,46.07736936848503],[32.500408168644626,46.076244371110874],[32.470295999808336,46.08137759171285],[32.40998077299673,46.091659526785975],[32.357602860343725,46.10349569425393],[32.33749390046471,46.10803984282116],[32.32046464266522,46.112447123519615],[32.26450346432239,46.12693023394519],[32.24331666517884,46.17304991653333],[32.033352969948275,46.254015586284424],[32.02720642036118,46.256385803208985],[32.027206420361146,46.25638580320899],[32.0272064203611,46.256385803209014],[31.918661110311007,46.28382872302734],[31.88978767804531,46.28158949679073],[31.831104263402437,46.27693175600518],[31.81040952956903,46.27873609871472],[31.790134425624842,46.28416062514401],[31.768041442059193,46.30764344847755],[31.765970224849923,46.30984496316506],[31.77812720807302,46.317215293658236],[31.814998628985958,46.33956907608048],[31.833701402680905,46.34095432163804],[31.85141181036238,46.34226606630017],[31.879811791520613,46.34065238062094],[31.88216020116182,46.340518944088494],[31.91721344720013,46.34027101440749],[31.942771923354737,46.343040478762624],[31.975408551869993,46.35012815496799],[32.037849441877874,46.382040677850135],[32.056720737689375,46.391685490076895],[32.007003790552574,46.448040014969365],[32.00700379055249,46.44804001496937],[32.007003790552474,46.44804001496939],[32.00176966371905,46.448689825661916],[31.966659545485015,46.45304870556123],[31.81632995407506,46.483016954105665],[31.809715256775462,46.48499299702377],[31.772359834209908,46.49359511939747],[31.698648450765972,46.49297715350605],[31.684937624344425,46.487846548069726],[31.67002294818124,46.48226546081424],[31.611971534623894,46.50069005779626],[31.60277558397329,46.50360870652885],[31.527078633766564,46.557487496374506],[31.51551955790854,46.577357171345064],[31.51450921063387,46.57909392540758]]]}},{"type":"Feature","properties":{"fillColor":"#fff9b9"},"geometry":{"type":"Polygon","coordinates":[[[9.382776260375948,57.023186629507265],[9.382776260375948,57.151250301142774],[9.391318320897994,57.15214920006298],[9.466248512125901,57.1788864140546],[9.495832443449956,57.190277099258196],[9.54374885562828,57.21569061284879],[9.566360021892878,57.23130294548047],[9.580554962359603,57.241104126439446],[9.629218609335355,57.285061344216516],[9.649442672241094,57.30332946822142],[9.707777023840947,57.364997864013276],[9.711460570434431,57.369524390129335],[9.725971222166443,57.38735580405579],[9.75785270837128,57.42720874250949],[9.768194198504602,57.440135955725154],[9.793333053798674,57.462219238646696],[9.957706451643393,57.58624649067021],[10.295276641579871,57.62318801861268],[10.402694620573154,57.62465437314736],[10.458193779130255,57.62541198787426],[10.478564892857694,57.56373274317275],[10.528055190525663,57.41388702432499],[10.53027629846946,57.22256469730638],[10.448055267260031,57.180690765298834],[10.419025420608364,57.1502723695462],[10.336615562407871,56.991664886814476],[10.24499893216722,56.9897155758494],[10.223332404769621,56.99193954511094],[10.196447966218475,57.001562359588746],[10.193054199482921,57.00277709902306],[10.192539286114982,57.00305192334862],[10.151943207187912,57.02471923809793],[10.119720459015412,57.041664123232124],[10.026388167802565,57.0849876406931],[10.02168202915257,57.08599349484631],[10.004720688199708,57.08961868239615],[9.669200127056936,57.06087959363918],[9.499999999865452,57.04638671887625],[9.382776260375948,57.023186629507265]]]}},{"type":"Feature","properties":{"fillColor":"#fff9b9"},"geometry":{"type":"Polygon","coordinates":[[[11.237707157307,64.81950378612362],[11.27277755400894,64.84054563699652],[11.374443047700254,64.85221861856701],[11.397721298628198,64.85593415687816],[11.423054686843102,64.85527039135951],[11.466720585684925,64.8599319649121],[11.55447100667294,64.88093568169126],[11.541712771383175,64.88359833186928],[11.513054864497576,64.87943269510862],[11.309999449174484,64.85581971588243],[11.253191960935851,64.85554503426368],[11.301805497104738,64.88513182572706],[11.351943971156913,64.90138244712904],[11.427499767145207,64.92359925394959],[11.547221192818654,64.94943237300822],[11.878610609189309,65.03860475046918],[11.967142101587946,65.06420898753609],[11.974998460462984,65.0658264151146],[12.004304879229608,65.05971528142538],[12.009750350374361,65.05169678490154],[12.023155200519113,65.02688596927146],[12.04478931064557,65.0528411948593],[12.148887643367914,65.03915403627713],[12.25444413091617,65.05305482321342],[12.300293671197856,65.06171826773758],[12.300293671197856,64.44259738973989],[11.410878992165843,64.44259738973989],[11.438610067581465,64.46499632073306],[11.508054729880314,64.54387663539183],[11.508609784195698,64.57165529009364],[11.477776530519748,64.59220886970849],[11.460554128523881,64.60499571524713],[11.397082310591827,64.66964721233444],[11.417776115269874,64.6977691513087],[11.438331591910696,64.71110536008496],[11.539165491356641,64.79798887891525],[11.586165432713756,64.8176574765535],[11.71783161796526,64.85032654808447],[11.785774222837063,64.86585997752212],[11.798915850948674,64.86740876373199],[11.834040641966624,64.86340332887943],[11.851498584902345,64.85523988408477],[11.876415246839088,64.8567428706674],[11.857998841206268,64.86566160280552],[11.839998232696018,64.87098694187637],[11.822998982899037,64.8744888131186],[11.799331648071245,64.87599183841604],[11.770915979788697,64.87491606982684],[11.694165212293285,64.85932921394334],[11.682332028814528,64.8561554120509],[11.594498641976145,64.82799530026824],[11.412999171565957,64.75999450702818],[11.292499539378184,64.75054933082367],[11.237707157307,64.81950378612362]]]}},{"type":"Feature","properties":{"fillColor":"#fff9b9"},"geometry":{"type":"Polygon","coordinates":[[[5.178888334244164,59.50680161821845],[5.304165839291272,59.62360383062895],[5.430832857795906,59.69971464221783],[5.481179694987304,59.72791288809424],[5.511666296201668,59.70374679029351],[5.506804954199254,59.66777418352194],[5.482499134627858,59.607215887775],[5.459734900310536,59.519218427546775],[5.4996523919624,59.53027344322601],[5.517802246087967,59.542762765404404],[5.525346757120928,59.616382588308795],[5.541526801413397,59.65805053164678],[5.568471422836524,59.67562101855219],[5.812083240418417,59.72332762144396],[5.940693858825398,59.73638535454944],[6.061805262534108,59.74291611812822],[6.303645141707364,59.84447479764253],[6.206665999050529,59.83193971455171],[6.164999488160788,59.81902313566508],[6.1297216574755,59.80236054990695],[6.106388083075558,59.787773116995936],[6.048610672554389,59.761939997937304],[5.980138294141966,59.75291441290733],[5.840555200043241,59.76693726765836],[5.798054694589609,59.78027343771976],[5.698332800800586,59.83277130879708],[5.70527742576121,59.866386415569366],[5.734999641650575,59.909164428823374],[5.770833029943958,59.9255523716775],[5.824166289318896,59.93943786626153],[5.875832566150848,59.9472198539753],[6.108332650848467,60.10638428251701],[6.073541155680289,60.18099977305667],[6.204721469992421,60.29555513241172],[6.331943504097637,60.355827325669395],[6.404947035526554,60.38689170583336],[6.404947035526554,59.036782870236856],[6.39944363733855,59.036109906308866],[6.377777084196339,59.03305054541232],[6.210555095881261,59.005271929425305],[6.163610942573825,58.99583054727282],[6.124166003964717,58.981941219921964],[6.099999441585965,58.966659552932185],[6.036388405175899,58.90450667134803],[5.97461891641359,58.96192933801109],[5.869860650939586,59.06555174950165],[5.875693812250745,59.08666228045786],[6.064722075478528,59.2044372413327],[6.146666512956187,59.244995114754374],[6.127082816909137,59.259162917775996],[5.996527204866311,59.33291243531352],[5.987221711717496,59.44554901096336],[6.14555501059175,59.47930143918745],[6.123749742264238,59.48652268150761],[5.895277005005084,59.47666166946567],[5.807777417309353,59.46916199018949],[5.713054651552568,59.43666074738542],[5.667658819877147,59.4090652524776],[5.700554837658956,59.4184684618217],[5.732360839799242,59.42596817981274],[5.771388045544768,59.4295806979988],[5.79347182825785,59.42735672539965],[5.859096538387178,59.37895201694772],[5.85249949504356,59.34416199294259],[5.687499040294313,59.308609016060814],[5.516527173626287,59.27555086062995],[5.485554701472381,59.27638245487549],[5.464444170516174,59.27944181577203],[5.389027593006062,59.290828694852905],[5.282083024448582,59.3509673994252],[5.203887923316472,59.43083192213379],[5.186646473631072,59.491889948724236],[5.178888334244164,59.50680161821845]]]}},{"type":"Feature","properties":{"fillColor":"#bde7d1"},"geometry":{"type":"Polygon","coordinates":[[[25.95865224322889,58.51606656994392],[25.95865224322889,59.63315283924515],[25.979995731552027,59.63276673711086],[26.263053881476512,59.58582304838119],[26.38971710592909,59.561660783347065],[26.424424410763145,59.5512636266064],[26.45832823824213,59.54110716501724],[26.47424859456295,59.536938834575665],[26.48805045413115,59.53332517730378],[26.490726020297103,59.533598046667166],[26.53166389439784,59.53777312250187],[26.575275437638034,59.55228424851088],[26.59628484126764,59.55451649896187],[26.62166213631114,59.55721283814876],[26.63709369772664,59.55513437634531],[26.65055086092947,59.55332184429166],[26.67402389431809,59.54790879592016],[26.67582702864622,59.547492980325416],[26.736938481682724,59.522491455512295],[26.772773728287323,59.5038833728259],[26.81721876279907,59.48081971812246],[26.839719150719844,59.472965536135476],[26.85499764802127,59.467632290383484],[26.869980091202947,59.46319520014647],[26.88360596122737,59.45915986264342],[26.921382910708427,59.45082855040701],[26.97277260889562,59.44443510828029],[27.03333284038339,59.44248961135188],[27.445315181069482,59.4314825325094],[27.553050981973705,59.42860411676767],[27.848052962320487,59.406654364747226],[27.887912768896964,59.4085998616756],[27.93333055187306,59.41721344363467],[27.953884131487722,59.4252700742523],[27.97805022928867,59.44054411442323],[27.99273048591614,59.452043874016084],[27.99596597492209,59.454578390045086],[28.01583101153619,59.478599539575264],[28.02024177154509,59.48180987988203],[28.021942145225534,59.48304748477358],[28.039440157995948,59.502220145619994],[28.06574739131012,59.54364916942003],[28.06624792254436,59.54443741348082],[28.06746220691077,59.55379995522662],[28.069580068033748,59.57012937832058],[28.063470831370648,59.60290909679551],[28.028747551707863,59.648738844127685],[28.002914432649693,59.67207334768267],[27.99291230510369,59.6897125146718],[28.001124342609376,59.72590140752456],[28.008609769215983,59.75888826385943],[28.07458113180674,59.794578562193315],[28.10180283516706,59.79332733805837],[28.169715900634277,59.7674942189998],[28.195827495363492,59.74867246924453],[28.20471761725231,59.71735001515522],[28.209438725704164,59.704256938081116],[28.212980288120452,59.69443510277404],[28.24415969096538,59.67804719863483],[28.30762776710421,59.66934920247695],[28.366802226928268,59.661239625891014],[28.389995576264926,59.66693496245754],[28.407217010390212,59.68124008693132],[28.415246203192755,59.696812327002476],[28.418746940715767,59.703601842022664],[28.419429424388618,59.71048888701903],[28.42180250756054,59.734436024854105],[28.41799104209072,59.7461554410282],[28.41430282828424,59.757495885505726],[28.41735649810286,59.788188952833366],[28.43311419821018,59.81582395350336],[28.437076586446324,59.82277297530303],[28.444184495195067,59.82670502268584],[28.495828642457592,59.8552742181071],[28.51824016652558,59.86044188631155],[28.519304261517004,59.860687246236054],[28.665691368364907,59.81485749890416],[28.694162360119375,59.79270170663349],[28.727079400046176,59.78152082908787],[28.778763567063777,59.782477197540985],[28.832218154731418,59.78346632601595],[28.868819346953707,59.79397757144189],[28.868819346953707,58.51606656994392],[25.95865224322889,58.51606656994392]]]}},{"type":"Feature","properties":{"fillColor":"#fff9b9"},"geometry":{"type":"Polygon","coordinates":[[[27.524161017188412,40.98400447455271],[27.524161017188412,41.76735497110957],[28.00450954793243,41.76735497110957],[28.076663988901952,41.64777373178434],[28.090549483486082,41.63138578893032],[28.132217388109144,41.59416199673879],[28.197219835002475,41.53790665920459],[28.21694182037184,41.523597701964185],[28.240899705005226,41.5099489518032],[28.242774978145178,41.508880613134636],[28.242774978145203,41.50888061313463],[28.242774978145224,41.508880613134615],[28.260786039655688,41.50207520665194],[28.292911516456673,41.48582458524991],[28.331943522839456,41.469436642395884],[28.45805359000251,41.41943359276964],[28.79249954108821,41.29721068669664],[28.834995284619577,41.282218916248276],[28.938049323897932,41.25610352746701],[29.02888488984983,41.24387742732183],[29.048467618026418,41.25555037017749],[29.088882440203374,41.24624251542492],[29.107391374246266,41.22155380632424],[29.055549603153853,41.08249665299956],[29.036247247673987,41.054576882793825],[28.917866776146333,40.98660341575874],[28.902492514249275,40.97777559246356],[28.827182750916222,40.955974582765805],[28.627773303379968,40.96054076301181],[28.51930046746503,40.99026487592732],[28.46805382052264,41.02013014306135],[28.448053359482458,41.03374482750837],[28.42346952881809,41.04360580083568],[28.37610624891363,41.054435728575186],[28.242774978145178,41.079162610484275],[28.213054659281852,41.08026884763365],[28.203408154837156,41.07978303724402],[28.15791128868975,41.07749175645977],[28.14383857753027,41.07433301484466],[28.131942745205095,41.07166289249329],[28.117227553401563,41.06526948908146],[28.08764446115399,41.06122969698343],[28.076526628735156,41.059711473966864],[28.0354377749074,41.043220784843655],[27.9969425174383,41.02777101527113],[27.993891147671672,41.0231153328604],[27.979511249010653,41.00117494333561],[27.942536268418948,40.96913975226648],[27.94207762251699,40.96874238061497],[27.888053884400733,40.96804048100279],[27.855274204640693,40.976936332684545],[27.83837583137501,40.98745993701303],[27.828052539995145,40.99388885369877],[27.81338371196699,40.998472589687644],[27.77652358461529,41.00999069406339],[27.737038878447724,41.01220700660446],[27.731941228651447,41.01249314233321],[27.698957725510496,41.008691036463986],[27.68610764855282,41.0072097701227],[27.601512651602196,40.99508817246153],[27.524161017188412,40.98400447455271]]]}},{"type":"Feature","properties":{"fillColor":"#fff9b9"},"geometry":{"type":"Polygon","coordinates":[[[24.3577003030727,40.909724650311375],[24.3577003030727,41.76735497110957],[25.940930660130554,41.76735497110957],[25.940930660130554,40.84301555609829],[25.9116592421434,40.84777069867698],[25.805549636020373,40.85248565996045],[25.771110523106756,40.851379384096276],[25.748607652511396,40.8480529683996],[25.719993609512187,40.84583282856727],[25.68221666003126,40.85221864387529],[25.580554960391737,40.86943055415594],[25.533384117192924,40.879695258271866],[25.50138854324354,40.88665771807412],[25.481224087153908,40.89123632294149],[25.419437408102795,40.90526580076056],[25.351942075499153,40.93887711348083],[25.306318290987747,40.94561387859494],[25.235553724470606,40.93833162172484],[25.176387768362474,40.94193268032552],[25.157983790185483,40.96726990130725],[25.163608549642618,40.99165725428094],[25.141803745892844,41.010337811102715],[25.074508685031788,41.00762177319348],[25.046024423558965,41.00525129044067],[25.03770065124805,41.00455857953012],[25.037700651248038,41.00455857953011],[25.03770065124803,41.00455857953011],[25.030048277326305,41.00002390320229],[24.88749696041945,40.91555023674407],[24.85860823580146,40.894996657129255],[24.8013439127354,40.85196684271261],[24.78027724566556,40.851943962256485],[24.626457203884,40.861175548821734],[24.599163065103255,40.89833069964459],[24.564580900944804,40.950622569186635],[24.50777434186182,40.9549942074828],[24.507774341861793,40.9549942074828],[24.50777434186175,40.9549942074828],[24.431110372983444,40.9441604469765],[24.417590341268944,40.940999373242],[24.39430237791464,40.93555449183617],[24.36782384358225,40.916868765724516],[24.3577003030727,40.909724650311375]]]}},{"type":"Feature","properties":{"fillColor":"#9cb3ec"},"geometry":{"type":"Polygon","coordinates":[[[61.71395767649717,65.78105784660288],[61.71395767649717,69.31295048962319],[66.23346655783804,67.95593291855464],[64.86182544605452,66.95262179095562],[62.28639434955206,65.94152235288824],[61.71395767649717,65.78105784660288]]]}},{"type":"Feature","properties":{"fillColor":"#fff9b9"},"geometry":{"type":"Polygon","coordinates":[[[12.459812764428593,65.73353385685105],[12.64736079744614,65.89943696689039],[12.670832622453474,65.91915895225986],[12.673748970820213,66.06443784750275],[12.839443195070373,66.12763215763442],[12.894998568733172,66.13388061277561],[12.923053724650003,66.13499451545857],[12.955275523913087,66.13360596987167],[12.98402595920868,66.13484956718781],[13.06860923725253,66.14665220467663],[13.162776948693875,66.16693114138747],[13.227220547219645,66.18083192832393],[13.265416158719802,66.19908906120429],[13.304304107272685,66.2188796879422],[13.351387014480395,66.22360227604452],[13.55965232129364,66.2340164066614],[13.576596247618738,66.21436310137528],[13.527221694313653,66.19332883860636],[13.531735415984201,66.11047363508476],[13.549720770856993,66.10055540254479],[13.613055228622045,66.19165802329678],[13.662984836242742,66.22575377450835],[13.704999935334683,66.23416139364684],[13.745832451660306,66.2363739066605],[13.767498966087715,66.23665617638312],[13.774130330115682,66.23561911591744],[13.774130330115682,65.73353385685105],[12.459812764428593,65.73353385685105]]]}},{"type":"Feature","properties":{"fillColor":"#bde7d1"},"geometry":{"type":"Polygon","coordinates":[[[23.41041372543416,59.01568602132748],[23.46582794487816,59.20228194881683],[23.505273812642866,59.22679520237187],[23.613609327105774,59.23971557531052],[23.729311990805837,59.25150010654822],[23.73638151898687,59.25222015112645],[23.936107653717254,59.272216779399656],[24.027221695339822,59.28777312800834],[24.205688479361644,59.34387968450482],[24.32208062444216,59.428882592438356],[24.328488569121788,59.457906280971535],[24.32930182804729,59.46158979806314],[24.35708044403427,59.472488405886054],[24.402772908629,59.47415542714373],[24.536663066479736,59.457214365715004],[24.695109341205132,59.453434015854924],[24.722770683996426,59.452774047335375],[24.740654259061102,59.47125455972322],[24.784997936741785,59.517078388668516],[24.828312435872483,59.519608098717406],[24.887218484749123,59.523048406853505],[25.0157320839431,59.52719086805725],[25.154441849108697,59.531661988812886],[25.488883967427615,59.56485367164365],[25.68394068668825,59.61414288317847],[25.772497171667947,59.63652037080083],[25.935036875449033,59.63358003951174],[25.95865224322889,59.63315283924515],[25.95865224322889,58.51606656994392],[23.56830089605327,58.51606656994392],[23.501110072908048,58.576942433647176],[23.498359563380447,58.63490707514088],[23.49554826374179,58.6941528163615],[23.5352745042033,58.74179840470338],[23.538978787084602,58.741120986945695],[23.56944276826496,58.73554991084732],[23.592081063286187,58.73276902562157],[23.616689767474277,58.73497116898247],[23.725551591247193,58.74471281732927],[23.8642330172836,58.77304838465774],[23.86423301728287,58.7730483846581],[23.864233017283222,58.77304838465817],[23.834293910557022,58.78765615490745],[23.827220917705386,58.791107181536205],[23.808476594875142,58.79669321289051],[23.79833029606176,58.799716930728515],[23.798330296061533,58.7997169307285],[23.79833029606142,58.799716930728536],[23.591663369137272,58.78804778192483],[23.483051314744245,58.80998994584164],[23.439622130801023,58.87633862075767],[23.418050764877105,58.909294145481745],[23.43832780456192,58.939987174094504],[23.468214165456764,58.93806998266432],[23.47721861801132,58.937492352643254],[23.491566075196896,58.937358610555314],[23.507499682268,58.93721008292064],[23.582635887081405,58.94887923172435],[23.61861872200532,58.965804875779895],[23.63666341924987,58.97429275960818],[23.63155899360608,58.98883339540623],[23.624301894678492,59.00950620755472],[23.62430189467816,59.00950620755498],[23.624301894678087,59.009506207555184],[23.590553299221526,59.03527068524439],[23.59055329922146,59.03527068524441],[23.590553299221067,59.03527068524471],[23.581351826361345,59.037876885033995],[23.56701089710399,59.04193877027576],[23.567010897104694,59.041938770275266],[23.56701089710425,59.041938770275394],[23.607080460553046,59.01374435716569],[23.55638503515932,58.987770083888364],[23.540179392573013,58.98521068348849],[23.514163973246333,58.98110199885808],[23.466384896219438,58.984161359754545],[23.44908608541372,58.99014379098309],[23.444301616799244,58.99179839919714],[23.41041372543416,59.01568602132748]]]}},{"type":"Feature","properties":{"fillColor":"#c6d1ed"},"geometry":{"type":"Polygon","coordinates":[[[41.251873868608406,58.63327244848083],[41.251873868608406,66.04274341242875],[41.298881519320275,66.0510864238039],[41.35527038425448,66.06248472375557],[41.42499541925014,66.08970642711586],[41.64777374909829,66.18664549993827],[41.77471161645491,66.24887085565774],[41.80471037227426,66.26554869505316],[41.843322748767605,66.2885894693004],[41.90859983856478,66.3308258235653],[42.036663068189796,66.42053986001554],[42.06805420236293,66.45443723651044],[42.08332824253387,66.46887205561717],[42.142490404590035,66.51221464703161],[42.1751327628981,66.524429326306],[42.205684676007024,66.52901459295629],[42.23610685576779,66.52748106038393],[42.348876958817584,66.51054383172186],[42.38471983224082,66.50444032485143],[42.552490215923115,66.47082517936434],[42.58554841006861,66.46388245142975],[42.65415954238125,66.44331357946265],[42.66687011973261,66.42220304850645],[42.955268862365415,66.41665649297727],[43.01290895143461,66.4216537626985],[43.07360840140029,66.42442322705358],[43.24388123335251,66.42970276649726],[43.29291532856655,66.42429353242028],[43.571105942117924,66.3166656473623],[43.64665984108018,66.2827606053338],[43.66554260538527,66.27249146170254],[43.68693923883109,66.25553894068838],[43.69387817271382,66.2319259614622],[43.67624283849159,66.21887206112359],[43.63499452504311,66.20304869642968],[43.60804750330169,66.19664000066558],[43.54721831998779,66.18803404552511],[43.519989028523526,66.18165589575068],[43.44832612341838,66.15554809507341],[43.294368760184966,66.09067534281337],[43.35471342757779,66.03858947480666],[43.516246776989476,65.9756774731124],[43.524993886348625,66.006942745419],[43.516658780060254,66.03658296332844],[43.47165679420692,66.05358887207382],[43.451660165933674,66.05470277475678],[43.407215131421935,66.05651091151833],[43.38513185200134,66.07270051837043],[43.45332335442458,66.1158142277933],[43.47554778806381,66.1255340469018],[43.506244649443374,66.13596343115597],[43.69248962712669,66.1774749666377],[43.71623992780502,66.1802597233451],[43.85804749779544,66.17692564211495],[43.943603524303455,66.13832093115525],[44.04860306051029,66.0781860206348],[44.052978531573274,66.05741118584723],[44.02457428416136,66.01895142315817],[44.04069137816333,65.99137114317296],[44.17443848476938,65.87469483134379],[44.14971922967891,66.04832458626743],[44.10367585399291,66.12400817986287],[44.07874297054843,66.16422273029707],[44.07638550926413,66.20054624815975],[44.10888671335323,66.28193663790728],[44.12360380218297,66.31469726997784],[44.134994514030666,66.33221436915227],[44.1511001484472,66.35664368898631],[44.16436005032131,66.37281800348632],[44.18193816404556,66.3858184773789],[44.21054841299275,66.4044341868842],[44.21837616161878,66.40713500987079],[44.21776582254614,66.4119262780564],[44.24110412015369,66.44664003387396],[44.25749968982626,66.46081542499962],[44.28916167285138,66.47692872494974],[44.32054901297249,66.48720549539968],[44.36027145938198,66.50289916546024],[44.483047484029726,66.67414857864338],[44.49638365409112,66.90748594866426],[44.47998808441838,66.9491424711315],[44.40832517931301,67.01158141649023],[44.16790772119094,67.1544342090802],[45.13701657136289,66.95499392181512],[46.35145741537849,66.66249914997599],[47.2110535281259,66.35671982251232],[47.2110535281259,58.63327244848083],[41.251873868608406,58.63327244848083]]]}},{"type":"Feature","properties":{"fillColor":"#fff9b9"},"geometry":{"type":"Polygon","coordinates":[[[5.144929904484457,60.36103822374457],[5.231110555832288,60.47805023174237],[5.259444226134747,60.50694275041218],[5.285554891708557,60.52165983924175],[5.312360294653558,60.52194214767934],[5.347499836016425,60.50471498376123],[5.364721308856758,60.49277494739056],[5.389999373599835,60.477775588838426],[5.459444035898684,60.43666076407516],[5.487082968829839,60.42263411527233],[5.526388650246304,60.41561891320225],[5.607221585359525,60.414993281777356],[5.647777097177311,60.46805189824829],[5.689318675356105,60.4935913267135],[5.694777503112334,60.51238249176413],[5.703711887867254,60.56978798840642],[6.404947035526554,60.56978798840642],[6.404947035526554,60.43508591155443],[6.22131870514113,60.407356281049374],[6.187777504952464,60.34777069505162],[6.155277268733585,60.27277374743113],[6.125346650990195,60.24124525309122],[5.982221615814865,60.23610686786617],[5.899722085306962,60.15138243560352],[5.879582870366789,60.04471971090595],[5.85916614762607,60.02346802573078],[5.806943887322973,60.00152206776232],[5.756666194792786,59.98583223046842],[5.74722194774381,59.98666382471396],[5.708055020227619,60.00513458594844],[5.548749437467109,60.1490898216357],[5.633333218803614,60.31194303655104],[5.411110872426491,60.12971495330572],[5.401666625377516,60.1319427586717],[5.36111068769668,60.14638520459732],[5.222748271743114,60.206691737896506],[5.164305198677482,60.282081602183666],[5.144929904484457,60.36103822374457]]]}},{"type":"Feature","properties":{"fillColor":"#fff9b9"},"geometry":{"type":"Polygon","coordinates":[[[12.874027256254891,57.351524356102146],[12.874027256254891,58.74481564873781],[13.071885752484434,58.689709322361296],[13.721887545792072,58.336455381039],[14.222592691375326,57.93053746402035],[14.517282462303967,57.46166861380544],[14.571055729774143,57.351524356102146],[12.874027256254891,57.351524356102146]]]}},{"type":"Feature","properties":{"fillColor":"#bde7d1"},"geometry":{"type":"Polygon","coordinates":[[[48.71742342619191,45.696229408108664],[48.71720886231157,45.69609069827016],[48.71644096340743,45.69616720993508],[48.704574584953775,45.69734954834877],[48.694427490238695,45.70109558107026],[48.594570159856914,45.745822906444005],[48.57485639768574,45.76254825304513],[48.55151367190614,45.782352447490126],[48.528878850574145,45.818426787400426],[48.493736267095414,45.87443542485096],[48.49811921359101,45.88305981820967],[48.498462677051926,45.88373565671106],[48.51693725586102,45.88505935667284],[48.53249359125141,45.87747955318083],[48.6763839722053,45.76415252691073],[48.7095338584101,45.73713567878501],[48.72137451172597,45.72748565674965],[48.72260878521393,45.72585317491755],[48.72956848143982,45.716648101846836],[48.72786213500447,45.70949393668443],[48.726024627716356,45.701789855992786],[48.71742342619191,45.696229408108664]]]}},{"type":"Feature","properties":{"fillColor":"#fff9b9"},"geometry":{"type":"Polygon","coordinates":[[[16.102932565506507,41.71944310067924],[16.102932565506507,41.9280246567252],[16.145553590182146,41.911174782370836],[16.19367788722252,41.82943723686941],[16.19277571586764,41.78999330484555],[16.164997099880793,41.75777437047907],[16.138885505151336,41.74055479466472],[16.102932565506507,41.71944310067924]]]}},{"type":"Feature","properties":{"fillColor":"#fff9b9"},"geometry":{"type":"Polygon","coordinates":[[[37.63537401108974,44.64469145145381],[37.81580694231221,44.64469145145381],[37.81339264498719,44.638042464444844],[37.75874710821286,44.62985230642722],[37.63537401108974,44.64469145145381]]]}},{"type":"Feature","properties":{"fillColor":"#c6d1ed"},"geometry":{"type":"Polygon","coordinates":[[[64.81579815763854,75.79594301841409],[64.81579815763854,76.47620415809811],[64.93748474258615,76.49026489303333],[64.96081543291518,76.49275207853924],[64.98553466777685,76.49414062307193],[65.06711578162327,76.49025726358212],[65.07693481518282,76.46984100023326],[65.11109924049543,76.46693420270435],[65.1613769498511,76.4683227550301],[65.33442687616451,76.50332641218176],[65.3581771863096,76.51360321281373],[65.38846588158361,76.55136871571449],[65.41442870919815,76.55941772438825],[65.5260925309293,76.57859802443551],[65.54859924052846,76.58221435313317],[65.57554626734816,76.5811004610506],[65.62469482571885,76.56805420080462],[65.92276001205755,76.52777099459331],[65.94970703108407,76.52693176275409],[65.97442626594591,76.52804565483666],[66.01922607609657,76.54129791026497],[65.90776062009672,76.62608337023727],[65.88693237417607,76.6372070321595],[65.8327712975377,76.65554046312326],[65.80442809673411,76.66304015910362],[65.75762176429629,76.68185424549324],[65.8847198489135,76.73248290960407],[65.92608642940252,76.74414062531741],[65.94775390716245,76.74887084609742],[65.99887084835734,76.75332641442736],[66.02499389444716,76.75332641442736],[66.05220031481457,76.75221252234479],[66.15165710813898,76.7583312954506],[66.3852615366468,76.83484650045722],[66.6602630634485,76.89721679645157],[66.68247986169496,76.90193176612229],[66.9472045878648,76.94303893747747],[66.99386596852281,76.94999695021556],[67.54582214604784,77.01081848320194],[67.57026672066615,77.01304626736692],[67.67665100113055,77.01304626736692],[67.70332336770713,77.01277160712357],[67.91609192084286,77.00665283401776],[67.94358826035608,77.005264281692],[68.00082397465673,77.00054931981435],[68.03027343809151,76.99720764356704],[68.06080627580405,76.99247741499391],[68.08582305926257,76.98442840631992],[68.10054016152884,76.97026061674728],[68.12580871687703,76.96527099462634],[68.2660980213131,76.95860290882706],[68.36804199235019,76.95693969625813],[68.41748046986663,76.9613800056855],[68.50818633721337,76.95373535013226],[68.51532665106595,76.95085049189004],[67.49727761274443,76.18446175323919],[67.2505493154701,76.12719726562182],[67.10137939217918,76.09471130398765],[67.03471374633017,76.08415222145436],[66.87081909132172,76.06999206912599],[66.57554626853704,76.03027343451055],[66.47276305786772,76.00444030756631],[66.45166015949673,75.99971008678642],[66.40776061679475,75.99275207404821],[66.20637511912895,75.9652709934374],[66.02249145783207,75.94692993302249],[65.97248840092652,75.94664001387673],[65.74331665239504,75.92359924269346],[65.40887451548127,75.87969970778454],[65.21304321153235,75.84609985406797],[65.19247436695241,75.84136962549485],[65.1662368790947,75.82692718347192],[65.13665771498927,75.80802917311905],[65.02388000117571,75.79553222556655],[65.00027465839656,75.7941436732408],[64.97554016463249,75.7941436732408],[64.92164611878627,75.79832458132739],[64.8455352746933,75.79998779389649],[64.81579815763854,75.79594301841409]]]}},{"type":"Feature","properties":{"fillColor":"#fff9b9"},"geometry":{"type":"Polygon","coordinates":[[[16.102932565506507,39.221954308845866],[16.102932565506507,41.393437152841074],[16.657775885262765,41.19138335029652],[16.788887016198885,41.15471650944636],[17.049720771198963,41.0819397016582],[17.183748250501594,41.02957915203268],[17.254997255510204,40.989440908500455],[17.294857023371662,40.964786539441604],[17.321941366565113,40.942771901389506],[17.47360990988284,40.82888414031976],[17.496387500811636,40.81971740107116],[17.761108416901607,40.73082733204768],[17.93722153369106,40.67860414258911],[18.01263811120117,40.64305116570716],[18.02610776994777,40.612220776927415],[18.03583146053768,40.577774037194956],[18.039163606027216,40.55527116659982],[18.081665040636427,40.52499389639488],[18.12749862073514,40.49443818923413],[18.27471925756919,40.41082762093947],[18.424859998107195,40.28846739341452],[18.44083024681254,40.26499940117395],[18.459720599221782,40.231109612782916],[18.512496945969872,40.1347198644832],[18.514442442898257,40.102912894472695],[18.391109466909086,39.816246020413985],[18.375274642629734,39.798191056302244],[18.3494415235711,39.7919387683944],[18.19944383427793,39.83749391153714],[18.177221297664744,39.8469390877417],[18.15583039401173,39.85666657238363],[18.082082734785217,39.90291594960513],[18.040761947201474,39.937706012325066],[17.996595388360504,39.998813632594704],[18.01940728061618,40.01117705419199],[18.01221848131155,40.10131455329844],[17.906387312144545,40.25499723491305],[17.857219689530496,40.28443907810578],[17.78499983308376,40.29444120565171],[17.762775438159338,40.2966613841989],[17.67346953329826,40.30402374202305],[17.636386856610727,40.30332946922965],[17.549999235857115,40.299720745095556],[17.506803528454327,40.29749681121126],[17.392776471476964,40.33055113387513],[17.203817352910335,40.4124946421972],[17.245830554976294,40.454994218495415],[17.26805494990083,40.473327619563065],[17.289997113817435,40.4697189341436],[17.317010879901545,40.48829267678832],[17.07659531880512,40.52048110388006],[17.046943680025038,40.51527403857153],[17.017776479736256,40.50638581370856],[16.99833297003761,40.49888609571758],[16.94222068374819,40.46777726998209],[16.91930391305624,40.450550067348956],[16.874164567036303,40.40527343859179],[16.863796236046596,40.390350348226946],[16.7915248888948,40.311382305795235],[16.749721521130823,40.24485778591492],[16.74131773475915,40.2165260126385],[16.68805311675294,40.147079453313665],[16.641349808315056,40.11830137563953],[16.629997269275748,40.10985566112208],[16.608610159674754,40.08617400181248],[16.49916457529565,39.822357192818004],[16.490137093239866,39.79999923177883],[16.486663832246563,39.773746482830745],[16.490554826103278,39.749160755140394],[16.529998796842165,39.662914288605464],[16.55569076168183,39.64458084882301],[16.596942907897073,39.629714978955974],[16.62638854514165,39.622772212306586],[16.82360839883529,39.568603525919514],[17.03416442259038,39.466110232034566],[17.145553606871886,39.39638519703897],[17.135971070500545,39.365551014207426],[17.115970609460305,39.31457901016881],[17.108886727307095,39.263053887555714],[17.114578726777268,39.14281265462387],[16.73464619584331,39.180883337634725],[16.102932565506507,39.221954308845866]]]}},{"type":"Feature","properties":{"fillColor":"#fff9b9"},"geometry":{"type":"Polygon","coordinates":[[[-10.371946334563404,51.878883362849365],[-10.263612748111882,51.98805236719477],[-10.255699862344072,51.990843396587266],[-10.249444961402244,51.99304962234205],[-10.123889923654035,52.02555084348538],[-10.101667404156228,52.03083038345669],[-10.098530674723552,52.03157403866244],[-10.091112137267487,52.0333328240842],[-10.0569457999174,52.038604735364345],[-10.054037437388324,52.039076122850794],[-9.986667633296733,52.04999542273025],[-9.84429830303921,52.105833878245434],[-9.84429830303921,51.8230125440526],[-9.939167023187167,51.79943847772029],[-10.051389694702834,51.77111053557553],[-10.10194587592639,51.75222015501811],[-10.154744488070538,51.759069833159586],[-10.33859252903364,51.78292083712349],[-10.371946334563404,51.878883362849365]]]}},{"type":"Feature","properties":{"fillColor":"#fff9b9"},"geometry":{"type":"Polygon","coordinates":[[[22.7986579723242,41.76735497110957],[24.3577003030727,41.76735497110957],[24.3577003030727,40.909724650311375],[24.337219240186943,40.89527130003322],[24.322193402312895,40.88108963931458],[24.317357997624754,40.876525895894815],[24.313608157986664,40.838607792195035],[24.152915965380032,40.740966781045756],[24.09041403101577,40.71763611025705],[24.064433629338385,40.717037651733854],[24.06027412097765,40.716941837463494],[24.015464769345602,40.72485068014692],[23.99180410416892,40.72902678338994],[23.966110242303216,40.73749541707832],[23.912082671420137,40.75694275954373],[23.886665349484247,40.77527619932624],[23.845645517397745,40.785716476663445],[23.84138678498623,40.78680039985913],[23.729547032788144,40.74730882392197],[23.722011547196587,40.744647979315175],[23.72201154719658,40.74464797931517],[23.722011547196463,40.744647979315125],[23.709459442949115,40.72903491910467],[23.696388262440053,40.71277620070282],[23.69411353874793,40.701966634078644],[23.689373021655225,40.67943953088641],[23.827011122118048,40.461315147771856],[23.8586082578265,40.42194365116849],[23.882982254188757,40.400272374818755],[23.922775277707604,40.38416290763548],[23.96110917853014,40.37860868657294],[24.003887191784212,40.38513182333291],[24.17555426040119,40.34985732212175],[24.23958016477835,40.31291200560096],[24.3577003030727,40.20404039199764],[24.3577003030727,40.135662445251356],[24.332929253618996,40.1272529241946],[24.309719099870748,40.119373311462],[24.296093589121085,40.129069962697585],[24.29284478278458,40.1313819892011],[24.284721369109537,40.15444184985258],[24.284721369109516,40.1544418498526],[24.28472136910949,40.154441849852674],[24.162498463036513,40.278537740003856],[23.93055343265462,40.36124420120285],[23.90777588044051,40.367218013440095],[23.84138872072714,40.37221907721312],[23.729721060774864,40.351249700475535],[23.729721060774782,40.35124970047546],[23.72972106077476,40.35124970047545],[23.72509547023614,40.34665536511762],[23.69923399498242,40.320968636218595],[23.694032640771127,40.30612159470999],[23.691108684281478,40.29777528688189],[23.70208166326574,40.268466932374395],[23.724719997001745,40.24082947060617],[23.78742789418654,40.19221879933364],[23.879997264453532,40.17388152678443],[23.908054356111254,40.163471228934405],[23.97444151582474,40.12916564342068],[23.990970612897524,40.11249543084396],[24.009041753980103,40.0363989132525],[24.014371860795563,40.013954145365695],[23.988538741737024,39.95263289674192],[23.94221878740632,39.94332887475616],[23.93222045391218,39.943054193137414],[23.899997725493677,39.968048091131664],[23.82694244203475,40.025550858748886],[23.7909059088299,40.08765102072064],[23.790552141114542,40.08826065295966],[23.789096939704688,40.09015165191232],[23.76249694648294,40.12471769822247],[23.72675781096138,40.166642179645756],[23.725555424013965,40.16805266281792],[23.72424294157878,40.169429890093284],[23.70305251470404,40.1916656420442],[23.671108261956306,40.21833039406306],[23.64596937697621,40.23083113711215],[23.458856649229062,40.268284589486484],[23.45885284000593,40.268288281091884],[23.307309777749595,40.487851398175906],[22.829659463798578,41.568603569721404],[22.7986579723242,41.76735497110957]]]}},{"type":"Feature","properties":{"fillColor":"#9cb3ec"},"geometry":{"type":"Polygon","coordinates":[[[58.49480134743711,64.3260648203928],[58.59038186692237,64.62029561120619],[58.72309774848651,64.96504363099484],[59.12941284716089,66.40364806101508],[58.970243997345186,67.00010668583789],[61.71395767649717,67.00010668583789],[61.71395767649717,65.78105784660288],[60.16811759367033,65.34773049815897],[58.9710132971476,64.80676598176387],[58.89406067404515,64.3260648203928],[58.49480134743711,64.3260648203928]]]}},{"type":"Feature","properties":{"fillColor":"#fff9b9"},"geometry":{"type":"Polygon","coordinates":[[[11.520727907810524,54.82866660261768],[11.564443588426702,54.821937561041864],[11.64249992378926,54.87777709952116],[11.642499923789263,54.87777709952122],[11.64249992378933,54.87777709952127],[11.644026756070389,54.90436935404375],[11.648112330630408,54.90421612618994],[11.656944275060019,54.90388488761619],[11.708610534507367,54.87527465817043],[11.735277175709445,54.854995727444226],[11.847221374675044,54.7679138184316],[11.861943244913778,54.74457931533424],[11.858637694377665,54.70384468051373],[11.85722064958577,54.686382293692134],[11.84416580185723,54.669441223157264],[11.839977262264101,54.666046244335014],[11.833887100169555,54.66110992443762],[11.780277252031842,54.64041519142997],[11.777113830125751,54.64076520109953],[11.736387252921475,54.64527130121928],[11.723859517258646,54.650536356950035],[11.722499847395492,54.651107788036846],[11.712277935903183,54.652694122907526],[11.693887710587603,54.655548095544646],[11.640554428183464,54.662498474298786],[11.583610534578781,54.66346740715397],[11.522499084475385,54.64193725575234],[11.490597408995084,54.629578453258695],[11.469444274720384,54.621383667101405],[11.454929351941267,54.61985778805469],[11.420866645923658,54.63160637412163],[11.37722206118292,54.6466598510803],[11.35027694688506,54.65888214101153],[11.31527709960119,54.675552368346246],[11.278055190977966,54.69971466083541],[11.26222038248386,54.70722198488755],[11.253825024483353,54.709496704790105],[11.245832443416122,54.711662292395275],[11.209959800449196,54.7206781067901],[11.19055366495951,54.72555542000782],[11.144444465552965,54.73693847637412],[11.12555503836876,54.740272521841064],[11.099164962900204,54.74249267581831],[11.057301077747592,54.75134595211218],[11.028887748917915,54.75735473628598],[11.019721985038858,54.76277160654447],[11.015941842590614,54.76592192803892],[10.993054390155748,54.78499603287656],[10.99151515449013,54.787843409710284],[10.989891052266398,54.7908477781452],[11.025276184036327,54.81443786599182],[11.014027595365713,54.89305114754591],[11.029721259949628,54.9124946594315],[11.035484606647833,54.91736142691225],[11.042221069295692,54.92304992685274],[11.045511914655277,54.92557737350846],[11.05777740469385,54.93499755841267],[11.065165871030091,54.93816167762982],[11.071388244486343,54.94082641622816],[11.095893331847128,54.94598641762071],[11.118888854797126,54.95082855218226],[11.133371397225126,54.95336043193162],[11.136388778885703,54.95388793927782],[11.16444396994899,54.956665038999915],[11.166401606759504,54.95671499795468],[11.19314384452505,54.957397460727925],[11.239721298227119,54.95722198474476],[11.265458887782955,54.95182979066103],[11.275554656989414,54.94971466069251],[11.279094524077312,54.94786942764995],[11.28833198530331,54.94305419920756],[11.336804389959411,54.91444015503739],[11.348770453345738,54.89467704077894],[11.349165916438551,54.8940238951256],[11.34916591643856,54.89402389512559],[11.349165916438611,54.89402389512551],[11.361110687401956,54.883888244710164],[11.393331527601502,54.86804962149174],[11.408887862999745,54.86249542249427],[11.509571280614573,54.83106683296209],[11.513887405297965,54.82971954346539],[11.520727907810524,54.82866660261768]]]}},{"type":"Feature","properties":{"fillColor":"#bde7d1"},"geometry":{"type":"Polygon","coordinates":[[[28.868819346953707,44.93542778355113],[28.868819346953707,45.31546860650192],[29.103397360264424,44.963287336240384],[29.044437405691646,45.00318907096219],[29.00995441841603,45.00464927938962],[28.983810429861247,45.00575636654862],[28.89999769279809,44.966659551564035],[28.869194017241437,44.94050978402625],[28.868819346953707,44.93542778355113]]]}},{"type":"Feature","properties":{"fillColor":"#bde7d1"},"geometry":{"type":"Polygon","coordinates":[[[49.23998907302743,46.40663119334387],[49.23998907302743,48.58800297795467],[49.47984274247198,48.55856059856641],[51.38516371921456,48.314310540748124],[51.64710105028376,48.257664270078386],[51.600995622909544,47.93459633332743],[52.15015617675225,46.80808016449132],[52.09565593188889,46.81426086348706],[52.091033942425874,46.814785028574846],[51.77992245715819,46.90380857664957],[51.685696271886336,46.95807051446866],[51.683811205123696,46.95915606595485],[51.68207547746368,46.98929592685151],[51.68207547746361,46.98929592685158],[51.6820754774636,46.989295926851824],[51.63499449941646,47.04249571080404],[51.435561755891975,47.076736834176764],[51.2208251924374,47.113605509961715],[51.200952793180846,47.114640217756524],[51.19415663751237,47.11499407715494],[51.01055146420543,47.06860353698212],[50.97524324767422,47.05913372621573],[50.97429660578891,47.058879832918414],[50.95823618314998,47.0526069698528],[50.844154368399444,47.00804901404473],[50.709716794977716,46.946380650383965],[50.612770087726126,46.907493600249744],[50.56967903662512,46.890808529176354],[50.5216598431395,46.87221525665886],[50.45553164267313,46.893547620572036],[50.43276981257754,46.900890382653984],[50.4327698125775,46.900890382653955],[50.432769812577405,46.900890382653984],[50.41434753237346,46.88746227272066],[50.36332704079368,46.85027313206078],[50.27887099968858,46.79702018608315],[50.22158431207177,46.760898615133804],[50.1326267859673,46.711411518858306],[49.93582151482211,46.60192869231011],[49.8266525039761,46.560264582463454],[49.806635581042315,46.56088225089731],[49.7726287646373,46.56193160983738],[49.71752342671544,46.566647595677274],[49.62005237418808,46.57498929397498],[49.438404595745226,46.511272606384345],[49.387214634421284,46.493316676499624],[49.328291898348915,46.46301231557366],[49.280822757961616,46.438598616227296],[49.25621654491421,46.424788262094275],[49.253608707830985,46.42332460112495],[49.23998907302743,46.40663119334387]]]}},{"type":"Feature","properties":{"fillColor":"#9cb3ec"},"geometry":{"type":"Polygon","coordinates":[[[49.18617248535161,80.38011322150793],[49.18617248535161,80.52089858343366],[49.19221496460233,80.52137756272663],[49.58499145461599,80.63970947307666],[49.570274352129445,80.71638488876249],[49.50999450706428,80.70971679766046],[49.46163554217383,80.70538797957033],[49.4199905385393,80.7016601569111],[49.290616945801474,80.69135209898191],[49.23499298114416,80.68692016633008],[49.18617248535161,80.69262851603979],[49.18617248535161,80.79903011801198],[49.81415557820033,80.89109802300531],[50.029159545554634,80.90971374404141],[50.18443298211269,80.9224853506242],[50.216102598853546,80.92498779278434],[50.250831604010926,80.92637634243164],[50.25877363872341,80.92590086541225],[50.29721832323833,80.92359924313705],[50.41165924178088,80.91387939560597],[50.4210168977284,80.91156088276776],[50.440265656733935,80.90679168681473],[50.4127655023062,80.90054321340193],[50.39910709418898,80.89999699718621],[50.34332275334373,80.89776611410736],[50.26832580579219,80.89721679721583],[50.2336044299995,80.89582824756849],[50.18978500250269,80.89197695200927],[50.14193725469276,80.88777160681914],[50.136326598139775,80.88680722317554],[50.11610412566307,80.88333129812025],[50.01179885896971,80.86074066226337],[50.01179885896995,80.86074066226334],[50.011798858969684,80.86074066226328],[50.13304901055257,80.84664917031682],[50.166938782954276,80.84553527780398],[50.466207504212875,80.87024474019569],[50.466207504212875,80.77770253233568],[50.2949981702003,80.75665283115671],[50.26971435543936,80.7522125250805],[50.24914032823213,80.74405189664076],[50.248325348479746,80.74372863727699],[50.31638336116602,80.71527099624961],[50.34332275334372,80.71110534730772],[50.37416076669371,80.71110534730772],[50.39152588791645,80.71314445133677],[50.402488708518774,80.71443176349385],[50.42947197715529,80.72089966312372],[50.466207504212875,80.729705182761],[50.466207504212875,80.52789084236727],[50.3422164928184,80.52581787142572],[50.278687831052785,80.524352109776],[50.19804382407381,80.52249145523962],[50.13110351464883,80.5197143559451],[50.103835111939,80.51772624833991],[50.10054779042083,80.51748657354194],[50.04647064174733,80.51190834812029],[49.852775572542555,80.49192810164675],[49.79582595703471,80.45220947352146],[49.79582595703473,80.45220947352144],[49.7958259570346,80.45220947352135],[49.82985687137458,80.40540313660483],[49.82146754913735,80.40223886395977],[49.80665588370743,80.39665222103181],[49.784026388159724,80.39254162109009],[49.78221130432513,80.39221191495551],[49.63027191069523,80.36775207422079],[49.60332488915276,80.36415100090016],[49.570274352129445,80.36276245125282],[49.462768555081254,80.36164855874],[49.44378148463267,80.36228134511406],[49.42110443105215,80.36303710838725],[49.391596402066824,80.36421483735992],[49.37943267765826,80.36470031779169],[49.351809199047466,80.36768361062256],[49.28166198687077,80.37525940070113],[49.243049621893434,80.37831115713017],[49.236047748111226,80.37858878713895],[49.20110321136508,80.37997436653467],[49.18617248535161,80.38011322150793]]]}},{"type":"Feature","properties":{"fillColor":"#fff9b9"},"geometry":{"type":"Polygon","coordinates":[[[11.976959021655164,57.351524356102146],[11.987949397159259,57.351524356102146],[11.986040119530612,57.34499359252335],[11.976959021655164,57.351524356102146]]]}},{"type":"Feature","properties":{"fillColor":"#9cb3ec"},"geometry":{"type":"Polygon","coordinates":[[[59.454203235826725,67.00010668583789],[59.454203235826725,68.35717412590964],[59.61527253570655,68.33554077951351],[59.64860533404125,68.33415223392657],[59.6734676403764,68.33712870722022],[59.68110657684531,68.33804322778337],[59.69399254203772,68.34008013190511],[59.7127685598704,68.34304808560837],[59.75189144701996,68.35099608838726],[59.84263229943838,68.36943052918963],[59.863877874227285,68.38048379660776],[59.87360380372188,68.38554382913975],[59.88181262235148,68.39125095999835],[59.89638518870271,68.40138244747101],[59.93371199714085,68.43395993678489],[59.96846009687867,68.46428682234648],[59.96486453286872,68.47201596444977],[59.946586613045554,68.51130677926358],[59.87193298841231,68.58193971540675],[59.852493272765685,68.59623717434687],[59.822494516946335,68.60609435362215],[59.78416441017566,68.61692811412848],[59.76284028958014,68.63748932056194],[59.78235627341411,68.66539763118215],[59.81166075643989,68.68193056102166],[59.82264226105844,68.68650538542362],[59.83832550845875,68.69303892571713],[59.87554678418726,68.7060089052399],[59.894157422051535,68.71249389500127],[59.89635805185892,68.71312248321668],[59.923324583625416,68.72082520723767],[59.94730562883791,68.71725116453449],[59.950405132766946,68.71678922639529],[59.955700749259435,68.7147861338525],[59.977211000289756,68.7066497773973],[60.00082777356789,68.69609069850978],[60.03971483167996,68.68859101923366],[60.08665464892805,68.68664552230524],[60.12304688558895,68.6869201652092],[60.243881207360204,68.69386293185866],[60.38137819231909,68.7024841406365],[60.431106560326555,68.70776368008026],[60.45573585216445,68.71158957024087],[60.46332549469315,68.71276853790522],[60.46935552705844,68.7139514833427],[60.49443815319543,68.71887208349052],[60.52682374983859,68.72809294206671],[60.538330069132485,68.73136903248769],[60.545146963070664,68.73338039740612],[60.567497269421196,68.73997498762809],[60.59471130724796,68.75082396305703],[60.91443633673731,68.90470885215511],[60.923092227943464,68.92339082565232],[60.93554686769369,68.95027162211659],[60.94429397705284,68.99040223883003],[60.93135775171754,69.07974901785316],[60.930267328249855,69.08728025838776],[60.93026732824985,69.08728025838778],[60.93026732824984,69.0872802583878],[60.894714351368066,69.12331391842389],[60.84526825308325,69.1497192424614],[60.79972077547393,69.1644287044723],[60.59346391587991,69.24943540645756],[60.310821524363234,69.44831848735697],[60.29096984436063,69.46276856010138],[60.1452713192283,69.57311248306854],[60.16082383507006,69.63206481082238],[60.19629896105297,69.64411674705825],[60.24054716484487,69.65914915401592],[60.27082822910174,69.66748046625231],[60.28159477518319,69.66923473912686],[60.29555131695906,69.6715087815611],[60.35165787345566,69.674148551283],[60.40415953858502,69.66775510915627],[60.42471311819983,69.6660919206654],[60.5041656378375,69.66331482949153],[60.50416563783756,69.66331482949153],[60.504165637837616,69.66331482949153],[60.50923937199517,69.66350696777157],[60.540832517402364,69.66470337507846],[60.542206460159996,69.66477787424351],[61.71395767649717,69.31295048962319],[61.71395767649717,67.00010668583789],[59.454203235826725,67.00010668583789]]]}},{"type":"Feature","properties":{"fillColor":"#fff9b9"},"geometry":{"type":"Polygon","coordinates":[[[6.404947035526554,60.56978798840642],[6.404947035526554,61.06639400094884],[6.406944284485121,61.06666564684929],[6.51305485847837,61.09693908428744],[6.590555183524543,61.15138245229326],[6.654999749920762,61.15166472201588],[6.818193926219692,61.14166259446995],[6.837638365073929,61.13680268491572],[6.95874930420473,61.07874679872373],[7.313055026689483,61.123603836306245],[7.428610815602212,61.181388873646256],[7.403055204343957,61.19388578392852],[7.370972158981147,61.19971848066194],[7.353332991992261,61.21180342658823],[7.304166298533801,61.2912483194072],[7.36416624920605,61.3649978756597],[7.455277425932252,61.426109328696214],[7.47569368409512,61.43708037193966],[7.526874051272671,61.45172881940073],[7.562464697670521,61.470340734853835],[7.455832944825545,61.44499588705344],[7.424444210970989,61.4327774137268],[7.328332899627242,61.37583159745117],[7.309165968573382,61.362495427389774],[7.279443752684017,61.32555390492098],[7.273055072479792,61.27888489781009],[7.297777192466526,61.250549330481704],[7.353888510885554,61.18999482878661],[7.278055207097054,61.158607488665496],[6.96124935215596,61.109855663174244],[6.930694109572926,61.11555479379268],[6.579027653517358,61.2116661051362],[6.565582733538065,61.22711943361975],[6.58374977704193,61.245552060760474],[6.62083245372952,61.262214646518544],[6.63944436918257,61.27416230970783],[6.694999200837913,61.34305191769113],[6.712637903249117,61.39478683589175],[6.591388713510753,61.26860808864518],[6.538572800220777,61.20431900094968],[6.501388535856279,61.132354739717414],[6.428472045012199,61.113193499741556],[6.404947035526554,61.11235996005331],[6.404947035526554,61.80370222253791],[6.469165807437776,61.800827011999274],[6.513749131271936,61.80722045412608],[6.738888755171217,61.857772828275074],[6.745989243990733,61.86072445551758],[7.87878369444438,61.86072445551758],[7.87878369444438,60.56978798840642],[6.404947035526554,60.56978798840642]]]}},{"type":"Feature","properties":{"fillColor":"#fff9b9"},"geometry":{"type":"Polygon","coordinates":[[[12.874027256254891,55.87554524266294],[12.874027256254891,56.44307059155879],[12.88360975391129,56.44638825938773],[12.901109702422296,56.4572219811792],[12.914443007587295,56.47263717556902],[12.930276863996209,56.50110627029751],[12.9316761352372,56.51202130607566],[12.934790624381606,56.53631592419214],[12.91817945343976,56.57629883915072],[12.917221066631555,56.57860566618804],[12.915378646487842,56.58181010646709],[12.880207070027495,56.64298248165653],[12.874027256254891,56.64441289349418],[12.874027256254891,57.351524356102146],[13.981457712441554,57.351524356102146],[13.981457712441554,55.41590283364789],[13.969444272780038,55.42110444816211],[13.93583296005977,55.43138884543089],[13.925308076899038,55.43248797614624],[13.911943440903556,55.433883666882025],[13.905940276265829,55.433803458405585],[13.891387925548031,55.43360902397819],[13.73557738642705,55.42580396354138],[13.730554578722458,55.42555235464562],[13.710277539037591,55.42416380905868],[13.688759431489705,55.42196319923928],[13.63694381862274,55.416664129782646],[13.564480836028306,55.39872813096061],[13.497776018354163,55.382217390050066],[13.482888827435499,55.37820314560581],[13.465831765606367,55.37360380809105],[13.4420166274552,55.36276626411492],[13.424027429972107,55.35457992828184],[13.409224184152992,55.35012616287607],[13.375555048021909,55.3399963281376],[13.344720826475566,55.33916473389206],[13.309391880748633,55.34075555203674],[13.295415882409547,55.34138487372441],[13.213249021200639,55.35690712758717],[12.982221616498975,55.400550829832525],[12.916734692399473,55.54589844387374],[12.921178804830983,55.57242583572565],[12.960277555556367,55.59111022531418],[12.981943140828164,55.59915922911307],[13.038748732040702,55.626941677866824],[13.050751538032328,55.65583112113628],[13.06110859010596,55.68075941444772],[13.061108590105949,55.68075941444773],[13.061108590105963,55.68075941444776],[12.950803427906038,55.7987233637239],[12.928054827137885,55.82305146164424],[12.91277695420007,55.8380508589114],[12.874027256254891,55.87554524266294]]]}},{"type":"Feature","properties":{"fillColor":"#fadfa4"},"geometry":{"type":"Polygon","coordinates":[[[23.6554851535314,35.497982024775126],[23.718955993015186,35.50888442985803],[23.84853935236754,35.52298355032724],[24.040775298441247,35.52963256900949],[24.179025650349445,35.45235824620761],[24.27228927567552,35.36388397264068],[24.327081679963044,35.35138320986459],[24.357080458969847,35.35235595678853],[24.464721679380034,35.36193847594444],[24.490415572982954,35.365688323498375],[24.59645652716887,35.38298034656458],[24.62374877988924,35.39596939133361],[24.788887023766733,35.40888214043895],[24.963333129247587,35.4044418333653],[25.045692443808377,35.37923049901087],[25.054372787535556,35.3502731327402],[25.40083122265679,35.31152725272466],[25.564441680336245,35.31860351601432],[25.734304428646738,35.299926758270715],[25.71749877904233,35.15916442917592],[25.728054046546674,35.141937256284336],[25.75666427666272,35.12638854953889],[25.784027099453738,35.11388778676286],[25.8123569492725,35.11152267388633],[25.866943358971184,35.15222167902499],[25.896110534044226,35.17694091859721],[26.030969620041844,35.22492599440352],[26.301109313900156,35.28305053717139],[26.29055404639604,35.13110351558976],[26.274997711223648,35.08749389668225],[26.239721298464588,35.036663055857616],[26.205554962830092,35.02165985142858],[26.135831832715155,34.99728775085936],[26.10041427554205,35.0037803654248],[25.987499237017573,35.03305053708016],[25.59138679547766,35.00777435255094],[25.33527755770035,34.9849929812479],[25.18805313059636,34.95221710161087],[25.016941070702444,34.93083190904974],[24.928054809381877,34.93054962164564],[24.82110977123608,34.9374923703723],[24.754304886165357,34.94624328559462],[24.762775421090225,35.01583099403979],[24.757635116114557,35.0398559570304],[24.742080688048816,35.07374572800535],[24.72305297851301,35.09055328329208],[24.39249801614301,35.18888473499214],[24.19444084110762,35.20027160643025],[23.821804046028433,35.246524811404754],[23.698331832893075,35.23235702512318],[23.681941986680044,35.22444152804849],[23.59423446687225,35.23221969634676],[23.52055358893199,35.29499816920412],[23.569164275507546,35.526664733492964],[23.583190917375134,35.57110595633429],[23.593887329293466,35.592216491342526],[23.608539581930245,35.60874557486312],[23.609996795209213,35.567497253194574],[23.615413666268807,35.523052216139604],[23.6554851535314,35.497982024775126]]]}},{"type":"Feature","properties":{"fillColor":"#9cb3ec"},"geometry":{"type":"Polygon","coordinates":[[[47.62346267802707,80.39880370978636],[47.63398181445201,80.40207486092564],[47.65138244752137,80.40748596107574],[47.71693420467641,80.41053772012745],[47.75277709972401,80.41110229574872],[47.90613746649035,80.41285806927942],[47.90613746649035,80.36512763731533],[47.89027404800174,80.36637878330316],[47.81860351663619,80.36526489341298],[47.75368925020327,80.36542220774832],[47.70526885861895,80.36553955054738],[47.67860031055935,80.36698201486365],[47.66944122230103,80.36747741708626],[47.669195653817034,80.36764472882544],[47.62346267802707,80.39880370978636]]]}},{"type":"Feature","properties":{"fillColor":"#fff9b9"},"geometry":{"type":"Polygon","coordinates":[[[30.57983803909366,46.17221077849279],[30.57983803909366,47.59321995297029],[31.18062535822679,47.631503909454636],[31.869849662716604,47.578191746648145],[32.59887075556935,47.35220626963878],[32.59887075556935,46.63048329292121],[32.544087037398874,46.61536515840386],[32.51859282738957,46.60832976706489],[32.48792859205672,46.596744583579294],[32.45609282876626,46.58471678783877],[32.42422481792715,46.56967559129509],[32.42137144612968,46.56832884498468],[32.399993899088145,46.561370863412556],[32.38905607415516,46.559653603155624],[32.37525939036033,46.557487496374506],[32.3283233671641,46.55651091514352],[32.14186096707459,46.56026458754843],[32.026442727409176,46.62688187728882],[32.013603195499755,46.63429261947152],[32.01227889369787,46.635554257016544],[31.993045821833107,46.65387724467416],[31.970823285219694,46.69359969108365],[31.966415409855983,46.72680662755181],[31.9531217935993,46.7372452489421],[31.94874190282518,46.740684495317176],[31.944801899662956,46.74788108323391],[31.935964581131316,46.76402283163952],[31.94421385667289,46.798240650665605],[31.946689486009117,46.80393727202378],[31.951131807125268,46.81415940866567],[31.979717239875523,46.84513091294924],[31.993049615884946,46.868873586808675],[32.0080413863333,46.90498351503206],[32.00903268449237,46.91153222244514],[32.011238107396764,46.926101672807135],[31.980823515739814,47.007499689373105],[31.83999252698038,47.17971039143504],[31.751522049131665,47.25235367182319],[31.751522049131598,47.25235367182313],[31.75152204913154,47.25235367182318],[31.726657884485224,47.23175429258116],[31.842353821031484,47.04151917239743],[31.965026864268918,46.92537305997192],[31.964340635732963,46.89733436394229],[31.964160929981745,46.88999174458377],[31.93344644135704,46.760270007020246],[31.908187862170262,46.65359114218462],[31.859714512349715,46.628318768519485],[31.847985102426527,46.6252160939965],[31.811937332348577,46.61568070401847],[31.614925377216423,46.648185740874396],[31.592898094974025,46.645615514925275],[31.419717803508522,46.625408188660415],[31.337009445283623,46.60194015770494],[31.268054951268798,46.608039870523456],[31.237350463070467,46.61291123966322],[31.22750896689401,46.61528299392301],[31.189056401562425,46.62454988119214],[31.177476804220117,46.62549780804334],[31.17694090964616,46.62554167734562],[31.17363037144448,46.62523383229329],[31.156101227541967,46.623603807236066],[31.07332991902632,46.61444090075412],[31.053050982315483,46.61193086438038],[31.015270238782534,46.603599552143976],[30.941104885407412,46.58249664800644],[30.889159308521698,46.56611126414821],[30.83277130668517,46.548324589892616],[30.801506054301957,46.508661056696845],[30.779998792703793,46.481376646071],[30.77999879270383,46.481376646070906],[30.779998792703804,46.48137664607087],[30.793539028559767,46.44533156516411],[30.765136716888694,46.37901304681921],[30.72788926757184,46.336332524402806],[30.655689235483635,46.25360108521642],[30.614182123777475,46.20906287469686],[30.57983803909366,46.17221077849279]]]}},{"type":"Feature","properties":{"fillColor":"#fff9b9"},"geometry":{"type":"Polygon","coordinates":[[[23.44964356047767,38.8685507566403],[23.46666336048873,38.84791564971636],[23.516109466903597,38.81138610801643],[23.591941833323308,38.76471710239507],[23.765274048004,38.70666503899986],[23.84666442838188,38.68222045906635],[23.948886871679697,38.66305160564509],[24.007499694894314,38.67304992719418],[24.153888702121904,38.64665985121649],[24.153610229748406,38.57332611051553],[24.187221527382093,38.392494201805334],[24.25189788228403,38.23297829318663],[24.258260726678373,38.21728515608106],[24.260871686576287,38.2155431363169],[24.29916381805466,38.189994812154296],[24.336803435977018,38.159439086787195],[24.427776336429737,38.14416503872585],[24.465690612553594,38.13853836066751],[24.561246871856405,38.1443023678266],[24.590692520100674,38.06221771270055],[24.58777618402084,38.0366630556442],[24.575832367327997,38.00416564930535],[24.56741406808749,37.991941365810085],[24.564163207936303,37.98722076430187],[24.512914657636827,37.95492553699188],[24.48055458039869,37.956245422388065],[24.387218475341626,37.993606567036466],[24.326110839679814,38.0447158811491],[24.208610535049047,38.15666198689422],[24.14860916143772,38.215270995936805],[24.124082342658202,38.26270486812235],[24.110832214414543,38.28833007843619],[24.08529641689074,38.32086191878324],[24.049999236954363,38.365829467626156],[23.97430419963524,38.39096832230797],[23.94263109687912,38.38717964162218],[23.93833160358277,38.38666534381766],[23.923236077987404,38.38590229263079],[23.905277252497,38.384994506875444],[23.805831909092205,38.38916015626495],[23.77333068858138,38.39221954360397],[23.673332214601658,38.409996032456434],[23.642219543587203,38.418884277783036],[23.62069320681951,38.46839904829807],[23.63583183286613,38.509647369062066],[23.624719620022177,38.54305267349474],[23.597082137820905,38.57124710044309],[23.198053359779237,38.83179855348925],[23.1500663758477,38.84936904914093],[23.126386642748912,38.84881591766555],[23.09997757320747,38.84007630226726],[23.098052978713422,38.83943939169194],[23.096682516437898,38.83938608947741],[22.832843780558566,38.82912445064699],[22.833569572814316,38.83082091152289],[22.846942901568955,38.862079620654924],[23.021224564790113,38.94913346195042],[23.129718780303037,39.00332641629898],[23.142056831526396,39.00607323508718],[23.279441833071132,39.03665924065871],[23.289579284016117,39.03691290906012],[23.304443359552383,39.03728485130673],[23.37350463874084,38.99913024903146],[23.435240688570484,38.891866044134524],[23.446388245017033,38.87249755875064],[23.44964356047767,38.8685507566403]]]}},{"type":"Feature","properties":{"fillColor":"#fff9b9"},"geometry":{"type":"Polygon","coordinates":[[[4.758472620415355,52.9893370922226],[4.75361061094652,52.98860931395923],[4.748818915299415,52.98896269732302],[4.738610267624438,52.98971557616193],[4.724166393297082,52.99541091920855],[4.715832710263669,53.003883361818055],[4.708333015482026,53.02055358884655],[4.707360744481094,53.04013442991776],[4.713888168366758,53.05610656741383],[4.721666336059282,53.06610870356799],[4.743332862843091,53.08610534664537],[4.856527328488717,53.18360900877232],[4.86628200347275,53.187335682934176],[4.868888854997001,53.188331603990974],[4.883541107206656,53.18346786495669],[4.891891699580845,53.17137597171936],[4.912221908564566,53.14193725581645],[4.910555362751608,53.09458160397528],[4.907397591713175,53.090025174102124],[4.903332710295103,53.08415985109468],[4.892211391100317,53.07280705320506],[4.876666069035602,53.05693817142604],[4.858611106893518,53.03916168208989],[4.804721832311597,53.00694274901219],[4.787499427835591,52.99888610840879],[4.7718895045784,52.992983042468225],[4.764721870474887,52.990272521983684],[4.758472620415355,52.9893370922226]]]}},{"type":"Feature","properties":{"fillColor":"#c6d1ed"},"geometry":{"type":"Polygon","coordinates":[[[22.802776336669922,77.26953033472505],[22.802776336669922,78.2475691630502],[22.834995269844114,78.25027465755409],[22.865550995799254,78.24999999979406],[22.94944000333072,78.24803161650607],[22.982772826197277,78.24693298345983],[23.2191619868172,78.22221374493569],[23.25499725284874,78.21554565439675],[23.336109161461934,78.19747924876214],[23.459716796817588,78.15582275294878],[23.36763381940483,78.10498809761685],[23.338886260380207,78.10081481840808],[23.216106415225,78.09443664528544],[23.185829161943786,78.09471130304524],[23.1218013757815,78.092208861887],[23.0948581687731,78.08332824760589],[23.053886412912732,78.0488662723804],[23.05846977230766,78.01887512160118],[23.07999610835293,77.99873352110438],[23.112773894332065,77.98858642558446],[23.165271759893074,77.97859191860084],[23.28138732942341,77.96026611285595],[23.604858398046645,77.87553405747445],[23.636661528663524,77.86526489273103],[23.65749740539502,77.86248779381287],[23.838886261302207,77.84915161072809],[23.86721801676623,77.84748840250575],[23.890274047068033,77.84748840250575],[23.936107634997313,77.85054016119062],[23.973606109251364,77.8560943610338],[24.026248931513805,77.86997985763128],[24.048051833779255,77.88039398108288],[24.076385497703882,77.88471984882796],[24.22777175808966,77.89082336419096],[24.33499527060343,77.88415527365203],[24.52777481177833,77.85331726010872],[24.54944229161748,77.84748840250575],[24.761665344147104,77.78692627012862],[24.754444123174267,77.72943115207914],[24.52249908460908,77.71527099571489],[24.479717255364505,77.71138000409411],[24.263610839035437,77.6838684090024],[24.207771301386913,77.67553711024095],[24.17582702697598,77.66831970217544],[24.082496642894796,77.63777160604849],[24.00277709965826,77.60304260289126],[23.985412598079563,77.59137725785718],[23.962772369331788,77.56469726587312],[23.93860626124149,77.53858947688661],[23.90235710211647,77.50463867205349],[23.74193954536696,77.45109558023654],[23.710826874063855,77.44358825676164],[23.381246566703112,77.37220764211452],[23.34888458227789,77.36970520095622],[23.32416534375392,77.37052917423586],[23.292774199776886,77.38192748933153],[23.234992981231926,77.39221191373127],[23.203884124842887,77.393325806434],[23.09194183251458,77.38165283157173],[22.958049774765925,77.35165405297113],[22.920272827837948,77.33831787189325],[22.90221786493879,77.32366943261428],[22.90319061184067,77.3000488271365],[22.869441985413346,77.28305053724227],[22.802776336669922,77.26953033472505]]]}},{"type":"Feature","properties":{"fillColor":"#bde7d1"},"geometry":{"type":"Polygon","coordinates":[[[37.599320658128164,47.08594302940394],[37.599320658128164,47.18172003639364],[38.85301371057579,47.18172003639364],[38.810546890419715,47.16220854589797],[38.559638994778396,47.11145020892841],[38.54909143625795,47.113019022901206],[38.52275848685921,47.11693571119312],[38.35388182731292,47.12165071119124],[38.23582459671567,47.10942840509795],[38.13373564036783,47.06221390623121],[38.07138062873019,47.09498216512025],[38.07138062873006,47.09498216512025],[38.07138062872997,47.0949821651203],[38.027925339782556,47.095537182770386],[37.89665985157953,47.097213725823515],[37.85971070229185,47.09693145610104],[37.83581541462828,47.09276581934007],[37.8016586488667,47.081382734311255],[37.751167289267634,47.07005690849486],[37.648330672395566,47.07499695771767],[37.629183180800815,47.080321750124035],[37.60942839936074,47.08581542587168],[37.599320658128164,47.08594302940394]]]}},{"type":"Feature","properties":{"fillColor":"#fff9b9"},"geometry":{"type":"Polygon","coordinates":[[[13.774130330115682,65.73353385685105],[13.774130330115682,66.23561911591744],[13.806527139703803,66.23055266951275],[13.855276100298624,66.2210998664894],[13.877777112582635,66.22526550325023],[13.998888012998634,66.2488861092952],[14.138262743958194,66.32023619868806],[14.11319350693202,66.33665464881693],[13.774130330115682,66.26524677249718],[13.774130330115682,66.70356000085617],[13.86416626090238,66.71943662827118],[13.887220391761161,66.72797394204304],[13.774130330115682,66.72696347129418],[13.774130330115682,66.93562465454056],[13.92833328078359,66.91970825475755],[13.950554849526554,66.91971588157617],[14.122499464658574,66.98027038327126],[14.30416490548447,67.05360414240101],[14.29777719315041,67.07083130631918],[14.26888750066206,67.07665254346693],[14.325554841267035,67.14374543555948],[14.350555436924537,67.15110779338352],[14.552221300075871,67.18998718596214],[14.58083247817865,67.19527435222466],[14.795832653080026,67.21137998664096],[15.059234632822154,67.20902252535666],[15.247966989033507,67.20037053697341],[15.247966989033507,66.16282872732232],[14.703774918823632,65.73353385685105],[13.774130330115682,65.73353385685105]]]}},{"type":"Feature","properties":{"fillColor":"#bde7d1"},"geometry":{"type":"Polygon","coordinates":[[[16.090831756438995,68.73220825157826],[16.10866951209125,68.77300790522892],[16.11263656600073,68.78208160422304],[16.09638595554486,68.79277038596149],[16.08873215803954,68.8023348181847],[16.08860778831851,68.80249023459945],[16.08829791349669,68.80503393123085],[16.087219237933937,68.81388854994242],[16.093298703100697,68.81926974897982],[16.09944152862241,68.82470703102314],[16.11888885469928,68.83166503892598],[16.178886413232654,68.85165405282892],[16.186714280596785,68.85277383824511],[16.204166412345558,68.85527038573423],[16.267919583215722,68.85609098548962],[16.354721069723077,68.85720825193484],[16.43638610805337,68.84748840329675],[16.44065192204219,68.84590859611855],[16.44610977190274,68.84388732880359],[16.446587521151503,68.84352668547653],[16.4902763364537,68.81054687494495],[16.54444122276198,68.76416015586298],[16.56805419918189,68.69638061489206],[16.5640258786037,68.6487426760012],[16.55652618368567,68.63596343988519],[16.501144408793376,68.55245971706134],[16.364719390669453,68.55583190888332],[16.361941362076298,68.55577919235665],[16.349441528525233,68.55554199256318],[16.28267875148066,68.55235593502698],[16.090831756438995,68.73220825157826]]]}},{"type":"Feature","properties":{"fillColor":"#9cb3ec"},"geometry":{"type":"Polygon","coordinates":[[[47.3915901194317,80.45005035277931],[47.41742722271089,80.46246795565547],[47.418052672372426,80.46276855380813],[47.80860137998314,80.51998901307941],[47.83554840152569,80.52331542926558],[47.90613746649035,80.53027508868192],[47.90613746649035,80.46753105080124],[47.709716796682926,80.46638488848117],[47.61998748791507,80.45860290486632],[47.49582622162188,80.44908171785151],[47.46776580778595,80.44692993206662],[47.43498992789709,80.44525146393251],[47.43493894672484,80.44525710112279],[47.3915901194317,80.45005035277931]]]}},{"type":"Feature","properties":{"fillColor":"#c6d1ed"},"geometry":{"type":"Polygon","coordinates":[[[47.2110535281259,48.83974424478411],[47.2110535281259,58.63327244848083],[58.83750116676694,58.63327244848083],[58.86881570295575,58.0699179193749],[59.12559201074839,56.66586983344616],[59.076532916273976,54.97852135944776],[58.07435627927534,54.122365234242395],[57.28385538812636,52.65388269898152],[57.28945421737567,52.08634648246433],[57.54459204401323,51.47480659848654],[57.24220542106598,51.32970186619857],[55.989739954044474,51.617834849873894],[55.06396073032987,51.78617422184585],[51.58990361360778,51.2663028173018],[51.19918832031309,50.833589962212216],[51.033902362452466,50.35087014919242],[51.29959552630054,49.91426599114199],[51.7833399303615,49.38991374752707],[51.8014471603071,49.339191590193],[51.64710105028376,48.257664270078365],[51.385163719214574,48.31431054074807],[49.47984274247199,48.55856059856643],[48.29779242026012,48.70365895842559],[47.51213684242424,48.757130331086444],[47.2110535281259,48.83974424478411]]]}},{"type":"Feature","properties":{"fillColor":"#bde7d1"},"geometry":{"type":"Polygon","coordinates":[[[-16.34178900920979,64.60427042264871],[-16.34178900920979,66.52339064235866],[-16.17527961883269,66.53471374320122],[-16.025419237768233,66.5361022970722],[-15.956945417311033,66.51138305487785],[-15.894166947602116,66.48748779157012],[-15.709723473444683,66.39721679433836],[-15.698333738860754,66.38333130086494],[-15.682917594994024,66.34568786824343],[-15.6872234362678,66.33248901253302],[-15.720556260907642,66.30776977599317],[-15.55888938910806,66.21638489017386],[-15.37430572398057,66.1452713030983],[-15.358057023415142,66.15582275301779],[-15.339584351124415,66.17735290368154],[-15.331111909597837,66.19831847936064],[-15.327777860389403,66.21472168232862],[-15.212501528021107,66.26416015540826],[-14.960279465945462,66.37193298281409],[-14.943611142418831,66.37887573520521],[-14.930278779307343,66.38276672588029],[-14.90666770904403,66.38693237052979],[-14.888889313688765,66.38916015901395],[-14.855834959782328,66.38970947261714],[-14.83666801621058,66.38861083975632],[-14.710835455906022,66.36721801890718],[-14.710835455906022,66.34776305987742],[-14.804445269053929,66.32611084078064],[-14.973472593690246,66.25291442855308],[-14.948612210576982,66.2333221453635],[-14.938889506251769,66.22096252426644],[-14.93597316879766,66.20499419998652],[-14.943195341871046,66.19221496723719],[-14.962778091645077,66.17776489312462],[-14.976945878265326,66.16970825214571],[-15.023056030102168,66.15554809338892],[-15.070835112095494,66.1436004617351],[-15.145556452404946,66.1370773323049],[-15.16166686755264,66.12777710078751],[-15.176250460375002,66.11367034838361],[-15.149444581924456,66.09637451010383],[-15.011390685940512,66.0499877930859],[-14.93388938804236,66.04222106746272],[-14.824445724927784,66.04693603702418],[-14.782777788575913,66.05970764191005],[-14.751667024454662,66.06527710181183],[-14.730555535494322,66.06610107504366],[-14.714723585425418,66.06359863258513],[-14.688334463125784,66.0561065665907],[-14.676944734196297,66.05166626231244],[-14.663057329515993,66.04360962133376],[-14.61889076180995,65.99443054084702],[-14.611112597218892,65.97444152959565],[-14.60555648749181,65.95346832039854],[-14.623889924415892,65.90943908816138],[-14.653057098751901,65.88304138239482],[-14.637222287527436,65.75721740555707],[-14.418055534961525,65.78721618664298],[-14.381668093104338,65.79083251768913],[-14.349445340293357,65.79138183694675],[-14.338473317463809,65.78457641437001],[-14.331945421325827,65.7755432146177],[-14.288056374404107,65.65624237286448],[-13.867084502822138,65.6117935176664],[-13.680557253563848,65.54804992815207],[-13.609583857458176,65.5061035154124],[-14.045225907207225,65.17464564921738],[-15.229307147428585,64.92109371597746],[-16.34178900920979,64.60427042264871]]]}},{"type":"Feature","properties":{"fillColor":"#fff9b9"},"geometry":{"type":"Polygon","coordinates":[[[14.733331686586212,67.65193937661661],[14.756804479463938,67.80262754465116],[14.88930415598702,67.8688812156795],[14.968053808142031,67.88916015239033],[14.992221841683715,67.89305114624705],[15.03124807955902,67.89290619797646],[15.182220453057198,67.87944029456702],[15.247966989033507,67.8873184775016],[15.247966989033507,67.73975511554386],[15.177498832825336,67.70985410858975],[15.07277680441888,67.68110657690522],[15.001110066546858,67.6630554068455],[14.918609606883365,67.6488800157199],[14.843887340881508,67.63861083337383],[14.812776579405181,67.63888551499258],[14.761665356888614,67.64305115175347],[14.733331686586212,67.65193937661661]]]}},{"type":"Feature","properties":{"fillColor":"#bde7d1"},"geometry":{"type":"Polygon","coordinates":[[[34.68915355440335,48.800912398329395],[34.68915355440335,52.03929712220091],[40.50948776185298,52.03929712220091],[40.50948776185298,48.800912398329395],[34.68915355440335,48.800912398329395]]]}},{"type":"Feature","properties":{"fillColor":"#fff9b9"},"geometry":{"type":"Polygon","coordinates":[[[3.479999780628921,39.71638488758243],[3.463610649032801,39.66138458277946],[3.44749975195563,39.64027404805701],[3.408854228205747,39.59294236361161],[3.374583005818806,39.5509681703241],[3.331943989029412,39.52638244646215],[3.295668571344967,39.461110027243976],[3.241944312840397,39.364440917771674],[3.081943988868114,39.27304840060272],[3.072260563750143,39.26870596381775],[3.06027770070159,39.26333236670138],[2.791666507958951,39.36374282861078],[2.749791383521824,39.400756835952905],[2.727777480819157,39.47305297824579],[2.544444083886333,39.52249526963959],[2.451509483590174,39.52177304417899],[2.436944008125085,39.52165985106047],[2.389166355315498,39.52499389675851],[2.387739693226181,39.526753706962886],[2.364166259791619,39.55583190916722],[2.379208322130212,39.59486589946133],[2.386110782477171,39.61277770996466],[2.683888435448039,39.793884277383],[2.777777671866919,39.84471893307535],[2.987777710205535,39.91110992410438],[3.01332213733156,39.91441979551388],[3.071388721221105,39.92194366461113],[3.091805219718308,39.897495269595716],[3.124444007854197,39.81221771212681],[3.139930248151629,39.78694152829372],[3.180832862932288,39.759994506730905],[3.24458313003793,39.735412597463814],[3.267916440767762,39.735691070323504],[3.293333053591727,39.74582672109773],[3.331110716088529,39.765201568833646],[3.382777690787253,39.77333068837993],[3.439722060968744,39.75027465823454],[3.472674230823146,39.722548622891026],[3.479999780628921,39.71638488758243]]]}},{"type":"Feature","properties":{"fillColor":"#fff9b9"},"geometry":{"type":"Polygon","coordinates":[[[34.43266211548132,46.00532714153054],[34.586786140809885,46.00532714153054],[34.58263014730221,45.998184191112216],[34.56638335866688,45.985961923733726],[34.54082871527919,45.983734118367806],[34.501937863115074,45.98664856970851],[34.43266211548132,46.00532714153054]]]}},{"type":"Feature","properties":{"fillColor":"#fff9b9"},"geometry":{"type":"Polygon","coordinates":[[[10.82645701228003,62.8246256272023],[10.82645701228003,63.151660922628736],[11.414689174723312,63.151660922628736],[11.022860381767487,62.946273572679786],[10.82645701228003,62.8246256272023]]]}},{"type":"Feature","properties":{"fillColor":"#fff9b9"},"geometry":{"type":"Polygon","coordinates":[[[-5.795833585712103,55.3733291640072],[-5.794305801903874,55.38819122397285],[-5.788025581222572,55.39607429499321],[-5.533541950046521,55.39607429499321],[-5.515278339926112,55.36346816882411],[-5.523056030035946,55.35221862910498],[-5.535278318337987,55.340553284514954],[-5.566945077164064,55.31666565162277],[-5.59583377929772,55.305831907856714],[-5.73777866160261,55.292221070559684],[-5.75250053251159,55.291938783959665],[-5.76583385442558,55.29360961955473],[-5.781666754487389,55.29902267669377],[-5.788889409372018,55.30874252411775],[-5.795278550486898,55.36027527042211],[-5.795833585712103,55.3733291640072]]]}},{"type":"Feature","properties":{"fillColor":"#c6d1ed"},"geometry":{"type":"Polygon","coordinates":[[[15.502151490198457,76.88137054300171],[15.524166105727545,76.89498901259606],[15.543331144549597,76.9044342040142],[15.577914238672804,76.91374206743961],[16.011665346264124,76.97192382943132],[16.051940919564572,76.97637939447094],[16.11145544052127,76.97601173047475],[16.11145544052127,76.74035614481191],[15.835275651517179,76.7994232182777],[15.529998777257674,76.8672027614362],[15.502151490198457,76.88137054300171]]]}},{"type":"Feature","properties":{"fillColor":"#bde7d1"},"geometry":{"type":"Polygon","coordinates":[[[23.048485139504074,61.754451293815436],[23.048485139504074,63.844607989217764],[23.066387173717867,63.85083009500505],[23.094289789648855,63.86014662851779],[23.147914884917387,63.87805175965038],[23.200691231665562,63.88597106881598],[23.24591025892766,63.8900603925163],[23.318885822429547,63.89665984233696],[23.408036031947297,63.96136499757838],[23.511386882073456,64.03637696712794],[23.59284020835802,64.09678466479652],[23.652221664884234,64.14082334604547],[23.69028243227014,64.15695459181723],[23.694164289840973,64.1585998344864],[23.697370475816513,64.15938827878483],[23.711662302611106,64.162902831414],[23.715498001393907,64.1706241124715],[23.722221381498784,64.1841583106411],[23.72970402083526,64.18806206708174],[23.926940914468602,64.2909622282723],[23.995832458192577,64.38346098271505],[24.1199989254532,64.43638611050068],[24.209720627436955,64.47276305480929],[24.278053284078855,64.49693298537697],[24.33930395559332,64.52165986728612],[24.35040481962522,64.5336124884063],[24.359165198155544,64.54304504114639],[24.37409401831327,64.58596037585247],[24.37324772668096,64.59563319182855],[24.37117766994653,64.61929321290197],[24.42499923929424,64.67527770158415],[24.463180872187976,64.70000880457583],[24.535413739371187,64.74679565841852],[24.53750217980835,64.77303440750585],[24.539581311872357,64.79915620804415],[24.699688858446894,64.84536315540649],[24.73110962305178,64.8544311702954],[24.771913891592426,64.86275020772088],[24.803333273550198,64.86915588594371],[25.084442132494306,64.91165925629383],[25.116249102504913,64.90749358081821],[25.17490357590734,64.87034529605185],[25.180274968167275,64.86694337293005],[25.1938877168734,64.84554290671753],[25.23041344221951,64.8192977845882],[25.23041344221975,64.81929778458814],[25.231151566586444,64.81913851887246],[25.25360868858218,64.81429292676322],[25.297496810467255,64.81443787503393],[25.319442729720958,64.81776429073055],[25.32882542556001,64.81966589764353],[25.33999634805106,64.8219299274911],[25.36194420304524,64.82943727230094],[25.337457662713195,64.89066312761844],[25.324165356538103,64.89657592530602],[25.313029379957253,64.89492568252301],[25.304498655925894,64.89366151268004],[25.2301368635746,64.92971038763898],[25.189304347249454,64.96401976720416],[25.213331226572386,64.98818969777192],[25.318233472446686,64.99283601768694],[25.3182334724475,64.99283601768656],[25.955555283836638,64.41190563743449],[26.37577183313735,64.08527218784499],[27.746983233783144,62.70356945402246],[28.801149655797047,61.89427343572866],[28.868819346953707,61.848535016431995],[28.868819346953707,61.754451293815436],[23.048485139504074,61.754451293815436]]]}},{"type":"Feature","properties":{"fillColor":"#fadfa4"},"geometry":{"type":"Polygon","coordinates":[[[16.399374001423233,38.32038261086016],[16.399374001423233,39.20268111748884],[16.73464619584331,39.180883337634725],[17.114578726777072,39.14281265462389],[17.11666488225384,39.098743446970076],[17.14180372851894,39.053745255168806],[17.14180372851897,39.053745255168785],[17.141803728518994,39.053745255168735],[17.14550009985743,39.05042489641205],[17.15819167137296,39.03902437228728],[17.1691665473832,38.99777222607212],[17.1691665473832,38.96333311315837],[17.126941691418654,38.91944123593615],[17.0978450682393,38.9078445612678],[17.071503771142048,38.914575446177174],[16.975831996468457,38.939022067086796],[16.952915187061706,38.93874742418279],[16.92944336205437,38.93582917879024],[16.850308190628642,38.92013909109436],[16.834878939894523,38.91707994188501],[16.814731607688646,38.90903814613019],[16.730831130006948,38.87554931999915],[16.614997872008757,38.81763458802601],[16.614997872008743,38.817634588025996],[16.614997872008683,38.81763458802597],[16.607908888870096,38.81167729536454],[16.594997410968517,38.80082701528244],[16.57360840434154,38.77971648432623],[16.555709187597543,38.75149540343951],[16.54999921916731,38.742492692134626],[16.53451155064214,38.709438330755845],[16.548885355199165,38.64860535339008],[16.561664573919057,38.602775567343365],[16.569999680207417,38.55416106330405],[16.574996949928476,38.520271313627866],[16.576387392541385,38.448566441662145],[16.569166188935988,38.42833326586369],[16.562976906745774,38.422096297732594],[16.532775888015863,38.39166259224692],[16.52628529849124,38.386113615137134],[16.515552518149644,38.37693787659856],[16.50344944446645,38.36779545307785],[16.490554826103278,38.35805511229347],[16.470554365063208,38.346382130722986],[16.448886882765464,38.33693695451848],[16.414165500129002,38.32444000552124],[16.399374001423233,38.32038261086016]]]}},{"type":"Feature","properties":{"fillColor":"#fff9b9"},"geometry":{"type":"Polygon","coordinates":[[[-1.306944608629692,59.85749816904962],[-1.371944665725664,59.89166259747208],[-1.377916693796421,59.904304504432524],[-1.334798640963,59.98829287848663],[-1.327648639583629,60.00222015374317],[-1.322145491136659,60.00448122924995],[-1.310416698263868,60.00930023177982],[-1.310416698263807,60.00930023177994],[-1.310416698263793,60.009300231779946],[-1.295506504972669,60.03916961233485],[-1.268333434931361,60.093605041444384],[-1.262501058478082,60.110197206514336],[-1.262083411124252,60.11138534549872],[-1.262083411124252,60.111385345498725],[-1.262083411124251,60.111385345498725],[-1.262059722910298,60.11172881447268],[-1.260972380669159,60.127494812054124],[-1.278267797816615,60.19407649177236],[-1.285000085876424,60.21999359128768],[-1.28652821945891,60.225110446495336],[-1.291388988540518,60.241386413383054],[-1.349469425032977,60.24341858455569],[-1.36280095593023,60.243885040292156],[-1.387500047792564,60.237220764145235],[-1.454492686264205,60.218925050255955],[-1.519722223295105,60.2011108400103],[-1.647777795867569,60.22471618649206],[-1.654291715480368,60.22596852423358],[-1.655000209695941,60.22610473623782],[-1.655533291179314,60.22636368169766],[-1.664722442548907,60.23082733144213],[-1.676250219153133,60.24291229243602],[-1.69215285786816,60.285064697268226],[-1.666944503859874,60.29972076419393],[-1.655277967409885,60.303054809652274],[-1.628333568584551,60.307220458889965],[-1.593194603932102,60.307220458889965],[-1.474722385355758,60.314994812200226],[-1.445833444510419,60.318603515471374],[-1.426944494232118,60.321388244502685],[-1.36788008746714,60.33493852279115],[-1.345833540042065,60.33999633796731],[-1.320277929385782,60.35638427750604],[-1.445833444510413,60.46054840107411],[-1.502222299608945,60.469718933269064],[-1.560486197392777,60.47367858894671],[-1.610347270970124,60.478397369381184],[-1.59621341826788,60.502409679412445],[-1.59305572507513,60.507774353116396],[-1.570452140634913,60.52152602392973],[-1.546944618257498,60.535827636588806],[-1.50545456950288,60.55760834641536],[-1.413333416162834,60.605968475410414],[-1.296527862480641,60.63339614866343],[-1.287500142923606,60.613327026430284],[-1.289267524059576,60.58824174345479],[-1.296111345321663,60.49110412582468],[-1.294533924348998,60.48776427651746],[-1.286666870182485,60.47110748301486],[-1.163888931395927,60.45443725572315],[-1.049788655560354,60.443818593146446],[-1.038541793661703,60.442771911789414],[-1.066111326260918,60.35805511460423],[-1.101111173633268,60.27583312995926],[-1.115982549771768,60.272179238677666],[-1.16500008086219,60.26013565052372],[-1.180555581940279,60.224998474244956],[-1.212222337546744,60.102775573639356],[-1.22055578223083,60.02249908430608],[-1.261389017240103,59.86027526854131],[-1.268611192645305,59.851104736346336],[-1.272756363449178,59.85179608800121],[-1.306944608629692,59.85749816904962]]]}},{"type":"Feature","properties":{"fillColor":"#bde7d1"},"geometry":{"type":"Polygon","coordinates":[[[18.368333464791938,67.35784339071243],[18.368333464791938,69.45150050221228],[18.497219073031943,69.37332153973631],[18.511665351724332,69.3480529601232],[18.53944396771135,69.29916381317997],[18.69347001102824,69.2616577125508],[18.771110522422646,69.32470703569703],[18.756107331103635,69.34860228464595],[18.674999249793757,69.3641662600732],[18.637218467546006,69.37332153973631],[18.616664887931165,69.38082884583127],[18.457288728061144,69.4495697114919],[18.46506692172295,69.50804902162531],[18.49527740887038,69.5194396947582],[18.66805268909235,69.541107177056],[18.850206362461506,69.55033876362126],[18.913400633878382,69.46464537694641],[19.01062201513821,69.39617156608574],[19.096107464537113,69.3619384934222],[19.117221828260142,69.35527036967659],[19.145553601536562,69.34971618732897],[19.170692447801628,69.34721373905904],[19.247220992254086,69.34915160916876],[19.29277419965598,69.34555055056808],[19.325553879415907,69.34111023218861],[19.348888382971438,69.3347167900618],[19.36710931749883,69.33236695559611],[19.355983724710313,69.31436921198247],[19.33044243793387,69.30824278594093],[19.30810929309166,69.3072433629685],[19.263359069686146,69.30703736143317],[19.245691292448328,69.29705048752453],[19.328443514559694,69.27440642399574],[19.347776416029262,69.27307893167364],[19.40577508172322,69.27707673970741],[19.41244316675403,69.29257966187015],[19.412609098454936,69.33165739045046],[19.391944871896214,69.35090635819927],[19.358331662149965,69.37318421828428],[19.292497621011194,69.38207244314742],[19.25958061979918,69.3837432971718],[19.21249771259164,69.37832639756135],[19.16124727159712,69.3756866278394],[19.124443070580355,69.38137817035403],[18.998052592005706,69.45915220914844],[18.94499776958679,69.57929992365973],[18.944927231192253,69.61256408062587],[18.994998922187165,69.6494293349075],[19.108329770630178,69.71221923007238],[19.177776329955066,69.74554444030304],[19.24666593793853,69.77194213752193],[19.272220620041196,69.77583313137865],[19.7069435192314,69.81221007568735],[19.73971940493948,69.8119354327834],[19.772706983260832,69.80484771786314],[19.772777560370173,69.78054809266229],[19.71680449255871,69.6094436664647],[19.69930458276241,69.58804320025223],[19.627498626412432,69.5108184859804],[19.533538813532573,69.39665221052502],[19.683053961360347,69.43193817132165],[19.714858995630152,69.47527313591723],[19.716665274080697,69.51485442810792],[19.828052522621363,69.71443178180073],[20.154720318760212,69.93526457600586],[20.288471219418057,69.97290803680164],[20.311248771632222,69.9640197732237],[20.387218467716878,69.91221617493977],[20.42062377890187,69.8755416685562],[20.391387937244588,69.8252716028448],[20.351665490835103,69.75305174639789],[20.333332051052594,69.71332550593655],[20.317218789817446,69.67387390837905],[20.29360960464311,69.57470703019078],[20.28194235286543,69.47888182133653],[20.26374817027579,69.45693969613478],[20.190551771312812,69.4022216852249],[20.171943649911725,69.39416505460736],[20.099441523742144,69.37054444856255],[20.05722046182956,69.35749817504256],[20.004163742384662,69.34623719654286],[19.985830302602153,69.33804320575848],[19.91965104145015,69.27030946731838],[19.94694138617905,69.25610353020318],[20.204303738497003,69.37707521214116],[20.32360839917726,69.43554685674093],[20.35610960326659,69.47137451524173],[20.461063236500237,69.56827378471108],[20.461063236500237,67.35784339071243],[18.368333464791938,67.35784339071243]]]}},{"type":"Feature","properties":{"fillColor":"#9cb3ec"},"geometry":{"type":"Polygon","coordinates":[[[47.59561538618735,80.07971191394823],[47.641384124239416,80.11817169162856],[47.74409939058978,80.16375777785267],[47.754997252762166,80.16859436059542],[47.763047988647884,80.17083050512197],[47.77499389670341,80.17414855918462],[47.80138397198954,80.1777648938576],[47.90613746649035,80.17941062240176],[47.90613746649035,80.08467695043926],[47.90193176207174,80.08387756289011],[47.74772842054934,80.07182088565102],[47.72082519648385,80.06971740665995],[47.71623545063769,80.06947843751571],[47.68888091998588,80.06805419987825],[47.654159546816004,80.06748962425695],[47.61610412547242,80.07054138068605],[47.59561538618735,80.07971191394823]]]}},{"type":"Feature","properties":{"fillColor":"#bde7d1"},"geometry":{"type":"Polygon","coordinates":[[[-8.394470214783155,70.9591369628277],[-8.409181594898428,70.96025085426595],[-8.419494628821099,70.96498107903449],[-8.43194580091017,70.96774291968381],[-8.460327148300394,70.9705200193709],[-8.494752884019931,70.96914672856502],[-8.565614700100639,70.96414184600155],[-8.620302200550213,70.9591369628277],[-8.624486558393274,70.95781676431238],[-8.631715774558305,70.95553588853507],[-8.711286561887665,70.92554180289419],[-8.937499999773138,70.84027099614747],[-9.028424072282926,70.8089205863643],[-9.043090820369182,70.80386352556623],[-9.058898925810526,70.80386352556623],[-9.061003015060122,70.80440772342187],[-9.073913574111202,70.80774688717275],[-9.119905471773961,70.86038970953553],[-9.109741211027085,70.86954498320216],[-9.049945962661134,70.88769227873792],[-8.934448242291149,70.92274475067393],[-8.920595169005813,70.92607116717153],[-8.887512207237473,70.93193054180558],[-8.76367378253318,70.95053100597157],[-8.731542863436891,70.9577782176392],[-8.581422805542047,70.99163818385614],[-8.564443776444264,70.99685600399643],[-8.510866165331548,71.01332092296919],[-8.49890327451287,71.02221679665793],[-8.452270507644617,71.05801391610879],[-8.442506789922259,71.07249450663656],[-8.433656692736102,71.08164978030324],[-8.381958007764153,71.12080383310641],[-8.355836868400143,71.13302612329275],[-8.344482421637146,71.13665771505033],[-8.32663904350406,71.14050067234884],[-8.326416015854363,71.1405487061756],[-8.128906250232433,71.17080688467973],[-8.125892632731915,71.17118712246531],[-8.10919380170282,71.17329406753413],[-7.997253418127856,71.18081665041699],[-7.983643531940413,71.17886352533554],[-7.97249411355564,71.17637530172719],[-7.97113132492143,71.17607116722115],[-7.96605800710672,71.17446202415933],[-7.959777832000849,71.17247009292855],[-7.949769020106027,71.16773986816008],[-7.928513050107084,71.14969635032347],[-7.940691361350085,71.1265069469468],[-7.983368873535142,71.0452423097222],[-7.98703472155835,71.04184535613317],[-7.990844726683235,71.03831481954218],[-8.008361816265706,71.03025817888638],[-8.046902128696596,71.02093769381702],[-8.118652343554913,71.00358581563728],[-8.22691474528915,70.98508511903938],[-8.290895461883371,70.9741516111284],[-8.352936712970179,70.96515784055087],[-8.394470214783155,70.9591369628277]]]}},{"type":"Feature","properties":{"fillColor":"#fff9b9"},"geometry":{"type":"Polygon","coordinates":[[[25.940930660130554,40.85520458212349],[25.940930660130554,41.76735497110957],[27.524161017188412,41.76735497110957],[27.524161017188412,40.98400447455271],[27.505342482055756,40.981307970980716],[27.486158294381067,40.96503204221646],[27.48513601948025,40.96416474078336],[27.46054839476392,40.91360473981575],[27.459366367498763,40.910504932924525],[27.452495558198233,40.89248658204063],[27.44684565469242,40.859828797637434],[27.446045650285456,40.85520458212349],[25.940930660130554,40.85520458212349]]]}},{"type":"Feature","properties":{"fillColor":"#bde7d1"},"geometry":{"type":"Polygon","coordinates":[[[12.09014414966704,62.03238935615204],[12.09014414966704,63.52813635284765],[12.219503258121756,63.60263442386358],[15.632656313208006,63.60263442386358],[15.265425084885862,63.36772804930399],[13.727378216863997,62.62905002650291],[12.18493786186616,62.10852750996776],[12.09014414966704,62.03238935615204]]]}},{"type":"Feature","properties":{"fillColor":"#bde7d1"},"geometry":{"type":"Polygon","coordinates":[[[19.923814781184937,54.860965715887666],[19.925412919603723,54.88240199809707],[19.92666244946821,54.89916229525817],[19.92717551571976,54.9001735929516],[19.941175472503478,54.92776871143839],[19.9768873735461,54.94912695667311],[19.990409839459776,54.95721434868321],[20.03041459430676,54.94638062689173],[20.030414594306777,54.94638062689173],[20.030414594306855,54.94638062689171],[20.062242010685928,54.945953614001326],[20.138318035779257,54.94493293915362],[20.138318035779257,54.70494004287649],[20.009649283363704,54.719783777322185],[20.00025456231391,54.73461350508898],[19.959716810846924,54.79860303871632],[19.923814781184937,54.860965715887666]]]}},{"type":"Feature","properties":{"fillColor":"#fadfa4"},"geometry":{"type":"Polygon","coordinates":[[[-8.989236833379096,37.02631380027134],[-8.984167089522657,37.05221556069836],[-8.949097621976478,37.10131454194385],[-8.924445149943438,37.130134586478334],[-8.906528475154175,37.16062165227078],[-8.858057022359617,37.27277375071435],[-8.828889860785637,37.3805542108617],[-8.795862212629856,37.44251251178105],[-8.787223814473805,37.52416229079489],[-8.787500393118478,37.72222136555274],[-8.805833832900987,37.76638792439371],[-8.791866301621951,37.819091797006536],[-8.790972724956305,37.82916260463594],[-8.799305934218637,37.91402052558391],[-8.810556421003241,37.93193816824362],[-8.81534285428766,37.945652969204474],[-7.400801638178732,37.945652969204474],[-7.381868736797799,37.89549031182173],[-7.285665538878192,37.80530651456796],[-7.285665538878192,37.20467904739324],[-7.337500572171166,37.18735883971016],[-7.356389027554258,37.17582701235824],[-7.391389389154085,37.1752738937837],[-7.409444817843564,37.20166017013173],[-7.431854230873171,37.25318908679691],[-7.419028283370494,37.180549639175524],[-7.444583894628693,37.17874525775096],[-7.471944816466987,37.1777725092868],[-7.559583661355532,37.1531906143631],[-7.580417149089271,37.144439710952156],[-7.618680937380191,37.11547851219882],[-7.758334144010462,37.034996023599035],[-7.897778522923659,37.0088882616364],[-7.97305584324107,37.00833131029498],[-8.01291750812851,37.02207948342698],[-8.044584291790727,37.04304886016456],[-8.067779538153388,37.05471800896828],[-8.110834130052183,37.07430267288572],[-8.175279625604105,37.09221648277861],[-8.373750703432677,37.10207749482072],[-8.658889774711497,37.108886734070154],[-8.81472395478994,37.066940315061515],[-8.926668154672257,37.016105671189734],[-8.989236833379096,37.02631380027134]]]}},{"type":"Feature","properties":{"fillColor":"#fff9b9"},"geometry":{"type":"Polygon","coordinates":[[[5.460389606562046,58.75005720408973],[5.551943796926707,58.967498773996226],[5.712305055287175,58.97287750079846],[5.842916494094368,58.96263503167529],[5.882777229826218,58.954025282482974],[5.938749794345142,58.931247730269035],[6.058332930696395,58.89402389936265],[6.090555194536989,58.93527221281107],[6.119165908062033,58.95700837519213],[6.191944109583744,58.97888182031045],[6.218054775157441,58.98583221377868],[6.256110200309138,58.99304962333224],[6.404166225440804,59.01721955389979],[6.404947035526554,59.01733146653564],[6.404947035526554,58.26869879861262],[6.36027717440021,58.270828255837955],[6.347586612608723,58.270782456210725],[6.284166324096532,58.30666350244252],[6.224166412139141,58.324024193760636],[6.14305496264052,58.337772366892864],[6.0119438317044,58.37971495313468],[5.753333081433084,58.48805236462363],[5.644721994910697,58.544715872461836],[5.62333248499101,58.55763245134847],[5.508471975456871,58.66763688409503],[5.460389606562046,58.75005720408973]]]}},{"type":"Feature","properties":{"fillColor":"#bde7d1"},"geometry":{"type":"Polygon","coordinates":[[[43.26971435241116,68.66810608098747],[43.31166077141965,68.68498229509952],[43.366935733670914,68.68803406789216],[43.386939988762975,68.68803406789216],[43.40888215267954,68.6869201652092],[43.45239020818085,68.682853066836],[43.45638275403593,68.68247984682961],[43.45894420330105,68.68209716079127],[43.486103072899326,68.67803956716486],[43.67110441455169,68.63220215429942],[43.78527069000708,68.60137939233852],[43.84415437639248,68.58471680658053],[43.92054749641876,68.56442261623222],[43.973320010400144,68.55386353734471],[44.052772530037814,68.54165648488895],[44.072799169028606,68.53895059115045],[44.07332610965261,68.53887939371509],[44.11859894435793,68.53526304276221],[44.120116069572894,68.53518605459804],[44.14054869637833,68.53414917879408],[44.18054961845854,68.53414917879408],[44.215863215190154,68.53603060897083],[44.217208871204775,68.53610230254122],[44.23607055470883,68.53725797348027],[44.489158617718886,68.55276488829921],[44.579232040246694,68.55886435766247],[44.579232040246694,67.06978464640513],[44.16790772119094,67.1544342090802],[44.141662599061306,67.16678620980662],[44.10832596795984,67.1740112461788],[44.07610320082654,67.1777648798689],[44.036384587183875,67.17915342545587],[44.00166320454724,67.17692565880469],[43.96832274067913,67.17387388601202],[43.96119032770436,67.17208285147865],[43.93402098793213,67.1652603040529],[43.922736000911,67.16327710628602],[43.904022232112766,67.15998839142799],[43.870826716515296,67.16567993394244],[43.77888108064712,67.19622801428453],[43.77576029871528,67.19973865738389],[43.75985716212324,67.21762848049718],[43.750549307370704,67.25221254168162],[43.75180053150564,67.31151581924155],[43.75631621127878,67.3332072686992],[43.75819014086552,67.34220884785441],[43.7720312958328,67.36621965380962],[43.787498456658284,67.39305115725972],[43.800827038615694,67.40942384647616],[43.808286902102395,67.41844229109937],[43.8141555818583,67.42553710771145],[43.856102000866926,67.47331239068657],[43.929395454528986,67.55542362885122],[43.93943022200915,67.56666565854584],[44.03089525215273,67.66449737887831],[44.040323139788285,67.66989274829265],[44.05915830663098,67.68067169337823],[44.09207534655778,67.68067169337823],[44.09207534655785,67.68067169337832],[44.09207534655786,67.68067169337832],[44.09424515931801,67.68325634033395],[44.11388398307432,67.70664979942234],[44.14819582466984,67.82335913131777],[44.167213448397206,67.88804624970737],[44.1627655031989,67.92387390820812],[44.13158799738005,67.92824554650429],[44.14040758087452,67.99484254051993],[44.17860412153027,68.09971617614542],[44.209991461651384,68.17498780538472],[44.225822453163914,68.20748900947399],[44.244922639875085,68.26457214720182],[44.22790527154427,68.29193113329922],[44.20360564634336,68.3049774068192],[44.183326709632524,68.31526184280273],[44.131660471515374,68.3405456373385],[44.05054472467202,68.37414549047327],[44.001388561643466,68.3927612386932],[43.899436965462485,68.4219207734485],[43.85457355856152,68.43089604138008],[43.84665678594756,68.43247985233589],[43.83245062346597,68.43592244423417],[43.782493598833355,68.44802857412577],[43.71859742780413,68.46415708899843],[43.689430227515345,68.47248840123495],[43.66304778393413,68.48136899927925],[43.63665771353408,68.49026488967587],[43.56332399311913,68.51832581410031],[43.43917524119237,68.56600117238354],[43.3549957360152,68.59832761954587],[43.34855288453994,68.60119727328497],[43.33193970813062,68.60859680189196],[43.31137846298219,68.61886598423803],[43.27887725889292,68.64109800598123],[43.26971435241116,68.66810608098747]]]}},{"type":"Feature","properties":{"fillColor":"#c6d1ed"},"geometry":{"type":"Polygon","coordinates":[[[12.03963291664018,79.18866348445724],[12.03963291664018,79.20252467299676],[12.051387786945156,79.20555114561489],[12.0736083972443,79.22554016351728],[12.101663586793222,79.25387573221013],[12.11527347443075,79.293319701114],[12.093331335556002,79.30248260566879],[12.070831297191603,79.30442810132507],[12.03963291664018,79.29732120964219],[12.03963291664018,79.6946798767299],[12.048470494539458,79.68817138525486],[12.106386182502206,79.67498779227259],[12.14944267129431,79.66914367442564],[12.276943205719249,79.66220092707476],[12.311388015208877,79.66192627108916],[12.34166526968096,79.66331481833453],[12.356663704564028,79.69081115731478],[12.345275876287758,79.71331786991652],[12.304998395268,79.73761749398784],[12.278886793656056,79.74331665296404],[12.224441531070738,79.74720764427684],[12.204719543837939,79.75054931805647],[12.16444397053749,79.78248596032057],[12.162220954535428,79.8060913079882],[12.201942443785061,79.83332824717684],[12.22472000249519,79.83610534722959],[12.329719541914926,79.83610534722959],[12.384721758472892,79.83221435591696],[12.404720303849047,79.82887268213733],[12.436943053977473,79.82083129972028],[12.465274812793098,79.8121948256267],[12.489997861597715,79.80247497822296],[12.541040420065826,79.77054596127493],[12.596942902235583,79.75637817414759],[12.787776947814905,79.77360534819115],[12.83749771253349,79.77859496900794],[12.88277530404622,79.78762054556984],[12.912498474467498,79.79942321662276],[12.957775114901494,79.81192016407937],[13.014720919396325,79.82221984696582],[13.350554465069422,79.84999084749347],[13.377775191423495,79.85192871227201],[13.39690709126721,79.85297327873185],[13.39690709126721,79.69486318193721],[13.318054200157235,79.69413757490065],[13.046386721113777,79.69026183978184],[13.01583290293678,79.68858337479509],[12.867495538940204,79.64305115000849],[12.692080499740996,79.5959548955941],[12.638053895371343,79.58859252782497],[12.611663816773046,79.58638000706105],[12.577775955694165,79.58554077178667],[12.523887635957863,79.58943176309947],[12.49333000234185,79.59082031034484],[12.467637064507358,79.58499145425372],[12.449303624520041,79.56887817147009],[12.51416588083464,79.55108642369959],[12.537220003249843,79.54832458540267],[12.567775723584589,79.54721069414273],[12.605552673818522,79.54721069414273],[12.631664275430467,79.54942322046861],[12.791942595113142,79.56860351548448],[12.99860763661269,79.58638000706105],[13.02888679324235,79.58804321029197],[13.274999619084667,79.59748840171034],[13.331941602578695,79.59414672793065],[13.39690709126721,79.58884749373156],[13.39690709126721,79.5354841341033],[13.370525362417709,79.52821350126317],[13.354859353641814,79.52688598435537],[13.32085991044022,79.5288772597172],[13.265275956241908,79.51443481660431],[13.26472091555047,79.47095489751712],[13.39690709126721,79.44436103766903],[13.39690709126721,79.18866348445724],[12.03963291664018,79.18866348445724]]]}},{"type":"Feature","properties":{"fillColor":"#c6d1ed"},"geometry":{"type":"Polygon","coordinates":[[[56.3199758526479,73.0996988632095],[56.3199758526479,73.24065890463038],[56.38665771497298,73.23304748384155],[56.43721008440369,73.22554016187098],[56.46749114883508,73.2155456537806],[56.58603286840071,73.13234710843898],[56.58029383038002,73.12973796802432],[56.55332565197432,73.11747741774849],[56.42780401910273,73.10676141087652],[56.41999053996593,73.10609436015221],[56.37241754609647,73.10305227758407],[56.3199758526479,73.0996988632095]]]}},{"type":"Feature","properties":{"fillColor":"#fff9b9"},"geometry":{"type":"Polygon","coordinates":[[[-7.231111526459131,57.33277130132018],[-7.233376162314278,57.33222243575569],[-7.254028320238735,57.32721710198816],[-7.28527832029944,57.33610534665159],[-7.288056373606984,57.32249450682374],[-7.259166717565492,57.15249633791252],[-7.214722633323738,57.11444091793789],[-7.215278625504709,57.11027526859601],[-7.222480992218598,57.101175350190005],[-7.225833892755283,57.09693908695612],[-7.230278015165538,57.09471893311261],[-7.256725064347245,57.09571293815084],[-7.359583854611742,57.09957885737117],[-7.384028434758534,57.11166000370571],[-7.394306182896514,57.128467559771025],[-7.418194770862328,57.18457794182672],[-7.420526315300584,57.21440014022201],[-7.420833587635778,57.21833038336535],[-7.421375245232074,57.25058290396833],[-7.42361164094325,57.383747100772325],[-7.412222862242004,57.38971710210956],[-7.393733077385625,57.394600653822486],[-7.368056297270002,57.40138244628192],[-7.33555603026892,57.395828247107],[-7.285833358838858,57.38110351563415],[-7.269583702080546,57.37374496462097],[-7.223750591263604,57.33957672123414],[-7.231111526459131,57.33277130132018]]]}},{"type":"Feature","properties":{"fillColor":"#fff9b9"},"geometry":{"type":"Polygon","coordinates":[[[12.109998688229888,57.25000001662934],[12.14158419885414,57.2791375289819],[12.142360673841154,57.27985382417796],[12.14252373138944,57.281230664469],[12.145832076523295,57.30916597273741],[12.127549812089653,57.351524356102146],[12.874027256254891,57.351524356102146],[12.874027256254891,56.64441289349418],[12.831931583071844,56.65415657695301],[12.817498204972168,56.65749740171745],[12.805184369270615,56.65223464370422],[12.784999865779298,56.643608074366625],[12.758054741063859,56.63999938894733],[12.721943844970042,56.641521461934246],[12.670831693297885,56.6761093171707],[12.613609298377469,56.74694062803053],[12.60222716204964,56.77631093257256],[12.599372853987223,56.783676148963906],[12.599372853987205,56.78367614896392],[12.599372853987177,56.78367614896399],[12.349998490918495,56.96999360078263],[12.293797288509534,57.01519462715908],[12.245694156660644,57.05388260603314],[12.224437922142192,57.08266799192022],[12.148054113381761,57.18610763965222],[12.109998688229888,57.25000001662934]]]}},{"type":"Feature","properties":{"fillColor":"#c6d1ed"},"geometry":{"type":"Polygon","coordinates":[[[61.11626966421113,75.20475918365935],[61.11626966421113,76.10061172088048],[61.156101230244076,76.13158416889075],[61.11888122920783,76.1430511483241],[61.11626966421113,76.14299328965951],[61.11626966421113,76.27712205531398],[61.62998962113244,76.30831908896266],[61.76388550001241,76.28776550328513],[61.78499603562784,76.28305053361447],[61.998878480845974,76.25555420189431],[62.02832794428086,76.25248718589019],[62.18166351675609,76.25416564956856],[62.30693817032892,76.25749206691353],[62.37158584581755,76.21463775902635],[62.54554748765321,76.20664977816892],[62.693321229167225,76.2491455096428],[62.73499297991117,76.258041379607],[62.75749969730356,76.26054382401531],[62.80582428273743,76.26361084001934],[62.843048094602864,76.2580490090582],[62.85128783955673,76.24531554851853],[62.847770693724726,76.23081970033718],[62.90470885942847,76.20748901000815],[62.97943115119568,76.20971679417312],[63.02499389867353,76.21499633543971],[63.1541595489806,76.23776245417281],[63.366386411080896,76.27915954467363],[63.52165984857538,76.31164550630763],[63.69470977488879,76.34304809366421],[63.717765804974476,76.34553527916995],[63.880546567900296,76.3380432126408],[64.01457214745096,76.32110595566093],[64.03581237594346,76.31303405863338],[64.05998229811166,76.30970764128841],[64.08554077260567,76.30998230153176],[64.10971069477387,76.31137084606445],[64.15664672788216,76.31832885880249],[64.47192383144392,76.39248657118065],[64.79803466998914,76.47415160899033],[64.81579815763854,76.47620415809811],[64.81579815763854,75.79594301841409],[64.73526001308113,75.78498840193583],[64.5402679409712,75.75526428605076],[64.37303161750867,75.73304748780413],[63.86360931092048,75.67137145628305],[63.61651992482598,75.69060516248874],[63.53735351280238,75.63609313888804],[63.48804473595624,75.62359619133571],[63.32499695003145,75.58998107871673],[63.304435727109535,75.58610534867813],[63.28221130720493,75.58332824402663],[63.25916290657045,75.58193969949394],[63.18582152988472,75.5808258074116],[62.96749115358091,75.56275939944675],[62.53804779167291,75.50193786646037],[62.51776885844549,75.49803161861695],[62.38901900933263,75.46887969598606],[62.2819366457727,75.44053649518241],[62.241104126867924,75.43275451730062],[62.216934204699726,75.4322051968141],[62.170547484285066,75.44775390926145],[62.143882754952756,75.44941711403732],[62.017772672576655,75.44067382530392],[61.69860076924488,75.36720275574112],[61.68721008432374,75.33776855120857],[61.67749023362967,75.31581115430288],[61.65026855435971,75.27915954348462],[61.51430129896096,75.22387695310567],[61.48220825016722,75.2194366436783],[61.45832824714472,75.21914673232561],[61.42165755880177,75.22567748800338],[61.397354125134086,75.23637390065818],[61.17290878655365,75.21665191736867],[61.11626966421113,75.20475918365935]]]}},{"type":"Feature","properties":{"fillColor":"#bde7d1"},"geometry":{"type":"Polygon","coordinates":[[[21.065969484904418,62.597980518512315],[21.10435471032132,62.76193477572827],[21.1056232512305,62.76735307613557],[21.133886344423598,62.78985594673075],[21.29805373376443,62.8608322058613],[21.345832810791517,62.854579917953345],[21.3732624127132,62.862148277312876],[21.551246655269576,63.044788363628925],[21.569511414968606,63.07860563916975],[21.566409038252612,63.081449949320245],[21.51860809101384,63.125274646280474],[21.50166319681814,63.15972138601306],[21.49687196734749,63.203536995047855],[21.538469333575925,63.23027418248728],[21.5484656285503,63.2271810861497],[21.56742859658821,63.221313483489],[21.630532582370286,63.19639907819284],[21.64041519996426,63.19249727172098],[21.966663366213332,63.1830520568017],[22.11576241337899,63.21482215856197],[22.216941836377604,63.23638152212467],[22.238807822609377,63.24351439864803],[22.33999823372245,63.276523598423324],[22.36958123113366,63.31319047798854],[22.362704985609625,63.326195029603525],[22.355552685304634,63.33972166389249],[22.352841824754396,63.342136158898086],[22.323747651035337,63.368049604401946],[22.323747651035017,63.368049604402046],[22.323747651034818,63.36804960440222],[22.306642018095353,63.373345228151265],[22.298610701795432,63.37583159211601],[22.271942155724748,63.38610840128096],[22.200553893523598,63.41930387816347],[22.18784521319843,63.44513320316998],[22.279538568289844,63.51874444795123],[22.288192738412103,63.52569199867191],[22.706941594845215,63.659439105277706],[22.74013711044257,63.61985777437239],[22.74013711044269,63.619857774372406],[22.740137110442717,63.61985777437238],[22.780551893904814,63.625831586609586],[22.805154683170812,63.634551405701494],[22.824443809841743,63.64138793521819],[22.899997708803856,63.698608394397866],[22.908428507514774,63.71916149683166],[22.92631720209475,63.76277162022684],[22.92415212666719,63.790578751398684],[22.923332212359302,63.80110931510151],[23.048485139504074,63.844607989217764],[23.048485139504074,61.754451293815436],[21.509344285856876,61.754451293815436],[21.488746656646597,61.800415047643014],[21.424631141119747,61.87432085844505],[21.410552987962152,61.890548713983],[21.385101674195056,61.911511748127495],[21.363330823561817,61.92944336019896],[21.363330823561736,61.929443360198974],[21.36333082356173,61.92944336019898],[21.299602519974353,61.94182586820038],[21.284582139277422,61.9463844216276],[21.26499175545947,61.98347523186068],[21.253330223581944,62.005554210502574],[21.269376675294513,62.03736974128601],[21.2855529907156,62.069442754712725],[21.29431588063377,62.08648719735114],[21.305831927426123,62.10888672545167],[21.31995249342148,62.131536478651334],[21.33388518631749,62.153884878537845],[21.38027571775729,62.182357806033295],[21.389305096839486,62.20624542816323],[21.37935472657201,62.23656571330287],[21.3716659685649,62.259994523375894],[21.33222006208538,62.350551613657046],[21.332220062085288,62.350551613657075],[21.332220062085263,62.35055161365714],[21.259162920314942,62.37583161414113],[21.155551929695136,62.41277313661],[21.132568424727577,62.43313764447911],[21.111663807810313,62.451660156006994],[21.065969484904418,62.597980518512315]]]}},{"type":"Feature","properties":{"fillColor":"#fadfa4"},"geometry":{"type":"Polygon","coordinates":[[[-9.29333497586532,42.922492998058374],[-9.25916671180346,43.04721831368647],[-9.208195675635466,43.155132301233834],[-9.16972352420538,43.1858291626134],[-8.950279236872404,43.293609622760926],[-8.876390462142012,43.31971742343819],[-8.824445709639349,43.32721710271437],[-8.657501229124648,43.30332948058407],[-8.329723363069661,43.40388490435947],[-8.26555634318845,43.55277252373645],[-8.006668085116928,43.70388794847946],[-7.898056030724035,43.76416014173691],[-7.858264439653396,43.764301295955704],[-7.679442942479852,43.461781605826616],[-7.377604493125489,43.06050759168323],[-7.170137469336396,42.584335918660145],[-6.992443041354193,42.133566904502516],[-7.006535533079557,41.52055197335619],[-7.164357932868654,40.88316538447987],[-7.349768887498897,40.171573454328325],[-7.474836199865581,39.885202411454884],[-8.966683973112616,39.885202411454884],[-8.931945797090009,39.96416472409362],[-8.896362312933206,40.04540253875149],[-8.890973094415983,40.054996495993635],[-8.874723440884338,40.09610748798991],[-8.862362845468681,40.13943861981886],[-8.840278636892606,40.33638762466035],[-8.785865776161756,40.52070619181967],[-8.729681015736958,40.63571548239105],[-8.678335181436182,40.77583311195281],[-8.668056475245407,40.90388488199244],[-8.645544042090677,41.01857756279945],[-8.657222753453766,41.04193877957795],[-8.729444506926598,41.23666381182028],[-8.789722429976905,41.421386716516906],[-8.778841011532222,41.46757507918835],[-8.781112680784588,41.48444366648175],[-8.799722660496968,41.56666565047465],[-8.815088261207507,41.61724090507971],[-8.873056419626664,41.724300379210774],[-8.880834574573555,41.75166319807499],[-8.879723536786912,41.8413849000587],[-8.862361916313205,41.864025130820664],[-8.813611987847878,41.902496353095216],[-8.74500848235391,41.9524994027214],[-8.7731018110793,41.943500530914605],[-8.79227160702959,41.93244172118352],[-8.812179578374526,41.917694086364236],[-8.875140205877415,41.879508966579124],[-8.888334292564537,41.933609011597525],[-8.89750099309822,42.110553722632346],[-8.81083489667401,42.18694304860662],[-8.794112186806956,42.25338363476601],[-8.840833652493359,42.391387938672494],[-8.809722891017032,42.5194397087119],[-8.71972275207736,42.67527772155711],[-8.72049712582492,42.698490157298124],[-8.85138893732892,42.66110991853549],[-8.92083452878336,42.62680053896986],[-8.937431338069189,42.6003417884865],[-8.995555865629626,42.532493609050675],[-9.029375076911208,42.524162296814325],[-9.061389906768397,42.57943725906557],[-9.086668010226276,42.74027250291704],[-9.14389036643189,42.89332579776959],[-9.16277886052984,42.925827040573665],[-9.18819521459534,42.95124815656135],[-9.263890267776219,42.913745888699225],[-9.29333497586532,42.922492998058374]]]}},{"type":"Feature","properties":{"fillColor":"#fff9b9"},"geometry":{"type":"Polygon","coordinates":[[[9.54527663038101,63.76610945679431],[9.578887943101279,63.78569032665973],[9.63097191408201,63.80749892446153],[9.86194419599991,63.886108390268305],[10.1369438182806,63.939437855590995],[10.054444326487555,63.98166275027046],[9.982221605144389,63.990554807900196],[10.020277030296256,64.06637572294761],[10.16611097985458,64.1897125317036],[10.447221774539514,64.32415770515502],[10.59013844657568,64.34499359320722],[10.652082461727957,64.35554504527613],[10.607350356856386,64.36843107817305],[10.549101825740593,64.39054869763532],[10.499700559212727,64.41414642322405],[10.495290748108005,64.42381285460135],[10.58860971464037,64.431381213961],[10.66263770784883,64.44311524879618],[10.695554747775532,64.46888731458995],[10.82645701228003,64.52562106434942],[10.82645701228003,63.70223750044371],[10.546943668328481,63.615554816159715],[10.392775541637434,63.56888580904882],[10.314998637946417,63.55749513591576],[10.252775179252978,63.55721666024499],[10.216665251029553,63.5499992506916],[10.168766003213989,63.52728271302749],[10.092777259439686,63.50222013494971],[10.047777170612505,63.49610900126049],[9.999999990611286,63.495254526558824],[9.922152509811156,63.50672913341265],[9.808332460954261,63.62221906842353],[9.7891654911856,63.66249846617461],[9.80826188384492,63.68860626685188],[9.857359897219851,63.689300539645274],[9.915277494089423,63.69999693998477],[10.004999157358327,63.720550519599556],[10.063888534821672,63.74333190458037],[10.09458160214939,63.759647373299],[10.005277633029095,63.772499066154296],[9.905554771369736,63.74972151394036],[9.732776626251336,63.70111084266773],[9.570276258168292,63.661384563491595],[9.546665175967973,63.662357311955816],[9.54527663038101,63.76610945679431]]]}},{"type":"Feature","properties":{"fillColor":"#bde7d1"},"geometry":{"type":"Polygon","coordinates":[[[33.01744186675003,69.61060085335262],[33.01744186675003,69.76044876915087],[33.09360505635004,69.74748231041275],[33.113296495729514,69.73730468860629],[33.13043213782305,69.7260742173815],[33.10834885840251,69.6462554943003],[33.071105941091844,69.62637330702273],[33.04554750365219,69.61747741662617],[33.01744186675003,69.61060085335262]]]}},{"type":"Feature","properties":{"fillColor":"#bde7d1"},"geometry":{"type":"Polygon","coordinates":[[[22.869720477313752,60.17916109030527],[22.897312944452565,60.20841997314572],[22.904302602757568,60.21583176392208],[22.926803576326638,60.23096848264114],[22.967775349845265,60.250274670887634],[22.988226069769002,60.26348720035522],[23.017219551103853,60.28221892363558],[23.048485139504074,60.31142302454791],[23.048485139504074,59.99346311661294],[22.99124717485253,60.05735777540708],[22.99274705366973,60.063724711198624],[22.99805258133545,60.086246500024764],[23.01728819247265,60.101219184069016],[22.967498771200162,60.11193846486509],[22.90610884249291,60.12638853760922],[22.875848081973047,60.14470321542876],[22.874443065416212,60.14555357163685],[22.872184478090265,60.16162643551387],[22.869720477313752,60.17916109030527]]]}},{"type":"Feature","properties":{"fillColor":"#bde7d1"},"geometry":{"type":"Polygon","coordinates":[[[23.048485139504074,42.43041138540981],[23.048485139504074,45.56252767445788],[28.70426026836197,45.56252767445788],[28.868819346953707,45.31546860650192],[28.868819346953707,44.93542778355113],[28.866991834225637,44.910639534104924],[28.86464498765859,44.87880707832161],[28.86464498765883,44.87880707832148],[28.864644987658824,44.87880707832138],[28.868819346953707,44.87656667280928],[28.868819346953707,44.74953053196821],[28.865964891877308,44.74901960694091],[28.79582785381077,44.71638108139977],[28.78914447407702,44.706317072436676],[28.78207968067866,44.695678720747246],[28.78082849525853,44.660961132162754],[28.7817197895408,44.65914192883124],[28.789928451449544,44.64238738951828],[28.789928451449626,44.642387389518255],[28.78992845144973,44.64238738951805],[28.796157705521388,44.64099367009504],[28.79971505361589,44.64019775696045],[28.849302306119252,44.64831923489478],[28.868819346953707,44.66126043318852],[28.868819346953707,44.64435268756694],[28.860919966514476,44.64166995161731],[28.83889390529508,44.63418960468204],[28.803258107918698,44.63076109696465],[28.80055237765387,44.63050077959346],[28.76305007107678,44.62558364954131],[28.757499682781013,44.51972197309935],[28.75384164775829,44.45963590010635],[28.751800552162496,44.4261093159738],[28.688766796540765,44.36840573256968],[28.64429856768591,44.327697763843425],[28.629579543115543,44.296520219309656],[28.629279969361374,44.28594056110345],[28.628883373295988,44.271934491619554],[28.631163415222602,44.20480835871101],[28.63277053438615,44.1574935732599],[28.652181130789586,44.02908754292224],[28.66027450746909,43.97554779845244],[28.6532803949889,43.96423296020284],[28.64722060713049,43.954429640677105],[28.63179150177824,43.92102558094366],[28.61360550035815,43.88165283288913],[28.597511236206135,43.838420337926905],[28.594993584905094,43.83165741008135],[28.58527755984854,43.80081939448299],[28.580733746863327,43.770131503151156],[28.57943727501131,43.76137542374436],[28.579839766555747,43.75993645180324],[28.583244335147302,43.747764572064106],[28.576381669451923,43.73304748323453],[28.57388058976272,43.716064641447915],[28.569999686910602,43.68971251863927],[28.57756425221828,43.591655749081696],[28.20000353422343,43.575849952580654],[27.674298557398295,43.47548808661528],[26.994980782903227,43.40649884942826],[26.384261319034383,43.2309249594614],[25.271916070684696,43.07107110341234],[23.272401842034274,42.64186620481615],[23.048485139504074,42.43041138540981]]]}},{"type":"Feature","properties":{"fillColor":"#fff9b9"},"geometry":{"type":"Polygon","coordinates":[[[10.879720687906667,55.73429870626279],[10.882655575723193,55.73511503682216],[10.897220611532589,55.739166259414844],[10.903553828561623,55.73912526593449],[10.940832137831896,55.73888397187613],[10.95135932265544,55.73816770284118],[10.953054428351095,55.738052367949535],[10.986349510477092,55.73495900246656],[11.129444122494373,55.72166442845286],[11.138610839938655,55.713607787801465],[11.152776718513376,55.707771301625876],[11.168609618723604,55.702774047831646],[11.189165115424181,55.69916534458666],[11.191689552234985,55.69892995066313],[11.20111083952321,55.698051452231255],[11.211111069120307,55.69888305704791],[11.258706782709451,55.71638283397186],[11.343332290341479,55.74749755826017],[11.486944199045313,55.84165954626275],[11.49478136043007,55.849888067647676],[11.498192786865388,55.85346984860092],[11.50638771072687,55.8672180178761],[11.511665343833556,55.879440307505206],[11.516110419790664,55.8951339721724],[11.50994638533622,55.91374557449665],[11.509026527725148,55.91652298013562],[11.501511905751356,55.922475237312696],[11.491664886419414,55.93027496319331],[11.47783361023294,55.93663223384699],[11.474443435659955,55.93819046007525],[11.496627231503794,55.937887095247454],[11.606388092241136,55.936386108452766],[11.67027664148479,55.89054870566891],[11.74850559234618,55.78221555558428],[11.74850559234618,55.05446452856947],[11.730554581037325,55.060554504113895],[11.658332824722038,55.18721771202598],[11.518888473222205,55.1999969482776],[11.492178611575488,55.20513216379099],[11.453887939849377,55.21249389610052],[11.442821594438698,55.21390689641317],[11.427776336285774,55.2158279420417],[11.416942596315891,55.2158279420417],[11.400276183952997,55.21221923790671],[11.3508319852603,55.201385497936826],[11.323055267397251,55.190551757967],[11.306110382167901,55.18888855011397],[11.272777557441884,55.19277191155277],[11.257776260268201,55.195415496446685],[11.245415687429158,55.202075958093985],[11.187776565764988,55.33888244670871],[11.194364476212275,55.351568466433044],[11.217638015453076,55.39638519249894],[11.207248073411405,55.43526660388186],[11.203609466865228,55.44888305693009],[11.14916610704215,55.567497253535564],[11.144444465554951,55.577499389578826],[11.144444465554916,55.57749938957888],[11.144444465554898,55.57749938957892],[11.086388587814497,55.66638565092097],[11.07527732820148,55.672775268156784],[10.994165420862146,55.69249725359447],[10.935664501012244,55.71386497728962],[10.879720687906667,55.73429870626279]]]}},{"type":"Feature","properties":{"fillColor":"#fff9b9"},"geometry":{"type":"Polygon","coordinates":[[[34.61790347204504,46.058808830987665],[34.61790347204504,46.35281988549861],[34.81248473248513,46.18137360195141],[34.70249175932406,46.17581938088841],[34.63151933296024,46.082210556529446],[34.61790347204504,46.058808830987665]]]}},{"type":"Feature","properties":{"fillColor":"#fff9b9"},"geometry":{"type":"Polygon","coordinates":[[[25.940930660130554,40.84301555609829],[25.940930660130554,40.85520458212349],[27.446045650285456,40.85520458212349],[27.44555283026358,40.85235596532726],[27.29152678694669,40.70026779212009],[27.1766624446459,40.631652827040625],[27.137382508582107,40.617942826716956],[27.06193841557406,40.60136833521746],[27.020280837070697,40.592216483120595],[26.97873950591702,40.56088642420116],[26.970550533322466,40.55471038249158],[26.878326421783697,40.53277588410862],[26.746575791154847,40.48562490882486],[26.725410448382963,40.47805024638002],[26.695697007169187,40.458587663045606],[26.679925921064523,40.4482574533813],[26.679925921064406,40.448257453381224],[26.684926984837414,40.42727661705821],[26.614997845332482,40.35610961002982],[26.594611960861503,40.337930494557924],[26.58166121423093,40.326381664347544],[26.576000828811512,40.32271103505423],[26.55083082545127,40.306388868841],[26.515624738032763,40.28444792515083],[26.440273274130046,40.237487801272096],[26.34749983806846,40.138328549902525],[26.331709191501925,40.11996228625864],[26.32193756786188,40.10859681016848],[26.21791267714542,40.05290605079449],[26.170262980313666,40.052073744539975],[26.164405820536167,40.05197143642386],[26.210876940254554,40.12252658953895],[26.243329999081165,40.17179870840403],[26.25985716041315,40.196937554669134],[26.259857160413173,40.19693755466919],[26.25985716041322,40.19693755466926],[26.264052949671747,40.20854873264112],[26.26763725110082,40.21846771551493],[26.26763725110082,40.21846771551498],[26.267637251100837,40.21846771551503],[26.267094203013013,40.25355892747151],[26.267009722649963,40.25901796211789],[26.26700972264996,40.259017962117895],[26.26700972264996,40.25901796211792],[26.231666580070282,40.3016586152051],[26.2115936448949,40.322147386218255],[26.21832559698842,40.326167935858344],[26.241939556468367,40.340270991698446],[26.41805267325759,40.426383969548056],[26.54315565191473,40.48298646283638],[26.583694349675834,40.49921598866668],[26.604719177856435,40.50763320507666],[26.615740693602927,40.509070397849065],[26.6249923847746,40.510276807565276],[26.62910505008748,40.50990615361041],[26.64666366112426,40.50832368381816],[26.682914743566403,40.50985334490904],[26.77722167348563,40.555831911993245],[26.797496777429703,40.567771909648954],[26.82582855070621,40.59158705764376],[26.822127915765638,40.59823177694904],[26.792913446520288,40.650688166435316],[26.773744579725587,40.65999222713583],[26.773744579725548,40.65999222713583],[26.773734017000844,40.65999222302713],[26.763891233217123,40.659988394369066],[26.763891233217073,40.65998839436905],[26.763891233217006,40.65998839436905],[26.691942225622252,40.63916017185028],[26.690830777451016,40.63904134491207],[26.67110444054407,40.63693236648447],[26.63694380330105,40.63610077223893],[26.580272668644056,40.631652827040625],[26.43804930153101,40.616653429773635],[26.365227028927563,40.608835157598634],[26.352773647719463,40.60749815011038],[26.33960283747038,40.60286429216735],[26.31485747976052,40.59415818599712],[26.288883206483206,40.59220885630191],[26.148605336298544,40.59220885630191],[26.127865226347918,40.59422655857937],[26.118608477505038,40.59512710169448],[26.097737958014516,40.604232425625604],[26.076105107155,40.61367033706426],[26.057357805990705,40.653598785009194],[26.04471970277467,40.73582460176874],[26.041942611600803,40.807212825255306],[26.022777538858122,40.82971952861709],[26.022777538858094,40.8297195286171],[26.022777538858055,40.82971952861714],[25.994592247420876,40.83429822991079],[25.940930660130554,40.84301555609829]]]}},{"type":"Feature","properties":{"fillColor":"#fff9b9"},"geometry":{"type":"Polygon","coordinates":[[[-6.147723507904403,57.40377570399875],[-6.134722709483118,57.313049316523184],[-6.12857451625053,57.30735770312234],[-6.127223014819492,57.30610656748536],[-6.024036393913409,57.27707516319096],[-5.899167060575374,57.24194335958813],[-5.883333683119309,57.239582061481144],[-5.844299960411568,57.25053236536069],[-5.833333969146281,57.253608703674445],[-5.76888942694211,57.272216796798546],[-5.755555983688105,57.274483182943094],[-5.746806144459379,57.275970459261515],[-5.64763927462368,57.258327484174586],[-5.662857178055547,57.22902511570603],[-5.671967506242963,57.211483001931164],[-5.803611755156453,57.116661071702424],[-5.81638908380296,57.11027526829048],[-5.830000877251109,57.10610961886778],[-5.847500800946136,57.105270385589336],[-5.859167098960882,57.092773437321284],[-5.883621270118117,57.06959541545931],[-5.891111373631613,57.06249618556238],[-5.928055763109398,57.038604736050104],[-5.939444541948319,57.035552978461794],[-5.980000495842887,57.02693939196371],[-5.982084274234722,57.02656044435387],[-5.998333930993828,57.02360534672275],[-6.014306068620533,57.02346801773617],[-6.031766286021604,57.050075748362914],[-6.033125400665597,57.0521469113678],[-6.007237599903377,57.0885791507641],[-5.99083423633019,57.111663818097995],[-5.986540126580493,57.1164579286855],[-5.974166870162492,57.13027191180487],[-6.030555724840269,57.177497864038344],[-6.176667213185226,57.17055511500041],[-6.316389084152377,57.158466339143786],[-6.44972276659513,57.266384125046784],[-6.480139255780205,57.302497863688565],[-6.425135000050884,57.3319903477249],[-6.421736240301758,57.333812713400334],[-6.398333549468947,57.328605652059025],[-6.373888969461905,57.31443786633075],[-6.355917285710309,57.306608472644264],[-6.345833778383849,57.30221557603579],[-6.338961957475288,57.29995066994581],[-6.332361697869286,57.29777526864002],[-6.312083721213389,57.29978561372695],[-6.325712204039195,57.30651760073519],[-6.530139446426119,57.40749740585886],[-6.557740014572849,57.39003736025017],[-6.573611259523645,57.37999725313234],[-6.57361125952363,57.379997253132295],[-6.573611259523659,57.379997253132274],[-6.563958645054072,57.35089492773034],[-6.566690572138287,57.34229431273102],[-6.568611621972163,57.33624649025767],[-6.579166889355236,57.33360672021195],[-6.624999999977035,57.34416198759493],[-6.671406934079235,57.35621824463332],[-6.68916702242267,57.36083221438238],[-6.696394524744999,57.3628681303324],[-6.700000762909951,57.363883971970665],[-6.709722518837111,57.368049621393425],[-6.722291946438133,57.379714966062465],[-6.775278568345868,57.42971801732813],[-6.785277843448796,57.44805145247909],[-6.747500419770802,57.492774963653176],[-6.685001614267085,57.556852183094314],[-6.637500762793467,57.60555267359141],[-6.622777938713547,57.60582733156457],[-6.611528396718088,57.602638244406975],[-6.586389541515903,57.588607788248005],[-6.575278282435488,57.580413818389225],[-6.565555572579905,57.56832885766365],[-6.562361240272591,57.55256652835657],[-6.463334083370509,57.50888824481491],[-6.430000304963807,57.504997253365396],[-6.375555992373749,57.52416229269809],[-6.375555992373769,57.524162292698165],[-6.375555992373734,57.52416229269818],[-6.395269954626584,57.60058901346953],[-6.395833969029645,57.60277557397629],[-6.420278549036664,57.63721847515778],[-6.415911343073769,57.64112184508973],[-6.407222747868609,57.64888763437525],[-6.345556259208002,57.684715270815936],[-6.31831303213717,57.68562923714496],[-6.304166793857576,57.68610382062343],[-6.295137947733334,57.681498299317575],[-6.276945114235396,57.67221832254789],[-6.177917480660448,57.611522674329784],[-6.160556316553316,57.59416580202664],[-6.145000457690341,57.571525573918024],[-6.136667251570781,57.48444366480787],[-6.146667480602184,57.419166565076225],[-6.147778511233925,57.40415954606944],[-6.147778511233923,57.40415954606942],[-6.147723507904403,57.40377570399875]]]}},{"type":"Feature","properties":{"fillColor":"#bde7d1"},"geometry":{"type":"Polygon","coordinates":[[[5.587482517155165,51.31350256807486],[5.955986401581991,51.53006119588589],[6.934488686426535,51.457853985752855],[7.624536356819159,51.261968826332456],[8.680035056126771,51.20014244975346],[9.00213017177387,51.241358323907704],[9.38660249283944,51.385667782590694],[9.898383385278642,51.63325083026686],[10.408801832786624,52.03929712220091],[17.228150932054437,52.03929712220091],[17.228150932054437,43.867054836819015],[16.79233889067834,44.188506239705],[15.532946629508507,44.94250138358148],[15.073700580631277,45.21471808920245],[14.5542275804949,45.527664569910804],[13.63150381585312,45.97228957998781],[12.738199847150662,46.19479746814336],[11.997677170294573,46.39719065723221],[11.259404714668904,46.57943692623298],[10.774257904135291,46.5996919208905],[10.217043165066526,46.52880417429428],[9.46729830199593,46.346582234728615],[8.830766833927735,46.09364134752809],[7.930324877052074,46.0430733962643],[7.219894190769183,46.06329976832632],[6.749266090717624,46.29598056418081],[6.563092997820826,46.51867843539669],[6.666061846139312,46.92391917061727],[6.833922289941318,47.380333958523494],[7.316786773816605,48.54923718072832],[7.178852327621433,48.76308055129534],[6.768218044080212,49.31352149908492],[6.206985904518768,50.00784293135985],[5.848088659395181,50.45942274225596],[5.592314227457366,50.829506888693956],[5.587482517155165,51.31350256807486]]]}},{"type":"Feature","properties":{"fillColor":"#c6d1ed"},"geometry":{"type":"Polygon","coordinates":[[[20.84388732919274,77.54193115298756],[20.878747939862365,77.56456756682144],[20.960826874009513,77.58526611266603],[21.015830993636143,77.58581543019261],[21.068054199430605,77.58720397864823],[21.129161834420074,77.59248352073155],[21.192771912574756,77.60262298642334],[21.22471618698563,77.61360168505104],[21.24228668188414,77.63011932386542],[21.23749542271571,77.663879395035],[21.239994048959943,77.69636535714432],[21.25263595580998,77.72359466464803],[21.459159851795107,77.82943725652746],[21.644996642664353,77.91249084403012],[21.539718627967602,77.9458160390754],[21.26638794044851,77.98748779253822],[20.97193908660296,78.04832458468195],[20.88305091812282,78.07387542631375],[20.868745803050444,78.09012603719668],[20.89666175896747,78.11262512215035],[20.93416213967498,78.12248230025415],[20.974163055087388,78.12776184033055],[21.425273894481165,78.18331909239782],[21.468605041252317,78.18775939953832],[21.711662292411006,78.20277404849497],[21.837497711165156,78.20915222161761],[21.865272521281383,78.20971679679377],[21.94610595722048,78.20887756385781],[22.14666366672276,78.19970703216057],[22.39916229242459,78.1924743644388],[22.44804954549255,78.19928741368585],[22.47471809474098,78.20846557521122],[22.49937248173245,78.22209167571214],[22.802776336669922,78.2475691630502],[22.802776336669922,77.26953033472505],[22.779720307371747,77.26485443054906],[22.641105650880775,77.25305175864167],[22.44832992462011,77.25665283284621],[22.42360687318876,77.25721740802231],[22.386730193808603,77.29859161424076],[22.41562080308097,77.4116516121789],[22.58444213794587,77.47581481876057],[22.692493438653344,77.49304199145939],[22.712493897363004,77.50360107361894],[22.773191452166316,77.54615783698006],[22.493049621853743,77.56887817290328],[22.464996337056903,77.57026672336582],[22.4361076362448,77.57054138112568],[22.41277313326924,77.56915283267006],[22.371109009634495,77.56498718328942],[22.35055160557704,77.56275939989098],[22.306802748791597,77.55512237535748],[22.28305244426201,77.54581451478026],[22.26694297717324,77.52610015857277],[22.247219086690848,77.51554107641306],[22.210552215544567,77.50610351477724],[22.1836051936221,77.5016632076368],[22.133605956312067,77.49581909238424],[22.086940765274846,77.49304199145939],[21.840553282757185,77.4830474844756],[21.3472175594668,77.45887756347815],[21.309440612538822,77.45359802340175],[21.268608094018816,77.44914245660482],[21.207496642108367,77.44247436606588],[21.16666412358819,77.43803405691853],[21.12055206298487,77.43498230024056],[21.08916473392196,77.4358062735202],[20.95193862990027,77.44081115784354],[20.892772673800323,77.44303894124204],[20.8672180172544,77.45457458521753],[20.84388732919274,77.54193115298756]]]}},{"type":"Feature","properties":{"fillColor":"#bde7d1"},"geometry":{"type":"Polygon","coordinates":[[[37.599320658128164,47.18172003639364],[37.599320658128164,48.800912398329395],[40.50948776185298,48.800912398329395],[40.50948776185298,47.18172003639364],[39.28480198878718,47.18172003639364],[39.277626045428434,47.23123551404815],[39.26917202948601,47.24953062655751],[39.26902388434,47.24985122355335],[39.25151824475095,47.263183599562964],[39.09248351084247,47.280540458114345],[39.067489612848064,47.277770993759205],[38.95665741862286,47.25422669461628],[38.954317204098665,47.2509448464369],[38.93026351545605,47.21721265929723],[38.85301371057579,47.18172003639364],[37.599320658128164,47.18172003639364]]]}},{"type":"Feature","properties":{"fillColor":"#c6d1ed"},"geometry":{"type":"Polygon","coordinates":[[[12.03963291664018,78.60684783714807],[12.03963291664018,78.91947587521263],[12.229164121217991,78.89553833273362],[12.251110075531699,78.89305114486041],[12.279720305771889,78.89193725360047],[12.304443360138293,78.89248657113342],[12.470830915056183,78.90109252727723],[12.500692370110983,78.91199493271824],[12.436664582552908,78.99414825221231],[12.403886797295002,78.9980316182091],[12.367774963573424,78.9980316182091],[12.303331376598067,78.99636840941616],[12.27472114635782,78.99470520062329],[12.222497937571973,78.98414611794516],[12.117219926727842,78.96971130571023],[12.092496872361266,78.96748352319037],[12.063886642121076,78.96748352319037],[12.03963291664018,78.9707166608395],[12.03963291664018,79.18866348445724],[13.39690709126721,79.18866348445724],[13.39690709126721,78.31456756784468],[12.863331041509651,78.31456756784468],[12.612218857464313,78.38554382591212],[12.584163667915561,78.39360046452316],[12.371594429310562,78.48088836926644],[12.397499085073605,78.48664855858027],[12.540275574727104,78.4997100853256],[12.571109772048203,78.50054931503797],[12.716386792487697,78.49581909401297],[12.750831601977325,78.49609374999841],[12.901943207228385,78.49803161477689],[12.929443361647657,78.49942016758422],[13.093608857204117,78.51499938902884],[13.113885879566453,78.51776123288772],[13.144444464261312,78.52554321551298],[13.187359809621569,78.54157256976345],[13.156665804653471,78.54609680158057],[13.097776412221833,78.54803466635889],[13.044857981515406,78.54137420587142],[12.974998473506048,78.53054809808549],[12.868608473559505,78.52388000672022],[12.84110832470202,78.52249145391289],[12.809997558114219,78.52304077144589],[12.378885271503975,78.5469360368549],[12.03963291664018,78.60684783714807]]]}},{"type":"Feature","properties":{"fillColor":"#bde7d1"},"geometry":{"type":"Polygon","coordinates":[[[16.27560369308364,56.655409220272304],[16.27560369308364,58.616077674684966],[16.293331139642987,58.61360931321195],[16.370552059862803,58.60527037415693],[16.41166305185908,58.613327043489335],[16.434581758291813,58.63957975372256],[16.649440778974395,58.62055207986151],[16.719024659751245,58.60361097971786],[16.77749634306599,58.58138275202663],[16.933608998815203,58.48832700752763],[16.826387387035254,58.442703261731026],[16.76999662507501,58.36721800413761],[16.788887016198885,58.3222198510511],[16.824718468751485,58.19943999363653],[16.825832371434444,58.176666274189415],[16.746942532931087,58.01096724930204],[16.639251697582438,57.98749542429471],[16.655502318984418,57.97774505919642],[16.671943649569585,57.980270387922474],[16.735622398192675,57.96506119506802],[16.742561332075297,57.95033264665301],[16.77617837458837,57.92027283756897],[16.763608951455808,57.88124083118623],[16.73708152088892,57.87263487604571],[16.659164430849728,57.883331315100065],[16.617914181660467,57.891246791498986],[16.603469838708918,57.927776349611804],[16.506212220381485,57.99197387676793],[16.419233308244543,57.889091498983134],[16.468252188535928,57.845794668481346],[16.599607455101136,57.76999663389017],[16.66055297643669,57.741104115220196],[16.69708059880884,57.71791076588363],[16.7113876203083,57.70263672571252],[16.62555311812946,57.61972046892623],[16.632499678830868,57.55221557376308],[16.69124794079022,57.47874449318135],[16.66583061885433,57.408535019694455],[16.629928589192446,57.378673546612106],[16.600830068986966,57.37749479661261],[16.55235861619252,57.381381996417474],[16.472221386320996,57.29027558161346],[16.465970995438965,57.27055359624421],[16.45541571060346,57.202915173680935],[16.460901251582584,57.17068861249561],[16.513885496891987,57.117218031668926],[16.497219078367266,57.03791046030193],[16.42666624317809,56.84360505794899],[16.407775890769017,56.79555513206975],[16.37499617229429,56.72083282735309],[16.30430222160129,56.65666580747205],[16.281526566413163,56.65791319884022],[16.27560369308364,56.655409220272304]]]}},{"type":"Feature","properties":{"fillColor":"#bde7d1"},"geometry":{"type":"Polygon","coordinates":[[[23.048485139504074,52.03929712220091],[23.048485139504074,57.39534153918727],[23.10360717185776,57.37248993878732],[23.113880161124932,57.36991268555707],[23.135690681797993,57.36444093498868],[23.16749571606781,57.31276703133799],[23.224836828630515,57.200572073455945],[23.24110411810124,57.16874311556757],[23.249160748718975,57.114715583399175],[23.256107348135302,57.100963577499996],[23.3058319220912,57.073326115731575],[23.308016188213056,57.072205327278844],[23.32749557162187,57.06221008550277],[23.34063156354419,57.056691658294135],[23.346664438416855,57.05415724893691],[23.42351189211348,57.02928335295931],[23.586109148074716,56.976654058994626],[23.65527343767688,56.96589277262369],[23.765274037656663,56.96832274675822],[23.78583145003825,56.97026824368663],[23.850273151538136,56.98387909536679],[23.873607616378774,56.98888395319177],[23.955272687744905,57.0113830684498],[23.984992967893522,57.02221679024129],[24.026940292435647,57.040759396264974],[24.155273426664625,57.09748841948041],[24.223327646350715,57.1288757208867],[24.31160999908423,57.18197930777874],[24.373189911217548,57.2190208468122],[24.401794653675594,57.24877933818359],[24.40416335124202,57.25124357523079],[24.41319083329787,57.277214054455854],[24.409162517988978,57.35429765322389],[24.362216932233295,57.580825822710295],[24.330829630827356,57.69943617188212],[24.304092404672787,57.731658939015716],[24.302123522333257,57.73999220714831],[24.28971863883066,57.79249571043336],[24.288953788928037,57.8334655869257],[24.314979552910685,57.87182616225636],[24.34004701806496,57.927455183572725],[24.341939931263237,57.93165588388314],[24.344283621902598,57.93592947636774],[24.358469028336263,57.961795793921134],[24.469995495354837,58.15235139535104],[24.55763627598438,58.30041121453427],[24.554510132030188,58.32471467250231],[24.531365096088734,58.34256828057223],[24.517776508122598,58.35305023983068],[24.486071139016367,58.36665819291339],[24.45888519491856,58.37832640754791],[24.419715867083376,58.3866577197845],[24.390857053577232,58.39078740731577],[24.39055253827657,58.39083098336369],[24.376340021785893,58.39105471571971],[24.355413422776596,58.391384140653244],[24.330829630827,58.38666151383627],[24.297496793777533,58.35228349290198],[24.297496793777512,58.3522834929019],[24.297496793777473,58.352283492901854],[24.29592255492892,58.34605858914487],[24.28833009324356,58.31603624322659],[24.276197811669295,58.30501462887374],[24.242076883255496,58.27401735008251],[24.129176535311146,58.24264696892805],[24.10360718854732,58.23554229504133],[24.05360793297286,58.27068710161924],[24.010829919718788,58.29860687182512],[23.993049637226143,58.307769778306685],[23.973327651856753,58.31582640892435],[23.943746551471353,58.32416151521274],[23.832394440507777,58.3531491538391],[23.826385490693166,58.354713428321574],[23.819233515437503,58.353842222753364],[23.77624891366677,58.3486061273993],[23.72860719680681,58.370826728271595],[23.56830089605327,58.51606656994392],[28.868819346953707,58.51606656994392],[28.868819346953707,52.03929712220091],[23.048485139504074,52.03929712220091]]]}},{"type":"Feature","properties":{"fillColor":"#c6d1ed"},"geometry":{"type":"Polygon","coordinates":[[[12.863331041509651,78.31456756784468],[13.39690709126721,78.31456756784468],[13.39690709126721,78.2076037264287],[13.236942289706803,78.21693420607107],[12.946387292187012,78.29109191729191],[12.863331041509651,78.31456756784468]]]}},{"type":"Feature","properties":{"fillColor":"#fff9b9"},"geometry":{"type":"Polygon","coordinates":[[[6.404947035526554,58.26869879861262],[6.404947035526554,59.01733146653564],[6.485554679447318,59.02888486993686],[6.588888162266812,59.04249572161689],[6.61708261409143,59.05346680357519],[6.503888119229771,59.04888153692491],[6.404947035526554,59.036782870236856],[6.404947035526554,60.38689170583336],[6.474582668333596,60.416522981583114],[6.504166594900596,60.42582704228363],[6.524166088070217,60.429443354521766],[6.564722064465911,60.42888640318017],[6.608471858313862,60.42207716393074],[6.634930144219538,60.406105056914384],[6.607499109849698,60.377494807967196],[6.584860311535806,60.34971619198018],[6.531665806061199,60.25888825284693],[6.50888825384726,60.15332793253191],[6.505971905480521,60.107635506652],[6.521943586634166,60.08346557608445],[6.652360909354456,60.37305069553554],[6.664027231976718,60.4316634943541],[6.568055139110857,60.45971679195986],[6.404947035526554,60.43508591155443],[6.404947035526554,60.56978798840642],[7.87878369444438,60.56978798840642],[7.87878369444438,58.07410588199673],[7.809444433231761,58.06749726845504],[7.660554878113942,58.04416655895153],[7.62166596169061,58.01943971575719],[7.559721946538332,58.01082609508342],[7.528332709391236,58.00804900390949],[7.483888642749889,58.005554182458184],[7.362777703619088,58.012771592011745],[7.251111011537205,58.034721382746966],[7.223610871220956,58.04388428922891],[7.151388149877789,58.0477752830858],[7.07795048018221,58.01933290158013],[7.049165743559684,57.996109006253846],[7.007916462240871,57.9879150541841],[6.936110505890838,58.03916170112666],[6.902777668841395,58.05610655660735],[6.781665800555004,58.11138151885859],[6.731388108024817,58.11638641539827],[6.728332502465264,58.06416322593975],[6.602916243517939,58.06943893261678],[6.558888438577071,58.09749602427439],[6.556388855203522,58.12082673377796],[6.587222108879644,58.15361024630465],[6.612777720137728,58.17499542016503],[6.685054797082557,58.20813750931666],[6.759999286127595,58.2440223883151],[6.61666584909824,58.25860594974466],[6.404947035526554,58.26869879861262]]]}},{"type":"Feature","properties":{"fillColor":"#c6d1ed"},"geometry":{"type":"Polygon","coordinates":[[[47.2110535281259,58.63327244848083],[47.2110535281259,66.35671982251232],[47.43629475103472,66.27659601944157],[49.596303689554645,65.2542220186549],[50.59107523054615,64.81498559997056],[52.52372943371762,64.10200376626926],[53.1702331876434,64.06510714197792],[53.1702331876434,58.63327244848083],[47.2110535281259,58.63327244848083]]]}},{"type":"Feature","properties":{"fillColor":"#bde7d1"},"geometry":{"type":"Polygon","coordinates":[[[28.868819346953707,44.64435268756694],[28.868819346953707,44.66126043318852],[28.906591406667594,44.68630601867795],[28.910400402544422,44.692337051412906],[28.93002699460721,44.70122527627623],[28.94977299219705,44.688595861197186],[28.975444777583046,44.672176349750096],[28.95022966313084,44.676952364298266],[28.924423218580202,44.685802455067936],[28.904516215105726,44.66958237965553],[28.895206769652198,44.66182416900242],[28.877971633875486,44.64746092742642],[28.868819346953707,44.64435268756694]]]}},{"type":"Feature","properties":{"fillColor":"#fadfa4"},"geometry":{"type":"Polygon","coordinates":[[[22.347775459513358,36.71571717295773],[22.347775459513358,37.87841261218318],[23.135362543248565,37.726119995040655],[23.165901168945492,37.61499406269485],[23.19583128339627,37.595275871377446],[23.27749635476241,37.55332945236882],[23.331178666917335,37.53284072007064],[23.34690508980711,37.542202412108665],[23.36256600703848,37.55152510965911],[23.386647881889573,37.54164763504581],[23.421800604515123,37.527229317225014],[23.47161033995084,37.49450198700925],[23.498332981734166,37.47694395916125],[23.503093580520847,37.47344411328979],[23.521387112592922,37.4599952709138],[23.517082218639352,37.43270492618492],[23.513829348802762,37.43100335302446],[23.499164575979638,37.42333222411571],[23.48580368609392,37.42110098258437],[23.417638761806415,37.40971757838372],[23.230693820251474,37.37888718960397],[23.09638596825206,37.391242984382416],[23.13652610881022,37.42763518232849],[23.136526108810216,37.427635182328494],[23.1365261088103,37.42763518232857],[23.128887172341365,37.44805144049144],[22.97916412595214,37.51583097855854],[22.929719924693302,37.53499605130122],[22.77735900560822,37.590133653385806],[22.755910583120087,37.58598990896844],[22.752914432136482,37.585411065283395],[22.725551613272227,37.563400259998254],[22.72805406154212,37.4855537470684],[22.758609768702964,37.40805051841111],[22.809165936903913,37.34555051978767],[22.904407519908506,37.17804719090551],[22.936662691342743,37.11951066027426],[23.014581678407954,36.93610762108135],[23.08694075333268,36.7483291495403],[23.109996781217387,36.56249238087571],[23.201454145827345,36.44020079471937],[23.175680461025397,36.434552918023186],[23.137775435919185,36.42624665876659],[23.114945594735993,36.43281579928832],[23.08999632017742,36.43999479318393],[22.969371793993503,36.521800980054024],[22.955710168203286,36.546275283105466],[22.954719552480416,36.5480499349501],[22.949388504258145,36.55598000416215],[22.88805387838147,36.64721681313847],[22.782081593710473,36.799301153578824],[22.730552677045296,36.80583191715749],[22.73055267704525,36.80583191715749],[22.730552677045242,36.80583191715749],[22.63249780451393,36.80360794455834],[22.608451724132937,36.79584329619513],[22.592496882433807,36.790691365671705],[22.592496882433753,36.79069136567166],[22.592496882433718,36.79069136567165],[22.581965697563547,36.7817176080939],[22.572776794090373,36.773887625694954],[22.572776794090355,36.773887625694925],[22.572776794090334,36.773887625694904],[22.55411248076065,36.74087829853771],[22.51277541097005,36.66777039275331],[22.50990001989937,36.66159299958671],[22.480970376700203,36.599441530163276],[22.485553746324516,36.52041243446706],[22.50364305047791,36.48921584224387],[22.50737443888394,36.45731886743897],[22.507776244222953,36.453884120534894],[22.4983200191262,36.41995321870012],[22.488887788839882,36.38610841523448],[22.39749906559848,36.473884581574964],[22.377498643273213,36.53555298595302],[22.356109636646238,36.69944000259704],[22.347775459513358,36.71571717295773]]]}},{"type":"Feature","properties":{"fillColor":"#9cb3ec"},"geometry":{"type":"Polygon","coordinates":[[[60.7530460357666,80.42487658069615],[60.7530460357666,80.82052733789894],[60.89332580603637,80.82720947283843],[61.09267253243671,80.83961725045415],[61.12082672070284,80.84136962890182],[61.36082458497617,80.85054016089089],[61.38022848857585,80.85189831935726],[61.41249084424672,80.8541564934032],[61.4780426022094,80.85998535181977],[61.5343017585887,80.87705993630725],[61.561935424150256,80.88581848067089],[61.59494605293783,80.8871823712717],[61.595542907144015,80.8872070313243],[61.85193633966951,80.88610839870205],[61.9286041253473,80.88388061527476],[62.046104431850296,80.87858581564633],[62.08915710420447,80.8746948241943],[62.1213760381132,80.8647003169543],[62.19601871342852,80.8236861005721],[62.19971466057723,80.82165527336161],[62.202662983432624,80.81998226015301],[62.21832275316529,80.81109619071911],[62.28401947014355,80.77082824686484],[62.28140238681147,80.76538539088953],[62.27693939132757,80.75610351539905],[62.258175274562674,80.74278132480933],[62.25110626247653,80.73776245142076],[62.21887969980632,80.71887206956303],[62.21078245472857,80.71591991261916],[62.20138549736345,80.71249389640377],[62.18701466414366,80.70924708992926],[62.14971923809285,80.70082092361602],[62.106941223110034,80.68858337385736],[62.08832550032234,80.68153290098617],[62.03804779000643,80.66249084515789],[62.038047790006466,80.66249084515788],[62.03804779000644,80.66249084515786],[62.04721832199552,80.6572113030524],[62.069442748664265,80.65248107882648],[62.09026657643271,80.64927995145476],[62.098327636193574,80.64804077106328],[62.10690713044394,80.64613809591455],[62.12082672180207,80.64305114698901],[62.136383057280355,80.63804626539174],[62.14360427916268,80.62969970708514],[62.10586923072515,80.62160116727556],[62.08665466340591,80.6174774164179],[62.07483727495241,80.61601802185872],[62.05749511693677,80.61387634299697],[62.03168794657768,80.61090812741139],[61.93915557922844,80.60026550324483],[61.897090445769,80.59830716314717],[61.87360382126563,80.59721374456655],[61.84826595567414,80.59690631426746],[61.804435729222234,80.59637451179276],[61.77581801404126,80.5968185696202],[61.76805114805855,80.59693908719518],[61.745202806213996,80.59596070843793],[61.7352676387473,80.5955352790188],[61.72878689208777,80.59501707346816],[61.70416259812063,80.59304809574313],[61.579994201995596,80.5547027581936],[61.547330811206656,80.54211192502581],[61.38652420109065,80.48012542725746],[61.372176575735665,80.47256518253627],[61.368324280178946,80.47053527888139],[61.345268249497906,80.46360778784265],[61.32054901079181,80.45776367190302],[61.24610137977987,80.44026184069867],[61.094436645210635,80.4072113043461],[61.0661010739924,80.40359497026537],[61.03388214165216,80.40193176224057],[60.999999999718625,80.40165710486923],[60.974739824923816,80.40383996831089],[60.95832824768792,80.40525817829005],[60.85278412285817,80.41534481508691],[60.7530460357666,80.42487658069615]]]}},{"type":"Feature","properties":{"fillColor":"#bde7d1"},"geometry":{"type":"Polygon","coordinates":[[[18.368333464791938,63.04353992211243],[18.368333464791938,63.53271113516567],[18.475535936289035,63.60263442386358],[19.887897488710273,63.60263442386358],[19.775276175873273,63.53333283216682],[19.44721983414746,63.44027708766765],[19.358749395013547,63.435134869676006],[19.315553648895957,63.451248169626126],[19.309185022966233,63.46360779717122],[19.230552676703155,63.32749939651421],[19.05471993261068,63.217357642315676],[18.89749906525651,63.19166563876104],[18.737359991224423,63.17013168386319],[18.5669441080276,63.11749265856707],[18.38222120333114,63.051666244246974],[18.368333464791938,63.04353992211243]]]}},{"type":"Feature","properties":{"fillColor":"#c6d1ed"},"geometry":{"type":"Polygon","coordinates":[[[60.904922481684366,76.14810943550577],[60.9954109213615,76.2473449669522],[61.04527282952313,76.26998901446603],[61.06638336513839,76.27388000340687],[61.090270997612265,76.27554321597597],[61.11626966421113,76.27712205531398],[61.11626966421113,76.14299328965951],[61.0686035120591,76.14193725624153],[60.99721527488123,76.13693237521835],[60.97221374253195,76.13638305473165],[60.94554138374866,76.13693237521835],[60.904922481684366,76.14810943550577]]]}},{"type":"Feature","properties":{"fillColor":"#c6d1ed"},"geometry":{"type":"Polygon","coordinates":[[[11.755277632679167,79.07582092095078],[11.801942825920491,79.11387634260927],[11.912665368028854,79.16778564725968],[11.940998077923382,79.18186950585385],[11.96216392514259,79.18604278403006],[11.979498865869914,79.18704223436907],[12.03963291664018,79.20252467299676],[12.03963291664018,78.9707166608395],[12.032637596461484,78.9716491704886],[11.983886720773,78.9830398575632],[11.781110762866547,79.05470276115653],[11.755277632679167,79.07582092095078]]]}},{"type":"Feature","properties":{"fillColor":"#c6d1ed"},"geometry":{"type":"Polygon","coordinates":[[[13.39690709126721,78.2076037264287],[13.39690709126721,78.31456756784468],[14.16760337672007,78.31456756784468],[13.989997866332146,78.28581237873374],[13.88967323519654,78.24410247848243],[13.855552671275063,78.21401214714774],[13.82221985088745,78.20277404982176],[13.7986087800615,78.20054626730189],[13.7183303817269,78.19636535824787],[13.627775193139598,78.19413757572818],[13.39690709126721,78.2076037264287]]]}},{"type":"Feature","properties":{"fillColor":"#bde7d1"},"geometry":{"type":"Polygon","coordinates":[[[24.646522779916836,68.21122119005533],[24.646522779916836,70.61420869560405],[24.646663666459517,70.61416627125669],[24.687498079811178,70.61138151454935],[24.71374703470724,70.61569213829563],[24.73506736125097,70.63214109569947],[24.724302280827942,70.65637970635066],[24.69916533158886,70.67387388635399],[24.646522779916836,70.69397152371084],[24.646522779916836,70.96962082395645],[24.66763687596392,70.9727706933246],[24.70749664382521,70.97360228757015],[24.994026196432003,70.9735565266576],[25.025276176386285,70.96693420253933],[25.06333160153804,70.95416261063815],[25.161109934139517,70.91583250386765],[25.219718938906055,70.87971494882561],[25.378608685829022,70.9119415100107],[25.537914268589702,70.90957642190779],[25.862220770677425,70.89373780357641],[25.9033317626737,70.88874053385535],[25.92201042246961,70.86019896499147],[25.63513754687557,70.71540834100665],[25.527221662302225,70.67193601624444],[25.35638808495662,70.60610960192429],[25.18833159878494,70.51361084748152],[24.984025965911883,70.22610475235876],[24.964164723349825,70.19387819117344],[24.94486047084399,70.14694212926258],[24.94305229536741,70.09179686164453],[24.991664902380876,70.06423950083024],[25.011941903350873,70.05930328437404],[25.03999899500849,70.06165311883956],[25.150691970755815,70.07694245136298],[25.234722130225066,70.08972167008284],[25.26027681232773,70.09985353097693],[25.519304288877265,70.27040863265171],[25.530622487875007,70.29658507469765],[25.51066972348798,70.32598878379667],[25.512218470983044,70.3741607774902],[25.798053750796214,70.51721190608197],[25.95562363221569,70.58526612576804],[26.004579562216406,70.60727693105332],[26.025413514528054,70.645553572663],[26.242496507809733,70.78944396103378],[26.35138703787328,70.85083009568905],[26.36972047765579,70.86109923932031],[26.52333068513508,70.92582704330971],[26.545555118774416,70.93304445286327],[26.570274335149918,70.93888853175235],[26.686664583204504,70.95304870795519],[26.7247200083562,70.92374418621455],[26.734443660231534,70.89610289167956],[26.687776550146623,70.73277282637696],[26.602081305160535,70.53596497575398],[26.555553452268384,70.49832151495826],[26.513191236137118,70.42915343130403],[26.507637015074522,70.36346433843607],[26.537220012486046,70.34930420094793],[26.56652449551183,70.35095976262005],[26.739252551625135,70.41102715898784],[26.739252551625135,68.3393750632219],[24.68211139326371,68.22020247301282],[24.646522779916836,68.21122119005533]]]}},{"type":"Feature","properties":{"fillColor":"#bde7d1"},"geometry":{"type":"Polygon","coordinates":[[[11.4078167246048,52.03929712220091],[11.4078167246048,52.80259943018242],[11.788000149124844,53.051297956010984],[12.22661784380674,53.581271954330276],[12.53370752234472,53.74777375129967],[13.118609421982072,54.27645492299177],[13.118609421982164,54.276454922991725],[13.118609421982363,54.27645492299147],[13.459089187265215,54.130157259511115],[13.484026916066659,54.119441992913316],[13.559565866040778,54.13655579547961],[13.710831625482585,54.170825961307834],[13.742147426955844,54.135918820181736],[13.772493370912347,54.1020927611807],[13.781444862861346,54.08983186835251],[13.789451583004146,54.078865033087865],[13.819474225865118,53.96165848314013],[13.820407981742992,53.91297670514358],[13.821109771977635,53.87638855912111],[13.808540348845085,53.85478592413996],[13.808540348845305,53.85478592413985],[13.808540348845282,53.854785924139804],[13.959165566589357,53.77499391428151],[14.084652119800197,53.73983731235087],[14.22388837970523,53.700828560906515],[14.256387725483325,53.697357196939194],[14.256387725483505,53.69735719693921],[14.256387725483522,53.69735719693921],[14.27562713067272,53.699066146342325],[14.317983828329618,53.69924116158713],[14.317983828329618,52.03929712220091],[11.4078167246048,52.03929712220091]]]}},{"type":"Feature","properties":{"fillColor":"#c6d1ed"},"geometry":{"type":"Polygon","coordinates":[[[53.717212677356315,73.78568267961742],[53.74582671978084,73.77886962645226],[53.800827028258595,73.77360534408791],[53.82582855281464,73.77249145200551],[53.849159243143674,73.77249145200551],[53.89860153148908,73.77887725590347],[53.941658023729985,73.78970336922873],[54.037773133013786,73.82026672474609],[54.06506347734444,73.84581756978866],[54.084716795573115,73.86219787683098],[54.21582794035061,73.90165710231241],[54.24971771321276,73.91081238141061],[54.34304809618709,73.92776488949983],[54.3805465682957,73.93441772418976],[54.460273741086155,73.94442749402958],[54.48054504486214,73.94692993064467],[54.50249481231663,73.94802856382483],[54.54972076457068,73.94802856382483],[54.80027007950957,73.97727203207711],[54.776100157341375,73.99081420665118],[54.75582885356533,73.99525451607872],[54.700271602942905,74.00082397649106],[54.65637969748519,73.99859619232609],[54.63249206501155,73.99859619232609],[54.590614319085034,74.00804138277681],[54.693603517143686,74.06971740650482],[54.74999999960511,74.0883178682609],[55.02124404896546,74.17248535047872],[55.140075681653116,74.17665099966291],[55.15357589814221,74.1773223913687],[55.17565917709612,74.1737365726828],[55.18774032345459,74.16915130368255],[55.24748993023684,74.15582275374203],[55.267768863464084,74.15138244431466],[55.36749267199434,74.14109802202472],[55.56697692407002,74.12186544990224],[55.56697692407002,73.34115479338746],[55.55274200505636,73.34417724887555],[55.44951629401038,73.36039733744241],[55.42149734877961,73.3618698137314],[55.39347839575555,73.3640823389938],[55.344078065495125,73.3640823389938],[55.31016159345023,73.36924743849244],[55.28443908965198,73.37359619450552],[55.22971344141757,73.39387511993971],[55.19860076541369,73.40332031039043],[55.17887878212417,73.40776061981796],[55.021377560464884,73.43609619117035],[54.99777221768579,73.43997192120878],[54.97165680104712,73.44219970537375],[54.90415954501708,73.44108581329118],[54.86110687139836,73.43914794827197],[54.80165863183532,73.43247985467963],[54.53541183404718,73.40096283334822],[54.507217403645484,73.39637756434786],[54.47554779329016,73.38638305341055],[54.42887878318072,73.37052917850133],[54.367210388903914,73.34887695185063],[54.33582306044991,73.33888244870639],[54.29943848042376,73.33193969487075],[54.21429443624504,73.32415771698908],[54.04638290245447,73.36511993656433],[54.03694153062577,73.38317870728469],[54.24665832665994,73.50971984975723],[54.40242004123809,73.5656662023909],[54.417003632004764,73.56999206225731],[54.47834014905078,73.5856704675819],[54.714225767882056,73.64199829277555],[54.82166290481939,73.65887451414596],[55.173881530552194,73.71109771797205],[54.85527038798716,73.72776794415978],[54.54222106859032,73.70220946966577],[54.49346542305989,73.69539642429368],[54.41115570052011,73.66609192043177],[54.39490890497757,73.65351867836716],[54.37449264162848,73.64334869005222],[54.29557419066549,73.62335205431242],[54.1877670292414,73.60470580805628],[54.060821533648266,73.60581970013862],[53.95638274765423,73.6266479460595],[53.76027298042601,73.71651458936009],[53.717212677356315,73.78568267961742]]]}},{"type":"Feature","properties":{"fillColor":"#fadfa4"},"geometry":{"type":"Polygon","coordinates":[[[-7.285665538878192,37.20467904739324],[-7.285665538878192,37.80530651456796],[-7.19630238537917,37.7215347825321],[-6.751024819052816,37.49790645298344],[-6.207394359337684,37.47306085884384],[-5.638744519973045,37.49790645298344],[-5.080496843371122,37.52719467510414],[-5.080496843371122,36.4463877788822],[-5.172639379949885,36.411872854209605],[-5.219166768264245,36.37055206662586],[-5.312500485141413,36.23110579068657],[-5.32611180139935,36.197494516681104],[-5.333333972875153,36.17194366734526],[-5.33450842553026,36.16255950569058],[-5.335828291033749,36.13902662741856],[-5.338308826717878,36.112071978858296],[-5.345088952425783,36.11273574437672],[-5.35616874558707,36.12646103705265],[-5.355798709376757,36.16330720492999],[-5.388333788929913,36.17888639527985],[-5.425486578149048,36.17374801005502],[-5.444583899963902,36.13874435769577],[-5.426042097042341,36.07534408474345],[-5.44888972307308,36.05221558272342],[-5.613611237573878,36.006103526954064],[-5.802222735808584,36.07721710753651],[-6.044167028840263,36.18610763760023],[-6.158333768873376,36.305274976828514],[-6.226944939900932,36.4047164979209],[-6.262222770586163,36.47583007850335],[-6.237222213643463,36.46381377394556],[-6.217639446752116,36.468887311853905],[-6.174722679597835,36.51443862222982],[-6.234445083754849,36.57818984498823],[-6.297500601271565,36.61388397608886],[-6.33722304768105,36.62055206111967],[-6.373028290303239,36.63257978654809],[-6.391069897803504,36.6403732338473],[-6.43250036446068,36.69235612044366],[-6.443611129474675,36.71888734506251],[-6.439445028136106,36.741523743057655],[-6.355556487463446,36.8608321977901],[-6.578888903756763,37.01943971370525],[-6.725833891101786,37.09194183987461],[-6.978721623713227,37.2126083329191],[-7.127223024086902,37.220550522540805],[-7.17333411198581,37.21721648002551],[-7.258611662823284,37.20805357354374],[-7.284722328397038,37.20499421264702],[-7.285665538878192,37.20467904739324]]]}},{"type":"Feature","properties":{"fillColor":"#c6d1ed"},"geometry":{"type":"Polygon","coordinates":[[[36.43957518060847,64.93789671288971],[36.47374344467016,64.9502563404348],[36.512077345492685,64.94859315194384],[36.54860307083885,64.9362335243988],[36.571521777271585,64.92734526082086],[36.60916136658574,64.92082216277566],[36.65304565570409,64.9226226727186],[36.83304976635026,64.99192811653961],[36.867492673315894,65.07638549400212],[36.8602752637625,65.12164307506998],[36.848045330850596,65.14166258379947],[36.834159836266394,65.1572036787706],[36.85686491434507,65.1783142097268],[37.00054930118034,65.20498658856445],[37.04165649912477,65.20721435521563],[37.118881213396605,65.19525147710368],[37.36915588950916,65.1477661293847],[37.47331999870363,65.1241455233399],[37.690269464585356,65.05581666074983],[37.73172761233593,65.03685758954265],[37.97693633864395,64.87803648398801],[38.0392303357321,64.75991820012604],[38.16443633451428,64.69734193331527],[38.18804168692179,64.71804808801954],[38.27228403884966,64.73948239282603],[38.27228403884966,63.82107653768206],[37.533275607522214,63.82107653768206],[37.53777312107428,63.822078691839124],[37.87152100531449,63.91471101239671],[37.949157722657105,63.936653137598455],[37.99665832401337,63.956100480063924],[38.061935413810716,64.0044403024844],[38.080131532141024,64.0211028882423],[38.08450700320401,64.0569991881116],[38.06304931649356,64.11331178485847],[37.978874208753666,64.31666565269762],[37.80124281302926,64.41970060557168],[37.68859864927583,64.42276000518302],[37.5608215221402,64.38415525550852],[37.39027404728421,64.35498046711592],[37.3591613887819,64.35165405141925],[37.334018709749955,64.35247801884594],[37.191658021184764,64.39193724322229],[37.16693876609446,64.39999391255469],[37.144714371169925,64.40887451059899],[37.127212525632956,64.41943358948652],[37.006103522242995,64.50109862213782],[36.975822457986055,64.52331542895837],[36.94554139372923,64.54553223577892],[36.920272814116004,64.56944273836518],[36.866661079070525,64.61608886501995],[36.75582884613044,64.70054628119743],[36.72915650600754,64.71609496427237],[36.70373918407188,64.72859954008823],[36.676380159259466,64.7359542710937],[36.607772820998775,64.74220276494981],[36.56193540813342,64.74387358025939],[36.45860289318432,64.88665773148062],[36.43957518060847,64.93789671288971]]]}},{"type":"Feature","properties":{"fillColor":"#fff9b9"},"geometry":{"type":"Polygon","coordinates":[[[-2.158534884365139,54.30791473388666],[-2.158534884365139,55.89295192011102],[-2.130278109854373,55.88582610926727],[-2.07972240622837,55.86721801970219],[-2.021667482118914,55.806106569273766],[-2.013611317923505,55.79499816839569],[-2.000833512815461,55.780273439215534],[-1.976805566012501,55.754161835071955],[-1.851388932905536,55.65721893307591],[-1.817638993860498,55.63305282609832],[-1.805000066839227,55.63110732893227],[-1.794722317000776,55.6369400034568],[-1.746944665608055,55.62499237226666],[-1.690000057198404,55.60555267295945],[-1.635972263172789,55.58193969717945],[-1.580972313621942,55.48360824618834],[-1.574444530751691,55.4152717597259],[-1.582500101889252,55.39999389488918],[-1.597430586457108,55.38534164361647],[-1.565833567662366,55.287216184344516],[-1.52055573520795,55.16416168266386],[-1.515000103403736,55.14971924008387],[-1.482916830712725,55.08624649207752],[-1.304444550187213,54.7713851929235],[-1.297500133056815,54.763610838206546],[-1.165277956447085,54.6497192402378],[-1.061388969624147,54.61721801785751],[-1.043889046481752,54.613052366413456],[-0.875833393881578,54.570274352897286],[-0.564722298027164,54.47999572624968],[-0.518472314506482,54.447494508328646],[-0.36843545338581,54.30791473388666],[-2.158534884365139,54.30791473388666]]]}},{"type":"Feature","properties":{"fillColor":"#fff9b9"},"geometry":{"type":"Polygon","coordinates":[[[6.255694403186567,62.4561081012053],[6.369999897119783,62.484161360096266],[6.404947035526554,62.48896862311661],[6.404947035526554,62.42112526626128],[6.383888256600358,62.41944122164051],[6.255694403186567,62.4561081012053]]]}},{"type":"Feature","properties":{"fillColor":"#c6d1ed"},"geometry":{"type":"Polygon","coordinates":[[[13.39690709126721,79.69486318193721],[13.39690709126721,79.85297327873185],[13.789720537054109,79.8744201686797],[13.824720381673444,79.87525939839207],[13.848052981075,79.87248229833943],[13.875554086573118,79.86692809823387],[13.910554887832916,79.85609435957019],[13.957498552498805,79.82832336460433],[13.967358586693592,79.76998901286396],[13.905970571195496,79.73290252915666],[13.884721757645536,79.72637939666186],[13.82360839813299,79.71693420524372],[13.73166465673836,79.70582580503265],[13.628330228269078,79.69664001340595],[13.589998242905608,79.69664001340595],[13.39690709126721,79.69486318193721]]]}},{"type":"Feature","properties":{"fillColor":"#bde7d1"},"geometry":{"type":"Polygon","coordinates":[[[-20.440096736837212,64.1657046229816],[-20.440096736837212,65.504045817937],[-20.325557708293616,65.6286010765595],[-20.269447325692568,65.70915221931261],[-20.26305770931799,65.72360229342519],[-20.263614656439017,65.74055480999613],[-20.27194595139224,65.76998901609744],[-20.309864043642506,65.85819244390416],[-20.37499999813224,65.92471313550578],[-20.398891450335498,65.95359802234941],[-20.415000915534392,66.00942993421722],[-20.419445036571574,66.04388427530796],[-20.422639844758862,66.08444213983114],[-20.174169537991418,66.12944030863275],[-20.09263992525848,66.12318420531346],[-19.99305725188691,66.024154662304],[-19.874446870310294,65.91055297674893],[-19.63555908255273,65.7469329817485],[-19.60750198569997,65.74055480999613],[-19.456111909845617,65.72569274644047],[-19.424724580543398,65.73457336630577],[-19.3963890073029,65.78915405411692],[-19.390487670314826,65.83352661371742],[-19.41777801704768,65.88333129775054],[-19.450557711325303,65.92221069304719],[-19.470279690811424,65.9351348891289],[-19.485000607793722,65.94055175783484],[-19.47583389498618,65.98110961670352],[-19.4544448852414,66.05471801837433],[-19.436389924705054,66.06332397295637],[-19.383750915472433,66.08138275025163],[-19.260280606656465,66.08972167872275],[-19.23111343232057,66.091384886568],[-19.150836943541833,66.08387756484672],[-19.079723356466218,66.07749938744001],[-19.090835570265824,66.12498474297303],[-19.08889007492826,66.13694000249052],[-19.07889175537082,66.1524963373272],[-19.073994160961405,66.15616652876712],[-19.073994160961405,64.1657046229816],[-20.440096736837212,64.1657046229816]]]}},{"type":"Feature","properties":{"fillColor":"#fff9b9"},"geometry":{"type":"Polygon","coordinates":[[[36.58044050940947,45.192695617025485],[36.66971586828075,45.20526887292481],[36.70235059977003,45.199996960299785],[36.72859955466613,45.20331574917767],[36.78850706895285,45.21702261149036],[36.83665465771753,45.22803879832003],[36.852323111131035,45.233740702756364],[36.88859557745343,45.24694061031465],[36.92769501723376,45.263949161361595],[36.96234513370598,45.27902222322922],[36.96679307890429,45.30762480664299],[36.76964186657909,45.38387681116541],[36.71887969684286,45.36193085319684],[36.69769669175116,45.34158323640253],[36.669811261587256,45.33255769008758],[36.676224951994804,45.349137320084104],[36.680263526297566,45.359577185964355],[36.72498320371328,45.39790725402012],[36.75110625802809,45.41415404265538],[36.76557455502615,45.41822020854371],[36.82770158553791,45.43568037073436],[36.84299542986463,45.43299165742333],[36.89637756516707,45.42360688439348],[37.09414674338344,45.34054564062169],[37.07535563468359,45.27722654388207],[37.06759263830847,45.251068112981784],[37.11040878565619,45.23442840767999],[37.154159547374476,45.23942567740105],[37.16468296358234,45.24080211350985],[37.226371777002555,45.24887085360558],[37.313842754449354,45.27540587227628],[37.360773701798905,45.29831463966257],[37.39777372656022,45.31637574876883],[37.4344291852544,45.32331847670348],[37.71332549247005,45.29609681205798],[37.726990123594334,45.2978385090141],[37.73463439814299,45.298812849967135],[37.74082183873435,45.383041384153046],[37.70165634366646,45.557765955355535],[37.65542984690126,45.56767656107672],[37.65542984690121,45.56767656107667],[37.65542984690114,45.56767656107668],[37.64922469819528,45.561085620072916],[37.644569411886664,45.55614090095821],[37.64589478631435,45.539825180651306],[37.647483824512534,45.52026368749315],[37.646240227196316,45.45151519501371],[37.63243832588538,45.4258456036445],[37.63137819009603,45.423873900478725],[37.607490529251095,45.41533279265502],[37.583740228572935,45.42741773858148],[37.591369641197105,45.62747956948037],[37.593066768319794,45.63099837213471],[37.60249329824484,45.650543224183764],[37.607003226996106,45.65175230420387],[37.63085174602948,45.65814592358501],[37.68744661249909,45.675758377351016],[37.74785469100198,45.70738752287212],[37.74785469100198,44.64469145145381],[37.63537401108974,44.64469145145381],[37.556655885379314,44.65415955844696],[37.48408128507464,44.671443942862936],[37.427285454988116,44.70831331968106],[37.37442780213408,44.742626203528886],[37.2991637997134,44.859428415939384],[37.29859058943513,44.861951174050816],[37.29638670853967,44.871650683317796],[37.309501662142964,44.89332199838242],[37.276374826628796,44.93110657468219],[37.202911372865856,44.97977829921945],[36.882209762145465,45.08581543120698],[36.71651457002491,45.09915160126843],[36.62746259434766,45.126750721289234],[36.62554168262102,45.12734605309282],[36.58044050940947,45.192695617025485]]]}},{"type":"Feature","properties":{"fillColor":"#fff9b9"},"geometry":{"type":"Polygon","coordinates":[[[11.58822564459834,57.93140007565031],[11.584999084412226,57.93083190912461],[11.574720382681448,57.931663513241176],[11.549919023925604,57.94085979677147],[11.525277137756524,57.94999694825437],[11.519243228380326,57.97588966002855],[11.518124580352719,57.9806900024185],[11.509721755956093,57.9897155762132],[11.497776985174198,58.00985717774131],[11.499999046368591,58.03402328496766],[11.525276184067177,58.048469543424694],[11.73588371271588,58.04171371454209],[11.741665840143241,58.02777099606391],[11.741276322295464,58.02609791721323],[11.735554695138822,58.00152206416377],[11.733568341605435,57.99956516297961],[11.72597122194702,57.99208068843586],[11.659442901623038,57.957496643083005],[11.646110534706452,57.95082855224604],[11.594444274897683,57.93249511723269],[11.58822564459834,57.93140007565031]]]}},{"type":"Feature","properties":{"fillColor":"#bde7d1"},"geometry":{"type":"Polygon","coordinates":[[[17.228150932054437,45.56252767445788],[17.228150932054437,52.03929712220091],[28.868819346953707,52.03929712220091],[28.868819346953707,47.16505520242561],[28.826646258652282,47.13675127624211],[28.57605332701244,46.657838208747435],[28.560805322617995,46.24023377193665],[28.591289036601985,45.73213586297784],[28.70426026836197,45.56252767445788],[17.228150932054437,45.56252767445788]]]}},{"type":"Feature","properties":{"fillColor":"#bde7d1"},"geometry":{"type":"Polygon","coordinates":[[[23.048485139504074,59.817387736277595],[23.048485139504074,59.86941103607892],[23.08694075333298,59.87916563428901],[23.099235781426916,59.88147586353983],[23.114997844990402,59.884437546914235],[23.16083146380389,59.884857176803735],[23.160831463803916,59.88485717680375],[23.16083146380412,59.88485717680375],[23.251611706283985,59.928634651744844],[23.26768908045914,59.9446005915437],[23.275278073241186,59.952136984027334],[23.283502449510404,59.95996309672843],[23.32557678791689,59.999999994775145],[23.333239143160164,60.01814178126682],[23.335693356458247,60.023952502936886],[23.335693356458055,60.02395250293683],[23.335693356458137,60.02395250293702],[23.314233772721558,60.01774597594164],[23.305313401092537,60.00855594434889],[23.297008505829613,59.99999999477529],[23.28027344593627,59.97943878834174],[23.25769613918475,59.95348878446666],[23.250549333020853,59.945274357046806],[23.24671575994531,59.94257211053616],[23.227495202162142,59.92902373564473],[23.109231931314575,59.925651559035735],[23.048485139504074,59.99346311661294],[23.048485139504074,60.31142302454791],[23.084650036390922,60.34520339946515],[23.08465003639078,60.3452033994652],[23.08465003639092,60.345203399465326],[23.06138800697046,60.35319138871458],[23.048485139504074,60.3487431739017],[23.048485139504074,61.754451293815436],[25.95865224322889,61.754451293815436],[25.95865224322889,60.25558371960237],[25.921663266715367,60.24374390730911],[25.88598637981231,60.24128068209068],[25.774860362744505,60.23360825236333],[25.73844497607824,60.24329530975492],[25.72055435490578,60.24805449234059],[25.674163823465662,60.27527619570094],[25.651178372690104,60.29520414389111],[25.367774964037704,60.255828853235606],[25.194650631035433,60.20860672754998],[25.19166374427381,60.18430326958261],[25.065830217040865,60.156105023706075],[24.954156866010763,60.13611985501813],[24.850830080854386,60.13665771995536],[24.77375411686701,60.13687589295645],[24.751110084091575,60.13693998967787],[24.715282283525244,60.133303483126],[24.60333253463052,60.121940631125824],[24.605775455174395,60.107943221350126],[24.608470919855737,60.0924987879329],[24.589303988801877,60.05485915990383],[24.472497943624607,59.990413664351976],[24.42110441267099,59.987220776055416],[24.421346290514887,60.021492995780555],[24.421386721108153,60.027221698135605],[24.421386721108096,60.02722169813565],[24.421386721108096,60.027221698135754],[24.360832219412874,60.06930160582975],[24.333053603426155,60.07193754278456],[24.325505144127447,60.07082246751446],[24.287914257406126,60.06526945775386],[24.23836807812586,60.0536807102003],[24.07416534535428,60.01527403494671],[23.8689477193049,59.97575127142833],[23.79721832911925,59.961936942804755],[23.701938612021,59.95443726352862],[23.659947661943402,59.95318021039802],[23.62318803071028,59.952079763529646],[23.509120365386526,59.95311313737861],[23.43159483349979,59.953815464870516],[23.274679193754093,59.859066024605596],[23.212838168268487,59.835114460491305],[23.193885786467842,59.827774039076075],[23.14414461966223,59.824220913070214],[23.048485139504074,59.817387736277595]]]}},{"type":"Feature","properties":{"fillColor":"#fff9b9"},"geometry":{"type":"Polygon","coordinates":[[[15.247966989033507,66.16282872732232],[15.247966989033507,67.20037053697341],[15.38492964178198,67.19409180817297],[15.713333139261692,67.17027282741134],[15.735554708004656,67.17575074157185],[15.696109769395548,67.20666502535755],[15.413887007768494,67.23527527430474],[15.275833148897789,67.24137878117534],[15.255415922864529,67.24013518385897],[15.247966989033507,67.24205576354662],[15.247966989033507,67.48380991312708],[15.531387325739217,67.46499633208765],[15.61916542782052,67.51110838785718],[15.546179753600484,67.50784302542519],[15.359998694078172,67.51220703690268],[15.278888715742312,67.51832579741057],[15.247966989033507,67.52612335185303],[15.247966989033507,67.67073998065979],[15.306874262420195,67.71672819515567],[15.357221602904303,67.70776366339061],[15.454721459834893,67.68582153818873],[15.508609773525222,67.67610168036532],[15.651943210554577,67.6752777129388],[15.826873783292399,67.67658995162361],[15.781110780302981,67.72776795719727],[15.683886534146723,67.74971008239925],[15.631942749514394,67.75999451838277],[15.589166633286368,67.76666260341341],[15.37208174297865,67.79241941556978],[15.247966989033507,67.73975511554386],[15.247966989033507,67.8873184775016],[15.525276192049944,67.92054749251145],[15.708610551159609,67.94692993609272],[15.735832215805033,67.94888305983989],[15.773887640956787,67.9484634299505],[15.804721823788498,67.9416656502865],[15.822707178661119,67.93006134879948],[15.871110919242653,67.92332458368537],[15.906665793150637,67.94721983263418],[15.955831518738648,67.99304199186219],[15.961111058182325,68.01304624695427],[15.788665783051044,68.02668760590939],[15.66033267244444,68.02201844425298],[15.438887603425997,68.0045776519807],[15.40777684194967,67.98818970912657],[15.322775831042236,67.99880980256398],[15.288331994921009,68.03054809249119],[15.350971212022273,68.07624055708607],[15.43277739889237,68.11776734620514],[15.494512547612942,68.1256790285521],[15.66583346706102,68.14665223805628],[15.721109397182659,68.14075469400638],[15.76481819204048,68.10817718301496],[15.74319364447365,68.10633850026369],[15.70699308486627,68.10467531177272],[15.6972350929492,68.08641814017756],[15.713193882069106,68.08067320993194],[15.839360240574365,68.1112594630826],[15.849610336516207,68.11866762053398],[15.897777568287495,68.12721252240965],[15.933886528640471,68.18249511147974],[15.951838511341919,68.23363494424501],[16.01374818645263,68.24346161624538],[16.0404147967825,68.23541261244662],[16.10458181666371,68.15763090811845],[16.09249876776323,68.06805419312036],[16.212011327004973,67.90068818569006],[16.393886563418164,67.82138061432323],[16.423610676333567,67.81138611359574],[16.468887343805477,67.79916380750268],[16.495830532780303,67.79415894967764],[16.50194166646952,67.80499267146911],[16.453330995196893,67.8474884150005],[16.426387806222294,67.85249327282537],[16.372219081120363,67.86248781226766],[16.320552843003213,67.87277220953621],[16.258886335651198,67.89102934241657],[16.207496637464033,67.99999238533042],[16.466804486710316,68.093742363908],[16.40916443635598,68.15277099856434],[16.292442324899582,68.19577026699113],[16.234441762179642,68.18916319651032],[16.189998624693885,68.19221496930305],[16.165554051222216,68.20228577693246],[16.10576246368919,68.27110291078043],[16.137638075068367,68.30609893632084],[16.183748233811855,68.31540679107337],[16.516803742284708,68.25346374379154],[16.54388808547816,68.23971557065931],[16.56638716202133,68.21457672439425],[16.632774360449673,68.17416379924316],[16.721803647951333,68.14068605263788],[16.58221109017262,67.3918879324682],[16.477749957019455,67.10394753564043],[15.941131422258877,66.67921482788324],[15.279508472191992,66.18771074539688],[15.247966989033507,66.16282872732232]]]}},{"type":"Feature","properties":{"fillColor":"#bde7d1"},"geometry":{"type":"Polygon","coordinates":[[[16.27560369308364,59.46685691729922],[16.27560369308364,59.84742545701472],[18.93874101796936,59.84742545701472],[18.95360945451995,59.719993578928666],[18.645553573834377,59.580551135756195],[18.373331081442018,59.46694185035716],[18.25944328165741,59.44638443797555],[18.08888624424179,59.36721802082735],[18.091388692511714,59.334442135119275],[17.932149892808525,59.336521159447614],[17.89777756295217,59.34388731132384],[17.85916518645905,59.356109617417076],[17.832775116058997,59.36499788099502],[17.80874823673605,59.374443057199585],[17.782775860484605,59.389160146029155],[17.75965119123134,59.414859776402466],[17.784650819018452,59.49339676807375],[17.80916403385868,59.518188458584746],[17.843469619372392,59.53068924034868],[17.817707077423336,59.58645247385812],[17.751941677653065,59.638610854714955],[17.71059034407955,59.66940307068592],[17.720691697698726,59.6586074829882],[17.718261723564297,59.622844710518905],[17.642498029014746,59.637496952031995],[17.603961959423543,59.65062712055794],[17.628051750322356,59.6622161684075],[17.65333937762489,59.68212890167473],[17.654163345051586,59.71804808200028],[17.629674907693698,59.7864799647154],[17.591039650744108,59.80305098993375],[17.448055266494976,59.73554992753725],[17.444721223979684,59.676109328525285],[17.52367780682556,59.57853699745931],[17.54315186251398,59.57300569556759],[17.52166366852873,59.61138152453589],[17.514442426208518,59.64652253706174],[17.510137570969675,59.69673154950863],[17.537498492807913,59.7322158850219],[17.58888625525441,59.736938473124155],[17.612567914564067,59.7324256806092],[17.61610795861469,59.69554900545694],[17.56117058955806,59.66844940862603],[17.589706428629142,59.63942719532287],[17.694164267131896,59.607498157497616],[17.74222181982975,59.5905533020171],[17.762359602321794,59.576801296118106],[17.7858314660441,59.532634737277135],[17.731386201012242,59.444854738169795],[17.547914520450774,59.490135199693896],[17.522661194475006,59.50749205824519],[17.546081528777336,59.53698728916902],[17.442775727051128,59.55874633200642],[17.4054832547763,59.549648272841125],[17.418956746289723,59.488468178436165],[17.404443723254644,59.46916199018949],[16.94471929925129,59.54485704337037],[16.864963526460826,59.58473206486934],[16.786941519270556,59.558883653458395],[16.659858703643295,59.55027390426602],[16.61972046011101,59.583469381148916],[16.55860900707455,59.60985565749695],[16.537914273240915,59.60819243029118],[16.49909399818631,59.592910763301404],[16.52166365183882,59.571662910893224],[16.543018357139033,59.55436706689159],[16.480833071253983,59.49975587015882],[16.32999801920778,59.46777344460253],[16.27560369308364,59.46685691729922]]]}},{"type":"Feature","properties":{"fillColor":"#c6d1ed"},"geometry":{"type":"Polygon","coordinates":[[[35.29269420909091,58.63327244848083],[35.29269420909091,63.82107653768206],[37.27520372059294,63.82107653768206],[37.29749298440379,63.81318663420933],[37.3591613887819,63.804992682139584],[37.38874055342643,63.803325660882024],[37.42263413586949,63.80471420646899],[37.504714965643416,63.8147125399629],[37.533275607522214,63.82107653768206],[41.251873868608406,63.82107653768206],[41.251873868608406,58.63327244848083],[35.29269420909091,58.63327244848083]]]}},{"type":"Feature","properties":{"fillColor":"#fff9b9"},"geometry":{"type":"Polygon","coordinates":[[[37.92466115599966,44.64469145145381],[38.915268872594496,44.64469145145381],[38.915268872594496,44.16864967324294],[38.8454842406813,44.21387024625435],[38.75374222836275,44.27331924315423],[38.68493451691919,44.298410471498684],[38.59984971244603,44.32943725923644],[38.57110597481346,44.333877577616136],[38.41714256003498,44.34989741112454],[38.413604734762544,44.350265520470046],[38.40916951768119,44.350599683770746],[38.350822466416446,44.35499573539113],[38.32443235730159,44.3597106966746],[38.21970366994685,44.383605945623515],[38.207491011204375,44.3868100931436],[38.19748686312626,44.38943480958999],[38.19210718960998,44.39219385674021],[38.175544737924554,44.400688161271034],[38.15859984372901,44.415821085938205],[38.146099100679976,44.44054792913255],[38.13332367601197,44.46665956257658],[38.116096512093804,44.48915863911975],[38.02529288125717,44.562932597923975],[37.92466115599966,44.64469145145381]]]}},{"type":"Feature","properties":{"fillColor":"#bde7d1"},"geometry":{"type":"Polygon","coordinates":[[[28.868819346953707,47.16505520242561],[28.868819346953707,52.03929712220091],[34.68915355440335,52.03929712220091],[34.68915355440335,46.290041168806525],[34.487225214821166,46.46796099153732],[34.08533341410045,46.69582506963373],[33.90341329732923,46.802208544917164],[33.47780224766113,47.045483031001964],[32.90123959924605,47.25847651608155],[31.869849662716646,47.5781917466481],[31.180625358226735,47.6315039094547],[30.344001500324445,47.5781917466481],[29.121404797477496,47.33457468118787],[28.868819346953707,47.16505520242561]]]}},{"type":"Feature","properties":{"fillColor":"#bde7d1"},"geometry":{"type":"Polygon","coordinates":[[[40.50948776185298,45.56252767445788],[40.50948776185298,52.03929712220091],[42.25357447801491,52.03929712220091],[44.19328441076875,50.6743729415534],[45.04288517449521,49.94308932982947],[45.554779184244055,49.537147107207595],[46.329821969302614,49.10119713587974],[46.329821969302614,45.56252767445788],[40.50948776185298,45.56252767445788]]]}},{"type":"Feature","properties":{"fillColor":"#c6d1ed"},"geometry":{"type":"Polygon","coordinates":[[[56.66988449810289,75.12789917004702],[56.86360931039144,75.2155456547373],[56.908252712895944,75.23686218553507],[56.9056854220492,75.2652664219483],[56.87526702610472,75.28137206874709],[56.85110473338773,75.28442382584888],[56.828880313482955,75.28221130058631],[56.80526733345954,75.28137206874709],[56.779716488416796,75.28166198789285],[56.751388546515614,75.28414917339876],[56.732349395212054,75.2982482901175],[56.7555541956998,75.31637573369198],[56.84152222060834,75.3527679431694],[56.8694381721445,75.35971069700503],[57.028327938336474,75.38943481288999],[57.05221557860324,75.39027404472921],[57.079437257873224,75.38888550019652],[57.261940004088615,75.37359618909011],[57.41674117078372,75.35602063438536],[57.41674117078372,75.12789917004702],[56.66988449810289,75.12789917004702]]]}},{"type":"Feature","properties":{"fillColor":"#fff9b9"},"geometry":{"type":"Polygon","coordinates":[[[13.512325278456899,66.78141784836163],[13.52590179009536,66.8997802678528],[13.551387792114554,66.92846678498734],[13.571526542476988,66.93415832750179],[13.597498880013688,66.93666077577171],[13.75610922211041,66.93748474319841],[13.774130330115682,66.93562465454056],[13.774130330115682,66.72696347129418],[13.739499094927908,66.72665403782457],[13.689915675191116,66.72161863400993],[13.623055459142165,66.7124939003366],[13.58583259610623,66.70805358195696],[13.556804653010204,66.7103347750541],[13.512325278456899,66.78141784836163]]]}},{"type":"Feature","properties":{"fillColor":"#fff9b9"},"geometry":{"type":"Polygon","coordinates":[[[13.981457712441554,55.41590283364789],[13.981457712441554,57.351524356102146],[14.571055729774143,57.351524356102146],[14.781862166829171,56.919727673087095],[15.088888168628216,56.159996028233365],[14.870433288653638,56.16125554910142],[14.848054874668158,56.161384573820015],[14.71722221940282,56.161659255438806],[14.692636491712424,56.158191685523434],[14.684497211585484,56.130185720577984],[14.682464599698676,56.12319182721626],[14.682464599698692,56.123191827216246],[14.68246459969869,56.12319182721624],[14.712360374107767,56.10096739357698],[14.736667465294873,56.07490326877439],[14.750831596382284,56.059715286076596],[14.767220507106629,56.03332900972856],[14.75150075935686,56.02108368167896],[14.738332750359117,56.01082610041854],[14.731806007251407,56.00706976129814],[14.719999310576782,56.00027464834989],[14.635276775339946,56.00749968472206],[14.626269455361284,56.02118255642358],[14.620832432388383,56.02944184863849],[14.618079624395458,56.03303827604927],[14.603610998263036,56.05194092518184],[14.55513668057199,56.056247716161295],[14.541669353940803,56.05121465175608],[14.541387539569438,56.05110933093627],[14.54138753956937,56.05110933093624],[14.538567219677805,56.049817805234426],[14.511665362394844,56.037498479256115],[14.36944389230771,55.95888518068262],[14.330275532343347,55.93694305548088],[14.276605440620541,55.89601735200695],[14.263610826114757,55.88610841160926],[14.260690454878782,55.882959736728665],[14.238748558494358,55.8593025053716],[14.217222230415338,55.830276498016445],[14.206139357001145,55.807307641931885],[14.20472048078102,55.80436707205587],[14.204720480780992,55.804367072055776],[14.204720480780974,55.80436707205574],[14.194998725931661,55.77318952752197],[14.192567822641543,55.72867585164165],[14.210555074540231,55.70082855557126],[14.276943202124116,55.6472167818109],[14.341388697675963,55.57860564949826],[14.365936291272703,55.54284287702901],[14.354518505225336,55.526562150060386],[14.336666109573741,55.50110625360787],[14.319381396374826,55.490777174277234],[14.312498076031996,55.48666380768212],[14.1935463008985,55.38614655671536],[14.16792156240639,55.38120945333592],[14.16305540233958,55.38027189312169],[14.122499464658574,55.37944029887632],[14.058886531222697,55.3861083839069],[14.037498492465943,55.38944242642225],[14.004720671017026,55.40583036927637],[13.981457712441554,55.41590283364789]]]}},{"type":"Feature","properties":{"fillColor":"#bde7d1"},"geometry":{"type":"Polygon","coordinates":[[[34.68915355440335,46.290041168806525],[34.68915355440335,48.800912398329395],[37.599320658128164,48.800912398329395],[37.599320658128164,47.08594302940394],[37.55957029800521,47.08644485134852],[37.55673186807071,47.0853694490169],[37.53887939693835,47.07860564313728],[37.508123744007655,47.05229040159801],[37.45998382864222,47.011100786688566],[37.41892038992036,46.97278401725809],[37.39360046298061,46.94915770069207],[37.321029656727895,46.90012360547785],[37.30004903154533,46.909449409634846],[37.247283933242144,46.9329032852378],[37.21015961734915,46.92757893270043],[37.196933727861804,46.92568208163252],[37.0395126274796,46.874023431619506],[37.013940645598495,46.86492417540342],[36.99304962190422,46.857490540494446],[36.955708957315196,46.84187366300215],[36.91666029592975,46.82554245498017],[36.878793142632134,46.798581232347416],[36.86790467638663,46.79082869916218],[36.7638778499294,46.751098625934034],[36.74166108182358,46.76457978298103],[36.70012666588564,46.77248763256132],[36.61360168496543,46.77526855650172],[36.51512907957058,46.75305174968123],[36.41665651289048,46.7244339126301],[36.395545943219155,46.717208876258056],[36.22215081199802,46.66197752414181],[36.214576710927865,46.65956495442188],[36.20499691135628,46.662866394016994],[36.193180077481955,46.6669387718315],[36.06748964020839,46.67027281434684],[35.90720368216486,46.651092526681495],[35.81179427043335,46.618595116644194],[35.80669653256576,46.616039419640174],[35.76054762349096,46.592903151804435],[35.72874069219517,46.5730476390351],[35.72468938631745,46.56916767960372],[35.69915773349847,46.544715865758484],[35.64984512389893,46.50165175001494],[35.630560439954245,46.49060448450592],[35.62803648738244,46.48915863378459],[35.582763652677016,46.47221373958927],[35.54951164469138,46.46117655669979],[35.54845810587825,46.460826860508014],[35.54845810587824,46.460826860508014],[35.548273414946586,46.46079376701832],[35.5181846684401,46.45540237279354],[35.48634652777936,46.44250690997222],[35.4842224059138,46.441646572842714],[35.484222405913755,46.44164657284268],[35.48422240591374,46.44164657284267],[35.352218627467536,46.33165739373358],[35.281196607424604,46.25453186682016],[35.1998128782352,46.158649392311055],[35.19623183358489,46.1544303742614],[35.19355883834933,46.15248702794159],[35.160610215334344,46.12853240788612],[35.126987690816144,46.113622932846205],[35.124427812975604,46.1124877880195],[34.99672315997547,46.074226361332414],[34.98012162748222,46.08602903753611],[34.98921371270705,46.09281587158373],[35.05464172471558,46.14165494959315],[35.109428415708656,46.155540482892334],[35.115098743902145,46.15661889058457],[35.15179063183986,46.16359711350994],[35.18526458439332,46.17235184968779],[35.204292296969214,46.18443300156227],[35.20429229696925,46.184433001562304],[35.204292296969356,46.184433001562375],[35.21014061468568,46.190968632200274],[35.248046891454266,46.23332977532427],[35.25850835569245,46.247525146533874],[35.26756287528839,46.2598114062638],[35.280774187365274,46.26904914958224],[35.282909389594664,46.27054214664511],[35.334297190755876,46.32165909895432],[35.34392407054513,46.341361431226986],[35.347969056986024,46.34963988370998],[35.19804384182814,46.44331359410038],[35.19804384182822,46.443313594100225],[35.198043841828024,46.443313594100346],[35.21568297010218,46.41026306548834],[35.2054061996522,46.38706971615171],[35.198164660150475,46.379663771981114],[35.11971281297724,46.29943083254829],[35.112509791941996,46.29512623296588],[35.1107635348495,46.29408265173601],[35.056652068960254,46.26012801602876],[35.03387831079818,46.25012968253451],[34.812484732485274,46.18137360195128],[34.68915355440335,46.290041168806525]]]}},{"type":"Feature","properties":{"fillColor":"#bde7d1"},"geometry":{"type":"Polygon","coordinates":[[[-19.073994160961405,64.1657046229816],[-19.073994160961405,66.15616652876712],[-19.067224500002453,66.16123962172372],[-18.991111755975282,66.18331909164493],[-18.968612668747312,66.18832397656212],[-18.8526401538914,66.20082854968268],[-18.787778853375983,66.19193267974498],[-18.683055876479614,66.16471862861005],[-18.65305710104832,66.14942931988412],[-18.63000106669932,66.1355438207562],[-18.362503051726833,65.9530792258546],[-18.33716964495403,65.93556976216229],[-18.20583534253325,65.8165206907932],[-18.18153000098897,65.73804473967425],[-18.09166717644149,65.65748596340313],[-18.069446565601368,65.64332580464628],[-18.06333541995999,65.64443969888848],[-18.048404694324233,65.65839386009645],[-18.06250000210565,65.82443237409421],[-18.07027816669671,65.83833312894916],[-18.10111236563688,65.89332580620356],[-18.1486129768968,65.92346954496713],[-18.16125297427959,65.91902160717115],[-18.17125129949153,65.91194153061997],[-18.207555773490583,65.94046783437341],[-18.230222701986634,65.95162963776716],[-18.272472380256772,66.00038146742912],[-18.316528318497774,66.05873871100033],[-18.33131980876675,66.15242004172944],[-18.295141219959646,66.17527007852954],[-18.25041961633923,66.17943572883337],[-17.9683341974399,66.1544342048013],[-17.950836184024638,66.15222167769844],[-17.909725189139294,66.14443969634829],[-17.75278091476457,66.08027648952736],[-17.73500060820271,66.06887817147668],[-17.7225036629456,66.05999755726577],[-17.60916900915589,65.98748779411022],[-17.41791725126609,65.9861068737572],[-17.365001676852387,66.05499267800309],[-17.341667177424597,66.10137939502101],[-17.265556333295194,66.16693115005842],[-17.232780455776492,66.1897125247786],[-17.218475339341865,66.19527435116242],[-17.1311111461485,66.21054077064332],[-17.10333633678806,66.21276855347321],[-17.041252138360107,66.208320615677],[-17.02305603125035,66.20443725851987],[-16.992500303043585,66.1941528347113],[-16.968891143986866,66.18554687447477],[-16.910003659298525,66.12471008334433],[-16.736946108620486,66.1147155748913],[-16.658197403424992,66.12734985561724],[-16.508892058274796,66.19831847936064],[-16.44805908390333,66.22804260081762],[-16.436389922982755,66.23609924179652],[-16.42778015164174,66.2472076388371],[-16.417362214777597,66.27603149146432],[-16.425834656304175,66.28971862656124],[-16.50916671790361,66.39221191507568],[-16.578058244460635,66.47693634165046],[-16.565280911609136,66.49360656507486],[-16.555557251680455,66.50082397709491],[-16.527778625560984,66.50804138346041],[-16.469448087993612,66.5147094705685],[-16.34178900920979,66.52339064235866],[-16.34178900920979,64.60427042264871],[-16.655583853296662,64.51490490636604],[-17.678416782286376,64.20756184614555],[-18.97751173839555,64.1657046229816],[-19.073994160961405,64.1657046229816]]]}},{"type":"Feature","properties":{"fillColor":"#c6d1ed"},"geometry":{"type":"Polygon","coordinates":[[[19.637634279241468,79.60234069958778],[19.668329238097556,79.61512756424554],[19.738883970804807,79.62553405523823],[19.763332364575945,79.62776183849081],[20.119716645951428,79.64193725606606],[20.150829313865074,79.64276123268189],[20.15200996409932,79.64274419037687],[20.15200996409932,79.4719092938132],[19.712078096042603,79.54373169025473],[19.679718019286952,79.55081939662341],[19.657634735785734,79.56637573299906],[19.637634279241468,79.60234069958778]]]}},{"type":"Feature","properties":{"fillColor":"#c6d1ed"},"geometry":{"type":"Polygon","coordinates":[[[53.1702331876434,66.41497858228269],[53.1702331876434,68.85209031759285],[53.19915769649384,68.85971069906867],[53.28638457702641,68.88247679169717],[53.346656808998716,68.89553831885445],[53.37748719777824,68.90165711807731],[53.439430245060294,68.9136047425518],[53.470268260658656,68.91943360651823],[53.670272832344835,68.95138548608475],[53.77555084422232,68.96693420787466],[53.84346770374157,68.97345734463448],[54.00888825295817,68.98609924190254],[54.09665679247985,68.99220274877297],[54.41832731889764,69.0088806268833],[54.47609710260002,69.00749208129633],[54.51666260284048,69.00526427593041],[54.538047776700864,69.00277708129795],[54.55915830765707,68.99567415145503],[54.53110504876611,68.97679138715],[54.338325513452105,68.95526122630417],[54.19915771318358,68.94470214741665],[53.97276307109729,68.92803956165858],[53.94443513058752,68.87136842700176],[53.9823531955725,68.8229064980519],[53.843879706812345,68.73429107193238],[53.73269652406617,68.658523544616],[53.7234611434489,68.63206483284745],[53.74665832555246,68.60832215898813],[53.81166077244569,68.56359864880562],[53.84735490354649,68.54512022203767],[53.881378180622676,68.52638244471785],[53.90582275409423,68.50277709231057],[53.92221832376697,68.47109985564799],[53.944293976368726,68.40137482065234],[53.81166077244569,68.34414673465392],[53.78944017157329,68.34429168292456],[53.72526548615866,68.37886049047171],[53.67860031181442,68.39554595668591],[53.632209780374296,68.40554808423184],[53.60193634293614,68.40789795741233],[53.32013321119865,68.34554290705955],[53.21277238094069,68.28526304826858],[53.20915602998775,68.26470946865379],[53.245544433881946,68.2463684020525],[53.33610535692981,68.23664854422918],[53.372768403728,68.2367935312148],[53.42832946846863,68.24470521356153],[53.52137754743421,68.25555418899069],[53.70763015193637,68.25207519820458],[53.8180542145725,68.24359131087874],[53.84666063075292,68.23776244691214],[53.86443711919378,68.21998595847123],[53.961662294505686,68.21360776998205],[54.199714664525004,68.20721436657004],[54.245410923171676,68.20735168802202],[54.395271291012875,68.26361085832309],[54.4313812192363,68.28109741150774],[54.453048701534044,68.2952575877107],[54.47221373556192,68.30275726698687],[54.50652311512761,68.30512239380465],[54.54652024315584,68.29886627312999],[54.57332611067869,68.27886964485657],[54.60777281169635,68.2433166679748],[54.62332153348626,68.22526549791507],[54.635826109302116,68.20665741522862],[54.66096116151522,68.17984008812033],[54.68915557462503,68.17387390270176],[54.78207779172402,68.1637344537038],[54.82332610517244,68.16775514219387],[54.844715111799474,68.17345427281231],[54.8687438881484,68.185119627564],[54.92318725615428,68.24262235646637],[54.919227582213864,68.28269195863015],[54.85652162076997,68.31429288839041],[54.92027284352838,68.38388060193404],[54.939712520460205,68.39999390188422],[54.9944381581887,68.43498230060578],[55.22589112326068,68.52108765163672],[55.332641614446004,68.55111695344584],[55.454376210546116,68.56674194342293],[55.52988434859577,68.56538390511105],[55.58110044954856,68.56040955456092],[55.65730286039184,68.56686401123744],[55.68949891430202,68.57130432961708],[55.79502106180871,68.59411622187275],[55.839721691534976,68.60441591149379],[55.86721037226573,68.61360169843181],[55.899852769288486,68.62678529340377],[55.94623946796196,68.6531829906225],[55.9767990078895,68.6594238189449],[56.00610352963025,68.65803527335811],[56.050544731375226,68.65054322090054],[56.14499664827997,68.62303162099886],[56.14982301740214,68.62229575759412],[56.14982301740214,66.41497858228269],[53.1702331876434,66.41497858228269]]]}},{"type":"Feature","properties":{"fillColor":"#c6d1ed"},"geometry":{"type":"Polygon","coordinates":[[[55.00683402965984,71.98095703170063],[55.00683402965984,72.70158386230653],[55.89946742977537,72.70158386230653],[55.94373703020118,72.66457367058199],[55.919990540998526,72.66249084472571],[55.80193328878562,72.66886901781282],[55.74420154297272,72.64755532849865],[55.72255706901788,72.63956451535512],[55.67027282713806,72.56165313695041],[55.66446783066641,72.55925863854729],[55.608329772842694,72.53610229547814],[55.58915710445751,72.53387451317587],[55.52308055004033,72.55666384608517],[55.48443603378807,72.56999206444887],[55.47364787101634,72.57205333365805],[55.45249176149633,72.5760955823767],[55.39943695140869,72.58305358763789],[55.35388183602316,72.58442687941135],[55.29661221134388,72.58297416194877],[55.26665878337816,72.58221435484143],[55.2666587833786,72.58221435484138],[55.26665878337826,72.58221435484137],[55.366104126415735,72.5713806139546],[55.40487888415829,72.56932565893793],[55.41332244966168,72.56887817329778],[55.448326109783586,72.56386566152021],[55.551940916570324,72.5186004654171],[55.541938781211456,72.47470092742822],[55.52069091743385,72.46582031368428],[55.520690917433754,72.4658203136842],[55.52069091743374,72.4658203136842],[55.463603972774294,72.42831420971011],[55.54905629620508,72.24585518363543],[55.575550079791,72.1892852770952],[55.549163817558835,72.16914367720007],[55.52971150981503,72.16489879342438],[55.523746490031954,72.16359710644554],[55.486938477640365,72.14999389701109],[55.44499206679427,72.13192748931306],[55.444992066794214,72.13192748931303],[55.44499206679418,72.13192748931301],[55.383331298121995,72.10220336885949],[55.34443664464212,72.06469726488538],[55.328594345110446,71.98095703170063],[55.00683402965984,71.98095703170063]]]}},{"type":"Feature","properties":{"fillColor":"#fff9b9"},"geometry":{"type":"Polygon","coordinates":[[[6.404947035526554,61.86072445551758],[6.404947035526554,62.38852894214498],[6.551476951651523,62.41257096784119],[6.69483280455923,62.40866088758007],[6.75929115343007,62.32937240261731],[6.767041201420625,62.316955554574236],[6.772582530449313,62.27511978250948],[6.784124849516218,62.25878906015339],[6.784707546210143,62.32103729632894],[6.748707761638116,62.38483048594793],[6.712874412059534,62.412452694078695],[6.681207667112062,62.43078613386098],[6.639957921215512,62.44745634643772],[6.574641226161475,62.442539216385626],[6.561641216846567,62.43743896525433],[6.547777170270535,62.43555452159046],[6.515832917522687,62.429992673709194],[6.404947035526554,62.42112526626128],[6.404947035526554,62.48896862311661],[6.436666500374486,62.49333189339683],[6.505138414209171,62.4970779389829],[6.588888162266812,62.49249267233262],[6.632266061593214,62.49850845143044],[6.631943722036169,62.512771609043455],[6.549443726950415,62.530273454580595],[6.499444006798285,62.531105048825964],[6.45888806911745,62.530273454580595],[6.404947035526554,62.52798690325863],[6.404947035526554,62.608829768795005],[6.552429684556046,62.610969532819524],[6.735833149611892,62.64943696104223],[6.75722219495367,62.65277100355752],[6.964166629678289,62.64999391238359],[7.089999189040952,62.64777373383646],[7.363332757934472,62.586105329458405],[7.516874324045261,62.53728486259865],[7.681388869140164,62.557220476322016],[7.772638799766696,62.57485581054431],[7.730693813206187,62.57929992297579],[7.60666656442362,62.568603522636295],[7.58388804433929,62.56610870118516],[7.551666245076206,62.56082916174131],[7.524443612560333,62.560272210399944],[7.497777002230293,62.56249238894708],[7.474444395700971,62.56610870118516],[7.453749661867334,62.57402421629877],[7.418888092882526,62.59555054437777],[7.41194389378478,62.61700819237342],[7.522777559172994,62.666664124960334],[7.601943976321365,62.69194029267743],[7.630277646623767,62.69916532904966],[7.785694132553601,62.72472001115233],[7.824999813969896,62.72972107492518],[7.86305523912165,62.73194121475774],[7.87878369444438,62.73242300664705],[7.87878369444438,61.86072445551758],[6.745989243990733,61.86072445551758],[6.76361083644332,61.86804963743975],[6.68777753265482,61.88194275884263],[6.65166663656106,61.8849944929205],[6.604443543004948,61.88221740174674],[6.56749915563978,61.87971495347682],[6.545415876219408,61.87305070121283],[6.530394212361964,61.86072445551758],[6.404947035526554,61.86072445551758]]]}},{"type":"Feature","properties":{"fillColor":"#c6d1ed"},"geometry":{"type":"Polygon","coordinates":[[[20.15200996409932,79.77311700808659],[20.15200996409932,80.44977457549417],[20.415828706204707,80.41387939477579],[20.43202781777933,80.39730834981594],[20.527774811028053,80.3208312987885],[20.572498320215345,80.30220031954576],[20.81242752047308,80.21970367568468],[20.853328702964973,80.21110534793922],[20.881938933591698,80.21138000681123],[20.94332885614176,80.21220397858917],[21.095829008855787,80.21527099701541],[21.125274657597856,80.21665954509479],[21.300552367852788,80.23997497404264],[21.332599639947652,80.24460609050325],[21.332599639947652,79.82413317443653],[21.13805008075633,79.81469726563893],[20.81333160209664,79.8016510006666],[20.750000001502826,79.79998779371522],[20.654994964076366,79.79776001046241],[20.591941834574754,79.79637145754515],[20.486660003894087,79.79637145754515],[20.423606874392647,79.79498290946577],[20.391941071676683,79.79414367913023],[20.33555221631775,79.79109191926159],[20.258052827427434,79.78498840436208],[20.162773131129143,79.77499389442062],[20.15200996409932,79.77311700808659]]]}},{"type":"Feature","properties":{"fillColor":"#bde7d1"},"geometry":{"type":"Polygon","coordinates":[[[10.408801832786624,52.03929712220091],[11.185476817285448,52.657154879955144],[11.4078167246048,52.80259943018242],[11.4078167246048,52.03929712220091],[10.408801832786624,52.03929712220091]]]}},{"type":"Feature","properties":{"fillColor":"#fff9b9"},"geometry":{"type":"Polygon","coordinates":[[[14.464443197994342,67.29527282465841],[14.57555483576084,67.39290617027427],[14.731595985245121,67.49061586150702],[14.819166188764996,67.52804565523388],[14.917360318489216,67.55485535552333],[14.971942904972877,67.56332398921188],[15.03583144918332,67.57054139876527],[15.07360936653464,67.56916047999698],[15.146595969910322,67.54109955557249],[15.108888629668229,67.49304200287463],[15.247966989033507,67.48380991312708],[15.247966989033507,67.24205576354662],[15.140693663937952,67.26971434850373],[15.110971448048588,67.29026792811857],[15.038332000427204,67.29554746756224],[14.859165175104465,67.27360534236061],[14.830528251649127,67.25168609761499],[14.712776171230587,67.21693420770362],[14.692220694589764,67.21137998664096],[14.668609612389616,67.20748903149905],[14.629651086727392,67.20887757708601],[14.539860743375016,67.24637605089634],[14.464443197994342,67.29527282465841]]]}},{"type":"Feature","properties":{"fillColor":"#c6d1ed"},"geometry":{"type":"Polygon","coordinates":[[[52.380550383683726,72.72178649872308],[52.38571829141118,72.74070546750188],[52.386241914079335,72.74262237496869],[52.51086245953549,72.80839395385262],[52.596240996200606,72.8534545908343],[52.60095998983845,72.85472517418393],[52.62874221886097,72.86220550586481],[52.96214196767616,72.91741890235045],[52.97679519664456,72.91984558246554],[53.008888243809565,72.92109680279395],[53.01129099399949,72.92101236083823],[53.032768250152884,72.92025756680222],[53.0583267220891,72.91804504542775],[53.13694000091754,72.90138244496787],[53.32444000212798,72.87387084908416],[53.37401962162153,72.878730773952],[53.392078398855695,72.92803191985895],[53.37923332132365,72.93116574028376],[53.36471557464972,72.93470764269233],[53.35696076867036,72.93497201125271],[53.34054565541465,72.93553161775634],[53.2940241750164,72.93226257559529],[53.28929900963351,72.93193054048544],[53.23332977135698,72.93165588532622],[53.20522306788452,72.93667964764876],[53.19999313432742,72.93761444041732],[53.17979126066037,72.94478132258594],[53.14457321276035,72.95727539138716],[53.1390015516998,72.99687683339177],[53.12568664523021,73.09151458874396],[53.13169819378512,73.105004685388],[53.15332412779082,73.15353393489654],[53.258331299315294,73.19386291427463],[53.30741018415625,73.20997591670452],[53.328929900624416,73.21704101699896],[53.352072585251165,73.22196595646167],[53.44193267670392,73.24108886798444],[53.75930023298791,73.29914855938571],[53.789436340973445,73.30220031675192],[53.94415283070496,73.28997802635936],[53.96440271057989,73.28826243617215],[53.97026824981441,73.28776550178952],[53.97841453534699,73.28501825030757],[53.99207687280191,73.28041076672869],[54.02971649072143,73.26832580551347],[54.03423842754925,73.26793584538386],[54.0555496210124,73.26609802321121],[54.09787926246942,73.2662323016457],[54.14694213740654,73.26638793929835],[54.16805267200692,73.26748657271706],[54.21336663741466,73.27282936848998],[54.226936341667624,73.27442932024587],[54.31059126941748,73.29739291352287],[54.32610321111852,73.30165100004257],[54.341299835266604,73.30634642798532],[54.447490691089115,73.33915710401664],[54.484194791610584,73.35360059538365],[54.52721404903195,73.37052917459826],[54.56971359181932,73.38137054594891],[54.811935426209686,73.41331481824076],[54.91443634184539,73.42221069291243],[54.937210084306216,73.42192077682537],[54.96332550022031,73.41970825225557],[54.98721313383223,73.41581726209296],[55.00683402965984,73.41227019652813],[55.00683402965984,71.98095703170063],[54.37542598196561,71.98095703170063],[53.63142256861664,72.38469512938428],[52.70668825561692,72.54235675797838],[52.73651885893313,72.62136840894361],[52.755130768108586,72.63651275479356],[52.87070700287176,72.65760382603297],[52.923324583793146,72.66720580995229],[52.93367376285095,72.66783570967401],[52.964439392306545,72.66970825060918],[52.98832702591846,72.66859435945808],[53.01527404736044,72.66554260209188],[53.07124328563688,72.65581512508764],[53.13110351407594,72.64665222252515],[53.159262187207084,72.6461460410583],[53.17694091828008,72.64582824746105],[53.214435576558344,72.64929962282315],[53.21443557655816,72.64929962282318],[53.21443557655831,72.6492996228232],[53.17707878064508,72.65503028082175],[53.028877256795056,72.67776489248456],[53.001937865816785,72.6810913082054],[52.97665405223535,72.68304443215294],[52.88943481482232,72.68136596656012],[52.868881224199754,72.68026733314139],[52.81527400739547,72.67014085687197],[52.81443786780169,72.66998290896385],[52.81381225743944,72.66996374033855],[52.732765197947856,72.66748046830702],[52.56805420012603,72.67303466952546],[52.5453994980852,72.6740907311807],[52.54415893605018,72.67414856067649],[52.523206506741275,72.68024928410996],[52.380550383683726,72.72178649872308]]]}},{"type":"Feature","properties":{"fillColor":"#fff9b9"},"geometry":{"type":"Polygon","coordinates":[[[4.931110376608729,60.80054855835351],[5.004721643538858,60.801525100869696],[5.283818725789615,60.71839904849617],[5.307916182221902,60.69242477521885],[5.335277568637991,60.64471817232709],[5.359721677531979,60.63263702045265],[5.428055302044129,60.62722015955683],[5.436943526907214,60.65985868509807],[5.408472070574931,60.69985960717838],[5.364166254541203,60.7283325346736],[5.23749923603674,60.77062223795485],[5.14555549719455,60.807777388777765],[5.119828224442699,60.834564208611084],[5.104096884866294,60.82985687414629],[5.07013845510653,60.829719552694314],[5.045763490873924,60.84131239459589],[4.983471855389666,60.95068740186554],[5.012290970768731,61.04027174368258],[5.055416101062065,61.062496177321805],[5.104166029527448,61.07305146215731],[5.128333095198798,61.07193755947429],[5.169304830002261,61.06846619550703],[5.242777343032287,61.05464554823948],[5.478749759567449,61.05541229516837],[5.625277517341658,61.08916472339263],[5.92083261626334,61.123054511783494],[6.116388313595678,61.116107951082085],[6.248888028833335,61.09471894445511],[6.267221468615844,61.086174003864585],[6.321388257976935,61.066108695507864],[6.372221933978267,61.06194305874703],[6.404947035526554,61.06639400094884],[6.404947035526554,60.56978798840642],[5.703711887867254,60.56978798840642],[5.719999315227994,60.67443849119047],[5.700833313329724,60.69416047655989],[5.661110866920239,60.70944214354972],[5.62777710071515,60.71305082896896],[5.56249904304741,60.690277109521844],[5.534443848415606,60.63916015721264],[5.371533263915441,60.56978798840642],[5.214874303039849,60.56978798840642],[5.198610319613408,60.577499379653375],[5.096006378784637,60.654647825737754],[4.931110376608729,60.80054855835351]]]}},{"type":"Feature","properties":{"fillColor":"#c6d1ed"},"geometry":{"type":"Polygon","coordinates":[[[57.41674117078372,75.12789917004702],[57.41674117078372,75.35602063438536],[57.42832183680969,75.35470580818861],[57.53054809754116,75.33137512565264],[57.55471039025815,75.32859802100114],[57.58166503873605,75.32720947646845],[57.71166229143097,75.32331847973444],[57.73721313647371,75.32304381949126],[57.733047487289525,75.34803772238934],[57.65499114872614,75.42665100309722],[57.62277221788412,75.44275664989618],[57.54499816901529,75.4516601571047],[57.51221465878433,75.49414825133425],[57.57138061644605,75.51609801878874],[57.629714963926745,75.52859497413431],[57.6505432098474,75.53166199013833],[57.960823061837175,75.56359863128597],[57.95582580247191,75.6185913103123],[58.11054992727276,75.6833190911421],[58.23249054184271,75.68914795289521],[58.51583099646393,75.72387694980353],[58.543327328183864,75.75818634248202],[58.56777191059547,75.76832580519914],[58.76943969795582,75.83471679859787],[58.78943634148868,75.838882447782],[58.89276885705823,75.85720824929473],[58.93740081928263,75.86210632579434],[58.98832702419736,75.86248779056132],[59.016105653405134,75.86080932688287],[59.264999393019366,75.88554382064694],[59.61943817346577,75.93553161865009],[60.2697143560859,75.98831176462085],[60.12193298512051,76.03193664707965],[60.09554290823871,76.03248595977311],[60.0694427505025,76.0366516089573],[60.04444122594623,76.04415130493743],[60.06652069407119,76.05706787230622],[60.253326419592554,76.10247803076015],[60.27416229496447,76.10664367994434],[60.296104432967695,76.10942077680255],[60.46027374042626,76.12275695619434],[60.50749969268031,76.12608337353925],[60.55776977258461,76.12719726562182],[60.72616195400798,76.11236572158748],[60.74190902439341,76.10837554978099],[60.676822659357185,76.09470367453645],[60.64638519368111,76.07304382622777],[60.46846389784395,76.013877868566],[60.63249206435165,75.99748230262145],[60.65859985153929,75.99693298213475],[60.68360137609534,75.99748230262145],[60.707214356118925,75.99942016764066],[60.72915649412215,76.00221252340151],[60.7588844286293,76.00930022901684],[60.80982590023956,76.02989959919461],[60.817745208243025,76.0434799210247],[60.83216095108321,76.04922485102168],[60.862327575137954,76.05107117041968],[60.944435121117465,76.06275939614454],[61.06388092073024,76.06999206912599],[61.08332824377658,76.0749969501494],[61.11626966421113,76.10061172088048],[61.11626966421113,75.20475918365935],[60.88582611339342,75.15637206762437],[60.85546709613618,75.12789917004702],[57.41674117078372,75.12789917004702]]]}},{"type":"Feature","properties":{"fillColor":"#fff9b9"},"geometry":{"type":"Polygon","coordinates":[[[32.59887075556935,46.09965853163774],[32.59887075556935,46.6046192567419],[32.61471176555199,46.61388015536065],[32.641620653199865,46.64228057000574],[32.64162065319985,46.64228057000573],[32.641620653199936,46.64228057000582],[32.59887075556935,46.63048329292121],[32.59887075556935,47.35220626963878],[32.90123959924597,47.25847651608166],[33.477802247661316,47.04548303100171],[33.903413297329166,46.802208544917164],[34.08533341410043,46.69582506963371],[34.48722521482131,46.4679609915371],[34.61790347204504,46.35281988549861],[34.61790347204504,46.058808830987665],[34.586786140809885,46.00532714153054],[34.43266211548132,46.00532714153054],[34.405193332242675,46.01273345121484],[34.441375734601365,46.09387970533311],[34.20609282893713,46.25916289438288],[34.183319109490014,46.274433140502026],[34.155822763225785,46.28144454851997],[34.15582276322578,46.28144454851997],[34.15582276322566,46.28144454852],[34.074652313373235,46.253721004164596],[33.95720673712634,46.213607789955006],[33.77297593645483,46.248115544237294],[33.681640639659406,46.22165679375394],[33.675877629489676,46.21829763693622],[33.6710319670926,46.215473185929234],[33.70568466964566,46.16498565909687],[33.72957229177581,46.14499665764227],[33.89999390476541,46.0386047430818],[33.96818540718856,46.01721573645476],[34.114265428116795,46.01760482035452],[34.155200780887455,46.027097238234376],[34.18140028706975,46.033172589833775],[34.35832215636306,46.016162887036465],[34.368983067221365,46.00532714153054],[33.626185022998975,46.00532714153054],[33.624973326390965,46.05038806142174],[33.62299346208431,46.12401582131929],[33.614017470733586,46.14262769805771],[33.59352873843545,46.15623475568577],[33.59352873843539,46.15623475568573],[33.59352873843531,46.15623475568579],[33.53392849562314,46.118427015839984],[33.525329609193534,46.112972265225665],[33.52532960919352,46.11297226522564],[33.525329609193435,46.11297226522559],[33.51081848318442,46.083877577787035],[33.502979579664355,46.07505400499167],[33.495269761394525,46.066375732250094],[33.47443391205712,46.053039562188815],[33.429641721791256,46.045963268139246],[33.38346098593843,46.0874176218378],[33.31581876932313,46.12442778567521],[33.26914976221224,46.14166261512702],[33.18859863224395,46.16012574954266],[33.124851242252305,46.13109970347267],[32.90380478097842,46.111171716567924],[32.84609984459257,46.11997984047696],[32.82497652352904,46.125715785367376],[32.811794297793654,46.12929536076298],[32.785714916434316,46.12978003649406],[32.77443693948737,46.12998963355648],[32.76611166386513,46.12889982487505],[32.744712826571885,46.12609863969962],[32.63443754497331,46.109153745504116],[32.59887075556935,46.09965853163774]]]}},{"type":"Feature","properties":{"fillColor":"#bde7d1"},"geometry":{"type":"Polygon","coordinates":[[[16.27560369308364,59.84742545701472],[16.27560369308364,61.96263821408535],[16.293299163530207,61.97663998224641],[16.72962678770938,62.2322852970529],[18.255782550518745,63.45929930088579],[18.368333464791938,63.53271113516567],[18.368333464791938,63.04353992211243],[18.289165497546776,62.99721528813728],[18.346664432397347,62.988052381655336],[18.367221844778783,62.991386424170855],[18.368333464791938,62.99146093160464],[18.368333464791938,62.828585913660056],[18.20402716518737,62.77735899773364],[18.126110075148176,62.765831003148605],[18.082775110552745,62.78110504331971],[17.98076056408115,62.81846998973009],[17.99472046854146,62.73055266917078],[18.040138251517362,62.62499618162252],[18.04638670665861,62.59527586275897],[17.97805405001651,62.55527497939369],[17.839441304063598,62.48555373845005],[17.81860924877799,62.482494338838706],[17.658260340443974,62.467979418777645],[17.509164822505454,62.481662744593166],[17.474720018513835,62.50638579373549],[17.42999650833127,62.533607497095886],[17.405275356214986,62.53624726681761],[17.330831527169096,62.48777387828238],[17.359722148812864,62.36027526553238],[17.373888016093872,62.32680131297889],[17.46527480359447,62.26554870572363],[17.50249673747487,62.25849533084511],[17.509037024898305,62.202579483531565],[17.483253460804065,62.125144973672434],[17.463607782336737,62.006385804748106],[17.4403457529167,61.99173356323519],[17.405065521912718,61.989715592171365],[17.350830091183127,61.943470009001885],[17.336387645257503,61.818054214632355],[17.333192821220223,61.7134666427815],[17.22735975502718,61.72277449753403],[17.14878083521012,61.71728516250289],[17.153955457502775,61.428260788445186],[17.209163675411503,61.32707977195997],[17.20360945434885,61.27888489781009],[17.18111037780568,61.19027709850923],[17.1627540575671,61.046661391757254],[17.15249823183251,60.94277571951875],[17.28360746574259,60.771659833735555],[17.377098093768666,60.618988034678864],[17.401803953532863,60.630413047853494],[17.520553598612537,60.64305115106936],[17.555274981249,60.64332579397336],[17.578331009133535,60.639999378276855],[17.609165191965246,60.632217390563085],[17.635829943984106,60.61860657759786],[17.65062333971582,60.600967410608746],[17.605899829533257,60.580966949568676],[17.608749394842505,60.553466809252484],[17.632082001371998,60.52041244787358],[17.657915120430516,60.50541305060659],[17.68791581199065,60.497356419989046],[17.73350525646032,60.49832533568639],[17.7284011725622,60.53673171064423],[17.773052208609442,60.57110597624137],[17.842498767934103,60.58999632865044],[17.885831835503723,60.59735489242263],[17.93722153369106,60.598052959268216],[17.96096993734318,60.59207914703097],[17.993331922954496,60.558883670148134],[18.12144281051792,60.45438386478503],[18.189943295886735,60.38838195620451],[18.20519255857556,60.37996674896203],[18.22356796521842,60.38971711406026],[18.31388854668927,60.35388182874084],[18.368333464791938,60.34778296689472],[18.368333464791938,60.280329451219586],[18.354164111673526,60.290832505594665],[18.317081434985823,60.30818940286093],[18.368333464791938,60.24324921049389],[18.368333464791938,59.84742545701472],[16.27560369308364,59.84742545701472]]]}},{"type":"Feature","properties":{"fillColor":"#c6d1ed"},"geometry":{"type":"Polygon","coordinates":[[[32.941451475713116,58.63327244848083],[35.29269420909091,58.63327244848083],[35.29269420909091,55.770709820925276],[34.938313217957784,55.95453917076304],[34.42090009137314,56.30315736153858],[33.6645660441788,57.002410233962564],[33.21816376005086,57.54459974380478],[33.09086091894028,58.08842491724266],[33.05779019235126,58.48934853648967],[32.941451475713116,58.63327244848083]]]}},{"type":"Feature","properties":{"fillColor":"#bde7d1"},"geometry":{"type":"Polygon","coordinates":[[[12.219503258121756,63.60263442386358],[12.660067751929091,63.85635606232279],[14.501076393313326,65.57363178914892],[15.279508472191992,66.18771074539688],[15.941131422258877,66.67921482788324],[16.27560369308364,66.94394909264449],[16.27560369308364,63.99706744452209],[15.903842789400755,63.77610396305033],[15.632656313208006,63.60263442386358],[12.219503258121756,63.60263442386358]]]}},{"type":"Feature","properties":{"fillColor":"#c6d1ed"},"geometry":{"type":"Polygon","coordinates":[[[55.234298702624926,74.36608887026273],[55.323326114086285,74.42137146064175],[55.36443710406354,74.4347000105821],[55.4155426049781,74.44108581448006],[55.43693542249463,74.4394226097042],[55.56697692407002,74.44402095788307],[55.56697692407002,74.33490408698722],[55.5444412244928,74.33692931818064],[55.419715883613435,74.34721374826364],[55.31666564994521,74.3519287101413],[55.25888824460918,74.35887145618386],[55.234298702624926,74.36608887026273]]]}},{"type":"Feature","properties":{"fillColor":"#fff9b9"},"geometry":{"type":"Polygon","coordinates":[[[12.460068700137162,56.2966613802317],[12.637221348448055,56.256107339576786],[12.718681347434384,56.22277833529404],[12.718681347434423,56.22277833529404],[12.718681347434426,56.22277833529404],[12.79923437442875,56.22589874945527],[12.830368055076008,56.253364549729724],[12.830368055075995,56.25336454972974],[12.830368055076075,56.25336454972981],[12.768274163072196,56.319986648220784],[12.73402689387052,56.35673140472056],[12.669998163311732,56.37999343414077],[12.632568369584874,56.39193726456324],[12.624304769561377,56.418331129015144],[12.631652331089327,56.433532882060014],[12.634373680164813,56.439163223015555],[12.676249522064058,56.46499634207413],[12.731387124148522,56.46680451755056],[12.794373497004063,56.44791029365987],[12.83277700706558,56.43972013564222],[12.852649670498412,56.43991851035888],[12.872360234997085,56.442493432764124],[12.874027256254891,56.44307059155879],[12.874027256254891,55.87554524266294],[12.681388836444626,56.06194305272777],[12.679648113329554,56.06357452529537],[12.663610450977707,56.07860563848574],[12.631676019556629,56.10042994371834],[12.620624539162407,56.10798263436175],[12.581109991314179,56.141662588450686],[12.460068700137162,56.2966613802317]]]}},{"type":"Feature","properties":{"fillColor":"#9cb3ec"},"geometry":{"type":"Polygon","coordinates":[[[48.961730958276895,80.73025512650574],[49.11693573055126,80.78887939415398],[49.18617248535161,80.79903011801198],[49.18617248535161,80.69262851603979],[49.0842872977935,80.70454146922431],[49.02110290630266,80.71192932133376],[48.961730958276895,80.73025512650574]]]}},{"type":"Feature","properties":{"fillColor":"#c6d1ed"},"geometry":{"type":"Polygon","coordinates":[[[57.41674117078372,74.17976696617453],[57.41674117078372,75.12789917004702],[60.85546709613618,75.12789917004702],[60.805267330421884,75.08081817346931],[60.76055145202736,75.03359222121543],[60.73665619010251,75.02499389984814],[60.7158279441818,75.02192687605094],[60.69360351648396,75.0202636712749],[60.297775267194766,74.99609374910682],[60.01666259673868,74.99999999695007],[59.99027251985672,75.00193786976234],[59.930198673088114,74.99726867679885],[60.07555389415705,74.97082519375846],[60.10471343844608,74.96693420481762],[60.154159545413734,74.96609497297857],[60.27693939182291,74.96443176040947],[60.4188842793767,74.96304321587678],[60.583328247078555,74.96720886506097],[60.609436034266025,74.96554565249187],[60.62943267779883,74.96081543171181],[60.66276550072325,74.94442748742546],[60.68249511346414,74.9272079485441],[60.58263397481221,74.86984252577986],[60.55554961787101,74.86219787801974],[60.534996032193305,74.85942077336824],[60.5127716044957,74.85748290834903],[60.48943328471529,74.85693359565556],[60.392219542251496,74.85803222883573],[60.246658326000045,74.85914612091813],[60.20373916388104,74.84644317818311],[60.261665347411906,74.8174896212833],[60.34082794081348,74.80303954980917],[60.36749267793863,74.78637695307265],[60.31860351311565,74.76054382612858],[60.2731895438327,74.7479095484544],[60.24304961896058,74.7430419897596],[60.05054474014963,74.72360229616447],[60.006942746044615,74.7199859596738],[59.87130737566957,74.62477111783886],[59.76374435668396,74.58901214501816],[59.70832824701239,74.58554076810032],[59.682495120068324,74.58720398066941],[59.655548093248626,74.58998107752768],[59.59860229809368,74.59776306320254],[59.57444000537669,74.60220337263007],[59.53472137076125,74.61137390283744],[59.488327028688445,74.62637329479827],[59.399162294898304,74.65693664252245],[59.28763580328882,74.64138030841713],[59.13957596125124,74.55248260541907],[59.1219329839318,74.54136658074111],[59.09318542221439,74.48324585010107],[59.1472167981824,74.43858337786497],[59.051933291286616,74.43887328921767],[59.02777099856962,74.4394226097042],[58.88582611101566,74.44720458758587],[58.783607479735394,74.46110534636654],[58.74874496353442,74.4740142842839],[58.736103056409206,74.49192810322467],[58.71693420443518,74.49971008110646],[58.2247085561678,74.57666015703853],[58.191947934290454,74.57523345745676],[58.181373592854754,74.55673980801771],[58.26277160766551,74.52970886502777],[58.32305144961657,74.51609802539286],[58.42443847850899,74.49971008110646],[58.61388397076695,74.42776489399091],[58.722213745701765,74.30303955311138],[58.7427673313793,74.26693725498666],[58.724159240172185,74.23580932787343],[58.57638549865817,74.17484283531417],[58.38471985168644,74.1310882599779],[58.251663204645695,74.13304138389952],[58.197212216654634,74.04470825249757],[58.216655728871785,74.00735473996184],[58.13582611207238,73.98526001293453],[58.1149978661515,73.98332214012208],[57.9449920674885,74.00082397649106],[57.86027145395502,74.03032684608428],[57.74518585063541,74.0574874897445],[57.733772277360686,74.06214904546385],[57.68960190083044,74.09248351744492],[57.60471725799272,74.13748169332706],[57.55957413033093,74.17484283531417],[57.533882144337326,74.18193054092944],[57.508605959537874,74.18331909325536],[57.46082305734626,74.18414306619201],[57.41674117078372,74.17976696617453]]]}},{"type":"Feature","properties":{"fillColor":"#bde7d1"},"geometry":{"type":"Polygon","coordinates":[[[47.49812812665776,45.56252767445788],[47.56733800092234,45.56252767445788],[47.5540925386305,45.54346249149933],[47.543670638447836,45.52846147232955],[47.49812812665776,45.56252767445788]]]}},{"type":"Feature","properties":{"fillColor":"#bde7d1"},"geometry":{"type":"Polygon","coordinates":[[[20.96860505239994,56.36360932405332],[20.999155664655547,56.52943087182458],[21.052227002850213,56.81748963045278],[21.057078448079842,56.829276546704904],[21.062288286635226,56.841934203924254],[21.091809615887815,56.85293858217218],[21.144996644859834,56.872764592704044],[21.224437704912003,56.906654342380236],[21.261386854199568,56.922767642330285],[21.33152853000853,56.96970062265939],[21.357912065640118,56.98735429210089],[21.37378996479637,57.003872693665876],[21.395690912147042,57.02665710862087],[21.409439085279185,57.049438493601606],[21.415550218968388,57.06944274869367],[21.415519393266724,57.074866664302824],[21.415412897516468,57.09360505244256],[21.411384582207805,57.12443544122209],[21.412494652124067,57.239021307852134],[21.417285920309546,57.28193284850641],[21.434160237395762,57.30290985206267],[21.500899812106887,57.366403336646314],[21.67694092530991,57.53388213398051],[21.70476602747752,57.558764164943156],[21.70582961121309,57.55971525303908],[21.706304100744983,57.56002218911341],[21.729022960549774,57.57471848307295],[21.754997272541917,57.58332823226527],[21.80221762691635,57.58915650243186],[21.85624693039601,57.59582518126231],[21.952473380488154,57.61095187543495],[22.09833144849068,57.633880606414266],[22.281387331929448,57.68471528900077],[22.480133052662,57.739574415414495],[22.58277512758441,57.755271918241824],[22.606904988317332,57.7490577644276],[22.584024415978362,57.689018247213916],[22.59457970081386,57.6376304460527],[22.594579700814087,57.637630446052455],[22.594579700814112,57.637630446052334],[22.643329629279425,57.58527372919369],[22.905273454195655,57.45471192278036],[22.966567337958143,57.42930169607262],[23.048485139504074,57.39534153918727],[23.048485139504074,55.27768184607241],[21.283148897095316,55.27768184607241],[21.289024354682606,55.28645706722728],[21.268656586239956,55.37155236618872],[21.245826711539202,55.46693419549405],[21.197494515937283,55.57499696407903],[21.155890997023178,55.6550614759253],[21.144163114873596,55.6776313734678],[21.144163114873542,55.677631373467854],[21.144163114873347,55.67763137346823],[21.11006546663629,55.714088457445214],[21.077079785341024,55.73276901426694],[21.062283900922903,55.771352711315075],[21.058330548435503,55.78166199397713],[21.05375824340048,55.81562619846418],[21.044719696755614,55.882766742274946],[21.044372541001408,55.913188922035886],[21.05999563395253,55.95124055313569],[21.06694223336888,55.98457335147032],[21.059164039707333,56.0559654077236],[21.05168534386125,56.077308653438386],[20.99555207414136,56.184574129104945],[20.979857037673042,56.22271637195837],[20.973606116172807,56.23790742719438],[20.97171453617676,56.285452350505885],[20.96860505239994,56.36360932405332]]]}},{"type":"Feature","properties":{"fillColor":"#c6d1ed"},"geometry":{"type":"Polygon","coordinates":[[[16.11145544052127,76.74035614481191],[16.11145544052127,76.97601173047475],[16.143329620267764,76.97581482074395],[16.176383974792543,76.97276305914392],[16.307220459838675,76.97164916788398],[16.449161529656976,76.97998046804219],[16.524511337512195,76.99157714988701],[16.498603822950997,77.00082397185093],[16.11145544052127,77.01921901796038],[16.11145544052127,77.44262200133359],[16.132217404617734,77.43969726729608],[16.19471740921807,77.43441772317618],[16.223049162471966,77.4349823024649],[16.300067902278556,77.4718627914022],[16.11145544052127,77.51670607960685],[16.11145544052127,77.76475085280816],[16.221382143801975,77.77082824553366],[16.687774659737443,77.79693603726861],[16.800552366343425,77.80693054065796],[16.992218016319157,77.90109253153679],[17.006107332022054,77.93136596500813],[16.980274201834504,77.93304443555661],[16.953884123236207,77.93193054429685],[16.88333130102575,77.92637634419134],[16.84277343530016,77.92137146161878],[16.732910156739536,77.89971160960744],[16.711315156066576,77.88345336795311],[16.700689314330646,77.86539458951302],[16.66471862960276,77.85720825378729],[16.444160462523257,77.84887695362892],[16.414718627886657,77.84832763609592],[16.29110717705504,77.8508148184074],[16.150272367618697,77.84860229764348],[16.11145544052127,77.84553203694003],[16.11145544052127,78.31456756784468],[18.826003789775328,78.31456756784468],[18.826003789775328,78.02871048506007],[18.784721373027992,78.02720642087388],[18.751663208625985,78.02777099460064],[18.690412521120777,78.0328979489721],[18.635551453556218,78.04553222442144],[18.601387023210464,78.05220031578688],[18.57916259747236,78.05470275985414],[18.55249786288846,78.05525207738714],[18.439994812267855,78.02943420339358],[18.41082763917865,78.02165222076815],[18.333885191465306,77.89833068767793],[18.370828629583343,77.87275695728215],[18.42416381634763,77.8569335922399],[18.44777297945427,77.84513092118698],[18.451662063047422,77.76957702628101],[18.29652404621055,77.51290893319947],[18.27763748437502,77.4991531356124],[18.236660003793133,77.49081421013801],[18.213882445083016,77.48887634535953],[18.011386871882394,77.49192810139795],[17.984300614722883,77.49665069710693],[17.96485709891448,77.5058288578557],[17.927494051502038,77.508331296361],[17.907497408283803,77.50610351384131],[17.778884890318466,77.49053954859068],[17.73832702459282,77.47109985378296],[17.657218935143135,77.42082214621541],[17.560829161744437,77.34637451169141],[17.41860580506267,77.1769256565762],[17.343399048358492,77.05546569617093],[17.315551755737488,76.96880340661573],[17.293331145438174,76.94999694675056],[17.272773743931737,76.94053649913843],[17.22138213954247,76.91720581301814],[17.048332216417577,76.85108947865257],[17.02694320495283,76.7697143529715],[17.047218325157814,76.76666259693309],[17.10319137626243,76.75513458186572],[17.180273054126133,76.72540282948779],[17.200967789187246,76.69942474599151],[16.997215273575648,76.59526062084535],[16.859161379631132,76.57415771724493],[16.822498320657132,76.56915283467237],[16.79860687068708,76.5677642818651],[16.748050691695084,76.56637573461956],[16.718605041619355,76.56666564679915],[16.612773897803265,76.57054138191774],[16.57194137609207,76.57499694695736],[16.336662294475218,76.65304565505272],[16.2941627485323,76.70150756964068],[16.239162445255545,76.71304321558586],[16.11145544052127,76.74035614481191]]]}},{"type":"Feature","properties":{"fillColor":"#c6d1ed"},"geometry":{"type":"Polygon","coordinates":[[[55.56697692407002,74.19717198815758],[55.56697692407002,74.28373657948852],[55.669021605799514,74.27220916680204],[55.70346450997749,74.26791381694738],[55.74186706815698,74.29282378808915],[55.664993286737,74.32609558319717],[55.56697692407002,74.33490408698722],[55.56697692407002,74.44402095788307],[55.893051150979204,74.4555511448566],[56.05027008294394,74.46360779077486],[56.16193389688203,74.4697113049782],[56.24971771559052,74.47581481918161],[56.281383515116886,74.48754882940693],[56.258049013958896,74.5010986334322],[56.00833130140779,74.54165649209381],[55.90443420644931,74.54693603336034],[55.70610046588507,74.55192565548134],[55.56697692407002,74.55989995183046],[55.56697692407002,74.65839545514065],[55.57166290376284,74.6597137471739],[55.648605350243656,74.67387389950227],[55.67818450655585,74.67873382874603],[55.77332306167182,74.68887329146315],[56.17471313412892,74.69775390252494],[56.497215273427855,74.68942260415662],[56.58499145489208,74.67858886917315],[56.61110687153075,74.6772003168474],[56.76110839720968,74.67359924705215],[56.785827639864465,74.67359924705215],[56.98458099245164,74.68714905107748],[56.94582366868764,74.70332336293711],[56.922492978358605,74.70637512003884],[56.899719237967304,74.70555114710203],[56.830551147710196,74.70277405024365],[56.81054687472613,74.69941711509387],[56.764022824189794,74.68928528182795],[56.729713439304476,74.68803405962393],[56.626655576184874,74.69219970880806],[56.6005477889974,74.69358825334075],[56.57652282640208,74.70401001354548],[56.55029296799552,74.7334289513824],[56.48429870605929,74.79303741721378],[56.324165347114445,74.79748534829946],[56.29972076470284,74.79776000854264],[56.22554779342232,74.79832458793157],[56.20249176333664,74.79721069584917],[56.17332458180317,74.79192352513138],[56.10471344148374,74.77998351972354],[56.059989925844945,74.77693176262193],[55.9880447387294,74.7744293182136],[55.93859863176175,74.77470397845696],[55.91360473665668,74.7785949673978],[55.817699433384405,74.80449676719593],[55.834991455948625,74.82471465702048],[55.920547482699305,74.84220886393825],[56.32138061301174,74.90554809244213],[56.47262955006562,75.01277160474575],[56.442489625193616,75.03221130613395],[56.41888427462129,75.03498840299238],[56.216384884872866,75.02082825066401],[56.1111068748329,75.00637817139682],[56.07416534486879,74.99748230143257],[56.053878782190395,74.99443054433078],[56.01055145612156,74.9899749760009],[55.98721313634138,74.98915100306425],[55.8891601542453,74.98858642367514],[55.86166381473214,74.99553680696215],[55.72887802489839,75.07624054171333],[55.74638366430332,75.1066436787554],[55.774673785444314,75.12789917004702],[56.44064003384499,75.12789917004702],[56.46749114974972,75.10359192165362],[56.459365846563855,75.06824493140493],[56.48054504723996,75.06137085042315],[56.50930023061534,75.0672073338344],[56.640407564563645,75.11456298675876],[56.66988449810289,75.12789917004702],[57.41674117078372,75.12789917004702],[57.41674117078372,74.18532562138707],[55.61993860392602,74.18532562138707],[55.58943176313073,74.19274902480373],[55.56697692407002,74.19717198815758]]]}},{"type":"Feature","properties":{"fillColor":"#bde7d1"},"geometry":{"type":"Polygon","coordinates":[[[20.461063236500237,67.102871049906],[20.461063236500237,67.35784339071243],[21.390113904132093,67.35784339071243],[20.461063236500237,67.102871049906]]]}},{"type":"Feature","properties":{"fillColor":"#bde7d1"},"geometry":{"type":"Polygon","coordinates":[[[25.95865224322889,60.25558371960237],[25.95865224322889,61.754451293815436],[28.868819346953707,61.754451293815436],[28.868819346953707,60.25995456704816],[28.617036417186785,60.37841346059487],[28.598329563161496,60.387214665790275],[28.446735391005078,60.54895401673745],[28.500308271876612,60.55126041446514],[28.5054817172235,60.55148313951554],[28.522706984115725,60.52357866166207],[28.563884720454727,60.499717714040074],[28.57457780334116,60.4941237925342],[28.581939684566798,60.49027253783514],[28.626841166052955,60.47328378201894],[28.656105037941604,60.46221161341103],[28.68249510834165,60.45388030117462],[28.704451858466005,60.460486264976005],[28.705736154331635,60.46087266150328],[28.732494363915997,60.67721558236443],[28.730966561136583,60.71624375598018],[28.730966561136224,60.71624375598031],[28.730966561136224,60.71624375598035],[28.71603757057417,60.721633624390066],[28.676731091691266,60.73582458713125],[28.4105510529054,60.66513059772324],[28.388885506348103,60.649021130540284],[28.38561245077853,60.63408564997636],[28.383466709711858,60.624294287345485],[28.36111846028395,60.60839318644944],[28.341106429321133,60.59415433859278],[28.23036591794174,60.55729443629392],[28.146663666801526,60.529434200136734],[28.020322781906092,60.527999893637414],[27.84183704785962,60.52628068411877],[27.823886864519643,60.52610778444015],[27.80783082378213,60.54640197478855],[27.807655408557633,60.54673330431447],[27.80666349465382,60.54860686098308],[27.778190605873142,60.571311939061836],[27.77819060587302,60.57131193906182],[27.778190605872847,60.57131193906196],[27.762199639360187,60.56913208972975],[27.742567051881363,60.56645582355983],[27.73657956551511,60.54443323847514],[27.7341652012506,60.53555296064467],[27.73805236234065,60.511383068791815],[27.47305297057982,60.47638704325139],[27.29555510225564,60.50388335080085],[27.284747539003355,60.5171755263723],[27.27138710742867,60.53360746371626],[27.25460106980139,60.54972279204623],[27.219163879255113,60.58374404074277],[27.024511321148058,60.53152464533594],[26.90527723757678,60.47610473481415],[26.762960551108904,60.446583556311616],[26.666942597835106,60.426666263347855],[26.56361008288602,60.42805480893479],[26.55993907929557,60.429034581223384],[26.50013543877217,60.44499587036385],[26.497862918338704,60.44840999018831],[26.478227614898003,60.477909077523286],[26.569997795220004,60.57985687965248],[26.570676250840037,60.5803506963038],[26.594997423007126,60.59805295926811],[26.623054514664847,60.60694122284599],[26.65860938857273,60.60819244698094],[26.695693962286295,60.591938031526944],[26.745390000737064,60.576670405732365],[26.749719636143503,60.57534025437073],[26.721942917182645,60.617774944637304],[26.691942225622455,60.64249803249463],[26.691942225622284,60.64249803249464],[26.691942225622252,60.64249803249467],[26.68603514109835,60.64307812134333],[26.652358997690545,60.64638519358487],[26.612311019207283,60.63878240635966],[26.611387262887124,60.63860703863784],[26.60106031656457,60.62964143152303],[26.546089189659437,60.58191681757704],[26.52694320332098,60.565277112275105],[26.456386574080035,60.49680330141435],[26.461148949363793,60.482640670598975],[26.46937179433537,60.458187092154176],[26.473192211082807,60.42763517904539],[26.41652680621844,60.391662610988995],[26.221630514366417,60.3932627256877],[26.14611055356207,60.39388275082108],[26.105136883017654,60.3197860775293],[26.091624457249985,60.30659498630378],[26.07874870964347,60.294025432606375],[25.97156548596507,60.259717123240556],[25.95865224322889,60.25558371960237]]]}},{"type":"Feature","properties":{"fillColor":"#c6d1ed"},"geometry":{"type":"Polygon","coordinates":[[[55.14171600586843,74.26643371900042],[55.216659543927335,74.30470275788741],[55.55832672437111,74.28471374380575],[55.56697692407002,74.28373657948852],[55.56697692407002,74.19717198815758],[55.52443695150879,74.20555115040423],[55.294998172185274,74.23970031681426],[55.266105650894986,74.24331665330493],[55.2418823225683,74.25559234677257],[55.22837829525025,74.25492859231105],[55.20355224807173,74.2522582999764],[55.19004822075368,74.25175476399016],[55.17471695156223,74.2524261479029],[55.14171600586843,74.26643371900042]]]}},{"type":"Feature","properties":{"fillColor":"#fff9b9"},"geometry":{"type":"Polygon","coordinates":[[[8.115866897119872,53.507181280679816],[8.115866897119872,53.60489633308693],[8.161248210739245,53.55867766792875],[8.166596430266395,53.52888487493004],[8.129443176469351,53.5097160468502],[8.115866897119872,53.507181280679816]]]}},{"type":"Feature","properties":{"fillColor":"#c6d1ed"},"geometry":{"type":"Polygon","coordinates":[[[55.00683402965984,70.59768288165704],[55.00683402965984,71.98095703170063],[55.328594345110446,71.98095703170063],[55.32247161951296,71.94859313981522],[55.60060177096299,71.67748772235974],[55.67498779236473,71.60498046890359],[55.682289449469486,71.5989075179104],[55.70971679732728,71.57609558124653],[55.852218627130085,71.48081970195821],[56.033882141498914,71.34387207017848],[56.041107177846285,71.32360839883836],[56.05693817277828,71.29248046795136],[56.07694244349609,71.27499389562279],[56.1972122202789,71.21026611185202],[56.22804260141966,71.19413757356446],[56.27526855512947,71.17248535271857],[56.3199758526479,71.15339876456424],[56.3199758526479,70.70069152528605],[56.271114349112736,70.66699981712156],[56.27111434911276,70.66699981712155],[56.27111434911261,70.66699981712145],[56.27942578751192,70.66266884903186],[56.282783507563806,70.66091919058522],[56.29721601633709,70.65941612966566],[56.30036544790929,70.65908813488738],[56.30358081260809,70.6589325788464],[56.3199758526479,70.65813940365193],[56.3199758526479,70.56573571001911],[56.16360473693129,70.59026336718802],[56.1083455965942,70.58627291042171],[56.032386778280554,70.58078765714689],[56.000599528058466,70.58068278960478],[55.875129698768205,70.58026885909771],[55.70854186885606,70.61911010891652],[55.709663390471,70.63940429572136],[55.73133087224458,70.6380157462156],[55.778297425332084,70.63191223148317],[55.77829742533209,70.63191223148318],[55.7782974253322,70.63191223148317],[55.78551045827631,70.65138815654225],[55.78582763549887,70.65224456741196],[55.78582763549889,70.65224456741203],[55.751358031158645,70.69773864867278],[55.634368896899616,70.72967529369612],[55.43987760406559,70.74543797869133],[55.40702819889561,70.74810028206971],[55.35595608197821,70.72454698260192],[55.24942016597612,70.67541503967254],[55.237277087889,70.66278046119409],[55.23273849574726,70.65805816605734],[55.253578187224896,70.63069152981481],[55.271926083664134,70.62321507801113],[55.27233886807812,70.62304687547157],[55.279590607162724,70.61678924605944],[55.29179001004999,70.60626220676205],[55.26829528781046,70.5832061754827],[55.24245496817008,70.57091277534752],[55.206329345318835,70.55372619472378],[55.204738383778476,70.55359396841926],[55.18631744413733,70.55206298686346],[55.164924620718296,70.55317688120982],[55.142143250988966,70.55567932186665],[55.00683402965984,70.59768288165704]]]}},{"type":"Feature","properties":{"fillColor":"#bde7d1"},"geometry":{"type":"Polygon","coordinates":[[[28.831982323333435,68.4606093433725],[28.831982323333435,70.07456332522335],[28.832775106072404,70.07443237627422],[29.263053892830953,70.01277159871512],[29.394721975108666,70.00166319530484],[29.52471924207663,69.98721312256043],[29.640274063118966,69.97360230959504],[29.666248336396222,69.96416472149451],[29.73485946870892,69.90749358683752],[29.77152441253287,69.83457945759733],[29.71666335037844,69.73860167365365],[30.129037851088867,69.76181794216126],[30.15805433459923,69.85194398168227],[30.172498716265636,69.87540434710417],[30.301387771628583,69.8797149708505],[30.634441383075455,69.81304933546636],[30.854839332468202,69.79231263477237],[30.921382900037997,69.78804014511962],[31.240829453856634,69.75776670768147],[31.40583037318362,69.71609497029164],[31.541646941558497,69.69696044353873],[31.727771748453335,69.6808166363138],[31.773887636989684,69.68109131793244],[31.79860878910597,69.68897245428963],[31.76082994259906,69.71165465191217],[31.72638320286643,69.7180480940388],[31.69151307790736,69.73215484379574],[31.71420859342652,69.82465363695337],[31.936521532472682,69.96443177629448],[32.01277160125437,69.96360777015292],[32.03555298623513,69.96192932802455],[32.05582429612713,69.9594268797548],[32.35777283717567,69.87858581453003],[32.46865083102796,69.84745790239026],[32.704162579968965,69.79721067842019],[32.91693878227119,69.77665709880534],[32.936935410544606,69.77415465053559],[33.01744186675003,69.76044876915087],[33.01744186675003,69.61060085335262],[32.92749023434004,69.58859252477498],[32.894996657069385,69.58276366080838],[32.870525370374764,69.58186338647954],[32.82666016766069,69.58415220639534],[32.32610322733177,69.64054869814822],[32.11027525223682,69.67581177848876],[32.026393873805205,69.63653563647699],[32.0638809267449,69.61303709824654],[32.09999848178694,69.59414674583746],[32.21360780590072,69.58998107036177],[32.38638304740806,69.57832338114372],[32.40637971439628,69.5758209328738],[32.429019945158245,69.57012939035917],[32.49455642422197,69.50540925190342],[32.825271622073785,69.48803710099963],[33.01744186675003,69.47281142862887],[33.01744186675003,69.45121685767447],[33.00849150147269,69.43578340426615],[32.97266388168674,69.38790130711402],[33.01744186675003,69.39560698751923],[33.01744186675003,69.04334147408242],[33.01059723902415,68.96716308986629],[33.01744186675003,68.96570868238528],[33.01744186675003,68.80591051383243],[33.010790435728666,68.80591051383243],[32.411250993378076,68.77961499001844],[31.20603497970052,68.61322918076763],[29.80574625704662,68.51702062548657],[28.831982323333435,68.4606093433725]]]}},{"type":"Feature","properties":{"fillColor":"#bde7d1"},"geometry":{"type":"Polygon","coordinates":[[[33.01744186675003,69.45121685767447],[33.01744186675003,69.47281142862887],[33.0294151172979,69.4718627864998],[33.01744186675003,69.45121685767447]]]}},{"type":"Feature","properties":{"fillColor":"#bde7d1"},"geometry":{"type":"Polygon","coordinates":[[[22.900276184475114,59.80680082957176],[22.934719091440392,59.84055329651071],[23.048485139504074,59.86941103607892],[23.048485139504074,59.817387736277595],[22.900276184475114,59.80680082957176]]]}},{"type":"Feature","properties":{"fillColor":"#c6d1ed"},"geometry":{"type":"Polygon","coordinates":[[[55.774673785444314,75.12789917004702],[55.803329467251274,75.1494293215818],[55.925685883015205,75.19386291807501],[56.03388213865753,75.21388244996149],[56.05582427666076,75.21582031498065],[56.078605654296325,75.2141571024116],[56.09971618991159,75.20971679298424],[56.11943817320122,75.18609619130251],[56.13999175887875,75.15304565807247],[56.161376954737364,75.14860534864516],[56.18832397376383,75.14721679631941],[56.20999145152393,75.1494293215818],[56.23971557520207,75.15470886284851],[56.28472137274218,75.16859436272676],[56.324851989929584,75.18387603658874],[56.354713443729224,75.1891479484043],[56.38402175842026,75.17915344525994],[56.44064003384499,75.12789917004702],[55.774673785444314,75.12789917004702]]]}},{"type":"Feature","properties":{"fillColor":"#bde7d1"},"geometry":{"type":"Polygon","coordinates":[[[23.048485139504074,39.332712199333045],[23.048485139504074,39.509217541924585],[23.11805345054982,39.45693969873395],[23.138053911589925,39.43999480453844],[23.26319312731476,39.326385480424534],[23.27638624613137,39.30999757628537],[23.28804645943137,39.29070123652925],[23.327497468647852,39.22541425952658],[23.34367751294045,39.18180085797527],[23.324803046177852,39.15686111057281],[23.32055284368722,39.15124511209944],[23.29494613216026,39.14095838642953],[23.206108092561074,39.10527037778223],[23.161109939474628,39.093605023030285],[23.122497562981447,39.087776197778716],[23.084165559184736,39.085758226714866],[23.065177916443655,39.1043968166759],[23.077150357115062,39.1424942086882],[23.077298759847448,39.14241138160253],[23.09844780320223,39.13060759876376],[23.101942960900256,39.11606741880811],[23.10409544311546,39.107112893300325],[23.104095443115476,39.10711289330033],[23.104095443115522,39.10711289330014],[23.174442276769238,39.130271902595126],[23.212081904798307,39.15222169333042],[23.221525183976876,39.18228912923318],[23.22152518397687,39.18228912923319],[23.2215251839769,39.18228912923329],[23.178607952244835,39.25555420827975],[23.162080752198168,39.2723579482562],[23.150647258146623,39.281575022573854],[23.12124823587239,39.30527494946824],[23.048485139504074,39.332712199333045]]]}},{"type":"Feature","properties":{"fillColor":"#bde7d1"},"geometry":{"type":"Polygon","coordinates":[[[17.228150932054437,43.867054836819015],[17.228150932054437,45.56252767445788],[23.048485139504074,45.56252767445788],[23.048485139504074,42.43041138540981],[23.03698339647018,42.41954976156216],[22.84872131692465,42.20044342926918],[22.774469946014637,41.987672206645065],[22.789176304183982,41.82814220232799],[22.82965946379859,41.56860356972143],[23.048485139504074,41.07347917159764],[23.048485139504074,40.32791897510568],[22.899440757462227,40.39665985663292],[22.843608843869706,40.47499847358747],[22.85486116033846,40.48767994610635],[22.868747728849712,40.50333024686381],[22.874935437010354,40.50350020283197],[22.888885511341638,40.50388336543859],[22.922222142443115,40.51249694739769],[22.94384832160545,40.518889948551866],[22.946662921862814,40.519721983769855],[22.94894154026389,40.52192965528875],[22.977046967529954,40.54915999419578],[22.97704696752988,40.54915999419597],[22.977046967529894,40.54915999419598],[22.94492722052166,40.626522068634685],[22.911539488811275,40.64028323696469],[22.901454934474184,40.644439711294034],[22.87983283407583,40.63571269084131],[22.863262187870404,40.62902451690441],[22.806405459240114,40.589395235653214],[22.704441082315935,40.5183258113642],[22.62999725327001,40.38304900495251],[22.59938374835257,40.295601019617635],[22.548191066399898,40.149368273229626],[22.548191066399944,40.14936827322942],[22.548191066399934,40.14936827322939],[22.553958240225167,40.12368867709506],[22.5688858002334,40.057220468592966],[22.56888580023347,40.05722046859284],[22.568885800233506,40.05722046859269],[22.594997394962814,40.01221464997269],[22.615833283015146,39.995552064214706],[22.625825886716466,39.98917008167349],[22.702844638167637,39.95791243618564],[22.856872539795482,39.78138731632575],[22.860553738065068,39.75110625206881],[22.866247177605555,39.726524357145365],[22.866247177605572,39.72652435714532],[22.866247177605633,39.72652435714507],[22.913055403194488,39.61888884526838],[22.92694283351941,39.58902357813423],[22.933466641920717,39.58315815837146],[22.942081449264528,39.575412765168636],[23.023054106148372,39.52832796093519],[23.028977446614725,39.52387680408793],[23.048485139504074,39.509217541924585],[23.048485139504074,39.332712199333045],[23.042261784442513,39.33505887994924],[22.995277387187162,39.352775589539554],[22.940830225129606,39.35936736766802],[22.940830225129524,39.35936736766796],[22.940830225129513,39.35936736766796],[22.823886858500263,39.266105660348295],[22.82216965385094,39.25972088210295],[22.817499146166146,39.2423553596705],[22.82360838282942,39.212219243684466],[21.581514751497327,40.16283972103267],[20.928556917525306,40.76201175556185],[20.149235172336798,41.471787282751926],[19.951370825309823,41.70189057137989],[17.763726487532686,43.48561552495507],[17.500351762365668,43.66628172716837],[17.228150932054437,43.867054836819015]]]}},{"type":"Feature","properties":{"fillColor":"#bde7d1"},"geometry":{"type":"Polygon","coordinates":[[[33.01744186675003,69.04334147408242],[33.01744186675003,69.39560698751923],[33.32694242637086,69.44886781187972],[33.45749664468042,69.44413755824382],[33.51617432953043,69.42247774147967],[33.538185134815535,69.2041931177422],[33.51665876802173,69.181365971849],[33.31415558083239,69.11581420043285],[33.273048382887964,69.10386657595842],[33.2369384933794,69.09999083573916],[33.19609831152013,69.09776306908799],[33.12165831524101,69.0908203024386],[33.07638548053568,69.08082580171119],[33.043327325105,69.0704116710944],[33.01818847883993,69.05165101331852],[33.01744186675003,69.04334147408242]]]}},{"type":"Feature","properties":{"fillColor":"#bde7d1"},"geometry":{"type":"Polygon","coordinates":[[[24.256385801781107,70.77089689289716],[24.263814942662748,70.83450316738498],[24.39333152647646,70.86569213278943],[24.411386490588143,70.85353087996083],[24.473052959225413,70.81513213182166],[24.57823371948541,70.79212190356407],[24.598983776790874,70.7879562280886],[24.643123622408723,70.79631042078125],[24.60805512273305,70.8563842780369],[24.57471849163153,70.93470764135407],[24.588470458815607,70.96096039030209],[24.646522779916836,70.96962082395645],[24.646522779916836,70.69397152371084],[24.55699922368848,70.72814942563292],[24.5429992493938,70.73040769955901],[24.507665630658778,70.73115539879842],[24.39916612023569,70.7502670450952],[24.256385801781107,70.77089689289716]]]}},{"type":"Feature","properties":{"fillColor":"#bde7d1"},"geometry":{"type":"Polygon","coordinates":[[[-24.059532167295345,64.89088439738731],[-23.94361114758584,64.91665649395281],[-23.87222290088141,64.92471313493166],[-23.833889008083474,64.92721557739026],[-23.81583404754707,64.92248535210183],[-23.77722549512032,64.91194153004585],[-23.75111389360518,64.90470886229883],[-23.716667174723284,64.8972167963044],[-23.695556641366124,64.89305114600057],[-23.670001981317625,64.89138793815533],[-23.649444578322687,64.89221191138739],[-23.63416671987369,64.89555358845917],[-23.547502520272644,64.91832732966151],[-23.537223813120647,64.92915344486426],[-23.52250290179279,64.94082641688948],[-23.503890988480943,64.94692992901285],[-23.190002439731586,65.0158233667766],[-22.975975035087288,65.0109634395373],[-22.95958518794845,65.00402069280051],[-22.615140916646794,65.0227661135134],[-22.59638976796822,65.031097414121],[-22.565002438666,65.04193115153294],[-22.52527999765158,65.0511016867539],[-22.347557067006335,65.05120849380563],[-22.328058240693736,65.0492172256329],[-22.300558090962,65.04521179438825],[-22.270057680315006,65.03808593934747],[-22.23789024506374,65.03254699655412],[-22.146667478201323,65.02665710418847],[-21.949169161716895,65.02583313095647],[-21.835834502272746,65.03027343523468],[-21.80619931271302,65.05508458732635],[-21.80619931271302,64.59596148187416],[-21.95250320527083,64.55166625862415],[-22.04097557039512,64.51374053851038],[-22.07630729672553,64.48223876863864],[-22.166528704362975,64.45374298199329],[-22.177780153529284,64.45555114751636],[-22.20472335613988,64.46998596024764],[-22.352432249972537,64.55860137749744],[-22.38182258879084,64.64010620108797],[-22.326667786925043,64.68943786711588],[-22.313892365280196,64.69360351741966],[-22.29972457865989,64.70443725483159],[-22.32514190889418,64.75762939442626],[-22.407222746437014,64.81248474186611],[-22.535835264330046,64.80444335661423],[-22.677501680255773,64.79998779095473],[-22.95138931160284,64.79582214630523],[-23.047639846972743,64.794853209741],[-23.14083480952189,64.79832458310949],[-23.165557862820606,64.80082702556808],[-23.200557706410166,64.80776977795921],[-23.252780915095116,64.82138061745837],[-23.26667022532746,64.8241577138914],[-23.286945340830243,64.82624816690668],[-23.392223359295485,64.82304382530361],[-23.527225493563208,64.81109619364963],[-23.630836487424233,64.77165222336856],[-23.632362365455094,64.75624084620972],[-23.645000457285562,64.74415588474142],[-23.663612364942935,64.73777770733471],[-23.83597373878763,64.72596740549511],[-23.847503664341673,64.72749328352597],[-23.905002595159033,64.74054718155872],[-23.91805648753717,64.74665832720001],[-23.945003506906858,64.76470947097744],[-24.018890379310903,64.82582092173664],[-24.049167631129933,64.85527038356486],[-24.059532167295345,64.89088439738731]]]}},{"type":"Feature","properties":{"fillColor":"#fadfa4"},"geometry":{"type":"Polygon","coordinates":[[[-5.080496843371122,36.4463877788822],[-5.080496843371122,37.52719467510414],[-4.928376681977511,37.535175593364386],[-4.28031675624851,37.597292825285365],[-3.709559295665201,37.68426114618029],[-2.569621653641377,37.88306426717219],[-2.058321465832478,37.970048679087085],[-1.221652276170744,38.04461064564754],[-0.670159452356984,38.047834222486074],[-0.750555639946185,37.889717106331034],[-0.760000041854369,37.85943983612606],[-0.761015647619843,37.8459548850272],[-0.801388967514015,37.80138398864909],[-0.841944440617169,37.7488861175716],[-0.858333351341685,37.71554948647014],[-0.809444552831735,37.66096879701229],[-0.78694450841806,37.64777374245483],[-0.721631955849432,37.63936995608316],[-0.702500061703972,37.62444307166629],[-0.723472303337871,37.6022186380269],[-0.744166727452921,37.59388732579055],[-0.918333418158227,37.551799791278086],[-0.952500094912466,37.55583190063879],[-0.977916719981692,37.5748596132147],[-1.048333395163183,37.579162610142134],[-1.238611217788957,37.57527161628542],[-1.327500086653117,37.55805207918593],[-1.350833428764133,37.549438458511986],[-1.448333401839193,37.49096681391222],[-1.467361230559504,37.472358692510966],[-1.48472238645553,37.438606264286875],[-1.509444467727519,37.421943678528805],[-1.567777861719776,37.39971924488958],[-1.633415231593744,37.37686155300668],[-1.643611204222964,37.372772223148104],[-1.684027923425845,37.34597014967727],[-1.79458342286199,37.22749328919019],[-1.81326401839857,37.19041444526948],[-1.823611249813439,37.15083311436399],[-1.826666700513556,37.12499620125351],[-1.846666813120407,37.081939712328676],[-1.902222380357273,36.97222138207161],[-2.06152796311784,36.779785169744855],[-2.12291692395462,36.73346711244005],[-2.192083342871797,36.72041321210145],[-2.217222692429516,36.74555205836651],[-2.231111516487715,36.764442449490446],[-2.291319598010091,36.82561874984356],[-2.347083567101038,36.840549467027245],[-2.481944576389992,36.82999422090654],[-2.557916866367407,36.813053120762845],[-2.584305775323003,36.78652572891099],[-2.598333585570344,36.758605958705175],[-2.61111141055693,36.72957991263519],[-2.644861477177358,36.697776775391276],[-2.69250009685237,36.68527219957542],[-2.722500323834709,36.68166351415613],[-2.768888958248908,36.678329471640836],[-2.87347246504396,36.706592564833954],[-2.892083644915772,36.7291603214606],[-2.923472649773942,36.747356401076104],[-3.124999991313814,36.750274646468824],[-3.230833522084538,36.74805450663632],[-3.259166727809314,36.74694060395337],[-3.336944831659423,36.73721695207814],[-3.359930747012584,36.719509143720586],[-3.425555689430666,36.693607344578595],[-3.460000261133473,36.691940323320864],[-3.483194578340601,36.69555284150698],[-3.529444691143453,36.71582794545117],[-3.601527923004994,36.74638365261194],[-3.848889347936108,36.75249482501596],[-4.399861805539842,36.72145460193411],[-4.435555936640526,36.69707870854592],[-4.461944574592394,36.655830395097496],[-4.490139490994693,36.61527252167582],[-4.63972235103563,36.50832748854077],[-4.711528307385606,36.48819350010058],[-4.757778652477384,36.485691051830656],[-4.787917130067342,36.48874665739015],[-4.822917452952368,36.497634882253124],[-4.852500914941572,36.50083160331644],[-4.878055558329436,36.50083160331644],[-4.913888946622819,36.498886106388056],[-4.940000541352163,36.49166107001588],[-5.080139154344124,36.446521762710745],[-5.080496843371122,36.4463877788822]]]}},{"type":"Feature","properties":{"fillColor":"#fff9b9"},"geometry":{"type":"Polygon","coordinates":[[[34.61790347204504,44.77576852834661],[34.61790347204504,45.803930483296334],[34.64915466718246,45.78555297579541],[34.93595886269304,45.646488195652],[35.07068634458197,45.55110170309151],[35.082260872119924,45.52920896920203],[35.08456800639931,45.52484512137664],[35.08701666041933,45.50832241533108],[35.09359359142918,45.463943463927606],[35.07609557865897,45.447761522608864],[35.04595566862086,45.43609620657194],[35.03204682199599,45.43059689726321],[35.0137405283063,45.42335891599771],[35.01374052830632,45.42335891599768],[35.01374052830627,45.42335891599766],[35.05873872010753,45.36540221716409],[35.10153314923708,45.33992046653581],[35.12054823998949,45.32859801614717],[35.126150382443,45.326983240427865],[35.13304139493469,45.32499695754666],[35.33859252214992,45.28610993814941],[35.33859252214992,45.28610993814943],[35.33859252214995,45.28610993814942],[35.34304046734826,45.332496636822896],[35.232200607589505,45.44304656132539],[35.14693451633758,45.52748872386542],[35.07404326755352,45.604385368787234],[35.05403901246149,45.619468699775155],[35.022788993792346,45.65663147741685],[35.015319698269636,45.66671856197628],[35.0099563486265,45.673961622745274],[34.97126713185601,45.72540140574047],[34.96038055570847,45.73987580355299],[34.91087340415919,45.80273817285314],[34.8619727976303,45.868297571087965],[34.85227202621127,45.889102951865425],[34.759622089342194,46.00532714153054],[34.854351815411334,46.00532714153054],[34.87244035469301,45.965686781074794],[34.879061091211234,45.9444510801755],[34.879611964619244,45.94268417963599],[34.881533373814875,45.93860467124452],[34.90193937966879,45.89527893287123],[34.9243393075685,45.85708235350067],[34.979423521921845,45.753318787791386],[34.98112488322121,45.751441970946374],[34.99109650349233,45.73332978633679],[35.053878771838455,45.65386963988039],[35.07082366603396,45.63457107845248],[35.24916075542242,45.44664765864072],[35.319297793488786,45.37693404451581],[35.359710679924945,45.351104719509195],[35.38276670780965,45.338592516874535],[35.45790480964904,45.29846573292785],[35.48894882678279,45.288185129711074],[35.50606444860833,45.28965728715954],[35.545539860485746,45.29305266608401],[35.61121006372774,45.30836994278367],[35.62741983028289,45.31215079722455],[35.62741983028289,45.11368888175406],[35.59304046184201,45.11915589507527],[35.56235122728111,45.12053681384339],[35.562351227281106,45.12053681384339],[35.5623512272811,45.12053681384339],[35.56204136033699,45.12051880204408],[35.52658462204516,45.11845778951505],[35.428878802293866,45.074157703273954],[35.148876180499315,44.891937246847476],[35.14887618049926,44.89193724684742],[35.14887618049919,44.89193724684737],[35.14640246012816,44.88930250814139],[35.133872989180134,44.87595747429748],[35.00330718600662,44.834805518036596],[34.99839018123308,44.8332557679454],[34.99209544616066,44.834391146744075],[34.96414948175084,44.83943174895131],[34.72415161480319,44.80929567167999],[34.61790347204504,44.77576852834661]]]}},{"type":"Feature","properties":{"fillColor":"#bde7d1"},"geometry":{"type":"Polygon","coordinates":[[[18.475535936289035,63.60263442386358],[18.831083788770968,63.83454209154911],[19.650668953688808,64.1605803135875],[21.053491923734555,64.81760769233671],[21.11608124573371,64.79009245020575],[21.13750648942846,64.78556061000154],[21.15520667096723,64.78559111727645],[21.19287301221931,64.78968048585],[21.25833128735502,64.7774963525651],[21.303400056265673,64.76165769551909],[21.297357563945127,64.66291044722033],[21.273469941814824,64.66832734683078],[21.238887777656373,64.68527220231147],[21.163309101212008,64.7080840945672],[21.14899445289376,64.70893098116483],[21.134443295765152,64.70583344745972],[21.119165422827336,64.68436430116395],[21.27138518769368,64.61526489759319],[21.364650727780145,64.59908295627457],[21.46527479292382,64.57554628395053],[21.55416490066233,64.53248596225893],[21.58499908349387,64.43971252619735],[21.458053589318467,64.36109922762375],[21.390552526922136,64.33526610856529],[21.317775719133806,64.30846403509446],[21.272289294789346,64.29693604050959],[21.247774105493534,64.30721281095947],[20.963747039871517,64.1427002016053],[20.90499877791217,64.04943849428554],[20.895553601707604,64.00248717873723],[20.79388810801629,63.88638307188694],[20.774024968428023,63.867080677692286],[20.72861097950414,63.84805296511638],[20.638332364893643,63.81333162119478],[20.53499984994454,63.799163818173156],[20.41569135649746,63.69444275763709],[20.380762114014374,63.67409134679099],[20.316665632527872,63.65999601790469],[20.263885491727763,63.6658325086899],[20.099998475083737,63.6558303811438],[20.01194383307245,63.63582612605177],[19.89624785781126,63.607772828445945],[19.887897488710273,63.60263442386358],[18.475535936289035,63.60263442386358]]]}},{"type":"Feature","properties":{"fillColor":"#fff9b9"},"geometry":{"type":"Polygon","coordinates":[[[38.915268872594496,44.16864967324294],[38.915268872594496,45.70432063397727],[39.331173367586075,45.413972957135115],[40.34330655980591,44.64824040537775],[40.99647195121986,43.68375732019939],[41.25009723577953,43.15370176555146],[40.30909265407798,43.21178846812563],[40.271930686836924,43.24679566737922],[40.25443267406678,43.27443696191426],[40.224603916439385,43.309216101132655],[40.218437186839125,43.31640626137901],[40.21843718683909,43.31640626137902],[40.21843718683908,43.31640626137903],[40.109153740109036,43.35388185473323],[40.05138395640654,43.37026975887238],[40.00296782708392,43.379264836627385],[39.94553373955023,43.39693451089124],[39.91690064886154,43.41293716389748],[39.89256285085207,43.46526716753311],[39.87457277277184,43.49095917108775],[39.85199572688119,43.50601543968497],[39.845405572483116,43.51041030760505],[39.81837559460158,43.52699108694716],[39.69664764773944,43.601661670679675],[39.58998871709366,43.674705494553166],[39.47192382096273,43.757766738325074],[39.457071341355146,43.76888678299466],[39.45429990761119,43.77096175416757],[39.45176130829313,43.773613626268386],[39.416938793967745,43.80998992778365],[39.39192964233581,43.84387971617468],[39.37679292361685,43.85971070768721],[39.28694152699978,43.92694092123156],[39.05165862133555,44.080268858988234],[38.915268872594496,44.16864967324294]]]}},{"type":"Feature","properties":{"fillColor":"#fff9b9"},"geometry":{"type":"Polygon","coordinates":[[[15.950984385531306,68.7771524649829],[15.85416603087953,68.6436004637572],[15.846666335961498,68.6230468748152],[15.846666335961583,68.62304687481523],[15.846666335961572,68.6230468748152],[15.894032598729641,68.63866964180579],[15.976387024077738,68.66583251940403],[16.09083175643891,68.73220825157806],[16.090831756438995,68.73220825157826],[16.28267875148066,68.55235593502698],[16.26652272772773,68.55158493622328],[16.23305511475216,68.5499877926463],[16.229384465987092,68.54907044565446],[16.221942901329157,68.54721069349887],[16.133609771416104,68.51693725591878],[16.09379584104886,68.50171199770065],[16.082775116093412,68.49749755864254],[16.080010409475594,68.49444009471733],[16.072219848908674,68.48582458458088],[16.04999923727371,68.463043213118],[15.956249237208965,68.3787460325841],[15.933053970062304,68.36943054200714],[15.911109924346306,68.36416626003233],[15.58888816802164,68.30499267603375],[15.488613250096352,68.3226171297947],[15.426109313566196,68.33360290532113],[15.434670890018186,68.37248821121229],[15.439443587909523,68.39416503889356],[15.44111061060255,68.4149932857436],[15.24798837414825,68.33673895365222],[15.111387252970333,68.28138732922531],[15.10588405957111,68.27927986530017],[15.101943969440413,68.27777099631999],[15.032892984415716,68.25158605038021],[15.02722167978986,68.24943542494043],[15.014999389912077,68.2474975587399],[15.001110076530722,68.2463836670741],[14.986665725732792,68.2474975587399],[14.985860531725798,68.2550077892001],[14.984998703039789,68.2630462643918],[14.99103586767148,68.28095694929863],[14.997499466036743,68.3001327513092],[15.029015228843756,68.32341826553566],[15.084165573256607,68.3641662600323],[15.243610382326148,68.47305297888721],[15.451737567409845,68.65128924222776],[15.458332062169745,68.65693664530079],[15.449027061193817,68.72707366975658],[15.457221984904265,68.80609893789335],[15.632777213864417,68.94416046107469],[15.658609390404298,68.9522094726195],[15.68416595462526,68.95582580552488],[15.869720458942886,68.9641571045892],[15.886943816899352,68.96360778796245],[15.898887634468721,68.96054077168382],[15.908756256072705,68.95669555691818],[15.956665039282042,68.78498840352381],[15.950984385531306,68.7771524649829]]]}},{"type":"Feature","properties":{"fillColor":"#c6d1ed"},"geometry":{"type":"Polygon","coordinates":[[[35.29269420909091,63.82107653768206],[35.29269420909091,64.33646159235131],[35.32482909538027,64.32652283197297],[35.39872743267023,64.32051084692716],[35.42222597090068,64.32292173465748],[35.53860472065497,64.35552979163867],[35.5676155130875,64.39828492443655],[35.596675860484254,64.4040527351383],[35.63249205939934,64.3952636589188],[35.804161063757306,64.34290314800825],[36.27790834251141,64.1437454242049],[36.26721190345711,64.07916260720111],[36.26388548776043,64.01956939438475],[36.28249360916169,64.0097122151094],[36.47332002072869,63.97026824437074],[36.49846649381243,63.967071523307425],[36.52261354392408,63.96765898192376],[36.56054686254646,63.96804810453841],[36.596656790769885,63.96388242906272],[36.79693604407487,63.92874528801832],[37.08902357308125,63.89749526934918],[37.13916015010744,63.894439702504485],[37.17276763006089,63.88916016306081],[37.20373917305926,63.87929535696668],[37.245685592067844,63.84818649251639],[37.26805114121106,63.82360839164471],[37.27520372059294,63.82107653768206],[35.29269420909091,63.82107653768206]]]}},{"type":"Feature","properties":{"fillColor":"#c6d1ed"},"geometry":{"type":"Polygon","coordinates":[[[53.1702331876434,58.63327244848083],[53.1702331876434,63.82107653768206],[58.15495161822456,63.82107653768206],[57.832416071430146,63.582877844848156],[57.336728200821256,62.065925215849006],[57.23405083285519,61.720090718417225],[57.19444879515629,61.03097149419864],[57.584310810653164,59.95499350523204],[58.06749299524466,59.461968060606466],[58.81834024650061,58.977981089502606],[58.83750116676694,58.63327244848083],[53.1702331876434,58.63327244848083]]]}},{"type":"Feature","properties":{"fillColor":"#fadfa4"},"geometry":{"type":"Polygon","coordinates":[[[15.629581455463267,38.22929764858969],[15.654443723083716,38.24027252459996],[15.67894984722831,38.246539286917816],[15.715276700449373,38.255828873208515],[15.720019283251995,38.25618688038388],[15.737360018584809,38.2574958944661],[15.751321216503792,38.26274106683902],[15.76027678927662,38.26610564365851],[15.79472159326831,38.28152083804833],[15.7997834725621,38.28668557622578],[15.815277108624002,38.302494047552614],[15.895554524843988,38.451942451037894],[15.906110777549884,38.47277067355668],[15.92239759730478,38.52526475058215],[15.922538737692781,38.537422194380824],[15.92263793888182,38.54596711123445],[15.92263793888179,38.545967111234475],[15.922637938881792,38.545967111234575],[15.901157076885305,38.56916223339956],[15.894722001442855,38.57611085403934],[15.888478788777778,38.58215780347688],[15.876943577261102,38.59333039113886],[15.845553410958374,38.6127739008375],[15.844972203190421,38.61330862380161],[15.82902621091169,38.627979260925166],[15.849790553984192,38.65728761543258],[15.946059967916852,38.703313754820286],[15.984442696841429,38.72166443090103],[16.00920331920095,38.723067979749985],[16.023609159779767,38.72388457073339],[16.045007944398368,38.72361333366635],[16.045276642077553,38.72360992782944],[16.06749724295004,38.720832836655575],[16.09888648009713,38.712635051819206],[16.129165647328026,38.71555329721182],[16.1781921544381,38.74520493599186],[16.194999688466805,38.769165032257376],[16.20805358880548,38.79777528120462],[16.215569787835253,38.824909734333566],[16.218748092119085,38.83638382493126],[16.22110748914423,38.868606553349764],[16.220316369921036,38.90028590164181],[16.219789520666605,38.92138290009779],[16.219789520666552,38.92138290009781],[16.219789520666552,38.92138290009785],[16.194164261454603,38.93193818493336],[16.157081584767013,38.94819260038736],[16.099720010083445,39.02277375088522],[16.075567581733882,39.095041851391905],[16.064163200434695,39.12916566544571],[16.057220472500042,39.186244970406634],[16.05718593829401,39.187450547086044],[16.056110363869266,39.22499846240396],[16.399374001423233,39.20268111748884],[16.399374001423233,38.32038261086016],[16.358469010962153,38.309162132583424],[16.331653701382425,38.29840978043365],[16.330413816330474,38.29791261366912],[16.15999793313363,38.12825774760835],[16.14981941199291,38.092168154955644],[16.143331514608803,38.06916426563561],[16.138885505151336,38.04152297110073],[16.13646013682051,38.02645989770977],[16.135553359662005,38.02082823726711],[16.11347008024149,37.975276965605886],[16.087776179660885,37.9461059712652],[16.079619550768367,37.94025421791835],[16.057287216842724,37.924232487432164],[15.996110916489556,37.918884267905014],[15.80283967599127,37.91713539178132],[15.781110780302967,37.91693877097647],[15.77583313788519,37.91693877097647],[15.770751382119952,37.917941265316486],[15.75610925548989,37.92082976483334],[15.720275867196506,37.93110657399825],[15.667846676202487,37.95784376143763],[15.635137573551901,38.004581448631825],[15.6299982204564,38.1928405646122],[15.62958761983294,38.22875841197782],[15.629581455463267,38.22929764858969]]]}},{"type":"Feature","properties":{"fillColor":"#c6d1ed"},"geometry":{"type":"Polygon","coordinates":[[[21.332599639947652,79.39260754432533],[21.332599639947652,79.71584124907822],[21.387775420033165,79.71527099588025],[21.501941678830406,79.71276855375544],[21.679439543059573,79.70664978029845],[21.708606720709042,79.70443725560307],[21.776107787437354,79.70138549573443],[21.83916473399728,79.70277404865175],[21.864719392534823,79.7099914527588],[21.861316681006997,79.72686004442664],[21.872497560722763,79.74206542914311],[21.973884584140933,79.7527771009606],[22.019443511443512,79.7563781737353],[22.154441832679765,79.76499938931693],[22.266941072305258,79.76914977983563],[22.319858552627863,79.77679443322688],[22.342773437185713,79.78582000541888],[22.320690153684495,79.79499053874451],[22.24888229380474,79.80081176549328],[22.217216491088777,79.79998779371522],[22.192218779573807,79.79803466933441],[22.076385496766875,79.78498840436208],[22.054718016212746,79.78193664449344],[22.01777648743382,79.77442932295708],[21.952495574679403,79.76582336593293],[21.79555130179682,79.76388550010955],[21.735828398418505,79.78054046713515],[21.77055359028185,79.80081939477202],[21.799720763093376,79.80609130861473],[21.834995267862837,79.80581664974272],[21.87555122186376,79.81443023604561],[21.85249709934061,79.82415771639398],[21.699440004441726,79.83387756262567],[21.664161682614008,79.8341522214975],[21.413330078570652,79.82804870659811],[21.332599639947652,79.82413317443653],[21.332599639947652,80.24460609050325],[21.4833297752034,80.26638793853164],[21.697216033409347,80.27360534747623],[21.802776335182443,80.27249145343097],[21.838329315882163,80.27110290535165],[21.870412827655514,80.2584609969897],[21.89833069035285,80.21775818058262],[21.884302140021703,80.20276642050817],[21.829719541799705,80.14610290627724],[21.856105806231938,80.1436004641526],[22.054164886248543,80.10859680119688],[22.128051756026935,80.07554626262197],[22.192634582521066,80.01901245096735],[22.361663816743032,80.0374908446355],[22.452356337849608,80.26152038613708],[22.408607484742276,80.32554626560847],[22.38666152825823,80.32887267951139],[22.335760117494146,80.35873413120055],[22.36110687455823,80.41026306344367],[22.384994509086255,80.42359924100754],[22.40832900881213,80.42665100087612],[22.498050690896548,80.42915344300076],[22.513189315795984,80.42882161525185],[22.513189315795984,79.39992947037334],[22.210826875818327,79.40637207096916],[22.176940919128242,79.40664672984093],[22.146385193399396,79.40582275322515],[22.094718934139166,79.40248108076497],[21.93193817111262,79.38581847962257],[21.569442750396604,79.38832092174738],[21.523052217199506,79.39137268161596],[21.43832779008585,79.3941497826126],[21.374996184654094,79.39498901294814],[21.347774506944404,79.3936004648686],[21.332599639947652,79.39260754432533]]]}},{"type":"Feature","properties":{"fillColor":"#c6d1ed"},"geometry":{"type":"Polygon","coordinates":[[[57.41674117078372,73.83585334576037],[57.41674117078372,74.08056449587062],[57.52471160633684,74.06442260633588],[57.5542983998933,74.05761719041493],[57.826686859140864,73.95045471372094],[57.91165924456408,73.91554260219067],[57.939434055149604,73.79956817949568],[57.91374206915617,73.78498839955802],[57.75721740945778,73.72554015999481],[57.724159238983475,73.71526336715607],[57.69748688019996,73.71276855219912],[57.63226699587125,73.74173736800128],[57.626770019141816,73.75273895091118],[57.59887695595927,73.77388000433126],[57.508605959537874,73.81637573580508],[57.489158628698476,73.82110595658514],[57.42638397179047,73.83415222462435],[57.41674117078372,73.83585334576037]]]}},{"type":"Feature","properties":{"fillColor":"#c6d1ed"},"geometry":{"type":"Polygon","coordinates":[[[55.00683402965984,72.70158386230653],[55.00683402965984,73.41227019652813],[55.120826722622546,73.39166259739487],[55.16027068961644,73.38275146499083],[55.19554138082451,73.3735961928922],[55.241054462587435,73.36109675027696],[55.24610138071915,73.35971069463915],[55.48237406913884,73.33422487650608],[55.80762863121788,73.29914092892186],[56.3199758526479,73.24065890463038],[56.3199758526479,73.0996988632095],[56.15082549936551,73.08888244617833],[56.09210685809386,73.08549950925055],[56.025550841268974,73.08166504029478],[55.86554718140522,73.06694030605003],[55.86554718140514,73.06694030605001],[55.865547181405134,73.06694030605001],[55.81221389773111,73.05775451529138],[55.812213897731446,73.05775451529138],[55.812213897731056,73.05775451529131],[55.882766722647645,73.05693054342261],[55.92499542231226,73.05886840963774],[56.000876108641584,73.06370798766709],[56.007774352853346,73.06414794930612],[56.246101378653805,73.07054138332086],[56.26571094900861,73.0698383913512],[56.292495726835746,73.06887817226516],[56.3199758526479,73.06630131161786],[56.3199758526479,72.99296598950279],[56.30888366574561,72.99247741800652],[56.27453718207891,72.99182041442067],[56.00416564831386,72.98664855843356],[55.79097675899373,72.9753662164089],[55.6472167958587,72.96775817886672],[55.62152099474514,72.96346282844058],[55.66471099865113,72.94747924659889],[55.68003176466948,72.9465886752502],[55.68859863226305,72.94609069709304],[55.896202024058354,72.94308434320932],[55.93832397339206,72.94247436528518],[55.98332977206821,72.94192504857581],[56.00582885617436,72.94192504857581],[56.041219789052136,72.94458802281898],[56.04638671751468,72.94497680594202],[56.04961389820828,72.9459474712549],[56.070407868267345,72.9522018422894],[56.09930038319297,72.9647064215005],[56.16819083235987,72.9716123466315],[56.18804168725268,72.97360229617215],[56.19965580477826,72.97413526560173],[56.23027038691717,72.97554016238729],[56.25610732924466,72.96831512603993],[56.240547180630756,72.89332580628795],[56.21610259984563,72.83166503761576],[56.20981868937985,72.82689188661497],[56.16415405364074,72.79220580969428],[56.141517640357165,72.78387451265962],[56.07444000283931,72.77581787078435],[56.04394334833215,72.77439968141354],[56.03276825034783,72.77388000456916],[56.01055145186488,72.77388000456916],[55.99932611494198,72.77664389846403],[55.981796266116646,72.78096008447068],[55.94026947007103,72.7910919185432],[55.86193847686587,72.80053710992422],[55.83971405111441,72.80081176827878],[55.839714051114385,72.80081176827878],[55.83971405111432,72.80081176827878],[55.60193633882786,72.79443359519168],[55.621658323922475,72.7758178707843],[55.837215422494054,72.74345398049658],[55.86582946702842,72.7297058114209],[55.89946742977537,72.70158386230653],[55.00683402965984,72.70158386230653]]]}},{"type":"Feature","properties":{"fillColor":"#bde7d1"},"geometry":{"type":"Polygon","coordinates":[[[23.048485139504074,40.32791897510568],[23.048485139504074,41.07347917159764],[23.30730977774958,40.48785139817588],[23.458852840005946,40.26828828109181],[23.45885664922899,40.26828458948671],[23.418427412842718,40.27637711476658],[23.401039126338947,40.279857644222176],[23.376663194235892,40.26554868698178],[23.353610999117958,40.24527741580448],[23.340446857423803,40.223612923354764],[23.33215141538149,40.2099609477331],[23.332151415381574,40.209960947732945],[23.332151415381542,40.20996094773289],[23.36805344504356,40.14388273225025],[23.47972106628102,40.045272844118244],[23.504858015520146,40.02888490126423],[23.576888878647512,40.00584672290393],[23.60430526640533,39.997077931253536],[23.63265302207455,39.98685410304631],[23.675552374387724,39.97138213364703],[23.746664057944216,39.925273910644435],[23.7390778065574,39.922209844742504],[23.718471541860556,39.91388703156339],[23.677205935167333,39.91511079838407],[23.643608082925173,39.916107171395865],[23.604026790734395,39.92069243804607],[23.56135424903827,39.93356824791149],[23.436943053026884,39.971107490743115],[23.37944411817643,39.99277497304106],[23.37440492827333,40.004303202875676],[23.32249834061568,40.123050676964816],[23.323200071691673,40.15016365092866],[23.324026104680524,40.182079311620804],[23.312913907218306,40.21825791992759],[23.3129139072183,40.218257919927595],[23.312913907218228,40.21825791992782],[23.294582364462002,40.23583220088504],[23.294582364461863,40.2358322008851],[23.29458236446185,40.23583220088511],[23.293308890135705,40.23635943211242],[23.263051973096054,40.24888610122395],[23.1774978823288,40.2730484049728],[23.110832208229585,40.29916383246886],[23.048485139504074,40.32791897510568]]]}},{"type":"Feature","properties":{"fillColor":"#c6d1ed"},"geometry":{"type":"Polygon","coordinates":[[[20.15200996409932,79.4719092938132],[20.15200996409932,79.64274419037687],[20.18888473668943,79.64221191493789],[20.214160919296773,79.63970947281325],[20.237495423860594,79.63359069935626],[20.269304276761943,79.61956787219356],[20.298885346410657,79.60832214118972],[20.357772826836083,79.5983276360862],[20.378883360367354,79.59498596362585],[20.399997710957052,79.5919342037572],[20.424995422472023,79.58943176163257],[20.567497253024214,79.58499145368438],[20.629440305538708,79.58665466547365],[20.694995882002843,79.58720397837976],[20.808052063813136,79.58499145368438],[20.87499618351893,79.58221435752552],[20.90416336116823,79.58027648686442],[20.92916107268337,79.57748413214807],[21.02055359099802,79.56581115669763],[21.06221771103793,79.55941772436881],[21.095550537763586,79.55802917628932],[21.123050691403364,79.55941772436881],[21.14756393646243,79.57033538671172],[21.101940153034036,79.58499145368438],[21.02277374497197,79.5922088626292],[20.914161683330235,79.60137939595478],[20.85555267399718,79.60525512760154],[20.784164429285113,79.60748291085417],[20.675273896550948,79.61665344417975],[20.645830153919405,79.62178802616762],[20.480619429334638,79.67872619443267],[21.001663206602814,79.71054077050263],[21.092494965674348,79.7136077889287],[21.182495118851364,79.71499633700824],[21.27999878134426,79.71638488992551],[21.332599639947652,79.71584124907822],[21.332599639947652,79.39260754432533],[21.190830229224105,79.38333130089308],[21.0744400042322,79.37136840801338],[20.968883514679476,79.36470031681245],[20.936107634976565,79.36608886489199],[20.79305267446,79.37678527815183],[20.521663666849804,79.44802856656821],[20.273330687872942,79.45498657036057],[20.22332763556426,79.46026611348196],[20.15200996409932,79.4719092938132]]]}},{"type":"Feature","properties":{"fillColor":"#fff9b9"},"geometry":{"type":"Polygon","coordinates":[[[4.949444280968876,61.41041182586882],[4.968055267266607,61.420829789252366],[5.070901872561308,61.444992054286615],[5.183610922346247,61.45333099334164],[5.276221756181201,61.46177291380707],[5.394388201274296,61.448020946623046],[5.552138338876546,61.45923233144356],[5.535055155358634,61.478191363936105],[5.517888541412617,61.48444365184395],[5.501221658309987,61.48711013478879],[5.482554922677593,61.48727416946389],[5.460721973256568,61.48561098097298],[5.447305198948527,61.48073194629961],[5.424721724106689,61.46977615669363],[5.411972044791355,61.465690620886846],[5.349221716168131,61.460689557113824],[5.188332542578109,61.49888609776957],[5.139582652827698,61.518848424716],[4.997499472063055,61.6277770888733],[5.067777625633312,61.768051165006],[5.359582884916904,61.90457915683794],[5.417222006115708,61.91124724186858],[5.595832809252499,61.895271302085405],[5.676527493758101,61.88069153470781],[5.701665875445485,61.868606550066545],[5.987499219517872,61.830276482010674],[6.400833112081102,61.80388641161056],[6.404947035526554,61.80370222253791],[6.404947035526554,61.11235996005331],[6.34611033924881,61.110275254348835],[6.318749417410572,61.11471940549512],[6.237499252726479,61.13499450943931],[5.96527768948971,61.15638731011836],[5.749166476801975,61.152770997880225],[5.558332902994039,61.13152693952384],[5.523611055779725,61.11721802099828],[5.505555162512451,61.10527039652396],[5.468610775147283,61.088607772051034],[5.407221775595588,61.07054901388733],[5.39722158379044,61.068603516959],[5.115833281305129,61.14166259446995],[5.048957347041039,61.164958963931724],[4.991527556851679,61.217636123321654],[4.952499383235761,61.25610734559615],[5.170832632782037,61.33361053553858],[5.334722049744698,61.362274172216985],[5.356388564172107,61.36393736070795],[5.378854733121841,61.36197281608992],[5.399221436320261,61.35910795842841],[5.423054702848958,61.35610581802973],[5.461971764943428,61.35656358201311],[5.443387995161402,61.36194230881517],[5.353888516220877,61.365276351330465],[5.329721450549528,61.36560821473233],[5.257777204877186,61.3652725185637],[5.166388520350552,61.351661666883444],[5.145833004994927,61.34777067302656],[5.120138639836512,61.33971787517578],[5.0780548993759,61.32207870818689],[5.046944137899573,61.31735612008464],[5.003610605752272,61.34805298146415],[4.949444280968876,61.41041182586882]]]}},{"type":"Feature","properties":{"fillColor":"#c6d1ed"},"geometry":{"type":"Polygon","coordinates":[[[17.4687296151483,78.31456756784468],[17.4687296151483,79.90720410290838],[17.557773590267175,79.89179229603218],[17.867219927263875,79.80345916680608],[18.050273897937302,79.74497985619519],[18.08701133572339,79.7281723025697],[18.08999633826579,79.70359802251278],[18.070552828019117,79.69289398096402],[18.04666519348808,79.68580627474228],[17.979438783301532,79.67025756568563],[17.942218781478516,79.66304016234892],[17.765552523026486,79.54359435881554],[17.649717331661805,79.39235687188875],[17.637702942680335,79.37609100491841],[17.682216645495146,79.36720275634929],[17.819717406467873,79.38749694818688],[17.847774503736105,79.39360046582539],[17.87722015381172,79.4019317604218],[17.93221664164946,79.41998290798392],[17.958049771836784,79.42915344341662],[17.98638153065241,79.44552612043009],[18.014442443359655,79.46526336941866],[18.03826141111358,79.52610015966434],[18.089302061862156,79.57818603489551],[18.163330075967906,79.6121978754926],[18.19360733043999,79.62081909339236],[18.237773895053067,79.62637329349792],[18.264999387924775,79.62803649672884],[18.330551148563586,79.62942504953617],[18.356941221600096,79.6283111582764],[18.658885955115466,79.55941772385796],[18.70277404830398,79.54721069414273],[18.742492673193453,79.5341491673974],[18.826003789775328,79.47459077180555],[18.826003789775328,78.31456756784468],[17.4687296151483,78.31456756784468]]]}},{"type":"Feature","properties":{"fillColor":"#fff9b9"},"geometry":{"type":"Polygon","coordinates":[[[13.006457323538768,66.35297395030238],[13.283887849109874,66.5213775535135],[13.269026741165078,66.54055021436],[13.234165210895071,66.54554748408106],[13.207915288128618,66.55415343922141],[13.17305375785861,66.64804840478479],[13.229026786955217,66.71027376050426],[13.287081705276762,66.72096253402492],[13.402498236996735,66.71665953709726],[13.493887889393761,66.7095794489959],[13.544122685908007,66.69811246896086],[13.570582404261756,66.69074248431787],[13.69992829445232,66.6904754682327],[13.774130330115682,66.70356000085617],[13.774130330115682,66.26524677249718],[13.720137583209407,66.25387571348261],[13.63944436986651,66.23887635493043],[13.619026175963086,66.23763275761411],[13.589443217266307,66.24360656985135],[13.48222160548653,66.2519378820877],[13.367221838759576,66.24137880320023],[13.194999677112378,66.19970702709571],[13.173887249129962,66.19471742290813],[13.141942996382284,66.18777465625874],[13.066248911071796,66.17568971033228],[13.028401384481356,66.18894957349136],[13.006457323538768,66.35297395030238]]]}},{"type":"Feature","properties":{"fillColor":"#bde7d1"},"geometry":{"type":"Polygon","coordinates":[[[-24.538404464464634,65.50027465726316],[-24.367225646942018,65.60859680392662],[-24.321947096200574,65.63680267521625],[-24.30944823973681,65.63665771753841],[-24.17872429079017,65.61009979271267],[-24.172723768959543,65.60852050832887],[-24.168056489094397,65.60469055187042],[-24.123334885474037,65.59179687289702],[-24.05083465573415,65.56471252371301],[-24.038059234089303,65.56082153303794],[-23.892223356755267,65.51805114706616],[-23.876113891556486,65.51609802386525],[-23.845836639737286,65.51887512029822],[-23.807432173652785,65.53096008176658],[-23.912780759750262,65.55305480741475],[-24.01277923366945,65.5947113047987],[-24.058891296713057,65.62304687238486],[-24.069585798758226,65.6306839017115],[-24.08236312595534,65.6452712999839],[-24.12277984390522,65.74665832777407],[-24.13250160393602,65.78471374418439],[-24.12555694599257,65.79249572553437],[-24.105211257203166,65.8056869533815],[-24.023334500348028,65.79609680085372],[-23.704891206750972,65.72187805136332],[-23.637073518257637,65.69486999777723],[-23.452777862933658,65.67248535111884],[-23.25416946331154,65.73805236753759],[-23.255001070061383,65.76693725438122],[-23.307502743825125,65.75888061340248],[-23.40083694739542,65.75471496309865],[-23.531669614600332,65.75082397242358],[-23.61017036617085,65.77457427805348],[-23.630336763415244,65.77641296633936],[-23.71800231658665,65.78823852390582],[-23.72716903504869,65.78958129928702],[-23.73466872890657,65.79191589482309],[-23.744335177032042,65.79624175853161],[-23.78333472955501,65.82007598762294],[-23.789669039678813,65.82640838653998],[-23.873334883916755,65.86873626596031],[-23.871391294131627,65.88013458401099],[-23.866947173094445,65.89082336374497],[-23.845279692616316,65.91026306139321],[-23.832778930600284,65.91638183489817],[-23.811389920855447,65.91999817159882],[-23.793334960319214,65.9194335909599],[-23.675003049475777,65.90083312792484],[-23.638057710548765,65.89416504081674],[-23.446392057663445,65.8647155789887],[-23.255001070061383,65.83721924036155],[-23.225418089523373,65.83512878169176],[-23.21618270898125,65.84013366660889],[-23.302501675666974,65.85527038413898],[-23.378612519796263,65.86721801579279],[-23.438613893072215,65.8774871838745],[-23.563613891023692,65.90083312792484],[-23.585556031130523,65.90527343785755],[-23.603614808425846,65.91137695563532],[-23.746391296180263,65.9666595482455],[-23.803335191083363,65.99749755829004],[-23.81833457879901,66.0144271856164],[-23.81639098901377,66.03304291003275],[-23.800834654177038,66.05665588584833],[-23.78625297821577,66.06638336253593],[-23.579444885489238,66.1613769515381],[-23.538059236629522,66.1788787817124],[-23.468751909524713,66.19971466109496],[-23.446392057663445,66.19888305434506],[-23.352500918281066,66.19110107299508],[-23.273056030597786,66.17498779103732],[-23.172301888588827,66.14794189772807],[-23.172301888588827,65.52168087737982],[-23.375244142375095,65.49137878167107],[-23.71250152441945,65.4222106955873],[-23.722778320364682,65.41722107205163],[-23.74083709765995,65.4149932835673],[-23.87944793511042,65.40249633831036],[-23.90722275012547,65.40304565191349],[-23.962779996709855,65.40971374467586],[-23.97861290238211,65.41458129977855],[-23.993890760830993,65.43795776093714],[-23.99750137522051,65.44999694957033],[-24.01583480649009,65.4699859608217],[-24.183334353197722,65.49638366658826],[-24.265556337313967,65.49888610904668],[-24.40833664182736,65.48860168523811],[-24.458612443968093,65.4830474867178],[-24.508892057213245,65.48944091985146],[-24.538404464464634,65.50027465726316]]]}},{"type":"Feature","properties":{"fillColor":"#bde7d1"},"geometry":{"type":"Polygon","coordinates":[[[18.368333464791938,59.84742545701472],[18.368333464791938,60.24324921049389],[18.396110530681995,60.208053570260404],[18.421665174069858,60.187217720922945],[18.507431034880142,60.15265654019464],[18.531665812764572,60.153053289627906],[18.63277625214033,60.14499665901036],[18.711387614973148,60.12805176481481],[18.7766647434853,60.11083222771532],[18.816387189894613,60.09638215497108],[18.929721832389816,59.92472077743196],[18.93610764769784,59.86999510098866],[18.93874101796936,59.84742545701472],[18.368333464791938,59.84742545701472]]]}},{"type":"Feature","properties":{"fillColor":"#9cb3ec"},"geometry":{"type":"Polygon","coordinates":[[[59.22207260138965,80.64582061796594],[59.28027343754581,80.69609069782169],[59.34107947369878,80.72206990771977],[59.36998748757344,80.73442077627982],[59.48525816841309,80.7757896108513],[59.54804992639632,80.79832458530915],[59.590156460439296,80.81015535946709],[59.61332702698763,80.8166656492873],[59.62613014038721,80.81968465488211],[59.63804626412512,80.82249450613548],[59.664710998557034,80.82748413020978],[59.69387817378758,80.83110046429049],[59.7247085570429,80.83387756402888],[59.82351208465734,80.83952519620871],[59.87526702866012,80.84248352061542],[59.9085998542825,80.84414672864023],[60.07888031020136,80.85026550351955],[60.07928782118187,80.85025953509283],[60.11638641340858,80.84971618720834],[60.14077310138342,80.84824147540934],[60.157768248976495,80.84721374484138],[60.20110321060033,80.8435974123291],[60.231376647214624,80.83915710456593],[60.256523132637305,80.83179473804879],[60.22915649411726,80.82527160587398],[60.160820007654706,80.82304382401509],[60.12360382091026,80.82360839784917],[60.05721283017357,80.82026672427662],[60.03128560437646,80.81795247449462],[60.02610015921703,80.81748962453821],[60.02588114379861,80.81746246249293],[59.99694061274806,80.81387329045765],[59.96749114981617,80.80651092550886],[59.96749114981642,80.80651092550885],[59.96749114981616,80.80651092550877],[59.99147892316319,80.80449262161014],[60.002220153285066,80.80358886675475],[60.1016616819428,80.80859374992048],[60.106384895004204,80.80866729474891],[60.13694000172265,80.80914306623161],[60.281661987730175,80.80914306623161],[60.31888580323618,80.80886840886025],[60.35068511918955,80.80165100135868],[60.56082153290566,80.81137084965889],[60.7530460357666,80.82052733789894],[60.7530460357666,80.42487658069615],[60.612495422506186,80.43830871621128],[60.496383666656754,80.45582580493851],[60.42860412526659,80.46971130363056],[60.412208557014594,80.47470092770482],[60.389717101735926,80.47943115193084],[60.33138275127487,80.48831176745716],[60.24916076612027,80.49443054233643],[60.21967119955087,80.49317065864966],[60.21665954607862,80.49304199168296],[60.20657527231417,80.48822980920082],[60.18813705451993,80.47943115193084],[60.170547484716394,80.46832275454557],[60.14443969692553,80.46360778784265],[60.09273550258572,80.45672508677401],[60.088043213428925,80.45610046387822],[60.01589184433884,80.44695310093594],[59.94554138208724,80.43803405727141],[59.88555145236285,80.4327545167344],[59.86792520963929,80.43184482901356],[59.8533248896926,80.43109130870958],[59.65943145801999,80.42221069318323],[59.65396749347266,80.42266219901359],[59.62582397502638,80.42498779292168],[59.56499481252803,80.45693969665217],[59.53833007809618,80.46720886283197],[59.52165985090426,80.47221374442915],[59.498603820223025,80.47665405219237],[59.44582366923885,80.4858093266584],[59.35721588059505,80.49859619115983],[59.31110382080118,80.5077667231489],[59.27110290555669,80.51748657301755],[59.265496388914194,80.51914327303415],[59.254165649754924,80.52249145461477],[59.24654920967808,80.52940028677912],[59.245132446451535,80.53068542514431],[59.30249023388465,80.5413665773811],[59.3133468633198,80.54142761217824],[59.35694122322361,80.55165100108383],[59.35694122322367,80.55165100108387],[59.356941223223714,80.55165100108388],[59.36312611896646,80.55609761197921],[59.370269775274615,80.56123352069837],[59.37026977527459,80.56123352069837],[59.37026977527472,80.56123352069847],[59.27526855438009,80.58248901310071],[59.25638580285238,80.59027099600485],[59.22461011720282,80.64171263508665],[59.22207260138965,80.64582061796594]]]}},{"type":"Feature","properties":{"fillColor":"#bde7d1"},"geometry":{"type":"Polygon","coordinates":[[[-21.80619931271302,64.2317539041963],[-21.80619931271302,64.3056740270099],[-21.759166716676873,64.34027099838926],[-21.748611449998236,64.34498596229622],[-21.65333557350391,64.36694335813007],[-21.62416839351357,64.37359618951115],[-21.582571030448264,64.38088989147457],[-21.569168088395713,64.36651611295997],[-21.54944610325515,64.36444091567148],[-21.488891599617034,64.36193847886739],[-21.435001371982366,64.36833191200105],[-21.36277961863027,64.38498687969849],[-21.370140077121505,64.38860321074463],[-21.477779385817485,64.3958282449737],[-21.62805557308417,64.40249633773624],[-21.646114350379378,64.402770997365],[-21.677780150415003,64.40110778951976],[-21.73611259353453,64.38596343847172],[-21.749999998214832,64.38026428227352],[-21.789308549888233,64.35860442965895],[-21.793752670925414,64.34777069224702],[-21.80619931271302,64.34084350104422],[-21.80619931271302,64.56834273684582],[-21.782779692492454,64.57749938940606],[-21.705696106348796,64.60707855318515],[-21.605140685308527,64.64402008100768],[-21.559448239571623,64.64054870763937],[-21.513057711449108,64.64408874308765],[-21.613891603222726,64.65026855646352],[-21.701114655497236,64.62777709709906],[-21.80619931271302,64.59596148187416],[-21.80619931271302,65.05508458732635],[-21.800003051933402,65.06027221632036],[-21.7283344289433,65.15915680165216],[-21.728889464857787,65.17387390187542],[-21.736459732002288,65.19721221806225],[-21.759166716676873,65.2035980233324],[-21.786945342796344,65.20443725794576],[-21.80619931271302,65.2034345520476],[-21.80619931271302,65.41996866985285],[-21.786666872062938,65.4238739034327],[-21.762779236618485,65.42887878269539],[-21.7047233586801,65.44692993212715],[-21.698612213038643,65.44915771495698],[-21.80619931271302,65.43412093793681],[-21.80619931271302,66.2024943510006],[-21.766391756560324,66.18582153410352],[-21.399444581271723,66.02722167974707],[-21.285140990917853,65.92061614728192],[-21.277778626874465,65.8905487041161],[-21.27833557399549,65.85610961875216],[-21.339723584281273,65.73290252494252],[-21.425445558976378,65.7067718509416],[-21.44894599977465,65.6972732553931],[-21.470813749835884,65.69622039536762],[-21.591669081175837,65.68930053787562],[-21.6397247340048,65.72387695305389],[-21.664028169996868,65.74811553807052],[-21.667501448917506,65.75901794321686],[-21.681667329985487,65.76499938690722],[-21.724166867432814,65.77304077215916],[-21.77500152790134,65.7647094715515],[-21.65055656586435,65.65263366968185],[-21.623889922780336,65.64305114501758],[-21.60277938942329,65.63861084073937],[-21.534336091728903,65.62910461167303],[-21.50330162320563,65.62906646670137],[-21.484802244910952,65.63017272742547],[-21.472101213311873,65.6304702762992],[-21.435169218905003,65.62794494459581],[-21.42433548149313,65.62585449158053],[-21.30889129654787,65.59693908762858],[-21.200626372996396,65.43158721704827],[-21.190555574599955,65.39471435696021],[-21.187778472512548,65.34027099330888],[-21.121669770354174,65.223876955594],[-21.084445955039257,65.15916442951544],[-21.096946717055346,65.4408264143492],[-21.092224119630487,65.4537429825674],[-20.941875459179244,65.57818603339786],[-20.92722320427697,65.58888244664968],[-20.917503355452766,65.59388733156686],[-20.852779390406283,65.62609863410091],[-20.728889464283668,65.67416382034554],[-20.682224270877953,65.69166565051967],[-20.664169310341606,65.69082641590649],[-20.623889922206217,65.67102813516789],[-20.636669160609983,65.62277221841049],[-20.64472580158889,65.5674896258003],[-20.641944882742564,65.54283142347708],[-20.49708556983626,65.48804473811697],[-20.474445341689375,65.48777771200622],[-20.45020866222501,65.49304962303415],[-20.440096736837212,65.504045817937],[-20.440096736837212,64.1657046229816],[-20.514029371687002,64.1657046229816],[-21.70208549761378,64.18276977689356],[-21.80619931271302,64.2317539041963]]]}},{"type":"Feature","properties":{"fillColor":"#fff9b9"},"geometry":{"type":"Polygon","coordinates":[[[13.174995846364785,54.296161173091384],[13.156110763586716,54.30554962159588],[13.132108441904965,54.325618665958025],[13.118818283093862,54.33673095710627],[13.146962165850084,54.54560470569155],[13.337763786252895,54.566402435310906],[13.371860403187178,54.54232440083087],[13.447461128343631,54.48893737799094],[13.483854293795838,54.48373794544529],[13.503089904743298,54.493095397994786],[13.51660728441505,54.51337051380239],[13.516607284415043,54.513370513802414],[13.516607284415102,54.5133705138025],[13.502570152172552,54.5497665404954],[13.50257015217243,54.549766540495426],[13.502570152172414,54.54976654049547],[13.475949325954192,54.55615951362903],[13.383514404254697,54.57835769659249],[13.310555458011606,54.573326110744404],[13.284136772265754,54.5643005370718],[13.248749732877002,54.55777740466368],[13.226527214009252,54.641178131231584],[13.232986380714578,54.646675380847135],[13.24472045885562,54.65666198740063],[13.263332366886988,54.6666641234218],[13.278610229484093,54.671386718630195],[13.283411585678879,54.67207301116017],[13.292221069223274,54.67333221429027],[13.328935472296774,54.67643885490131],[13.364442825204742,54.679443359272845],[13.383888244524272,54.68083190904697],[13.42708206162758,54.68249893190492],[13.43382679585371,54.67891450387198],[13.441596031207439,54.67478561397604],[13.648493522893682,54.53510344954479],[13.668609619127825,54.521522521912495],[13.650140416380953,54.462217415045465],[13.174995846364785,54.296161173091384]]]}},{"type":"Feature","properties":{"fillColor":"#c6d1ed"},"geometry":{"type":"Polygon","coordinates":[[[11.455975571020929,61.532435428517545],[11.846438904792478,61.836645704073305],[12.18493786186616,62.10852750996776],[13.727378216863997,62.62905002650291],[15.265425084885862,63.36772804930399],[15.903842789400755,63.77610396305033],[16.90302228574393,64.36998615437273],[17.440590708394666,64.68889577276974],[17.564857725749846,65.0593637267765],[17.781960422195596,65.69606471410418],[17.826732763143696,66.1055269699292],[18.175186825465858,66.38793686795816],[19.200956722152796,66.7570424327784],[22.820817280555787,67.75049128559664],[23.37433489005592,67.89016972378244],[23.37433489005592,65.78194996323504],[23.234443659889564,65.76361083595606],[23.136386890332346,65.71318815644025],[23.077358255676188,65.70082856760979],[23.000274656908346,65.75277711416453],[22.79027558449485,65.85638427201764],[22.72333143472514,65.88610838493298],[22.67583083336882,65.90222168488299],[22.64256667640268,65.89874269409682],[22.36819268554649,65.85915373637272],[22.32916640895661,65.82971193189474],[22.257774352703393,65.69110108296786],[22.259181984694408,65.65067290417932],[22.281305295234574,65.64762117010162],[22.298913954948546,65.64890290151135],[22.304311768154946,65.65761567082876],[22.323055275267393,65.65916441832394],[22.385555273890816,65.62887572724838],[22.42242811627625,65.5467986915263],[22.399997719816383,65.5367965639802],[22.219741808007768,65.5760650791733],[22.079719533037576,65.60720824495058],[22.05777740783583,65.5891571136055],[22.053848279885358,65.51744078205434],[22.030971540312976,65.45971679797918],[22.01402664611743,65.42623901265904],[21.929443368073635,65.39804076678246],[21.675830855393713,65.39109803884782],[21.699199660276008,65.28370666260014],[21.577705367038163,65.05992128296083],[21.533702842872287,65.05874632701318],[21.466663377225586,65.00721741034806],[21.2059707764447,64.88902281958394],[21.07555387958695,64.85339353579985],[21.042221081252308,64.84484863392419],[21.0393734129691,64.8238144098699],[21.053491923734555,64.81760769233671],[19.650668953688808,64.1605803135875],[18.831083788770968,63.83454209154911],[18.255782550518745,63.45929930088579],[16.72962678770938,62.2322852970529],[16.293299163530207,61.97663998224641],[15.76305380461622,61.557076534842906],[15.264391328340992,61.15514592514825],[15.020252151921625,60.87692921747299],[14.657913853293792,60.45248091714217],[14.390613560298846,60.159377447607824],[13.514290148080022,60.03742992230582],[12.702999749955382,60.1268478403299],[12.267986301857263,60.4117357540631],[11.814782932578055,60.81154627840942],[11.501532705267664,61.245275161493225],[11.455975571020929,61.532435428517545]]]}},{"type":"Feature","properties":{"fillColor":"#9cb3ec"},"geometry":{"type":"Polygon","coordinates":[[[63.98686599731451,80.72283929527234],[63.98686599731451,80.97625198668536],[64.06062486356552,80.98469761235079],[64.06553649923063,80.98526001031513],[64.06981404957088,80.98591103899327],[64.09471130348443,80.98970031673753],[64.12220764088227,80.99552917414415],[64.14804077079279,81.00221252434748],[64.1495550297953,81.00272502397192],[64.16693115184904,81.00860595716233],[64.19386291535528,81.02374267608718],[64.21609497075474,81.0558166496757],[64.19914245672237,81.06666564979832],[64.1280364982889,81.0813751215664],[64.11873626721354,81.08970642140508],[64.1188704500816,81.08978105756164],[64.23359680234324,81.15359497144756],[64.24581909104805,81.15971374472598],[64.25740504996178,81.16351212244014],[64.26527404751255,81.16609191968882],[64.26991011399898,81.1670100523068],[64.29331970246648,81.171646117559],[64.41886901813935,81.18525695876473],[64.4835968016099,81.19108581617135],[64.55026245058754,81.19581603998222],[64.66276550349629,81.19720458944975],[64.70109558164808,81.19636535602176],[64.82083129928301,81.19053649861513],[64.86387634339366,81.1863708502125],[65.03581237752049,81.1655426021326],[65.07192993214542,81.16110229419353],[65.18775940002881,81.14276123069362],[65.21693420428265,81.13804626473477],[65.23858642642186,81.13304138138744],[65.24678061069477,81.12957720663509],[65.26915740906928,81.12011718750614],[65.27859497142965,81.10636901804891],[65.29470825203401,81.09553527881164],[65.34915161079016,81.06359863347471],[65.45248413043227,81.02777099623825],[65.46450060683951,80.94477835281475],[65.4673461913373,80.92512512240393],[65.44470214814993,80.91581726088577],[65.39193725624972,80.90248107921656],[65.2763032871416,80.87664700039385],[65.23526000993054,80.86747741755597],[65.04713908485648,80.82079999745346],[65.04609680223501,80.82054138154581],[65.0460968022349,80.82054138154578],[65.03630189300554,80.81563781252338],[65.03387451201348,80.81442260675072],[65.02262878454142,80.81155037826143],[65.00776672408311,80.80775451591605],[65.00232040200011,80.80691772641582],[64.97886657784898,80.80331420949375],[64.91775512674161,80.79637146063936],[64.7866516116818,80.78637695331344],[64.70244143907323,80.7769015508045],[64.69525146487275,80.7760925285989],[64.69176802485974,80.77555675652317],[64.6663818358594,80.77165222217661],[64.61526489207779,80.75833129835928],[64.5866546632322,80.75360107454844],[64.36874685935031,80.73545283692657],[64.30303955025597,80.7299804681647],[64.29188284054611,80.72936499771114],[64.23776245074595,80.7263793951704],[64.20256725726072,80.72609016091329],[64.20248413106565,80.72608947778184],[64.17803955062264,80.72664896673383],[64.16581726040114,80.72692871120984],[64.16581726040113,80.72692871120984],[63.98686599731451,80.72283929527234]]]}},{"type":"Feature","properties":{"fillColor":"#fff9b9"},"geometry":{"type":"Polygon","coordinates":[[[35.62741983028289,45.11368888175406],[35.62741983028289,45.31215079722455],[35.697345725255275,45.32846069469525],[35.86304475014259,45.40442655801331],[36.03876392841027,45.43909144736086],[36.13623809397302,45.458320601496325],[36.29083250950208,45.465270994964555],[36.321063560386804,45.46155572774051],[36.48526764520308,45.441375746015694],[36.60341524904489,45.41882213088687],[36.6045684731167,45.41860198785369],[36.63679503430198,45.37790679298001],[36.63692239185973,45.35246469313443],[36.636936188520735,45.3497085471036],[36.62163761480913,45.33467471595819],[36.62040329739602,45.333461758468275],[36.574569717297265,45.33151626153989],[36.54054260745443,45.341377273582054],[36.49408722869765,45.33866119695796],[36.49408722869764,45.33866119695794],[36.494087228697566,45.338661196957936],[36.431102752868,45.27109908129682],[36.41630174780264,45.21972250518834],[36.41053771366768,45.199714651862394],[36.40840152146271,45.1822256217528],[36.40519332690731,45.15596009609204],[36.41499328568473,45.128177647338276],[36.41499328568475,45.128177647338255],[36.41499328568477,45.12817764733819],[36.44165420493681,45.09831617425601],[36.44843666964397,45.086230460895216],[36.453460675192474,45.077278156149966],[36.33026767089603,45.03820392592144],[36.22818372984119,45.00582504663208],[35.85693357773863,44.986381536933436],[35.83395385675601,44.993881216209616],[35.81928356086944,45.01420092673149],[35.81179427043335,45.02457428353718],[35.78540803280008,45.05276869664688],[35.78540803280007,45.05276869664688],[35.785408032800035,45.05276869664692],[35.72790526518287,45.08054735134874],[35.677215569581904,45.10026550395139],[35.64192960878523,45.11138153418028],[35.62741983028289,45.11368888175406]]]}},{"type":"Feature","properties":{"fillColor":"#c6d1ed"},"geometry":{"type":"Polygon","coordinates":[[[29.333514549573415,63.82107653768206],[29.333514549573415,68.48966369106829],[29.80574625704662,68.51702062548657],[31.20603497970052,68.61322918076763],[32.31310437933216,68.76606538263029],[32.31310437933216,67.15785272910178],[32.24027251920495,67.14471435125682],[32.192764291029846,67.12997438197101],[32.21582794573328,67.12915037582962],[32.25944138599948,67.12275697241762],[32.31310437933216,67.10214462529716],[32.31310437933216,63.82107653768206],[29.333514549573415,63.82107653768206]]]}}]}