{"type":"FeatureCollection","name":"欧洲年降水量分布","features":[{"type":"Feature","properties":{"labelText":"1000mm","pointType":1},"geometry":{"type":"Point","coordinates":[9.551595701346619,59.11402130527008,80000]}},{"type":"Feature","properties":{"labelText":"500mm","pointType":1},"geometry":{"type":"Point","coordinates":[33.032283769011,68.96255494276006,80000]}},{"type":"Feature","properties":{"labelText":"500mm","pointType":1},"geometry":{"type":"Point","coordinates":[30.110336779549005,51.37300587434944,80000]}},{"type":"Feature","properties":{"labelText":"1000mm","pointType":1},"geometry":{"type":"Point","coordinates":[0.982961890332335,51.825445559186825,80000]}},{"type":"Feature","properties":{"labelText":"1000mm","pointType":1},"geometry":{"type":"Point","coordinates":[11.539165491356718,64.7979888789152,80000]}},{"type":"Feature","properties":{"labelText":"500mm","pointType":1},"geometry":{"type":"Point","coordinates":[65.72594435825134,68.10832039264245,80000]}},{"type":"Feature","properties":{"labelText":"1000mm","pointType":1},"geometry":{"type":"Point","coordinates":[-0.747777813190932,45.42319108727077,80000]}},{"type":"Feature","properties":{"labelText":"200mm","pointType":1},"geometry":{"type":"Point","coordinates":[66.99472371451303,76.94972986013799,80000]}},{"type":"Feature","properties":{"labelText":"1000mm","pointType":1},"geometry":{"type":"Point","coordinates":[-1.597246408791121,55.38551178204697,80000]}},{"type":"Feature","properties":{"labelText":"200mm","pointType":1},"geometry":{"type":"Point","coordinates":[51.05362328957289,50.405693227606065,80000]}},{"type":"Feature","properties":{"labelText":"500mm","pointType":1},"geometry":{"type":"Point","coordinates":[52.064841812086755,60.9135145470887,80000]}},{"type":"Feature","properties":{"labelText":"500mm","pointType":1},"geometry":{"type":"Point","coordinates":[47.52499391439426,43.57415769759797,80000]}},{"type":"Feature","properties":{"labelText":"1000mm","pointType":1},"geometry":{"type":"Point","coordinates":[-14.288056374403993,65.65624237286511,80000]}},{"type":"Feature","properties":{"labelText":"500mm","pointType":1},"geometry":{"type":"Point","coordinates":[48.11387634558528,42.33026885881707,80000]}},{"type":"Feature","properties":{"labelText":"1000mm","pointType":1},"geometry":{"type":"Point","coordinates":[-5.996073507410319,53.005317311625866,80000]}},{"type":"Feature","properties":{"labelText":"500mm","pointType":1},"geometry":{"type":"Point","coordinates":[37.42263413586974,63.80471420646877,80000]}},{"type":"Feature","properties":{"labelText":"500mm","pointType":1},"geometry":{"type":"Point","coordinates":[15.307919542669323,67.89450422290712,80000]}},{"type":"Feature","properties":{"labelText":"500mm","pointType":1},"geometry":{"type":"Point","coordinates":[57.32835263624584,52.73654349349886,80000]}},{"type":"Feature","properties":{"labelText":"500mm","pointType":1},"geometry":{"type":"Point","coordinates":[21.22447708178646,64.29371883582797,80000]}},{"type":"Feature","properties":{"labelText":"1000mm","pointType":1},"geometry":{"type":"Point","coordinates":[14.83152674546573,45.11541368225601,80000]}},{"type":"Feature","properties":{"labelText":"500mm","pointType":1},"geometry":{"type":"Point","coordinates":[1.616388799856648,41.19583129549461,80000]}},{"type":"Feature","properties":{"labelText":"500mm","pointType":1},"geometry":{"type":"Point","coordinates":[21.808401109026466,70.04026794497916,80000]}},{"type":"Feature","properties":{"labelText":"1000mm","pointType":1},"geometry":{"type":"Point","coordinates":[22.942081449265004,39.575412765169574,80000]}},{"type":"Feature","properties":{"labelText":"1000mm","pointType":1},"geometry":{"type":"Point","coordinates":[12.260072063770712,44.602655073362065,80000]}},{"type":"Feature","properties":{"labelText":"500mm","pointType":1},"geometry":{"type":"Point","coordinates":[60.46057593527439,65.42971193925692,80000]}},{"type":"Feature","properties":{"labelText":"1000mm","pointType":1},"geometry":{"type":"Point","coordinates":[-7.258611662823284,37.20805357354436,80000]}},{"type":"Feature","properties":{"fillColor":"#ffffff"},"geometry":{"type":"MultiLineString","coordinates":[[[47.39022825969561,45.74467469855726],[46.774989920135155,46.25091985856856],[46.584278200871225,46.62548768313294],[46.221360641321,47.31484971680984],[45.88814151737884,47.96481051605738],[45.919207394686865,48.46319381379195],[46.29928467034024,48.8603374087966],[47.28743496484724,49.333127414429256],[48.23030657914437,49.36500794437706],[49.123505972344105,49.588247333599035],[49.99358276265842,49.90739083945993],[50.43854741015388,50.19552842611972],[51.05276554358267,50.405960317683636]]]}},{"type":"Feature","properties":{"fillColor":"#ffffff"},"geometry":{"type":"MultiLineString","coordinates":[[[-9.924446105991086,53.69138336187994],[-8.3513011011255,53.39362933867356],[-7.184011473024833,53.175432885531826],[-6.551177092040797,53.113126521264796],[-6.034583568929159,53.109996794944784]]]}},{"type":"Feature","properties":{"fillColor":"#ffffff"},"geometry":{"type":"MultiLineString","coordinates":[[[3.840565931363034,44.72522464480264],[2.245922370952158,45.67056432562695],[1.463067931198806,46.41386201019336],[1.014265126232686,46.915272346011186],[1.010379631934395,47.15101254120624],[1.34884384797221,47.326011486291],[1.803963081088507,47.257523998993],[2.505796765901779,47.06734599083809],[3.228778883931544,46.68727630913361],[3.86180624331366,46.28481820437635],[4.412448742639815,45.93586074307502],[4.791644445435583,45.75392323490808],[5.263184701714531,45.80697933895138],[5.588131114357044,46.110299366150194],[5.776248927365036,46.51257220518403],[6.0766704641363,46.8620609952027],[6.759747549406501,47.24991504340005],[6.793171524976329,47.57723842401575],[6.781265220661515,47.88960161854823],[6.537740266978885,48.35481573236172],[6.22075814796924,48.82060421316566],[6.188366156400925,49.06518267088003],[6.383165869991199,49.33287238108025],[6.729243650377019,49.394085343006104],[7.198113365700538,49.348174687983786],[7.686972392244238,49.21047632079328],[8.225368111742837,48.95816005450264],[8.662472999618286,48.75948439978437],[9.268673825495032,48.614364554642016],[10.409030212491224,48.751845120061006],[12.968752663781288,49.01166756109967],[13.721014444719481,49.12635211052219],[14.349904903471746,49.13399898926776],[14.970921313934552,49.06518267088003],[15.703813504594724,48.935230592663],[16.195268963608303,48.85880913148328],[16.46435183499603,48.72892820993207],[16.469675010544155,48.53800812102832],[16.15799019827461,48.42350245199151],[15.69220768225996,48.331922937932326],[15.154837296049251,48.27851181870443],[14.73877188321436,48.164084869856374],[14.414823933072132,48.06494289923861],[14.142027973272286,47.897223459999964],[14.104082053671958,47.7448158401392],[14.316244146103825,47.523933912630405],[14.892174133872915,47.28796135164793],[15.464908479666725,47.21948075103059],[15.691195005424305,47.1662266284801],[17.060435752887262,45.958609061799436],[17.268243637088403,45.761502224643415],[17.66482636620224,45.5039013478033],[18.24300191433962,45.13295981110634],[18.669910110214676,44.868537998804634],[19.21473152441841,44.51283073814577],[19.941507671813667,44.060639985749454],[20.57283606859638,43.558597713441294],[20.977514790846737,43.05696698366823],[21.05346584725684,42.054936114201865],[21.119426898346095,41.65458176174852],[21.33304709374154,40.80469454341895],[21.715567603261047,40.18052637462076],[22.37082889867987,39.87147884329244],[22.92694283351951,39.58902357813428]]]}},{"type":"Feature","properties":{"fillColor":"#ffffff"},"geometry":{"type":"MultiLineString","coordinates":[[[-14.28805637440426,65.65624237286455],[-14.563032214312532,65.36637760244462],[-16.288533977154287,65.00198553971786],[-18.29811062954186,64.74956865672756],[-19.37145922574583,64.8252421426576],[-20.35644759849261,64.94303965346957],[-21.188258099453133,65.10355357590545],[-22.024169922708758,65.3763885478996]]]}},{"type":"Feature","properties":{"fillColor":"#ffffff"},"geometry":{"type":"MultiLineString","coordinates":[[[-8.748611448966583,54.2633285515901],[-7.511404801550511,53.87746818034364],[-6.772708094273861,53.90871631086966],[-6.381389140126264,53.95152282652658]]]}},{"type":"Feature","properties":{"fillColor":"#ffffff"},"geometry":{"type":"MultiLineString","coordinates":[[[-4.613611699711798,55.4906883219487],[-3.587871582704496,55.351736697552674],[-2.537177825724159,55.367516170984246],[-1.597430586456898,55.38534164361629]]]}},{"type":"Feature","properties":{"fillColor":"#ffffff"},"geometry":{"type":"MultiLineString","coordinates":[[[12.361944179652024,45.05610657192924],[10.8866479484965,45.406715014246466],[10.142727271607766,45.58848630098444],[9.517392781132358,45.790556419574955],[9.134166042527783,46.073635320830725],[8.914282061417927,46.397412809012046],[9.051045328887732,46.5290264032003],[9.725216221353369,46.610042100545925],[10.636385870932184,46.680945044038054],[11.220603692657262,46.72146696873248],[12.028143138895535,46.65055644392752],[12.619212140978842,46.610042100545925],[13.287138942020878,46.50877518398098],[14.094540143105828,46.28608312665015],[14.823034967654099,46.09386332163119],[15.003806369879293,45.861306362768566],[14.973327717362745,45.57838561536406],[14.975406904060238,45.34614389326996],[14.83152674546573,45.11541368225601]]]}},{"type":"Feature","properties":{"fillColor":"#ffffff"},"geometry":{"type":"MultiLineString","coordinates":[[[47.53276060975414,43.598037731623194],[45.43039870333702,44.21409612311729],[43.05363047241824,44.86753217386706],[42.778269838683464,45.07898894881023],[42.37382107720149,45.62409335903533],[42.16363063449975,46.16998083575493],[41.94007025791172,46.615359361209066],[41.758637169542,46.91932685069325],[41.56443762229984,47.09168344360223],[41.15613608196307,47.13224934247968],[40.72733508567732,46.909190670376425],[40.27134382360913,46.81797725267173],[39.696295614926235,46.80784378421124],[39.259780876904316,47.008255015431224]]]}},{"type":"Feature","properties":{"fillColor":"#ffffff"},"geometry":{"type":"MultiLineString","coordinates":[[[28.628883373295988,44.271934491619554],[28.26660798637936,44.53796225974621],[28.168168235994905,44.78933435642268],[28.20111453787493,45.03082515700229],[28.12379739742286,45.27296665841078],[27.756625462479562,45.56576013583437],[27.001183130903357,45.91943224935633],[26.55668438452501,46.040767118590495],[25.553032718088808,46.10144909988441],[24.96094411601118,46.10144909988441],[23.80350042770615,46.13179372923511],[22.8797281829656,46.23296002230141],[22.771361700685453,46.465744934504734],[22.83456203945168,46.830391120980075],[22.97762537428632,47.99759205306998],[22.86936740647366,48.34336916151023],[22.732842405832113,48.6589129500485],[22.58824032475431,49.08684571094966],[22.514960477351508,49.38260715404361],[22.678613265490696,49.56630021837656],[22.985948397717067,49.65818040691082],[23.506779344295655,49.607133085999706],[23.968976284994653,49.38260715404361],[24.188830083964607,49.1990037305382],[24.39035253587871,48.97472108950615],[24.827518026162316,48.557095779848886],[25.209304083491702,48.20095198733554],[25.6133540527429,47.87562864196893],[25.932746036932556,47.65213126828306],[26.284145301127435,47.53027929372779],[26.79728567191845,47.54043212499212],[27.65847984973373,47.56073860547645],[28.192409511278832,47.64197543671855],[28.64245925527076,47.733387746561185],[29.253679247642367,48.05858853258464],[29.171755707768742,48.211122860402185],[28.927133335480068,48.56727625964949],[28.607344260242712,49.10723559311346],[27.942971128130207,50.036267792749314],[27.97870805252197,50.323574875556865],[28.17515352992295,50.52899713981302],[28.389050991361465,50.714022151491065],[28.763447229282455,51.08448546722407],[28.969844761082435,51.21839968826038],[29.46389429335874,51.42456267453213],[30.110336779549005,51.37300587434944],[30.63485852362991,51.311151846590526],[30.996426170290224,51.16688567551398],[31.265507117157217,51.02270323742729],[31.491493856545436,50.806586261205815],[31.598276709995268,50.621492457146076],[31.730276373594652,50.313308206141436],[31.84520414950978,49.97482862702759],[31.784907088091106,49.72965830249464],[32.126292127150414,49.46423744139565],[32.87941591392401,49.09704051401155],[33.51322197657473,48.893196870594544],[34.09978524118686,48.7811298666503],[34.61069537160602,48.69964751908572],[35.10717869246036,48.77094360972628],[35.14097411441446,48.99510490149935],[34.97258035705412,49.41321643616311],[34.7212543561722,49.88287100852467],[34.58663330500726,50.241453356698145],[34.6371537980587,50.415993936505636],[35.754335374892904,50.539272700855086],[36.28687007740659,50.57010192811576],[36.75549550687841,50.63177183596431],[36.973871234418446,50.714022151491065],[36.84524630517088,51.01240769206801],[36.505131764120236,51.403938669209374],[36.00870099759153,51.90972118975472],[35.482987587244025,52.43724720676454],[35.10765127016143,52.79992734577106],[34.89650515068556,53.121604020465355],[34.884457062434834,53.38132683491543],[35.041675569529396,53.599705923435366],[35.470066453097395,53.797454193421736],[35.77732457374093,53.83910568464066],[36.116372259649935,53.74539975312338],[36.595828538177805,53.35014563254397],[36.94330634025537,52.87252735303141],[37.096401178155986,52.623701897321524],[37.35925218962408,52.23024017031008],[37.70796968157922,51.77543338155658],[38.1233382941619,51.37300587434944],[38.40822423948593,51.24931322518046],[38.595325517649705,51.25961859268507],[38.86039796321182,51.4761301882428],[38.93810748311517,51.744454220400236],[38.91805128704828,52.03374382353934],[38.76768431038081,52.42689273717367],[38.69750459609841,52.934772939074996],[38.67902060117766,53.39172144664584],[38.614118918077935,54.026624823909856],[38.76903816462881,54.2664412062259],[39.3414912242732,54.44384758141679],[39.73312955979021,54.527377374575885],[40.19018450106912,54.6422773513646],[40.54614711174212,54.88269709696636],[40.788024004590255,55.10277477664971],[41.089872037371634,55.15530663114938],[41.532862750820954,55.081766263404496],[41.98735686046022,54.861781655827365],[42.460417071652884,54.45428724896516],[42.83036322914344,54.1412903808608],[43.31186544795657,53.75580975937304],[43.6363695414287,53.454098335791244],[43.79533634738773,53.39172144664584],[44.144616694392106,53.43330428308402],[44.41960858670406,53.64132392500835],[44.55698498901089,53.80786640447638],[44.67613375100939,53.99536169093592],[44.585606237925376,54.19342880122976],[42.99001569363018,55.83960073776653],[42.61423079370573,56.29370535226016],[42.11715399210215,56.85498357357182],[42.04982172106047,57.09909954803642],[42.62494749651541,57.141588170047235],[43.41721405551887,57.09909954803642],[44.47459451634358,57.035385339212986],[45.15790744665449,57.035385339212986],[45.78230405634984,56.95046797567079],[46.28592179893442,56.80195844778211],[47.1273909866951,56.27255901980995],[47.600712985998165,55.934552071584136],[48.05433711994995,55.72361634732581],[48.65356654096357,55.67092058529475],[49.15783460729452,55.77632736370566],[49.882428611200524,56.39947398820638],[50.20653294843677,56.6535706642226],[50.679995050268545,56.971693578310784],[50.9588711147948,57.21596731197309],[51.42783983355365,57.29037709976176],[51.551113217340735,57.29037709976176],[52.01360327629443,57.08847895334216],[51.98668974424302,56.77015082690989],[51.952852537054866,56.41005424362568],[51.92685715280037,56.135167853726244],[51.7655054534498,55.71307597499597],[51.6138830167599,55.4076701277755],[51.91575875497611,55.039756481280484],[52.37172430499889,54.89315548795865],[53.23200465882369,54.72587483613282],[53.80659509271469,54.61093564941661],[54.13394849815045,54.48560891960659],[54.614980277054144,54.21428727146462],[54.83915043745137,53.943265311368535],[54.98339474924881,53.599705923435366],[54.83162223225096,53.15275630514811],[54.65688704127331,52.94514873070888],[54.480673317975274,52.68588475169884],[54.390563494353756,52.54081577235895],[54.48634270692809,52.37512689476938],[54.658291998105966,52.15782862396189],[54.93372430707255,52.013069069971316],[55.69144271782552,52.12680159062059],[56.427941110894395,52.271627715931146],[56.9540388363122,52.509740644212705],[57.32835263624442,52.73654349349754]]]}},{"type":"Feature","properties":{"fillColor":"#ffffff"},"geometry":{"type":"MultiLineString","coordinates":[[[22.908054339421653,37.93804930193295],[23.103611004624383,37.84165955363329]]]}},{"type":"Feature","properties":{"fillColor":"#ffffff"},"geometry":{"type":"MultiLineString","coordinates":[[[-7.127223024086774,37.22055052254069],[-7.964065843300289,37.37390057253734],[-8.237278638109517,37.771452514611425],[-8.21349013466225,38.06968362777447],[-7.883381626392004,38.40774852298829],[-7.246362746515061,38.78567337038646],[-6.839739033612094,39.1139463419578],[-6.677167617097592,39.28308391301895],[-7.043384546422008,39.68112781136718],[-7.542514605687843,40.03955206289384],[-8.148315232522954,40.33900508869929],[-8.385489297657132,40.7784667303462],[-8.169706446127991,41.078279883668294],[-6.962248325578862,41.50826737406223],[-5.516016002970775,42.24895171434752],[-5.338035986599019,42.49938515972906],[-4.905761421307959,42.7398975595716],[-4.340285949822013,42.87021453427892],[-3.92684424302318,42.920343829477986],[-3.220383804673735,42.79001619279597],[-2.09764548949805,42.58956624956574],[-1.029176965294617,42.449290286414595],[0.700330347294907,42.48936585756866],[1.282012890016386,42.649694348441315],[1.803945942677519,42.94039669622107],[2.201285296439256,43.2312370681018],[2.299776948239239,43.522215660870025],[1.73989154046379,44.094542691402836],[0.115715084623284,44.92889052725339],[-0.235708391568454,45.150615493182045],[-0.747777813190932,45.42319108727077]]]}},{"type":"Feature","properties":{"fillColor":"#ffffff"},"geometry":{"type":"MultiLineString","coordinates":[[[24.138683997421932,66.03553670067919],[24.883799630220793,65.88048446877352],[25.289214904890148,65.76398620824395],[25.585653373748862,65.63910314192768],[25.76566707512838,65.52853164246338],[26.149262694342806,65.00555527180407],[26.051337104837547,64.7503135098373],[25.822374653121987,64.67188100055515],[25.710538429145416,64.53752957586447],[25.5184109079983,64.44244352057382],[25.18742023667114,64.36977506122147],[24.951915275266284,64.28597457371927],[24.708933209905915,64.1687396429596],[24.539486097440367,64.06833201172745],[24.36387365877138,64.05160452472042],[24.16660657208842,64.0571801279315],[23.78672592678198,64.09063848958587],[23.652221664883946,64.14082334604578]]]}},{"type":"Feature","properties":{"fillColor":"#ffffff"},"geometry":{"type":"MultiLineString","coordinates":[[[33.032283769011,68.96255494276006],[31.291431924114967,69.00604350978656],[29.4558700642124,68.94458053923735],[26.34579358029945,69.16425677043533],[25.423608980578916,69.31390016784583],[24.519620324839845,69.4725798471493],[23.440115846671432,69.6845285861159],[22.90080103951535,69.77296788881375],[21.808401109026466,70.04026794497916]]]}},{"type":"Feature","properties":{"fillColor":"#ffffff"},"geometry":{"type":"MultiLineString","coordinates":[[[11.539165491356718,64.7979888789152],[13.927541969616033,63.757071333603974],[14.279198374672507,63.340431065018784],[13.449157400625902,62.92504120798198],[11.705714713821386,62.717811680084],[9.583084078111366,62.30427650923551],[7.782530908654985,61.92627701352804],[7.562464697670227,61.47034073485409],[8.100283886001346,60.73029201062361],[8.666861406944465,59.95002578472951],[8.903020935690932,59.51217435909079],[9.551595701346619,59.11402130527008]]]}},{"type":"Feature","properties":{"fillColor":"#ffffff"},"geometry":{"type":"MultiLineString","coordinates":[[[-3.028333665646166,51.206108092129064],[-2.295996757699678,50.92680173228629],[-1.754833106082713,51.01944508017737],[-1.444175961049157,51.266662986844906],[-1.252221248798256,51.51412726291859],[-0.573106005507583,51.7463494314795],[0.312220717705782,51.90128517008375],[0.98277771266623,51.82527542075646]]]}},{"type":"Feature","properties":{"fillColor":"#ffffff"},"geometry":{"type":"MultiLineString","coordinates":[[[21.22447708178646,64.29371883582797],[20.092877698179052,64.21757538613889],[18.991314499746736,64.28737082988339],[18.398731711563332,64.39911731091513],[17.87710445116217,64.77693474366397],[17.74148213309578,65.08595812021908],[18.2505498047304,65.39684365947538],[19.156924262189435,65.63768484397247],[20.152263314511067,65.96438417141614],[21.689094670024634,66.95046980770128],[21.93921455465602,67.16891898251768],[22.12373366307456,67.43395714950984],[22.255192262145805,67.75750554952798],[22.313913683605307,68.03561978729931],[22.340147776915956,68.31446658054801],[22.150940432865372,68.58238754817772],[21.946633546023126,68.72244332854233],[21.29000374353222,68.79254120286986],[20.52783555498965,68.65239214136501],[20.177978678144573,68.53574365907077],[19.396099513834443,68.0588289607637],[19.090972109948503,67.8617129085559],[18.536515832970405,67.60716417004281],[17.79547599969656,67.49166149644836],[16.96890627957133,67.53784751444023],[16.315474724628388,67.63027976929708],[15.307919542669323,67.89450422290712]]]}},{"type":"Feature","properties":{"fillColor":"#ffffff"},"geometry":{"type":"MultiLineString","coordinates":[[[12.260072063770712,44.602655073362065],[10.880762838022363,44.38970122180453],[10.113923948862764,44.53042269472174],[9.428447156763601,44.82202032899189],[9.033010561861007,45.09386800170144],[8.610505281180052,45.45719832040653],[8.288985762668412,45.800662747463434],[7.91546934762548,45.91185010737327],[7.395078523989006,45.7299240982634],[7.127468070234003,45.51778713820816],[7.035467315418594,45.17457808654473],[6.91597563281778,44.82202032899189],[5.990335104462657,44.75162194635623],[4.85333630702341,44.75162194635623],[4.358898850387935,44.731509613119286],[3.840565931363034,44.72522464480264]]]}},{"type":"Feature","properties":{"fillColor":"#ffffff"},"geometry":{"type":"MultiLineString","coordinates":[[[66.99386596852293,76.94999695021545],[66.29041009655407,76.60260136551301],[65.81451789538801,76.33610173286002],[65.43380413445516,76.18381622848688],[64.90080486914917,76.03153072411374],[64.37303161750856,75.73304748780424]]]}},{"type":"Feature","properties":{"fillColor":"#ffffff"},"geometry":{"type":"MultiLineString","coordinates":[[[-6.234445083754679,36.57818984498803],[-4.8887524320766,36.97645089195342],[-3.40768253247779,37.49315541411165],[-2.425003345174774,37.93050194234519],[-2.039589065096722,38.11939441238698],[-2.075222623054541,38.40774852298829],[-2.419752268452085,38.78567337038646],[-2.697997416148282,38.984618352082094],[-3.590555838057138,39.3228836826762],[-4.672739333311908,39.71098524369339],[-5.934494180304929,40.09943101098206],[-6.534736917117955,40.3789431732671],[-6.711757007523275,40.658582404155794],[-6.422880487232526,40.91836133414369],[-5.385865079057171,41.338236337807686],[-4.985195080562944,41.60830762956231],[-4.763274030966621,41.768405956688994],[-4.550199514917472,41.93855620215976],[-4.102179090181513,42.04867856807645],[-3.400146600333751,42.1788486742495],[-2.948562450507259,42.16883460833316],[-2.101130740098395,42.03866662704055],[0.453117257735111,41.46825583555903],[1.139424753742802,41.268237238787506],[1.616388799856648,41.19583129549461]]]}},{"type":"Feature","properties":{"fillColor":"#ffffff"},"geometry":{"type":"MultiLineString","coordinates":[[[36.522613543924194,63.96765898192369],[36.361708627359945,63.25106099584844],[35.26303375531296,63.49379146326374],[34.03722579005557,63.8760884394061],[33.049896162816516,64.5039622693563],[32.052523250599535,65.34732504047682],[30.275068253089497,66.55637896781478],[29.617473144816884,66.84284661676678],[28.772107054596997,66.73533150945367],[28.147538195004884,66.4062890614708],[27.005561581943525,66.37772426183413],[25.552139292592404,66.17798275208342],[24.900951558903706,66.10673619652518],[24.62205246977382,66.0782507562434],[24.138683997421932,66.03553670067919]]]}},{"type":"Feature","properties":{"fillColor":"#ffffff"},"geometry":{"type":"MultiLineString","coordinates":[[[-3.632639170639054,54.51221466202987],[-2.280988232996418,54.597183566979986],[-1.304444550187168,54.77138519292345]]]}},{"type":"Feature","properties":{"fillColor":"#ffffff"},"geometry":{"type":"MultiLineString","coordinates":[[[44.88277862249387,42.28382465267175],[44.88793617174095,42.44828843070164],[45.09930346609545,42.50840267169246],[47.27996704127609,42.318061126165105],[47.98015753566592,42.27799675019851],[48.11387634558528,42.33026885881707]]]}},{"type":"Feature","properties":{"fillColor":"#ffffff"},"geometry":{"type":"MultiLineString","coordinates":[[[60.46057593527297,65.42971193925561],[60.03041085179283,65.5611243269353],[59.091361340808994,65.99283955307861],[58.329865978412265,66.1295299697403],[57.93928826624794,65.93593628955219],[57.97355919011891,65.49311592573542],[57.591053523279555,64.36837796755512],[57.45621140202211,63.9443181314783],[57.21836772132159,63.44382353541077],[57.07750101160905,62.90089226640341],[56.745572543329196,62.282987417809466],[56.37044292578844,61.711659886909175],[56.14114917552639,61.33935650223541],[55.116188281830055,60.89171120127125],[54.35248186287164,60.782745056888444],[53.40642116466162,60.67386307710863],[52.62691954458319,60.70651884535938],[52.064841812086755,60.9135145470887],[51.78949535873972,61.21911658060522],[51.773009673122885,61.66780813113374],[51.98509592011595,62.08495571259351],[52.32484520432925,62.45925195844259],[52.502018037053915,62.77930126967368],[53.10060485043152,63.421621361225846],[53.335076855940635,63.654922221092015],[53.60476866412486,64.0000408936428],[53.68997228226412,64.1785054047211],[53.663547735539694,64.4242728006857],[53.237674115892986,64.81617546893345],[52.651187407799604,64.9283538404297],[52.35688506702062,64.82738917032047],[52.2468146163318,64.4466371051222],[51.952662499144694,64.04463533817155],[51.507600375812444,63.677161910154524],[50.700538457573266,63.31066390031252],[50.35322923855425,63.166552014753464],[49.71216226589027,62.956196114628845],[49.511533063749845,63.01152200803971],[49.26762964527306,63.321755644185345],[49.355807201871336,63.6882830981174],[49.453468852020485,64.04463533817155],[49.487432012872695,64.33485198082208],[49.281696455916844,64.61448564318853],[48.26988125306595,65.17630586314195],[47.5391591858013,65.4817853397217],[46.78205997105297,65.76540616277356],[46.01772313498944,65.89043526335927],[45.34921347082201,65.82221964165882],[44.94291916234393,65.5611243269353],[44.676066697874276,65.17630586314195],[44.487266115255025,64.8946906741221],[44.69121830986155,64.39073317141087],[45.376585595228526,63.61045358436007],[46.15642287244479,63.01152200803971],[46.62255863591065,62.591596881437624],[46.35486309857456,62.61366660742291],[45.1620299211443,62.96725952885325],[44.546320491824034,63.233046561999174],[44.25070684065069,63.33284827686907],[43.79901002928782,63.38832477994813],[43.23754599093636,63.343941798578655],[43.125057870489925,63.10008935735475],[43.259304397582355,62.55849885364644],[43.30754013117515,62.10694536703521],[43.46526393807821,61.60205622443105],[43.594230756544896,61.17541847193122],[43.61014105222532,60.86991122985412],[43.47492241866185,60.739182176145135],[43.07299029348047,60.717405781747324],[42.310324972226994,60.88081079386065],[41.193412516543965,61.230043231053635],[40.66281971338692,61.44875494292195],[40.29517281746995,61.64588740024823],[39.9063818893961,61.95309042303038],[39.39775189179244,62.61366660742291],[39.23135751826877,63.02258983446471],[39.034518756682814,63.21087816676704],[38.4700336490904,63.4660292742649],[37.92888002759937,63.532667896020286],[37.42263413586974,63.80471420646877]]]}},{"type":"Feature","properties":{"fillColor":"#ffffff"},"geometry":{"type":"MultiLineString","coordinates":[[[65.72594435825177,68.1083203926421],[65.48893388809283,67.99211629587566],[65.10114637330098,67.59849711623279],[64.61225238096951,67.21784383235565],[64.10766803230781,66.7926594694245],[63.494981813309955,66.41600684098789]]]}},{"type":"Feature","properties":{"fillColor":"#D2E3F3"},"geometry":{"type":"MultiPolygon","coordinates":[[[[48.70457458495363,45.69734954834866],[48.69442749023872,45.70109558107019],[48.594570159856886,45.74582290644397],[48.55151367190614,45.782352447490126],[48.493736267095336,45.874435424850915],[48.498462677051926,45.88373565671106],[48.51693725586102,45.88505935667284],[48.53249359125141,45.87747955318083],[48.6763839722053,45.76415252691073],[48.72137451172594,45.72748565674973],[48.72956848143982,45.716648101846836],[48.72602462771641,45.70178985599272],[48.71720886231157,45.69609069827016],[48.70457458495363,45.69734954834866]]]]}},{"type":"Feature","properties":{"fillColor":"#4292C6"},"geometry":{"type":"MultiPolygon","coordinates":[[[[-6.71777820593519,61.93332672127207],[-6.7252779006742,61.93444061279615],[-6.773056030397868,61.94999694817437],[-6.869167327964419,61.99749755856254],[-6.961112022420082,62.04666137690714],[-7.03458166123022,62.1121101378975],[-7.130307674540347,62.12559890739368],[-7.234236717211502,62.17707443237936],[-7.233282073042478,62.19413913312997],[-7.233195304803035,62.19569015505909],[-7.210833549624823,62.28472137447176],[-7.193889141107006,62.30624771121352],[-7.131527900770498,62.30305099487224],[-7.087500572306662,62.29083251960837],[-7.068194866159575,62.28347015390842],[-7.06000041974302,62.275829315120745],[-7.052222251916173,62.257499694720266],[-7.043750286164244,62.24166488652999],[-7.036666870014822,62.23360443115719],[-6.990834236069241,62.19305419935148],[-6.973889350813037,62.18249511731023],[-6.945834159854216,62.16805267345627],[-6.91638946526497,62.15388488768066],[-6.841389656065519,62.12444305407288],[-6.735000610251217,62.043609619072186],[-6.721806049240748,62.03180313120141],[-6.696250438702751,61.9773559569647],[-6.704722404454628,61.93888473524254],[-6.71777820593519,61.93332672127207]]]]}},{"type":"Feature","properties":{"fillColor":"#9ECAE1"},"geometry":{"type":"MultiPolygon","coordinates":[[[[23.56916427550874,35.52666473349399],[23.5831909173761,35.57110595633526],[23.59388732929441,35.59221649134368],[23.59465981802553,35.59308792941343],[23.608539581930234,35.60874557486273],[23.609996795209195,35.56749725319449],[23.615413666268694,35.523052216139675],[23.655485153531302,35.497982024775105],[23.71895599301513,35.50888442985802],[23.84853935236748,35.5229835503272],[24.040775298441172,35.52963256900941],[24.179025650349303,35.4523582462076],[24.22616943805368,35.40763542575371],[24.2722892756754,35.36388397264067],[24.32708167996303,35.35138320986462],[24.357080458969907,35.35235595678843],[24.464721679380013,35.361938475944505],[24.49041557298289,35.365688323498404],[24.596456527168858,35.38298034656463],[24.623748779889137,35.39596939133359],[24.788887023766733,35.40888214043885],[24.963333129247594,35.40444183336518],[25.045692443808313,35.37923049901073],[25.054372787535524,35.350273132740135],[25.400831222656727,35.31152725272458],[25.518740130699207,35.316626892988],[25.564441680336135,35.318603516014186],[25.734304428646716,35.299926758270665],[25.717498779042394,35.159164429175846],[25.728054046546557,35.14193725628434],[25.756664276662665,35.12638854953888],[25.78402709945361,35.11388778676283],[25.81235694927242,35.11152267388623],[25.866943358971167,35.1522216790249],[25.89611053404412,35.17694091859723],[26.030969620041812,35.224925994403584],[26.301109313900106,35.283050537171405],[26.290554046395943,35.13110351558963],[26.274997711223527,35.08749389668222],[26.23972129846506,35.03666305585829],[26.205554962831286,35.02165985142972],[26.13583183271612,34.99728775086038],[26.100414275543017,35.003780365425996],[25.987499237018767,35.033050537081124],[25.591386795478854,35.007774352552076],[25.518740130699207,35.001312302769556],[25.335277557701545,34.98499298124892],[25.188053130597325,34.95221710161189],[25.01694107070341,34.93083190905077],[24.928054809383013,34.930549621646776],[24.821109771237104,34.93749237037349],[24.754304886166324,34.94624328559564],[24.76277542109119,35.01583099404098],[24.75763511611558,35.039855957031364],[24.74208068805001,35.073745728006486],[24.723052978514204,35.09055328329322],[24.392498016144145,35.18888473499328],[24.22616943805368,35.19844743896934],[24.194440841108644,35.200271606431386],[23.821804046029456,35.24652481140595],[23.69833183289404,35.23235702512437],[23.68194198668101,35.22444152804951],[23.594234466873218,35.2322196963479],[23.520553588932955,35.29499816920526],[23.56916427550874,35.52666473349399]]]]}},{"type":"Feature","properties":{"fillColor":"#6BAED6"},"geometry":{"type":"MultiPolygon","coordinates":[[[[13.357638359035718,54.27318954468399],[13.357638359035716,54.273189544683746],[13.35763835903518,54.27318954468348],[13.357500860105576,54.259978420801204],[13.357498168934058,54.25971984860513],[13.357498168934068,54.25971984860513],[13.357498168934063,54.25971984860464],[13.406943321121005,54.265132904040826],[13.42097091664506,54.26027297969057],[13.427638053954375,54.24791336058367],[13.426943778926523,54.23582839976088],[13.395416259743683,54.221660614135885],[13.253332137984387,54.25721740734076],[13.1623191582475,54.302463207083605],[13.156110763587321,54.30554962159647],[13.11881828309447,54.33673095710674],[13.145840075140127,54.537276953089986],[13.146962165850084,54.54560470569155],[13.337763786252927,54.56640243531091],[13.447461128343631,54.48893737799094],[13.483854293795838,54.48373794544529],[13.503089904743298,54.493095397994786],[13.50308990474357,54.49309539799519],[13.503089904743945,54.493095397995376],[13.516607284415556,54.513370513802954],[13.502570152173007,54.54976654049602],[13.383514404255152,54.578357696592946],[13.31055545801172,54.57332611074503],[13.284136772266208,54.564300537072256],[13.248749732877286,54.55777740466414],[13.22652721400944,54.641178131231754],[13.24472045885562,54.65666198740063],[13.263332366886988,54.6666641234218],[13.278610229484093,54.671386718630195],[13.292221069223258,54.673332214290326],[13.364442825204742,54.679443359272845],[13.383888244524272,54.68083190904697],[13.42708206162758,54.68249893190492],[13.441596031207476,54.67478561397612],[13.668609619127825,54.521522521912495],[13.631109237663013,54.40110778821741],[13.506388664263,54.34221649177323],[13.469444274843113,54.3283309937504],[13.416994228151234,54.302463207083605],[13.357638359035718,54.27318954468399]]]]}},{"type":"Feature","properties":{"fillColor":"#6BAED6"},"geometry":{"type":"MultiPolygon","coordinates":[[[[21.88332748377625,58.341514587121715],[21.955551147288116,58.343048095323375],[22.0069427490587,58.356658935647594],[22.00694274905856,58.35665893564793],[22.00694274905925,58.35665893564811],[21.998102678908058,58.377353896908915],[21.99638366673412,58.38137817383637],[21.911384582872813,58.461521148519466],[21.878051758169704,58.47415924093866],[21.85958099349358,58.4830474856048],[21.837356567418468,58.50666427601393],[21.924995422432804,58.51721191434486],[21.992635726567446,58.51569366454754],[22.112495422100036,58.492218017241875],[22.193746566558893,58.54721832289781],[22.327220916825876,58.57749176001794],[22.501663207645077,58.6022186277901],[22.62416458115497,58.593322753539965],[22.77204513545063,58.60321426368359],[22.815690994313236,58.616661072151864],[22.87166213952375,58.617767334340584],[22.91124534608953,58.61679840084563],[22.984855651938556,58.59943771353212],[23.090831756582663,58.56443786634374],[23.26305389420406,58.49610137927841],[23.281108856097703,58.487071990744674],[23.32818984981838,58.44693756105363],[23.258749008152222,58.42985534630162],[23.22610473603214,58.4366531368799],[23.202077865600927,58.44735336307264],[23.142494201331203,58.44360351531958],[23.076942443697646,58.41387939450192],[23.076942443697455,58.41387939450149],[23.07694244369709,58.41387939450133],[23.06416320817409,58.385826110579075],[23.053426053804156,58.377353896908915],[23.02861022950998,58.35777282742089],[22.756942749255415,58.24027252213034],[22.64888381934378,58.2302703856916],[22.581939697376185,58.2411041261679],[22.520553588750772,58.24221801794067],[22.481245041099726,58.242076874073064],[22.372913360623784,58.221378326615365],[22.276662826680365,58.180473327267464],[22.276662826680276,58.18047332726701],[22.276662826679747,58.18047332726678],[22.271316527993513,58.153118133862044],[22.263332367267445,58.098049163477405],[22.202495574944543,57.98610687229308],[22.09916305510137,57.93054962151467],[22.073329925904147,57.91666412380289],[22.051662444951262,57.90971374536298],[22.037776947239593,57.908325195439204],[22.016248703331144,57.91138076784836],[21.997356414639114,57.91985321049572],[21.983188629192227,57.96721267677805],[22.085968017559196,58.079299927003674],[22.106523513562383,58.084571838200425],[22.15110778834759,58.08638000455328],[22.151107788347968,58.086380004553796],[22.151107788348213,58.0863800045538],[22.194091797026317,58.14523696908418],[22.138469695929075,58.15970993025468],[22.07360839846558,58.17277145351284],[21.877079010264538,58.257358551292896],[21.844509124870342,58.289161682204394],[21.88332748377625,58.341514587121715]]]]}},{"type":"Feature","properties":{"fillColor":"#6BAED6"},"geometry":{"type":"MultiPolygon","coordinates":[[[[4.707360744481207,53.040134429917885],[4.71388816836685,53.05610656741385],[4.721666336059343,53.066108703568034],[4.726925905747853,53.070962907421354],[4.743332862843091,53.08610534664537],[4.856527328488717,53.18360900877232],[4.868888854996947,53.188331603990996],[4.881022377396768,53.18430394423773],[4.883541107206718,53.18346786495664],[4.912221908564566,53.14193725581645],[4.910631625463706,53.09674864337769],[4.910555362751609,53.09458160397537],[4.907928732166849,53.090791570462244],[4.903332710295092,53.084159851094604],[4.891666305215582,53.072250621924425],[4.876666069035593,53.05693817142617],[4.858611106893534,53.03916168208997],[4.804721832311657,53.00694274901224],[4.787499427835598,52.9988861084089],[4.772712855604767,52.9932944018081],[4.764721870474831,52.99027252198365],[4.760197371977298,52.98959526463147],[4.753610610946509,52.98860931395933],[4.738610267624551,52.98971557616204],[4.724166393297196,52.99541091920844],[4.715832710263783,53.003883361818],[4.70833301548214,53.02055358884644],[4.707360744481207,53.040134429917885]]]]}},{"type":"Feature","properties":{"fillColor":"#6BAED6"},"geometry":{"type":"MultiPolygon","coordinates":[[[[8.236109733330977,56.77221679670373],[8.245832443057907,56.80666351296236],[8.260137557962596,56.82777404775033],[8.270912695146032,56.83928770788417],[8.290554046954128,56.86027526891803],[8.299554310698763,56.86911172922491],[8.336666106712139,56.905548096168104],[8.37888717628874,56.94554901118167],[8.450553893484757,57.0049972535861],[8.577220916913127,57.09610748347441],[8.618471145117939,57.121524810588],[8.646944045779625,57.123191833859565],[8.713888168507106,57.10610961957709],[8.729703884256235,57.10347215853347],[8.737220764619947,57.10221862821949],[8.766109466249318,57.10110473623941],[8.804998398395426,57.103881835616924],[8.846666335504988,57.10832977296457],[8.894165038778667,57.11999511764024],[9.017221450605959,57.15361022961227],[9.079721450684364,57.14527130090703],[9.161388397221552,57.13749694876452],[9.196109771776541,57.13610839848798],[9.24388885480674,57.13694000277448],[9.265275954653,57.138885497865495],[9.391318320897962,57.15214920006305],[9.405097942424984,57.15706615921467],[9.466248512125922,57.178886414054624],[9.495832443449876,57.190277099258275],[9.543748855628303,57.21569061284886],[9.580554962359603,57.241104126439446],[9.64944267224104,57.30332946822139],[9.649442672241198,57.303329468221555],[9.649442672241548,57.303329468221875],[9.707777023841572,57.3649978640139],[9.725971222166947,57.38735580405637],[9.742033488776078,57.40743418178599],[9.768194198504546,57.440135955725104],[9.793333053798674,57.462219238646696],[9.957706451643393,57.58624649067021],[10.295276641579871,57.62318801861268],[10.458193779130248,57.62541198787428],[10.528055190525725,57.413887024325014],[10.530276298469508,57.222564697306716],[10.448055267260315,57.180690765299516],[10.42589773802938,57.157473402109574],[10.41902542060837,57.150272369546144],[10.336615562408177,56.991664886814924],[10.244998932167505,56.98971557584986],[10.223332404770076,56.99193954511139],[10.193054199483413,57.00277709902366],[10.151943207188367,57.024719238098385],[10.119720459015525,57.04166412323275],[10.02638816780302,57.084987640693726],[10.00472068820011,57.08961868239669],[9.499999999865395,57.046386718876704],[9.405097942424984,57.02760437817076],[9.289443969751517,57.00471496589313],[9.269721985239698,56.998329162851576],[9.249583244028315,56.99583053646916],[9.227638244811033,56.9993019109848],[9.115549087822728,57.05277252191826],[9.115549087822728,57.05277252191753],[9.115549087822309,57.05277252191773],[9.115554809282372,57.03867340073559],[9.030328750162994,57.015655517841935],[8.885831832709641,56.99749755856499],[8.729703884256235,56.96065307025505],[8.676595688297596,56.9481201168374],[8.486317634128511,56.785758971896314],[8.486317634128497,56.785758971896264],[8.4863176341279,56.78575897189575],[8.463054657145582,56.69777679482856],[8.415797233262424,56.67812728841409],[8.415797233263207,56.67812728841408],[8.41579723326196,56.67812728841356],[8.465049743317811,56.67766570988757],[8.49199962587254,56.675365447830295],[8.509138107252692,56.67407226619336],[8.524971008343918,56.67998886131178],[8.579061508381473,56.687671661864364],[8.607221603761026,56.630554199105816],[8.598194122553139,56.60721969623205],[8.545901298919546,56.58517074559751],[8.475667953826417,56.63027572611128],[8.461307525204177,56.63954162539147],[8.398278236582428,56.67204284655901],[8.36833190889513,56.67721557663333],[8.244165420961906,56.704303741717126],[8.235276222283062,56.74624633829876],[8.236109733330977,56.77221679670373]]]]}},{"type":"Feature","properties":{"fillColor":"#4292C6"},"geometry":{"type":"MultiPolygon","coordinates":[[[[-10.474723815800498,52.145553589073124],[-10.463335037544969,52.18020630004904],[-10.359724044941048,52.22972106804983],[-10.319276810517323,52.245850443168976],[-10.265001296492121,52.26749420047328],[-10.250556944539253,52.27138519206439],[-10.204168320150094,52.28110504105929],[-10.161875724250692,52.28582763749031],[-10.157084464432302,52.27207946754618],[-9.948890685236004,52.230690002247854],[-9.92027854915683,52.22999572676607],[-9.883890152059672,52.22999572676607],[-9.744862556347053,52.247219084589666],[-9.744862556347826,52.247219084590206],[-9.744862556346959,52.24721908459031],[-9.769166946443363,52.26416015500649],[-9.784584998911612,52.26485824612564],[-9.835834502353293,52.286659239747564],[-9.839723587417472,52.37971496546212],[-9.639111518238856,52.518161773130615],[-9.626445769930484,52.526660920451526],[-9.624853015774416,52.5271978795169],[-9.611611365296692,52.53166198606932],[-9.604278565548013,52.532661437615445],[-9.452716826137543,52.53655624484383],[-9.448833465820988,52.531665801706595],[-9.331666945163024,52.57110595686377],[-9.222501753871551,52.5849990848572],[-9.213872790277865,52.58664650710762],[-9.213872790277865,51.49101761725792],[-9.2301397322679,51.482357025739816],[-9.352779388050635,51.47055053724557],[-9.366666793879858,51.46971893240567],[-9.378334046489044,51.47083282465309],[-9.454723357920898,51.53083038310126],[-9.63833427525077,51.50943756191634],[-9.703611373670299,51.468605042741785],[-9.712223052582146,51.46346664518245],[-9.768056869833345,51.451942444095664],[-9.802785872887853,51.44672012318324],[-9.81750106791975,51.445549011877176],[-9.843819618490512,51.54541397093865],[-9.779167176318744,51.58388519189768],[-9.745279313322168,51.599441529570925],[-9.610000610941782,51.642971037790154],[-9.610000610942011,51.6429710377907],[-9.61000061094171,51.6429710377908],[-9.628528593792339,51.68741226114918],[-10.025835036264596,51.59527587926431],[-10.040278434954018,51.59291076541149],[-10.132501602565748,51.59333038217699],[-10.130001068465253,51.612220765317026],[-9.995625496685948,51.71457672067822],[-9.974306107789225,51.73027420076349],[-9.953084838698866,51.73876270839963],[-9.905555725433814,51.757774353705656],[-9.776668548745116,51.80082702610042],[-9.624853015774416,51.85349242726824],[-9.59250068787499,51.864715576139744],[-9.580973624414447,51.87235260127265],[-9.580973624415542,51.8723526012726],[-9.580973624414412,51.87235260127335],[-9.624853015774416,51.870264700629896],[-9.642223357731552,51.86943817257139],[-9.688333510350617,51.86110687195668],[-9.710000992835091,51.85638427810915],[-9.939167023187167,51.79943847772091],[-10.051389694702834,51.771110535576156],[-10.101945875926276,51.75222015501873],[-10.319276810517323,51.7804149671867],[-10.338592529033633,51.782920837124095],[-10.371946334563276,51.87888336284962],[-10.319276810517323,51.93195904960363],[-10.263612748111917,51.98805236719479],[-10.249444961402244,51.99304962234205],[-10.123889923654035,52.02555084348538],[-10.101667404156228,52.03083038345669],[-10.091112137267514,52.03333282408422],[-10.05694579991742,52.038604735364345],[-9.986667633296733,52.04999542273025],[-9.801111221463033,52.12277221692456],[-9.760416984909977,52.149578094384935],[-9.760416984910947,52.14957809438499],[-9.76041698490991,52.149578094385674],[-9.811389923108493,52.15249633872486],[-9.844167709495025,52.15193939260115],[-9.872501373804027,52.15138244647744],[-9.886667251403424,52.15055084163748],[-9.942501068654622,52.1447219842338],[-10.025001524897732,52.13610839879493],[-10.053890228803482,52.131385802364036],[-10.093055725244426,52.12360382176513],[-10.184722899996075,52.10721588183543],[-10.319276810517323,52.09992720943112],[-10.444931983876984,52.093120574150305],[-10.46777915962241,52.10472106989897],[-10.473611832663494,52.129165649143886],[-10.474723815800498,52.145553589073124]]],[[[-9.811668394877682,52.593887329012794],[-9.731250762497568,52.64110565171431],[-9.690785574476614,52.66659468603066],[-9.624853015774416,52.708125624931895],[-9.565000534932826,52.745826720928285],[-9.485834121573776,52.80055236809637],[-9.405555725077717,52.886383056753026],[-9.394723892945809,52.9266662584952],[-9.394723892945953,52.92666625849521],[-9.394723892945763,52.926666258495914],[-9.468403815157728,52.92937088139843],[-9.474166868964407,52.9387474057059],[-9.289690772664136,53.13051067484618],[-9.280834198696368,53.13971710110683],[-9.263612747399725,53.14985656686728],[-9.253612517524353,53.14971923750916],[-9.231668472380063,53.14305114657427],[-9.213872790277865,53.13501406926116],[-9.213872790277865,52.61444987837436],[-9.2416667931451,52.61332702700264],[-9.499000550210326,52.61161041131783],[-9.633917808147544,52.5877723685644],[-9.811668394877682,52.593887329012794]]],[[[-10.177072506837844,53.412771225622976],[-9.213872790277865,53.412771225622976],[-9.213872790277865,53.24546317479002],[-9.497501374182889,53.22305297782782],[-9.608057022964829,53.23221588069913],[-9.624853015774416,53.23714027528278],[-9.903889655963496,53.31895065322027],[-10.17652893132282,53.40971755974465],[-10.177072506837844,53.412771225622976]]],[[[-9.213872790277865,51.49101761725792],[-9.213872790277865,52.58664650710762],[-8.983890533240764,52.630554200462875],[-8.93042922103151,52.64185511510662],[-8.818334578574436,52.665550230959184],[-8.818334578575051,52.665550230959674],[-8.818334578574422,52.66555023095981],[-8.819640147385396,52.66659468603066],[-8.8488903052139,52.68999481278803],[-8.93042922103151,52.71794793002179],[-8.94694519001996,52.72360992359546],[-9.02805709788288,52.730552673246564],[-9.033334731327102,52.71916198846395],[-9.065555571590096,52.68860626182459],[-9.09083366478518,52.667221069330935],[-9.09158533967899,52.66659468603066],[-9.091585339678991,52.66659468603066],[-9.129167556386108,52.63527679431127],[-9.151250839998795,52.62096786518953],[-9.16694450444686,52.616661072470094],[-9.179723740192912,52.615829467630135],[-9.213872790277865,52.61444987837436],[-9.213872790277865,53.13501406926116],[-9.203901382480263,53.13051067484618],[-9.197223663259821,53.1274948114844],[-9.173612595381812,53.11388397089839],[-9.15416717522778,53.10694122383064],[-9.069444656654225,53.11721801636583],[-9.03760250416323,53.13051067484618],[-9.001476288770988,53.14559173582446],[-8.937917709979873,53.14172744852754],[-8.938140521511006,53.15026611671621],[-8.941112519562125,53.2641601557188],[-8.96027946536276,53.26721954246983],[-9.03652858764599,53.27165985149344],[-9.050834656977372,53.26874542279165],[-9.202222824933983,53.24638366740879],[-9.213872790277865,53.24546317479002],[-9.213872790277865,53.412771225622976],[-8.452434793672492,53.412771225622976],[-8.351301101125443,53.39362933867392],[-7.953021764755229,53.31918068731643],[-7.953021764755229,51.85660374944668],[-8.086668013765518,51.81082916250347],[-8.16930675521371,51.79194259758333],[-8.21525001438988,51.803218841664716],[-8.220550536491007,51.80983352659426],[-8.209917068413667,51.82521820192365],[-8.20694541806948,51.83666229271119],[-8.178334235253786,51.85152435231928],[-8.178334235254235,51.85152435231974],[-8.178334235253658,51.85152435232004],[-8.21055603136341,51.88443756153765],[-8.236005426288603,51.88611105772005],[-8.286666871025204,51.8894424427927],[-8.365835190911241,51.89221954471975],[-8.384352685280248,51.89241790877418],[-8.421938895394476,51.88154602149274],[-8.421938895393163,51.88154602149239],[-8.421938895394556,51.881546021491985],[-8.399444579554306,51.875549317381974],[-8.371946335722464,51.87638855091306],[-8.357778549012792,51.875549317381974],[-8.343611718149964,51.8727760310921],[-8.334722518148125,51.8669433606344],[-8.311683653776143,51.813980101298235],[-8.307333946116737,51.803230285992484],[-8.307250976027104,51.778244018006326],[-8.310695649141849,51.741802214904794],[-8.315632255953854,51.73876270839963],[-8.344306946895244,51.72110748225566],[-8.557500838445833,51.633888245218884],[-8.73722267071139,51.57611083999069],[-8.88277816821045,51.567214964561174],[-8.93042922103151,51.563680596867364],[-8.983890533240697,51.559715271369726],[-9.112222670332699,51.54804992787092],[-9.163612365506367,51.517776488638845],[-9.213872790277865,51.49101761725792]]],[[[-10.200139999200712,53.54235839866571],[-10.186111450959636,53.55027771120596],[-10.054396499243156,53.59442666366169],[-10.036111831383186,53.600555420659276],[-9.997501374538965,53.60596847435143],[-9.911667823508509,53.64797973610688],[-9.911667823508697,53.64797973610752],[-9.91166782350848,53.64797973610763],[-9.924446105990997,53.69138336188032],[-9.924446105990974,53.691383361880405],[-9.41218788745049,53.59442666366169],[-8.93042922103151,53.50324271005463],[-8.452434793672492,53.412771225622976],[-10.177072506837844,53.412771225622976],[-10.200139999200712,53.54235839866571]]],[[[-7.953021764755229,51.85660374944668],[-7.953021764755229,53.31918068731643],[-7.541581631545696,53.242271944545706],[-7.184011473024839,53.175432885532075],[-6.551177092040746,53.1131265212652],[-6.034583568929386,53.10999679494529],[-6.034583568929079,53.10999679494456],[-6.013055800253196,52.944999695512855],[-6.06944465710103,52.865829466516516],[-6.107500076931785,52.839996338891524],[-6.11875057256583,52.83055496166679],[-6.137500763974515,52.80166626034429],[-6.216111659813464,52.66388320822608],[-6.361945151159205,52.392776488616164],[-6.381944657646443,52.27722168074337],[-6.381944657646391,52.27722168074334],[-6.381944657646495,52.277221680742734],[-6.331666945609812,52.24999618651681],[-6.320555685861073,52.238746644146474],[-6.327500342038945,52.22249603357534],[-6.359445094981993,52.17902374183171],[-6.369444846934016,52.176387787483236],[-6.386667251494089,52.176940917969716],[-6.914722919729172,52.20610427800824],[-6.995382309028059,52.26982116570406],[-6.995382309020171,52.26982116569718],[-6.995382309028068,52.26982116570342],[-6.988889693490584,52.26416015500584],[-6.973889351260897,52.233604430949754],[-6.970556259056932,52.221939087450984],[-6.974166869767529,52.16805267381456],[-7.00180625859474,52.13846969701058],[-7.036389350336606,52.132774353327534],[-7.105139254768574,52.13193893543371],[-7.16027832119795,52.15027618292129],[-7.368889808049516,52.13416290170778],[-7.435000420419271,52.126106262392625],[-7.541581631545696,52.10697112068852],[-7.578888892601128,52.10027313218433],[-7.620278357899338,52.06472015298084],[-7.620278357898769,52.06472015298079],[-7.620278357899437,52.064720152980215],[-7.601944923465784,52.063049317192586],[-7.567500114345543,52.05916595429266],[-7.546319961334149,52.05179977482218],[-7.586667060145942,51.993190764754786],[-7.712778090754398,51.938888549989485],[-7.953021764755229,51.85660374944668]]],[[[-8.798334121406786,54.69575881869891],[-8.7397232048121,54.72735595597753],[-8.669168472948218,54.75971984776274],[-8.62083435147182,54.7699966428813],[-8.530000685503678,54.78458023071924],[-8.490835189062745,54.793609619869635],[-8.368612290255022,54.831939698416754],[-8.353889466532006,54.839439391608174],[-8.315556525611088,54.87381744386799],[-8.315556525611434,54.87381744386845],[-8.3155565256111,54.873817443868745],[-8.337362290717124,54.90235901003348],[-8.349028587479381,54.905136109377224],[-8.371946335722328,54.903053282931864],[-8.382639885232663,54.896385191997126],[-8.382639885232683,54.89638519199643],[-8.382639885232777,54.89638519199637],[-8.383056639624503,54.88145446900161],[-8.396945954564046,54.882774353994364],[-8.437499999385182,54.896942138120664],[-8.45750045655251,54.91749572835772],[-8.459722518882927,54.93833160341893],[-8.457222938045874,54.99679946849098],[-8.317501066851479,55.10888671975889],[-8.236005426288603,55.12940916828878],[-7.953021764755229,55.200670865092526],[-7.953021764755229,54.01519980806105],[-8.7486114489646,54.2633285515902],[-8.62000084010496,54.257217406779105],[-8.474862099581122,54.273468017350766],[-8.47486209958164,54.27346801735142],[-8.474862099581003,54.27346801735149],[-8.515278815044098,54.32430267292841],[-8.529445648490196,54.32916259871746],[-8.587778090731774,54.33958053624809],[-8.60444450501501,54.338050842872576],[-8.626667021929393,54.33305358772526],[-8.647222518693468,54.331108093221474],[-8.668126106461767,54.34353637817259],[-8.661666870646474,54.3552703850582],[-8.65111160375776,54.3622207634005],[-8.434446334798213,54.4474945059335],[-8.395557403600474,54.46193695135941],[-8.38098526009099,54.467086793247155],[-8.348333358734132,54.4699935906745],[-8.284439086530583,54.47332763614194],[-8.267084121513093,54.52180099608678],[-8.266495024655491,54.52225864129273],[-8.236005426288603,54.545944760720836],[-8.20111274761178,54.57305145279203],[-8.170000077432029,54.59138488722568],[-8.170000077432258,54.591384887226205],[-8.170000077432007,54.591384887226354],[-8.188333511865608,54.63360595736458],[-8.236005426288603,54.63144589890078],[-8.390556335399253,54.62444305449327],[-8.559722900776137,54.61332702584372],[-8.58444595437453,54.60971832166007],[-8.626667021929393,54.61777496355836],[-8.68000030508,54.62805175867709],[-8.789861678380305,54.658607482733146],[-8.798334121406786,54.69575881869891]]],[[[-7.953021764755229,54.01519980806105],[-7.953021764755229,55.200670865092526],[-7.670000077075931,55.27194213774127],[-7.657500266363455,55.27443694967762],[-7.632500647521872,55.265552521159904],[-7.550972460607261,55.1448860174386],[-7.550472736125906,55.13746642937997],[-7.553139210405675,55.12780380202764],[-7.553139210405618,55.12780380202744],[-7.55313921040573,55.12780380202703],[-7.541581631545696,55.08616044427565],[-7.541528226175599,55.085968018252885],[-7.541581631545696,55.08595140253689],[-7.575000763383798,55.07555389377643],[-7.616666793925333,55.05388641387526],[-7.636389732586053,55.03833007878535],[-7.682291983349216,54.95089721772854],[-7.682291983348783,54.95089721772861],[-7.682291983349218,54.95089721772778],[-7.663333892668001,54.95388793850823],[-7.644166946867488,54.9611053468756],[-7.541581631545696,55.00690105133289],[-7.456250190081757,55.0449943540823],[-7.446528434559903,55.0556907659664],[-7.44652843455999,55.05569076596683],[-7.446528434559809,55.05569076596703],[-7.464694975550685,55.14502334679747],[-7.500528335634556,55.17385482906076],[-7.506861686420507,55.17785644571586],[-7.521111487372949,55.18723297002376],[-7.52019500849989,55.196189880148864],[-7.511944771447872,55.27443694967762],[-7.396389485651611,55.37833022968896],[-7.376667022330962,55.379993439368775],[-7.24083423620071,55.351943968994135],[-7.194369734174243,55.33521660506022],[-6.956111907104063,55.24944305300026],[-6.935139655948232,55.23846816934601],[-6.935833931429993,55.21971893378476],[-6.953611373003469,55.211662291886284],[-7.067222595482747,55.174438476895375],[-7.144166946511291,55.15083312859815],[-7.15916728874106,55.14582824734316],[-7.18361187056928,55.131942748040785],[-7.194369734174243,55.1237637298388],[-7.197500229662012,55.121383668098304],[-7.252507210974045,55.07059478725171],[-7.252651659240286,55.06433193153739],[-7.253056050483092,55.04679870617414],[-7.194369734174243,55.043138723136884],[-7.09500026693161,55.036941527821114],[-7.068889140293072,55.03916168104123],[-7.05138921722628,55.046802521811415],[-7.029167175651896,55.06194305318965],[-7.019722938636713,55.07027435380435],[-6.994167326934941,55.1102752681391],[-6.966944695082819,55.15610504246101],[-6.889722822964161,55.16777038595978],[-6.84715783680279,55.16795523920641],[-6.824722289787831,55.1680526733672],[-6.730278015692422,55.180274962989635],[-6.692170739232595,55.18905587412048],[-6.692170739232595,53.91752631997645],[-6.772708094273867,53.908716310870034],[-7.511404801550384,53.87746818034384],[-7.541581631545696,53.88687973891359],[-7.953021764755229,54.01519980806105]]],[[[-5.493832114281841,54.396382332495875],[-5.457357070239828,54.396382332495875],[-5.46111202355678,54.38555145298204],[-5.493832114281841,54.396382332495875]]],[[[-6.692170739232595,53.91752631997645],[-6.692170739232595,54.396382332495875],[-5.600048809019901,54.396382332495875],[-5.596780300694715,54.391109467306244],[-5.593680858793914,54.38500976682348],[-5.58998060256594,54.371154784869326],[-5.55916690836299,54.29083252017007],[-5.562222482060122,54.2830505369883],[-5.586667061304979,54.26499938996193],[-5.608333587942582,54.24971771358838],[-5.655555726282046,54.22700882046456],[-5.666944504537526,54.23499298075495],[-5.692083834604318,54.2447166453872],[-5.730556486750345,54.24749755778481],[-5.746111868576804,54.24805450390852],[-5.82500028550561,54.239578247827865],[-5.859723091056082,54.22596740724185],[-5.873472689603716,54.20916366618388],[-5.873472689603638,54.20916366618329],[-5.873472689603727,54.20916366618318],[-5.871945380678503,54.19749450704713],[-5.86541748147554,54.18582916354836],[-5.86458397010871,54.16694259604562],[-5.885000228404294,54.116386414822216],[-5.900000095293933,54.0968017587831],[-5.920278548891417,54.08583068818268],[-5.968334198597631,54.06388854956532],[-6.043889045399112,54.03138732842211],[-6.071389676264801,54.02763366618899],[-6.081944465230038,54.02832794167091],[-6.108333588298649,54.0363845835692],[-6.152734042059883,54.06060435970021],[-6.174027919033449,54.07221984759667],[-6.18902826384641,54.09041213961831],[-6.199722291280125,54.0959701539432],[-6.266975401551747,54.099830628186226],[-6.26697540155093,54.099830628185444],[-6.266975401551727,54.09983062818549],[-6.240834235488922,54.074714659532766],[-6.330278397229563,54.0130538939884],[-6.347361565904578,54.01416397059842],[-6.357223032651518,54.0108261120771],[-6.381389140126203,53.95152282652714],[-6.692170739232595,53.91752631997645]]],[[[-6.692170739232595,54.396382332495875],[-6.692170739232595,55.18905587412048],[-6.613333701009165,55.20722198544541],[-6.515556334709791,55.233055115653855],[-6.376389503112097,55.23916626046507],[-6.35333347224743,55.23777770950149],[-6.152734042059883,55.22125988819877],[-6.145833493192865,55.22069168103602],[-6.101250649499077,55.20944213866552],[-6.063750744604964,55.191524505360135],[-6.034444808384119,55.15457916213939],[-6.042500497019034,55.102775574948396],[-6.049445153197041,55.087219237275065],[-6.049445153196936,55.08721923727483],[-6.049445153197117,55.087219237274425],[-6.03611183111778,55.05777740546567],[-5.951222077396362,54.98617463010825],[-5.844445227736339,54.8961105358635],[-5.80552214468843,54.86330020846225],[-5.791389465675773,54.851387025097736],[-5.778750419078223,54.85527420105157],[-5.746945379943637,54.85360717831785],[-5.734167100044382,54.849300385598475],[-5.70930623916445,54.83166503970051],[-5.69041728979414,54.80916213932236],[-5.707896233314216,54.7637939460264],[-5.712166786521266,54.75602340717279],[-5.721917152864307,54.74927520852208],[-5.743283272338317,54.740489960739694],[-5.755483626567184,54.74024200373435],[-5.785833357877777,54.71971893342874],[-5.80552214468843,54.71378633393087],[-5.819027901239451,54.70971679702626],[-5.866806029855752,54.68971633985899],[-5.878055572226174,54.68249511843766],[-5.889861582796925,54.673053741212925],[-5.924444674538734,54.63180160527281],[-5.924444674538483,54.63180160527248],[-5.924444674538827,54.63180160527207],[-5.902431010160316,54.60228729185529],[-5.882569313537963,54.606521605550014],[-5.874722480022279,54.61972045806166],[-5.855834005991914,54.63749694895502],[-5.816389084517356,54.655548095981246],[-5.80552214468843,54.660304955736756],[-5.80305576243802,54.66138458207622],[-5.728486538403744,54.672462462103226],[-5.629167556476889,54.679443360377],[-5.599166869434144,54.67916107296958],[-5.574306011137582,54.677219391519614],[-5.53520870274397,54.65089797857488],[-5.458310247316977,54.528815404437495],[-5.45418021514821,54.52225864129273],[-5.431319713709961,54.48596572947602],[-5.43583345502168,54.45846557653448],[-5.457357070239828,54.396382332495875],[-5.493832114281841,54.396382332495875],[-5.535881042832216,54.41030120829123],[-5.542480945719888,54.41310119629196],[-5.559706210070294,54.43479919354118],[-5.558230875963318,54.4421234139179],[-5.558230875963286,54.44212341391846],[-5.558230875963261,54.44212341391858],[-5.557950450576046,54.44698444792525],[-5.557138919109426,54.461051940514494],[-5.55713891910945,54.461051940514956],[-5.557138919109434,54.46105194051523],[-5.558014392152813,54.47780227556825],[-5.56243085925604,54.49213409334686],[-5.568264485560462,54.50205230639608],[-5.572680950080439,54.5062980644193],[-5.591681002438179,54.516799927886325],[-5.604266008690685,54.52225864129273],[-5.615514754214189,54.527137755117735],[-5.627347947002647,54.53146743649398],[-5.640181064093781,54.53546905573245],[-5.698125362764586,54.57263183602714],[-5.704722403278424,54.53360748199822],[-5.70472240327836,54.533607481998146],[-5.704722403278456,54.53360748199758],[-5.694918294297086,54.52225864129273],[-5.65694475258567,54.47830200263228],[-5.639790536072872,54.46049499439083],[-5.600048809019901,54.396382332495875],[-6.692170739232595,54.396382332495875]]]]}},{"type":"Feature","properties":{"fillColor":"#9ECAE1"},"geometry":{"type":"MultiPolygon","coordinates":[[[[20.84388732919384,77.54193115298828],[20.878747939862222,77.56456756682131],[20.960826874009474,77.585266112666],[21.01583099363614,77.58581543019254],[21.068054199430552,77.58720397864822],[21.129161834420092,77.59248352073149],[21.192771912574724,77.60262298642324],[21.22471618698562,77.61360168505095],[21.2247161869865,77.61360168505178],[21.224716186986655,77.61360168505183],[21.237615458780255,77.62572800896524],[21.24228668188414,77.63011932386544],[21.242286681884135,77.63011932386547],[21.24228668188516,77.63011932386644],[21.237495422716506,77.66387939503596],[21.23999404896074,77.69636535714511],[21.25263595581059,77.7235946646483],[21.459159851795082,77.82943725652743],[21.641028052762625,77.91071721445378],[21.644996642664253,77.91249084403012],[21.64499664266351,77.91249084403036],[21.64499664266515,77.91249084403108],[21.641028052762625,77.91374708003569],[21.539718627968625,77.94581603907619],[21.266387940449306,77.98748779253907],[20.97193908660398,78.04832458468292],[20.883050918123843,78.07387542631471],[20.868745803051375,78.09012603719732],[20.896661758967372,78.11262512215032],[20.934162139675045,78.12248230025403],[20.974163055087377,78.1277618403305],[21.425273894481087,78.1833190923978],[21.468605041252204,78.18775939953831],[21.641028052762625,78.19841068016264],[21.71166229241101,78.20277404849492],[21.837497711165085,78.20915222161764],[21.865272521281245,78.20971679679373],[21.946105957220475,78.20887756385778],[22.146663666722738,78.19970703216053],[22.399162292424577,78.1924743644387],[22.448049545492474,78.19928741368575],[22.474718094740986,78.20846557521118],[22.499372481732347,78.2220916757121],[22.80277633667045,78.24756916305014],[22.80277633667045,77.2695303347258],[22.779720307372543,77.26485443054986],[22.64110565088174,77.25305175864247],[22.448329924620907,77.25665283284718],[22.423606873189783,77.25721740802311],[22.3867301938094,77.29859161424173],[22.415620803081648,77.41165161217918],[22.58444213794584,77.47581481876058],[22.692493438653322,77.49304199145926],[22.712493897362883,77.503601073619],[22.773191452166262,77.54615783698004],[22.773191452165698,77.54615783698009],[22.77319145216711,77.54615783698108],[22.493049621854595,77.5688781729043],[22.464996337057755,77.57026672336661],[22.436107636245765,77.57054138112665],[22.412773133270036,77.56915283267085],[22.37110900963529,77.56498718329021],[22.35055160557789,77.56275939989177],[22.30680274879245,77.55512237535828],[22.28731339908539,77.54748440382873],[22.283052444262978,77.54581451478106],[22.283052444262406,77.54581451478036],[22.28305244426202,77.5458145147802],[22.26694297717377,77.52610015857343],[22.247219086691643,77.51554107641408],[22.210552215545363,77.50610351477826],[22.183605193622896,77.50166320763776],[22.133605956312863,77.49581909238526],[22.086940765275642,77.49304199146019],[21.84055328275815,77.48304748447657],[21.641028052762625,77.47327217565875],[21.347217559467765,77.45887756347895],[21.309440612539788,77.45359802340255],[21.268608094019612,77.44914245660561],[21.207496642109163,77.44247436606668],[21.166664123589214,77.43803405691949],[21.120552062985723,77.43498230024136],[21.089164733922757,77.435806273521],[20.951938629901235,77.44081115784434],[20.89277267380112,77.44303894124283],[20.867218017255254,77.4545745852185],[20.84388732919384,77.54193115298828]]],[[[22.80277633667045,77.2695303347258],[22.80277633667045,78.24756916305014],[22.834995269844082,78.25027465755397],[22.865550995799293,78.2499999997941],[22.933598745408155,78.24840331797527],[22.949440003330647,78.24803161650598],[22.98277282619723,78.24693298345971],[23.219161986817085,78.22221374493569],[23.254997252848764,78.21554565439673],[23.33610916146195,78.1974792487621],[23.45971679681709,78.15582275294896],[23.367633819405853,78.10498809761782],[23.338886260381003,78.10081481840888],[23.216106415225795,78.09443664528624],[23.185829161944582,78.0947113030461],[23.121801375782525,78.0922088618878],[23.094858168774124,78.08332824760686],[23.053886412913528,78.04886627238119],[23.053886412913553,78.04886627238103],[23.05388641291268,78.0488662723803],[23.058469772307657,78.01887512160117],[23.07450489318554,78.00387150008554],[23.07999610835284,77.99873352110437],[23.112773894331955,77.98858642558444],[23.16527175989303,77.9785919186008],[23.28138732942332,77.96026611285585],[23.579884091730918,77.8820759850566],[23.60485839804659,77.87553405747445],[23.636661528663467,77.86526489273093],[23.657497405394892,77.86248779381276],[23.838886261302164,77.84915161072807],[23.867218016766234,77.84748840250572],[23.89027404706792,77.84748840250572],[23.936107634997335,77.85054016119055],[23.973606109251364,77.85609436103368],[24.026248931513752,77.86997985763132],[24.048051833779244,77.88039398108295],[24.076385497703754,77.88471984882804],[24.22616943805368,77.89075876265488],[24.22777175808964,77.89082336419092],[24.33499527060343,77.88415527365197],[24.527774811778215,77.85331726010871],[24.549442291617417,77.84748840250572],[24.76166534414706,77.78692627012862],[24.754444123174384,77.72943115207988],[24.522499084609876,77.71527099571568],[24.4797172553653,77.71138000409508],[24.263610839036403,77.6838684090032],[24.22616943805368,77.67828212532746],[24.20777130138771,77.67553711024192],[24.175827026977004,77.66831970217646],[24.08249664289582,77.63777160604945],[24.002777099659056,77.60304260289212],[23.98541259808053,77.59137725785797],[23.985412598079993,77.59137725785733],[23.98541259807956,77.59137725785705],[23.962772369331763,77.56469726587306],[23.938606261242395,77.53858947688747],[23.902357102117264,77.50463867205451],[23.741939545367757,77.4510955802375],[23.71082687406465,77.44358825676267],[23.579884091730918,77.41522862459456],[23.381246566704135,77.37220764211548],[23.348884582278743,77.36970520095718],[23.324165343754714,77.37052917423665],[23.292774199777682,77.38192748933238],[23.23499298123295,77.3922119137323],[23.20388412484391,77.3933258064348],[23.0919418325156,77.38165283157252],[22.95804977476689,77.3516540529721],[22.933598745408155,77.34302224490955],[22.920272827838915,77.3383178718941],[22.902217864939587,77.32366943261508],[22.902217864939598,77.32366943261485],[22.90221786493875,77.32366943261417],[22.90319061184053,77.30004882713682],[22.86944198541414,77.28305053724307],[22.80277633667045,77.2695303347258]]]]}},{"type":"Feature","properties":{"fillColor":"#6BAED6"},"geometry":{"type":"MultiPolygon","coordinates":[[[[-4.621528148581072,54.25152587881975],[-4.598889350958978,54.2708320617028],[-4.588055610721904,54.28360748284891],[-4.57805633544415,54.29694366457708],[-4.55402851101085,54.33319091797922],[-4.552778243897244,54.343887329089156],[-4.54138946535994,54.356109619198925],[-4.527500152595425,54.36721801769028],[-4.485000610238393,54.38721466073681],[-4.443056106671762,54.398048400973884],[-4.364167213380636,54.416385650666314],[-4.353472709534591,54.40999603282937],[-4.308681011211092,54.296035766526835],[-4.321666717636745,54.27666473397562],[-4.386111259372954,54.19554901132471],[-4.394444465627903,54.186386108515244],[-4.470556259173648,54.13749694832127],[-4.491111755293275,54.126663208084196],[-4.550556182942264,54.097770690936755],[-4.623888969478738,54.06860351553504],[-4.687500476826088,54.07763671876308],[-4.70472240457473,54.07971954357212],[-4.720833778294225,54.07611083976325],[-4.777778625593034,54.05554962160687],[-4.787153244007414,54.06166076666175],[-4.712083816498132,54.215827941926165],[-4.698889732301907,54.219161987235665],[-4.643611431209506,54.23902511592792],[-4.621528148581072,54.25152587881975]]]]}},{"type":"Feature","properties":{"fillColor":"#9ECAE1"},"geometry":{"type":"MultiPolygon","coordinates":[[[[14.985225136850891,68.263718034153],[14.997499466036686,68.30013275130909],[15.042587920837128,68.33344648901348],[15.084165573256607,68.3641662600323],[15.171594117340529,68.42387223199285],[15.174088598872588,68.42557574251072],[15.17817458953499,68.42836611316685],[15.243610382326267,68.47305297888721],[15.458332062169688,68.65693664530068],[15.449064919547697,68.72678831005508],[15.449027061193704,68.72707366975646],[15.457221984904209,68.80609893789324],[15.51750351961381,68.85350601628689],[15.632777213864417,68.94416046107469],[15.648444861401464,68.94904232132797],[15.658609390404422,68.95220947261947],[15.6670199502376,68.9533995928569],[15.68416595462526,68.95582580552488],[15.824459935857753,68.96212493105067],[15.869720458942886,68.9641571045892],[15.886943816899352,68.96360778796245],[15.898887634468721,68.96054077168382],[15.908756256072705,68.95669555691818],[15.948071889777216,68.81578662341845],[15.956665039282024,68.78498840352377],[15.85416603087953,68.6436004637572],[15.849827710124721,68.63171090525283],[15.846666335961515,68.62304687481532],[15.846666335961542,68.62304687481533],[15.846666335961498,68.6230468748152],[15.93409646413914,68.65188386639215],[15.976387024077724,68.66583251940398],[16.090831756439,68.73220825157807],[16.112636566000674,68.78208160422298],[16.112636566000685,68.78208160422301],[16.109756994102174,68.78397563248778],[16.096385955544974,68.79277038596143],[16.089806713421382,68.80099201912152],[16.088607788318534,68.80249023459942],[16.088164907973074,68.80612574533949],[16.087219237933866,68.81388854994239],[16.093450558751055,68.81940416302072],[16.099441528622428,68.82470703102314],[16.11888885469928,68.83166503892598],[16.178886413232654,68.85165405282892],[16.2041664123455,68.8552703857343],[16.315118734538462,68.85669850997033],[16.354721069723155,68.85720825193482],[16.357271442221293,68.85690470423364],[16.43638610805337,68.84748840329675],[16.446109771902687,68.84388732880363],[16.470745282180516,68.82529047613798],[16.4902763364537,68.81054687494495],[16.54444122276198,68.76416015586298],[16.56805419918189,68.69638061489206],[16.5640258786037,68.6487426760012],[16.563283167425723,68.64747712032019],[16.55652618368572,68.6359634398853],[16.508361973789487,68.56334224200877],[16.501144408793433,68.55245971706142],[16.470745282180516,68.55321113119035],[16.36471939066945,68.55583190888336],[16.34944152852512,68.55554199256312],[16.23305511475229,68.54998779264639],[16.226225044899913,68.54828086168287],[16.221942901329083,68.54721069349878],[16.133609771416168,68.5169372559187],[16.13146085536027,68.51611548822237],[16.082775116093387,68.49749755864264],[16.076863095209116,68.4909595084703],[16.072219848908684,68.48582458458075],[16.049999237273763,68.46304321311803],[16.006435746066085,68.42387223199285],[15.956249237208896,68.37874603258399],[15.95466289102603,68.37810893740311],[15.933053970062417,68.36943054200725],[15.91110992434642,68.36416626003245],[15.611631344467245,68.30916928805748],[15.588888168021604,68.30499267603365],[15.554792528795154,68.31098537121039],[15.426109313566258,68.33360290532119],[15.439443587909636,68.39416503889362],[15.441110610602493,68.41499328574355],[15.111387252970417,68.28138732922537],[15.107233646280628,68.27979669345754],[15.101943969440365,68.27777099631993],[15.079684328471076,68.26932987856888],[15.027221679789818,68.24943542494049],[15.01807063664372,68.24798451047265],[15.014999389912091,68.24749755873985],[15.012949898735197,68.24733319416124],[15.001110076530608,68.24638366707416],[14.988431328665087,68.24736140236848],[14.986665725732724,68.24749755873985],[14.985785447175568,68.2557081201407],[14.984998703039821,68.2630462643919],[14.985225136850891,68.263718034153]]]]}},{"type":"Feature","properties":{"fillColor":"#6BAED6"},"geometry":{"type":"MultiPolygon","coordinates":[[[[26.111316681103936,39.09103393564896],[26.167499542071,39.10277557353129],[26.226733207702637,39.1317884869367],[26.27693939203082,39.15637969976806],[26.28610992413608,39.167762756374344],[26.291313171330614,39.18263244613744],[26.25708007820876,39.20346069322349],[26.237913131536054,39.20429611197757],[26.226733207702637,39.20337715387371],[26.19916152941579,39.20111083993667],[26.172496795484655,39.19470977763321],[26.163192748869484,39.188053131144876],[26.157775878940846,39.16916656486269],[26.153606414926585,39.15859985362377],[26.110969543458463,39.110965728741995],[26.081108093454404,39.08790969844554],[26.065412521229128,39.08457565318536],[26.045276641693892,39.08943176273443],[25.988105774076125,39.10516357439445],[25.889995574838334,39.1411056517979],[25.86416244498394,39.153602600210114],[25.834856033343442,39.18006515503771],[25.856939315698558,39.252773284968114],[25.880275726385527,39.2711105345013],[25.90777587907074,39.28694152817369],[25.92388153071618,39.29193878158735],[25.92451095568938,39.279300689711995],[25.950271606272807,39.2738876344607],[25.981527328473316,39.271797180036096],[26.173538208019615,39.32721328724416],[26.170829773055296,39.3455505371788],[26.165412902725198,39.36985778806697],[26.178329467652393,39.3749847413132],[26.224576950093873,39.38304138201399],[26.226733207702637,39.382854525956446],[26.3238868713778,39.37443542496565],[26.39611053447548,39.3411026001127],[26.419994354171322,39.32582855214253],[26.414718628107277,39.32249450688236],[26.393745422479288,39.304443359354245],[26.379718780423506,39.28527069106699],[26.37957763655891,39.26860046396317],[26.40499877925301,39.25387573234056],[26.474716186489903,39.219436645437824],[26.528331756758703,39.15415954591235],[26.60666656507597,39.05332183832353],[26.612220764191857,39.044166564927636],[26.61861038206183,39.02402114869904],[26.61569023130062,39.01388168332979],[26.521800995024137,38.973320007175445],[26.450553894143674,38.96832275376178],[26.390270233354514,38.97109985331973],[26.3238868713778,38.97777557359623],[26.226733207702637,39.005871472971414],[26.18749237080443,39.017219543267316],[26.136386871475217,39.04027557356376],[26.088468551525576,39.07437133789983],[26.111316681103936,39.09103393564896]]]]}},{"type":"Feature","properties":{"fillColor":"#9ECAE1"},"geometry":{"type":"MultiPolygon","coordinates":[[[[15.50215149019959,76.88137054300233],[15.524166105727524,76.89498901259591],[15.543331144549517,76.90443420401412],[15.577914238672708,76.91374206743957],[16.011665346264124,76.97192382943132],[16.051940919564448,76.9763793944709],[16.111455440521855,76.97601173047475],[16.111455440521855,76.74035614481276],[15.835275651517634,76.79942321827849],[15.52999877725847,76.867202761437],[15.50215149019959,76.88137054300233]]],[[[13.914164543361775,77.52499389667787],[14.057498932504272,77.55859374773465],[14.114997864409203,77.56694030964877],[14.15972137187121,77.571105956947],[14.181941987732351,77.57304382172543],[14.325830460926404,77.58332824841798],[14.354719162591122,77.58387756595097],[14.479164125538674,77.5788726833784],[14.50444412275418,77.5774841305711],[14.540831563540111,77.56817626714565],[14.586317063104296,77.5244674662165],[14.759026527826414,77.50776672263412],[14.876211166530178,77.54634094387582],[14.939998625929533,77.55303955319097],[15.077496528103847,77.55581664768188],[15.111942288672392,77.54942321786386],[15.152776718103068,77.54443359148523],[15.17817458953499,77.54249991607782],[15.20027542346024,77.54081726171998],[15.415275574995142,77.5274810789891],[15.440553664491175,77.52609253174364],[15.498052596396104,77.52720642300353],[15.602664946628769,77.53009796397727],[15.633497236230347,77.53160095214369],[15.648831368560298,77.53225707971974],[15.665998457783228,77.53260040248261],[15.70216369652633,77.53192901871265],[15.7911090869042,77.53082275276877],[15.824459935857753,77.52744853261869],[15.83499717453082,77.52638244392313],[15.872497561059706,77.5205383316381],[16.001052858564478,77.48420715467196],[16.027553557082946,77.47166442750992],[16.080276488257233,77.44970703244122],[16.110553742729273,77.44274902333443],[16.111455440521855,77.44262200133338],[16.111455440521855,77.01921901796142],[16.09235954401686,77.02012634422869],[15.827775955755442,77.01026916327027],[15.824459935857753,77.00998580593293],[15.762777328088418,77.00471496316453],[15.597497941272366,77.00166320712628],[15.40194320770405,77.00138855114068],[15.3744411455653,77.00221252465923],[15.35027503960913,77.00360107190477],[15.241526603387513,77.01721191618293],[15.17817458953499,77.04011562605224],[15.131664275906132,77.0569305410724],[15.052221297407073,77.0991516100292],[15.035831450918181,77.12525940176408],[14.739719388932372,77.17637634460584],[14.71833038302941,77.17858886536993],[14.6658334748995,77.18081664788963],[14.578886034120387,77.1797027566297],[14.532499312303116,77.17637634460584],[14.49499702361743,77.17082214450028],[14.467220305492901,77.17164611801888],[14.381109235627832,77.19025421399175],[13.981109617762911,77.40220641936554],[13.920831678085733,77.4974823015043],[13.914164543361775,77.52499389667787]]],[[[14.745623586039638,77.65929412730263],[14.865831376111402,77.67970276006095],[15.17817458953499,77.70771069980208],[15.203609466362028,77.70999145528796],[15.428609850006556,77.7299804676285],[15.451387403154847,77.73193359416273],[15.643888472965966,77.74552917668525],[15.753887177361683,77.74609375041216],[15.779998778973628,77.74720764167205],[15.824459935857753,77.74951144564164],[16.00527572632319,77.75888061561005],[16.111455440521855,77.76475085280818],[16.111455440521855,77.51670607960764],[15.918331144343313,77.56262207260284],[15.824459935857753,77.57010429529173],[15.692054746654605,77.58065795840918],[15.226109504727049,77.61151123292507],[15.17817458953499,77.61199911223899],[14.912776948496798,77.61470031695603],[14.883888246832896,77.61553955223036],[14.745623586039638,77.65929412730263]]],[[[13.592219351189213,78.0522003157872],[13.611942289499822,78.05831908961933],[13.876941682739636,78.09275817595065],[13.885603896889464,78.09288377531618],[14.643054959547717,78.10386657616175],[14.90916442860848,78.10165405539774],[14.96583175611697,78.10081482012342],[14.989164349956667,78.10276794665764],[15.024929045476405,78.11102294916074],[15.056665421690695,78.14860534537954],[15.17817458953499,78.18453660142463],[15.221942900787583,78.19747924950772],[15.263610842334174,78.20971679717263],[15.765832899565776,78.3352661127827],[16.102497098556512,78.35636901638314],[16.111455440521855,78.35612744344279],[16.111455440521855,77.84553203694081],[15.981664655497752,77.83526611491334],[15.918888092753548,77.82943725326044],[15.869718553287782,77.82777405002946],[15.840553282356666,77.82859802354807],[15.814720152169116,77.83027648853476],[15.769720075440375,77.83526611491334],[15.718470571123419,77.84179687272416],[15.646039963393378,77.86012268183367],[15.618330004326879,77.87330627481612],[15.395277024058089,77.86637878365906],[15.340552327845614,77.86081695823731],[15.234720227389062,77.83137512360071],[15.17817458953499,77.81114208440088],[15.174165724006798,77.80970764071157],[15.133888242987041,77.79748534924062],[15.094442366363637,77.79220581068245],[15.048608777518325,77.78804016338421],[14.713052752191459,77.76527404542895],[14.608886719325824,77.75860595962541],[14.453330995352133,77.75054931545264],[14.424165724419936,77.75138855072697],[14.236803055297628,77.76734924376211],[13.951664924328156,77.71804809389982],[13.885603896889464,77.72203545850807],[13.756249426471868,77.72984313963656],[13.728886605607272,77.7608947780447],[13.628330228269704,77.95054626558675],[13.592219351189213,78.0522003157872]]],[[[12.863331041511955,78.31456756784509],[13.396907091268073,78.31456756784509],[13.396907091268073,78.2076037264296],[13.2369422897076,78.21693420607204],[12.946387292187978,78.2910919172927],[12.863331041511955,78.31456756784509]]],[[[10.682358742014292,79.5460891720053],[10.96388626081316,79.64054870594121],[10.986108778831909,79.64332580599398],[11.016109464037049,79.64498901478687],[11.05055427352679,79.64471435323945],[11.104997633954438,79.6410980234742],[11.128608704780508,79.63859557940698],[11.30046251159841,79.63598985225],[11.366107938039194,79.63499450583566],[11.378325890956937,79.64927806172217],[11.380830765858889,79.65220641812448],[11.30046251159841,79.6737957741367],[11.261943818455734,79.68414306595031],[11.23638534425362,79.69358825736862],[11.202636718886595,79.71262359351385],[11.195692063816844,79.77499389543665],[11.229164125477482,79.77943420428218],[11.30046251159841,79.78791227376541],[11.696386338089804,79.83499145596973],[11.788610458628456,79.83970642080094],[11.819719311935069,79.8399810767865],[11.844441415222756,79.83401489270261],[11.93888664404397,79.76887512160407],[11.946747857921174,79.76308567973592],[12.039632916641182,79.69467987672904],[12.039632916641182,79.29732120964324],[11.963053701078309,79.27987670834096],[11.946747857921174,79.26932167815696],[11.920045850790984,79.25203704659776],[11.892886160335593,79.2427062961005],[11.872886658318805,79.24303436266945],[11.788799283923424,79.25256347705891],[11.746964453074838,79.27890014507392],[11.705275537737748,79.30985259875473],[11.686109542275403,79.32165527536944],[11.663887024257292,79.32165527536944],[11.638610842480716,79.31944274904373],[11.600830076807767,79.3060913101188],[11.555276872668856,79.27832031515294],[11.555276872669223,79.2783203151528],[11.555276872668,79.27832031515204],[11.635831834707592,79.24581909359917],[11.699331284085073,79.19747925081005],[11.709998133446739,79.16373443532109],[11.687498095083072,79.15776062035974],[11.652498244901267,79.1505432114613],[11.41333198741171,79.11303710733574],[11.30046251159841,79.10028665723043],[11.23638534425362,79.09304809499531],[11.144026754520723,79.23471069338905],[11.023332596093894,79.29304504512942],[10.904026984913685,79.32984924197314],[10.87638664370354,79.34220886143703],[10.851109505286672,79.35887146175361],[10.705970763918572,79.51221465940142],[10.682358742014292,79.5460891720053]]],[[[11.337012290527039,78.9605407702777],[11.413054467065104,78.97276306174845],[11.469718935775315,78.97608947933422],[11.537776944796493,78.97747802657967],[11.602497101038798,78.97637939707556],[11.675830838741017,78.9694366441627],[11.830163953692221,78.94999694935514],[11.848330498815951,78.94515228184717],[11.946747857921174,78.93163118629768],[11.984996796593823,78.92637634549357],[12.039632916641182,78.9194758752125],[12.039632916641182,78.60684783714876],[11.979442596488866,78.61747741831113],[11.946747857921174,78.62377761325116],[11.918192865623723,78.62928008936404],[11.64479064665079,78.73595428389348],[11.651951731396624,78.74578749443883],[11.664720536372311,78.76332092019618],[11.664720536372043,78.76332092019653],[11.664720536372442,78.76332092019709],[11.576108930160501,78.8822021500037],[11.425415037608559,78.91873931617806],[11.337012290527039,78.9605407702777]]],[[[11.755277632679885,79.07582092095139],[11.801942825920396,79.1138763426092],[11.912665368028817,79.16778564725966],[11.940998077923325,79.18186950585387],[11.946747857921174,79.18300319217097],[11.962163925142661,79.18604278403],[11.979498865869951,79.18704223436893],[12.039632916641182,79.20252467299701],[12.039632916641182,78.97071666084047],[12.032637596462507,78.97164917048957],[11.983886720773796,78.983039857564],[11.946747857921174,78.99616507603493],[11.781110762867343,79.05470276115733],[11.764458315829705,79.06831586320695],[11.755277632679885,79.07582092095139]]],[[[12.039632916641182,78.60684783714876],[12.039632916641182,78.9194758752125],[12.229164121217954,78.89553833273357],[12.251110075531669,78.89305114486028],[12.27972030577188,78.89193725360039],[12.30444336013837,78.89248657113338],[12.470830915056208,78.90109252727726],[12.500692370110958,78.91199493271824],[12.500692370110439,78.91199493271891],[12.500692370111267,78.91199493271921],[12.436664582553703,78.99414825221328],[12.403886797295797,78.9980316182099],[12.367774963573709,78.9980316182099],[12.303331376598862,78.99636840941696],[12.274721146358104,78.99470520062425],[12.222497937572086,78.98414611794601],[12.117219926728296,78.96971130571103],[12.092496872361892,78.96748352319133],[12.063886642122043,78.96748352319133],[12.039632916641182,78.97071666084047],[12.039632916641182,79.18866348445738],[13.396907091268073,79.18866348445738],[13.396907091268073,78.31456756784509],[12.863331041511955,78.31456756784509],[12.612218857464597,78.38554382591309],[12.593033204243937,78.3910533903466],[12.584163667916016,78.39360046452396],[12.371594429312646,78.48088836926694],[12.397499085073463,78.48664855858023],[12.540275574727094,78.49971008532555],[12.571109772048148,78.50054931503801],[12.593033204243937,78.49983548789865],[12.716386792487656,78.49581909401289],[12.750831601977398,78.49609374999844],[12.9019432072283,78.49803161477688],[12.929443361647563,78.4994201675842],[13.093608857204032,78.5149993890288],[13.113885879566446,78.51776123288765],[13.144444464261271,78.52554321551298],[13.187359809621588,78.54157256976353],[13.187359809620467,78.5415725697637],[13.187359809622535,78.54157256976447],[13.156665804654267,78.54609680158137],[13.097776412222629,78.54803466635985],[13.04485798151569,78.54137420587222],[12.974998473506162,78.53054809808651],[12.868608473559618,78.52388000672101],[12.841108324702134,78.52249145391369],[12.809997558114162,78.52304077144669],[12.593033204243937,78.53506645705355],[12.37888527150426,78.5469360368557],[12.039632916641182,78.60684783714876]]],[[[12.039632916641182,79.18866348445738],[12.039632916641182,79.20252467299701],[12.051387786945039,79.20555114561488],[12.073608397244314,79.22554016351728],[12.10166358679312,79.25387573221006],[12.10166358679328,79.25387573221053],[12.101663586793677,79.25387573221093],[12.115273474431717,79.29331970111485],[12.093331335556968,79.30248260566958],[12.070831297191887,79.30442810132587],[12.039632916641182,79.29732120964324],[12.039632916641182,79.69467987672904],[12.048470494539341,79.68817138525485],[12.106386182502229,79.67498779227253],[12.149442671294274,79.66914367442564],[12.276943205719107,79.66220092707464],[12.311388015208847,79.66192627108907],[12.341665269680885,79.66331481833453],[12.353351652726596,79.68473923709443],[12.356663704564653,79.6908111573158],[12.345275876288554,79.71331786991749],[12.304998395268797,79.73761749398881],[12.278886793656852,79.743316652965],[12.224441531070852,79.74720764427764],[12.204719543838735,79.75054931805727],[12.164443970538287,79.78248596032137],[12.162220954535616,79.80609130798825],[12.201942443785061,79.83332824717684],[12.224720002495216,79.83610534722962],[12.329719541914928,79.83610534722962],[12.38472175847293,79.83221435591695],[12.404720303848974,79.82887268213726],[12.436943053977345,79.8208312997203],[12.46527481279305,79.81219482562669],[12.489997861597676,79.80247497822292],[12.541040420065686,79.77054596127483],[12.593033204243937,79.75736903835833],[12.596942902235586,79.75637817414751],[12.787776947814878,79.77360534819107],[12.837497712533418,79.77859496900784],[12.882775304046161,79.78762054556982],[12.912498474467464,79.79942321662271],[12.957775114901402,79.81192016407927],[13.014720919396265,79.82221984696575],[13.350554465069363,79.84999084749349],[13.37777519142345,79.85192871227193],[13.396907091268073,79.85297327873181],[13.396907091268073,79.69486318193817],[13.318054200157349,79.69413757490162],[13.04638672111389,79.6902618397828],[13.015832902937575,79.68858337479588],[12.867495538940489,79.64305115000928],[12.692080499741621,79.59595489559507],[12.638053895371627,79.58859252782594],[12.6116638167735,79.58638000706202],[12.593033204243937,79.58591861862618],[12.577775955694449,79.58554077178769],[12.523887635957976,79.58943176310027],[12.493330002341963,79.59082031034563],[12.467637064508153,79.58499145425452],[12.449303624520326,79.56887817147089],[12.449303624520768,79.56887817147076],[12.44930362451992,79.56887817147002],[12.514165880834623,79.55108642369954],[12.537220003249812,79.54832458540257],[12.567775723584495,79.54721069414266],[12.593033204243937,79.54721069414266],[12.605552673818416,79.54721069414266],[12.63166427543036,79.54942322046853],[12.791942595113106,79.56860351548445],[12.998607636612604,79.586380007061],[13.028886793242252,79.588043210292],[13.27499961908458,79.59748840171022],[13.331941602578631,79.59414672793054],[13.396907091268073,79.58884749373138],[13.396907091268073,79.53548413410441],[13.370525362417652,79.52821350126413],[13.354859353642269,79.52688598435617],[13.320859910441015,79.528877259718],[13.265275956242363,79.5144348166051],[13.265275956242354,79.51443481660435],[13.265275956241856,79.51443481660422],[13.26472091555045,79.470954897517],[13.396907091268073,79.4443610376687],[13.396907091268073,79.18866348445738],[12.039632916641182,79.18866348445738]]],[[[13.396907091268073,79.69486318193817],[13.396907091268073,79.85297327873181],[13.789720537054073,79.87442016867968],[13.824720381673355,79.87525939839215],[13.848052981074918,79.87248229833938],[13.875554086572986,79.86692809823383],[13.885603896889464,79.86381739748788],[13.910554887832937,79.85609435957015],[13.957498552498704,79.82832336460427],[13.96735858669339,79.76998901286484],[13.905970571196292,79.73290252915763],[13.885603896889464,79.72665020289632],[13.884721757645991,79.72637939666282],[13.823608398133103,79.71693420524451],[13.731664656738985,79.70582580503344],[13.628330228269704,79.69664001340692],[13.589998242905722,79.69664001340692],[13.396907091268073,79.69486318193817]]],[[[13.396907091268073,79.53548413410441],[13.396907091268073,79.58884749373138],[13.474858284584831,79.58248901574835],[13.441442492305612,79.5587081912613],[13.402859689107572,79.53712463134332],[13.396907091268073,79.53548413410441]]],[[[13.396907091268073,78.2076037264296],[13.396907091268073,78.31456756784509],[14.167603376718176,78.31456756784509],[13.989997866332772,78.28581237873459],[13.889673235197165,78.2441024784834],[13.885603896889464,78.24051379987088],[13.855552671275518,78.21401214714854],[13.822219850887564,78.20277404982255],[13.798608780061784,78.20054626730285],[13.718330381727185,78.19636535824867],[13.627775193140394,78.19413757572897],[13.396907091268073,78.2076037264296]]],[[[13.396907091268073,78.31456756784509],[13.396907091268073,79.4443610376687],[13.4297208798635,79.43775939956046],[13.462182995948105,79.45429992807826],[13.46218299594885,79.45429992807921],[13.462182995949036,79.45429992807931],[13.465095609027756,79.45803753287335],[13.477872848436581,79.47443389928947],[13.494623181601556,79.4788436901854],[13.571664808480024,79.48692321586812],[13.59444236719018,79.48414611581535],[13.768331525589373,79.43304443472925],[13.873607634275983,79.39193725703248],[13.885603896889464,79.38111585412899],[13.91472053513095,79.35485076776348],[13.903886796467702,79.31915283130235],[13.902527903757594,79.31499094368436],[13.894928930042166,79.2917175282205],[14.01860999872993,79.26499938861508],[14.058886528670923,79.26026916758995],[14.07930374338626,79.26665496653007],[14.09972000146093,79.27998351838306],[14.15388774926235,79.33526611408504],[14.153887749262015,79.33526611408533],[14.153887749262651,79.33526611408598],[14.018888475717063,79.45151519714847],[13.960692403047915,79.47179412723045],[13.932497977787307,79.48719787741646],[13.885603896889464,79.5376631277512],[13.884998321351318,79.5383148202579],[13.885603896889464,79.53866334188753],[13.930136682712888,79.56429290931555],[13.977497103436612,79.57971191569555],[14.007776260066258,79.588043210292],[14.072219847041666,79.60386657533432],[14.110275268700095,79.61053466669976],[14.13694381872292,79.60998534916678],[14.399999618464008,79.73027038797451],[14.439441679648418,79.75082397404196],[14.466941834067683,79.7666625952782],[14.52277660610093,79.80178833269716],[14.557774543000736,79.80609130798815],[14.584997177074298,79.80415344320971],[14.754181265894964,79.78374418669515],[14.754181265894964,78.72781933932063],[14.698608395797294,78.72637939536042],[14.677497861318557,78.72360229530756],[14.616941450217155,78.70803833005692],[14.531889243212227,78.68282076716508],[14.531665800187966,78.68275451740254],[14.531665800187321,78.68275451740168],[14.53166580018707,78.6827545174016],[14.499264322137668,78.63935372399075],[14.388888359454711,78.49150848228311],[14.388888359455144,78.4915084822828],[14.388888359454633,78.49150848228211],[14.413192750043693,78.47408294434635],[14.44305419953658,78.46804809348514],[14.490831376318258,78.46388244618691],[14.531889243212227,78.46180933390343],[14.545831679594922,78.46110534613413],[14.569719314126026,78.45887756361435],[14.610553743556702,78.4533233635088],[14.668054583181107,78.44095611316713],[14.717496870913273,78.40637206796514],[14.72819233050502,78.38623809675457],[14.688331605544192,78.37776184328771],[14.6372203802988,78.3744201639463],[14.606386182977872,78.37359619042769],[14.579165456624025,78.37387085197508],[14.531889243212227,78.36745310180456],[14.298887254918725,78.3358230611945],[14.167603376718176,78.31456756784509],[13.396907091268073,78.31456756784509]]],[[[14.754181265894964,78.72781933932063],[14.754181265894964,79.78374418669515],[14.769165039007621,79.78193664278753],[14.852775572524497,79.7659683244364],[15.020415303335678,79.70359039163485],[15.17817458953499,79.64416101493154],[15.262638094506006,79.61234283436332],[15.291249275825022,79.59706878685398],[15.29083347084587,79.5613708503921],[15.299581527062148,79.52610015966434],[15.440532685138828,79.3780212388189],[15.486386296695324,79.33638000534494],[15.51083183071611,79.3238830578884],[15.651388168727848,79.2738800063064],[15.772637367845196,79.23776244942641],[16.09249496428928,79.0741577121579],[16.098924861150866,79.06831586320695],[16.111455440521855,79.05693127127196],[16.111455440521855,78.50680239503913],[16.023330689325178,78.48109435847573],[15.9933300041194,78.47692871117732],[15.824459935857753,78.4651810982332],[15.646110532327896,78.4527740459767],[15.587776186149483,78.45109558098994],[15.472775457979708,78.45124053986063],[15.427457809919588,78.4581756618955],[15.357219694680225,78.47484588752832],[15.29805374410438,78.500549315039],[15.247276308587582,78.57632446090851],[15.269192696029293,78.5860672009455],[15.341665268026027,78.60942077413753],[15.403054234602957,78.6144256567101],[15.44888687236897,78.63304138356096],[15.485405641512951,78.68962056639529],[15.500971796521924,78.71373748903318],[15.483330725218082,78.8083114638905],[15.401109695587479,78.8433227548266],[15.37083053339677,78.84304046796319],[15.317775725775618,78.82916259857723],[15.295553207757507,78.81971740715892],[15.219718933707668,78.77192688190286],[15.219718933707387,78.77192688190235],[15.21971893370674,78.77192688190193],[15.197775838191305,78.73164367772371],[15.184124066166579,78.69172160694698],[15.17817458953499,78.67432346795603],[15.177136421433147,78.67128753823476],[15.027914999098414,78.5990142812089],[14.992774962126077,78.59582519717776],[14.965274813268593,78.5972137444233],[14.944721221639213,78.59999084447594],[14.901943204271163,78.60873412861264],[14.855690957211266,78.62012481568729],[14.805275916089737,78.6451339723559],[14.823470114801822,78.6552658092992],[14.844858169625853,78.67359161284685],[14.844858169625713,78.67359161284735],[14.844858169626264,78.67359161284782],[14.837219238152045,78.7005462651731],[14.816387175098612,78.7294311513989],[14.754181265894964,78.72781933932063]]],[[[15.646943093364548,79.83978271289436],[15.684859273748753,79.86456298772126],[15.70722007640095,79.8708190895465],[15.731109618651528,79.87359618959927],[15.79777717826964,79.87525939839215],[15.836664198762646,79.8749847424066],[15.951387406586946,79.93442535452891],[15.97555446362136,79.96804809821958],[16.022773740913358,80.00888061436892],[16.056665422993028,80.02040862943625],[16.111455440521855,80.0303440964507],[16.111455440521855,79.2076613543849],[15.973885537232832,79.32470703140791],[15.94027519093737,79.38526916566798],[15.892498014155422,79.49664306883477],[15.874164579729722,79.56414795044572],[15.79444312980678,79.63040161280418],[15.738885878119277,79.66442870959526],[15.691803934381255,79.69234466343181],[15.647499085135564,79.76499939204814],[15.646943093364548,79.83978271289436]]],[[[16.111455440521855,76.74035614481276],[16.111455440521855,76.97601173047475],[16.143329620267714,76.97581482074398],[16.176383974792525,76.97276305914379],[16.30722045983862,76.9716491678839],[16.449161529656866,76.97998046804221],[16.470745282180516,76.98330230678546],[16.524511337512216,76.99157714988687],[16.52451133751051,76.99157714988748],[16.52451133751265,76.9915771498878],[16.498603822951793,77.00082397185196],[16.470745282180516,77.00214764816131],[16.111455440521855,77.01921901796142],[16.111455440521855,77.44262200133338],[16.13221740461767,77.4396972672961],[16.19471740921808,77.43441772317611],[16.22304916247192,77.43498230246487],[16.300067902278567,77.47186279140212],[16.30006790227775,77.47186279140232],[16.30006790227918,77.471862791403],[16.111455440521855,77.51670607960764],[16.111455440521855,77.76475085280818],[16.221382143801957,77.77082824553362],[16.470745282180516,77.78478713351038],[16.68777465973731,77.79693603726848],[16.800552366343414,77.80693054065783],[16.992218016319146,77.90109253153678],[16.99221801631944,77.90109253153742],[16.992218016320123,77.90109253153776],[17.00610733202285,77.93136596500892],[16.9802742018353,77.93304443555763],[16.953884123237174,77.93193054429764],[16.883331301025862,77.92637634419214],[16.842773435300785,77.92137146161957],[16.73291015673948,77.89971160960823],[16.711315156067542,77.88345336795396],[16.711315156067315,77.88345336795358],[16.711315156066583,77.88345336795302],[16.700689314331182,77.86539458951398],[16.664718629603556,77.85720825378809],[16.470745282180516,77.84988116088796],[16.444160462524223,77.84887695362988],[16.414718627887282,77.84832763609694],[16.291107177055665,77.8508148184082],[16.150272367619664,77.84860229764428],[16.111455440521855,77.84553203694081],[16.111455440521855,78.31456756784509],[17.468729615148746,78.31456756784509],[17.468729615148746,77.23664455529526],[17.418605805062782,77.176925656577],[17.368197206074267,77.09551506655028],[17.343399048358506,77.05546569617087],[17.315551755737534,76.96880340661605],[17.29333114543897,76.94999694675141],[17.27277374393219,76.94053649913923],[17.27033009946615,76.93942713696413],[17.221382139543266,76.91720581301894],[17.04833221641786,76.85108947865336],[17.048332216417627,76.85108947865248],[17.04833221641757,76.85108947865245],[17.026943204952868,76.76971435297139],[17.047218325157672,76.76666259693306],[17.103191376262505,76.75513458186573],[17.18027305412619,76.72540282948773],[17.20096778918705,76.6994247459917],[16.997215273575762,76.59526062084615],[16.859161379631416,76.57415771724573],[16.822498320657587,76.56915283467322],[16.798606870687195,76.56776428186589],[16.748050691695028,76.56637573462052],[16.71860504161964,76.56666564679995],[16.61277389780389,76.57054138191876],[16.571941376093037,76.57499694695832],[16.470745282180516,76.60856654583576],[16.336662294475502,76.65304565505352],[16.294162748532926,76.70150756964148],[16.23916244525583,76.71304321558682],[16.111455440521855,76.74035614481276]]],[[[17.468729615148746,77.23664455529526],[17.468729615148746,78.31456756784509],[18.826003789775633,78.31456756784509],[18.826003789775633,78.02871048506101],[18.784721373028447,78.02720642087468],[18.75166320862627,78.02777099460167],[18.690412521121573,78.03289794897307],[18.635551453556843,78.0455322244224],[18.601387023210748,78.05220031578784],[18.579162597473157,78.05470275985493],[18.552497862889254,78.0552520773881],[18.43999481226797,78.02943420339454],[18.410827639178763,78.02165222076917],[18.39973393853126,78.00387150008554],[18.35255456994691,77.9282535253913],[18.333885191465306,77.89833068767793],[18.37082862958331,77.87275695728214],[18.424163816347622,77.85693359223981],[18.447772979454218,77.84513092118692],[18.45166206304741,77.76957702628096],[18.296524046210823,77.51290893319992],[18.277637484375816,77.49915313561326],[18.23666000379393,77.49081421013881],[18.21388244508364,77.4888763453605],[18.011386871882507,77.49192810139874],[17.984300614722827,77.49665069710795],[17.964857098914933,77.50582885785667],[17.92749405150306,77.50833129636197],[17.907497408284257,77.50610351384228],[17.77888489031926,77.49053954859147],[17.763315974826043,77.48307724848635],[17.738327024593104,77.47109985378398],[17.65721893514376,77.42082214621638],[17.560829161745232,77.34637451169243],[17.56082916174458,77.34637451169165],[17.560829161744355,77.34637451169148],[17.545470146612928,77.32807535471444],[17.468729615148746,77.23664455529526]]],[[[16.111455440521855,78.31456756784509],[16.111455440521855,78.35612744344279],[16.133052824453056,78.3555450428646],[16.23943710124114,78.34248352168115],[16.26638793812742,78.34082031288825],[16.470745282180516,78.33376875105753],[16.47555160269332,78.33360290398983],[16.536384583061903,78.33166503921139],[16.719161990030297,78.32859802141726],[16.770553588857748,78.33027649196593],[16.818885800768967,78.33387756553725],[16.88193893277945,78.3416595481626],[17.045551300925847,78.37025451664702],[17.081386565380516,78.37664794646503],[17.11703062850328,78.38417344720395],[17.295204164440065,78.42179107434514],[17.295204164438836,78.42179107434568],[17.295204164440918,78.42179107434612],[17.267776486675302,78.43386840694643],[17.24443816967795,78.4360961894663],[17.216938020820635,78.43637085101363],[17.192493437878454,78.43470764222076],[17.11703062850328,78.42339737031674],[16.92193985009476,78.39415740737292],[16.878883361302655,78.38554382591309],[16.85138702232274,78.38442992909137],[16.824440000875086,78.38610839964008],[16.598608018396078,78.40706634436981],[16.470745282180516,78.42270439079296],[16.406661989276643,78.43054199492252],[16.33027458225485,78.45095825299681],[16.464160921180632,78.52554321551298],[16.470745282180516,78.5289629771676],[16.542221070030905,78.56608581392098],[16.691383364186525,78.61276245347908],[16.69138336418621,78.61276245347972],[16.69138336418746,78.61276245348012],[16.665271757013556,78.66581726110036],[16.571109771695603,78.71331786861509],[16.550552370190076,78.71638488640934],[16.513193132654692,78.71360016104046],[16.484298707831783,78.70178985354778],[16.48429870783114,78.701789853547],[16.484298707830792,78.70178985354686],[16.480360385682076,78.6970076622604],[16.470745282180516,78.68533231868906],[16.465480807210554,78.67893981818327],[16.317079542955582,78.56678772120347],[16.111455440521855,78.50680239503913],[16.111455440521855,79.05693127127196],[16.131870271977704,79.03838348360266],[16.128606798010846,79.00624084656845],[16.148052215976822,78.98664856201232],[16.32763671791329,78.91596222168613],[16.35138702445161,78.9102630627099],[16.39305114499739,78.9044342066188],[16.421382903813093,78.90277099782593],[16.449996949492252,78.90386962733002],[16.470745282180516,78.91477726127904],[16.494506836868126,78.92726898022757],[16.494506836867632,78.927268980228],[16.494506836868595,78.92726898022852],[16.470745282180516,78.94866543280435],[16.455549241878998,78.96234893794195],[16.400274277055075,78.9723434468932],[16.37416458316261,78.98414611794601],[16.111455440521855,79.2076613543849],[16.111455440521855,80.0303440964507],[16.27944183399485,80.06080627453542],[16.307773592810552,80.06275940106966],[16.334995270243446,80.06053161854986],[16.470745282180516,80.04794153439238],[16.53110885438086,80.04234313743312],[16.56367683499159,80.02609252665668],[16.725826265956794,79.90332031109938],[16.79027557609062,79.8808135984977],[16.81916427775534,79.87220764235381],[16.84194183090363,79.86943054230105],[16.877220152509285,79.8697051982866],[16.902357104135454,79.88324737578759],[16.902357104134815,79.88324737578813],[16.902357104135547,79.88324737578853],[16.87541389256546,79.90609741115298],[16.867635725379447,79.92720794563076],[16.89666366831765,79.93942260622357],[16.926662445803316,79.94831848010881],[16.956661223288982,79.95693969800848],[16.977218630357246,79.96026611559424],[17.03916549642386,79.95693969800848],[17.226940155086922,79.9408111590309],[17.28055191111813,79.93609618863782],[17.37083053600045,79.92414855871425],[17.468729615148746,79.90720410290821],[17.468729615148746,78.31456756784509],[16.111455440521855,78.31456756784509]]],[[[17.468729615148746,78.31456756784509],[17.468729615148746,79.90720410290821],[17.557773590267075,79.89179229603205],[17.763315974826043,79.83311911155401],[17.86721992726386,79.80345916680606],[18.05027389793729,79.74497985619507],[18.087011335723332,79.72817230256962],[18.089996338265603,79.70359802251339],[18.07055282802014,79.69289398096481],[18.046665193488366,79.68580627474324],[17.979438783301816,79.67025756568643],[17.94221878147846,79.66304016234994],[17.76555252302694,79.5435943588165],[17.763315974826043,79.540674262382],[17.64971733166243,79.39235687188972],[17.63770294268079,79.3760910049192],[17.63770294268094,79.37609100491918],[17.63770294268033,79.37609100491835],[17.682216645495153,79.36720275634916],[17.763315974826043,79.37917247444895],[17.819717406467742,79.38749694818684],[17.847774503736023,79.39360046582536],[17.87722015381162,79.40193176042182],[17.932216641649337,79.41998290798392],[17.958049771836773,79.42915344341658],[17.98638153065248,79.44552612043],[18.014442443359705,79.46526336941868],[18.024033707546813,79.48976072520561],[18.038261411114302,79.52610015966518],[18.075882462891954,79.56449162568718],[18.089302061862092,79.57818603489548],[18.1633300759679,79.61219787549264],[18.19360733043994,79.62081909339231],[18.237773895052932,79.62637329349786],[18.264999387924767,79.62803649672887],[18.330551148563515,79.6294250495362],[18.356941221599968,79.6283111582763],[18.658885955115398,79.55941772385788],[18.702774048303883,79.54721069414266],[18.742492673193325,79.53414916739735],[18.826003789775633,79.47459077180518],[18.826003789775633,78.31456756784509],[17.468729615148746,78.31456756784509]]],[[[18.826003789775633,78.02871048506101],[18.826003789775633,79.47459077180518],[18.85971832508484,79.45054626475836],[18.873746870937968,79.31108856181342],[18.850830076516615,79.2972106924276],[18.85083007651662,79.29721069242721],[18.85083007651564,79.29721069242662],[18.851387024926517,79.24832153210451],[18.918190004817937,79.16693115022954],[18.93721771008529,79.16026305886409],[18.97860718020737,79.15415954678743],[19.05588666747157,79.14959098145472],[19.124439241338283,79.14553832888775],[19.186660768952322,79.14526367290219],[19.24096679582533,79.15193176426763],[19.26555442991851,79.16526031612062],[19.29194259523549,79.18220519773887],[19.31499862537015,79.18441772406473],[19.348052979894966,79.18470764180607],[19.723606107098178,79.1510925289933],[19.79944228886761,79.1245651224022],[19.809997556106772,79.09915161263287],[19.844955406047486,79.06831586320695],[19.906661985491077,79.01388549563914],[20.492771151068318,78.9380340576758],[20.516387939490947,78.93525695762301],[21.124717709805598,78.88442993252247],[21.371940611468872,78.86747741446447],[21.540414811036637,78.84053802389504],[21.540552139029415,78.75991821051745],[21.390272138175874,78.65796661169765],[21.354995729851623,78.65359496962935],[21.122634886157414,78.63874053697623],[21.08138656502888,78.63720703086017],[21.05444335902058,78.63943481337986],[20.930410385613186,78.65776824780556],[20.668468477131967,78.68137359547319],[20.10777282688599,78.63888549584686],[19.761386872771936,78.61804199203812],[19.710826872779023,78.61499023599981],[19.68860626247988,78.61276245348012],[19.65694046076237,78.60498047085468],[19.611824035392885,78.57389068361903],[19.611824035392612,78.57389068361852],[19.61182403539206,78.57389068361813],[19.598606109021084,78.54887390163321],[19.556385040065212,78.50416565036596],[19.356941222903288,78.48359680254276],[19.21693801786347,78.47164917261915],[19.16110611019036,78.46998596382645],[19.05588666747157,78.46364690090729],[19.00888824455734,78.46081542839369],[18.969924926409305,78.45199585216363],[18.969924926409398,78.45199585216302],[18.969924926408268,78.45199585216277],[18.999439237699328,78.25999450474019],[19.03777694622121,78.19802856704071],[19.05588666747157,78.15821462687809],[19.085344312793595,78.09345245235485],[19.05588666747157,78.08536631199318],[18.866802215868518,78.03346252269989],[18.838329313620306,78.02915954740894],[18.826003789775633,78.02871048506101]]]]}},{"type":"Feature","properties":{"fillColor":"#9ECAE1"},"geometry":{"type":"MultiPolygon","coordinates":[[[[14.423887252831957,35.81860351566338],[14.377359390264077,35.845970153811386],[14.366943359365683,35.85472106927768],[14.3472213744825,35.8724975586205],[14.33791542049771,35.88180160524922],[14.33305454249581,35.89499664308207],[14.32909584045971,35.97846603387798],[14.364998817441656,35.99193954470981],[14.374998092704706,35.9908294677962],[14.443332672072227,35.96027374263955],[14.510276794417885,35.92527770995188],[14.548332214395064,35.892219543503685],[14.56388854978728,35.877777099613816],[14.569999694818609,35.869438171331],[14.564582824681874,35.8235359192094],[14.519721984902167,35.79999542240594],[14.423887252831957,35.81860351566338]]]]}},{"type":"Feature","properties":{"fillColor":"#6BAED6"},"geometry":{"type":"MultiPolygon","coordinates":[[[[18.15833282495043,56.941665649187264],[18.20395147727113,56.98429555283904],[18.209163665707536,56.98916625987562],[18.246719360232078,57.03299713153615],[18.2544441223248,57.07916259755717],[18.17333221439162,57.14193725593742],[18.148330688642375,57.23527526875324],[18.158054351677492,57.31582641615472],[18.150941148371988,57.35863122445259],[18.142498016208094,57.409439086703514],[18.115276336907016,57.48082733160214],[18.11013603185694,57.50458145144961],[18.115274429395807,57.52527236943596],[18.127967410979217,57.539325424655885],[18.138610839592673,57.55110931396899],[18.141362436622938,57.55353292241144],[18.185302734576343,57.59223556524454],[18.219858169399572,57.608604430921055],[18.245693206939812,57.619159698236125],[18.276107787961404,57.63416290269882],[18.294719696284556,57.64582824704901],[18.338886260845218,57.68166351338676],[18.355831146104727,57.69583129906585],[18.3819427488891,57.718605041737725],[18.3819427488894,57.71860504173803],[18.381942748889742,57.71860504173833],[18.384322201382254,57.721018552117386],[18.401664733729028,57.7386093138363],[18.41555604577076,57.75528006230288],[18.419719696024288,57.76027679449561],[18.431935964353123,57.77332540197122],[18.46652603129816,57.810272216986334],[18.68597030638464,57.91485595699041],[18.720554351798764,57.921939849829954],[18.860614756787456,57.92000978580578],[18.88194274888223,57.919715881256145],[18.908330917429083,57.91791152932591],[19.005413055460984,57.90610885610913],[19.00388717628584,57.89888763440299],[19.03333282467913,57.82694244399436],[18.929443359570712,57.73971557636838],[18.860614756787456,57.72381625714765],[18.848888397147334,57.72110748306716],[18.809165954712455,57.70360565177924],[18.80916595471229,57.70360565177878],[18.809165954711865,57.703605651778595],[18.79333114648748,57.659164428966406],[18.75971984872354,57.50804901142102],[18.768749236863467,57.46971893327984],[18.78833007833325,57.44832611087271],[18.755297392286902,57.35863122445259],[18.713191986204343,57.244300842389514],[18.658054351670273,57.22083282482248],[18.55194091798785,57.182777404932835],[18.506526947007103,57.16735839833012],[18.447498321353862,57.15485763571468],[18.41722106919883,57.144165039014695],[18.393123626925785,57.130828857615654],[18.3931236269254,57.13082885761523],[18.393123626925153,57.13082885761509],[18.37202839298514,57.10757473604861],[18.342914581349646,57.075481415019],[18.34291458134961,57.07548141501877],[18.342914581349255,57.07548141501838],[18.3325386045133,57.01039504981736],[18.298748016270466,56.9361038210197],[18.21083068825277,56.91249847406789],[18.16888809226549,56.90999603273906],[18.14458084089322,56.91478729231226],[18.156540405437987,56.938162351690444],[18.15833282495043,56.941665649187264]]]]}},{"type":"Feature","properties":{"fillColor":"#4292C6"},"geometry":{"type":"MultiPolygon","coordinates":[[[[-6.224722862327724,58.183609008643884],[-6.355278492202501,58.03152465826696],[-6.386111259376491,58.00916290289865],[-6.473889350763102,57.94832611091533],[-6.541111945888133,57.91568756086781],[-6.735278129400172,57.82582855233363],[-6.964931011063697,57.72631454474907],[-6.981111526397513,57.72708129897967],[-7.121875762920752,57.81666183468241],[-7.124236583569541,57.83562087991169],[-7.103889465206102,57.83666229267563],[-7.092223167215916,57.832771301138045],[-7.083611488324738,57.82471466051458],[-7.065834045233638,57.820831299051015],[-7.028889656233016,57.83222198505649],[-6.832222938438232,57.90222167990051],[-6.832222938438577,57.90222167990073],[-6.832222938438122,57.90222167990089],[-6.879445076061984,57.93249511729073],[-6.935000419745506,57.949714660774816],[-6.946111678975456,57.95277404762356],[-6.988889217463736,57.959300995068816],[-7.021944999540267,57.95194244391962],[-7.032639503466896,57.95277404762356],[-7.075278282265117,57.96249389663967],[-7.113334178963214,57.98555374148219],[-7.127430915809994,58.12791061424622],[-7.094445228667116,58.18193817116175],[-7.057361602758234,58.22180175763638],[-7.039449347162843,58.233586551816856],[-7.036250591503338,58.23569107052921],[-6.797778129776422,58.30221557618005],[-6.560277938838813,58.35971832278146],[-6.550278663539631,58.36332702620424],[-6.3552780149844,58.457496642918656],[-6.31055641164331,58.47916412360341],[-6.292778015100758,58.48832702646401],[-6.27458381670627,58.50944137578395],[-6.263333797293747,58.5126342773548],[-6.248750209717427,58.51013565046744],[-6.23472309107848,58.504165649177686],[-6.223333358524457,58.49638366708748],[-6.165972709678147,58.42291641213936],[-6.167223815795126,58.33075552430654],[-6.168194770636887,58.259231567189715],[-6.187364497346562,58.233586551816856],[-6.224722862327724,58.183609008643884]]]]}},{"type":"Feature","properties":{"fillColor":"#9ECAE1"},"geometry":{"type":"MultiPolygon","coordinates":[[[[62.50638580329168,80.82124328672231],[62.51621202248327,80.82810532751105],[62.51971435603491,80.83055114672374],[62.52469157513956,80.8323396464188],[62.55746459940971,80.84411621134005],[62.575828552721006,80.84609985343654],[62.80604846499709,80.88475781362754],[62.91332244904521,80.90277099660489],[62.96665954527964,80.91415405339842],[62.968537919122596,80.91480753669026],[62.98499298137015,80.92053222684457],[63.00329021741949,80.93058161254551],[63.007774352809136,80.93304443293785],[63.0271860624846,80.94146506148168],[63.037216186156684,80.9458160407155],[63.06427304396033,80.95299288247169],[63.08749389651027,80.95915222238483],[63.11610412535588,80.9638824461957],[63.30609893755353,80.98081970237604],[63.34027099622869,80.98220825184359],[63.37609863346516,80.98248290986335],[63.532386523945355,80.98263064152412],[63.64957556374225,80.9827414148631],[63.666664124221825,80.98275756788308],[63.75668309249854,80.98004356046336],[63.823051453152566,80.97804260192427],[63.88058116160412,80.97518488833545],[63.9013824458695,80.9741516115414],[63.904671952457605,80.97410377387007],[63.93915557905571,80.97360229550188],[63.97332000728819,80.97470092758094],[63.986865997314496,80.97625198668536],[63.986865997314496,80.72283929527244],[63.92276763891488,80.72137451182311],[63.75777435364256,80.71331787152081],[63.64957556374225,80.71331787152081],[63.58749389656032,80.71331787152081],[63.466384887309744,80.70027160572334],[63.3736038214758,80.69192504954935],[63.2124938961436,80.68165588420368],[63.14110565228111,80.68193054222343],[63.10277557412928,80.68386840773059],[63.09308785580657,80.68839556240931],[63.08772277794063,80.69090270976372],[63.08400172096075,80.69405850507128],[63.07833099368645,80.69886779840374],[63.046013293201625,80.7083282216191],[63.00999450677868,80.71887207090766],[63.00329021741949,80.7201265585477],[62.996045847969235,80.72148210444502],[62.93276977506696,80.73332214402473],[62.728324889752116,80.77053833072881],[62.55450274789279,80.79975647638258],[62.538330077554534,80.80247497606565],[62.536573090349705,80.80274337271351],[62.50916290222682,80.80693054185684],[62.50638580329168,80.82124328672231]]],[[[63.986865997314496,80.72283929527244],[63.986865997314496,80.97625198668536],[64.06553649923057,80.98526001031513],[64.09471130348443,80.98970031673753],[64.12220764088227,80.99552917414415],[64.14804077079279,81.00221252434748],[64.16693115184893,81.00860595716235],[64.19386291535521,81.02374267608715],[64.21053695690482,81.04779815627852],[64.21609497075468,81.05581664967559],[64.21609497075465,81.0558166496756],[64.21609497075467,81.05581664967562],[64.2045669560369,81.06319416506054],[64.19914245672231,81.06666564979827],[64.12803649828902,81.08137512156651],[64.1187362672135,81.08970642140507],[64.18063346320986,81.12413532337244],[64.2335968023433,81.15359497144749],[64.24581909104813,81.15971374472593],[64.25900631563216,81.16403708648343],[64.26527404751242,81.16609191968882],[64.29331970246648,81.171646117559],[64.29586091006502,81.17192161068223],[64.41886901813935,81.18525695876473],[64.4835968016099,81.19108581617135],[64.55026245058754,81.19581603998222],[64.66276550349629,81.19720458944975],[64.70109558164808,81.19636535602176],[64.82083129928301,81.19053649861513],[64.85898844461185,81.18684387255858],[64.86387634339366,81.18637085021248],[64.91398118259477,81.18030117420663],[64.94214625638779,81.17688927077911],[65.03581237752049,81.1655426021326],[65.07192993214542,81.16110229419353],[65.12184788055339,81.15319801665288],[65.18775940002894,81.14276123069357],[65.20779238144864,81.13952368282091],[65.21693420428265,81.13804626473477],[65.23858642642186,81.13304138138744],[65.26915740906927,81.12011718750617],[65.27859497142965,81.10636901804891],[65.29470825203401,81.09553527881164],[65.34915161079016,81.06359863347471],[65.45248413043227,81.02777099623825],[65.45336119401982,81.0217134945951],[65.46734619133731,80.9251251224039],[65.44470214814986,80.91581726088572],[65.43571257397431,80.9135451706754],[65.39193725624983,80.9024810792165],[65.23526000993058,80.86747741755607],[65.0460968022349,80.82054138154592],[65.03821177125278,80.81659394387594],[65.03387451201341,80.81442260675068],[65.02333765253994,80.8117314275413],[65.00776672408307,80.80775451591614],[64.9840080431573,80.8041041598712],[64.97886657784903,80.80331420949365],[64.94214625638779,80.79914248774367],[64.92076085370752,80.79671293522497],[64.91775512674155,80.79637146063925],[64.78665161168192,80.78637695331332],[64.6952514648728,80.77609252859901],[64.66638183585951,80.77165222217656],[64.64176915175754,80.76523822975825],[64.61526489207786,80.75833129835924],[64.61083843361611,80.7575994573339],[64.58665466323231,80.7536010745485],[64.30303955025602,80.7299804681648],[64.29586091006502,80.7295844516824],[64.23776245074589,80.72637939517034],[64.2024841310656,80.7260894777819],[64.16581726040124,80.7269287112099],[63.986865997314496,80.72283929527244]]]]}},{"type":"Feature","properties":{"fillColor":"#9ECAE1"},"geometry":{"type":"MultiPolygon","coordinates":[[[[2.791666507958934,39.36374282861076],[2.749791383521767,39.40075683595293],[2.727777480819141,39.47305297824566],[2.544444083886202,39.52249526963955],[2.436944008125085,39.52165985106047],[2.389166355315498,39.52499389675851],[2.364166259791605,39.55583190916718],[2.386110782477156,39.612777709964654],[2.683888435448039,39.793884277383],[2.777777671866926,39.844718933075356],[2.98777771020552,39.91110992410443],[3.071388721221105,39.92194366461113],[3.091805219718308,39.897495269595716],[3.124444007854197,39.81221771212681],[3.139930248151629,39.78694152829372],[3.180832862932288,39.759994506730905],[3.24458313003793,39.735412597463814],[3.267916440767762,39.735691070323504],[3.293333053591727,39.74582672109773],[3.331110716088529,39.765201568833646],[3.382777690787253,39.77333068837993],[3.439722060968744,39.75027465823454],[3.479999780628927,39.71638488758245],[3.463610649032801,39.66138458277946],[3.44749975195563,39.64027404805701],[3.374583005818821,39.55096817032407],[3.331943989029409,39.52638244646205],[3.241944312840397,39.364440917771674],[3.081943988868114,39.27304840060272],[3.060277700701519,39.26333236670128],[2.791666507958934,39.36374282861076]]]]}},{"type":"Feature","properties":{"fillColor":"#4292C6"},"geometry":{"type":"MultiPolygon","coordinates":[[[[-5.258889196658591,51.870552062636314],[-5.23916721521067,51.916381835713246],[-5.076666833228927,51.9961090096538],[-4.844445228304256,52.013885498394885],[-4.830278397079558,52.0162467959729],[-4.767778397656191,52.064437866628154],[-4.76388645257407,52.068330672212575],[-4.759166716654848,52.07305145165721],[-4.527222631572313,52.13082885592454],[-4.497639177819452,52.137077330861075],[-4.291944504787816,52.222496031567104],[-4.231667517913555,52.248886109796324],[-4.19361114530996,52.27638244596142],[-4.143055914346502,52.320274351360695],[-4.13083362604446,52.33471679839982],[-4.112524448763926,52.36210709988117],[-4.112524448763926,51.56399895846927],[-4.204861639272394,51.535274507537224],[-4.217223166846679,51.532775879173585],[-4.242777822819335,51.54083252049071],[-4.277778623347331,51.55666351206577],[-4.292084216722558,51.60742568899124],[-4.25055599005089,51.62860870180053],[-4.231945037755691,51.63304901035653],[-4.19750022669619,51.6791610700338],[-4.19750022669653,51.679161070033885],[-4.197500226696093,51.67916107003447],[-4.436111449857378,51.73722076536097],[-4.574444770618072,51.734161376311874],[-4.628334043283473,51.72888183744391],[-4.645833970884837,51.7266616831659],[-4.671528338792484,51.72069168231485],[-4.684306143900528,51.70985793854862],[-4.686667441478505,51.6894378656296],[-4.69027805323833,51.666664124620524],[-4.710972787728394,51.64958191037687],[-4.76388645257407,51.63685507070884],[-4.94138908454363,51.59416198671403],[-5.005278587205396,51.60638427947521],[-5.042500496254945,51.616661070611144],[-5.051389692639248,51.6202774033722],[-5.24694538244222,51.730270386438804],[-5.258889196658591,51.870552062636314]]],[[[-4.758487224011609,52.787261962043665],[-4.752223012977422,52.80693817102162],[-4.741111753828234,52.81944275038278],[-4.721944807605368,52.83610534724082],[-4.65111160126619,52.88694000207412],[-4.618889807214877,52.909164428859285],[-4.586112023694979,52.92388152855128],[-4.552778246247415,52.928886414766424],[-4.540278433644156,52.93054962087336],[-4.526667596347123,52.935829164200456],[-4.505833627043738,52.94610595533644],[-4.462500573843236,52.97027587928766],[-4.360972403017565,53.02888488883801],[-4.352639673223449,53.03805160506454],[-4.344583513487155,53.065135957791256],[-4.330278397233547,53.11222076605155],[-4.304195843077455,53.13051067484618],[-4.196389197543336,53.20610809151303],[-4.15333366418497,53.22555542030822],[-4.134583472617464,53.22972106729319],[-4.112524448763926,53.234029736339885],[-4.112524448763926,52.68305943247443],[-4.13055610620228,52.777770994802836],[-4.122583881998553,52.85387041369251],[-4.118333817900179,52.89443969522068],[-4.133611678277759,52.914443967728005],[-4.233333586750575,52.91499328641095],[-4.312917231782649,52.90499496490139],[-4.414167405644434,52.88471984779687],[-4.440555570927813,52.87249755949472],[-4.477222444752215,52.85499572786563],[-4.500278472361288,52.82943725491941],[-4.539444924333338,52.793052672154204],[-4.727778436373342,52.781387327564175],[-4.744167325903732,52.78124618426415],[-4.758487224011609,52.787261962043665]]],[[[-4.112524448763926,51.56399895846927],[-4.112524448763926,52.36210709988117],[-4.096666811948793,52.38582992731865],[-4.091944693914458,52.39777374153516],[-4.059722899863146,52.485832213904736],[-4.059722899863167,52.48583221390505],[-4.059722899863004,52.485832213905496],[-4.061111448858071,52.506103514036454],[-4.080555914923082,52.553329465596846],[-4.106389044981313,52.65083312827841],[-4.10938980859556,52.66659468603066],[-4.112524448763926,52.68305943247443],[-4.112524448763926,52.86023954379328],[-2.158534884365102,52.86023954379328],[-2.158534884365102,50.950334222162965],[-2.295996757699584,50.92680173228672],[-3.028333665646053,51.20610809212952],[-3.012778044636138,51.25631332534306],[-3.012778044636147,51.25631332534333],[-3.012778044636036,51.25631332534368],[-3.013333797773321,51.272773742996904],[-3.00694465665856,51.30722045808362],[-2.960000037454882,51.374992371345996],[-2.852777958714328,51.44471740680342],[-2.553055762246426,51.65721893430775],[-2.471666813564028,51.72444152888715],[-2.454861401250486,51.731662752406706],[-2.428889272710413,51.736938478760216],[-2.415751555121366,51.73876270839963],[-2.40388917930036,51.74040985124769],[-2.388333558290282,51.74666213869873],[-2.380000115043162,51.76173400735709],[-2.380000115043326,51.76173400735726],[-2.38000011504306,51.761734007357745],[-2.392777920151104,51.77513122344749],[-2.460556031536441,51.746665955672995],[-2.474130820835168,51.73876270839963],[-2.578888892304519,51.67777252103957],[-2.629167080547575,51.64416504072341],[-2.665000440602057,51.61499786450406],[-2.674722673634562,51.606941223187164],[-2.698889257733867,51.58943939155802],[-2.71472263491745,51.58082580652899],[-2.847777843716074,51.54499816747574],[-2.892777919997172,51.53860473672472],[-2.91888904701915,51.53777313144161],[-2.95472240261455,51.53971862860766],[-2.966389178569727,51.54166412131468],[-3.021111487883161,51.52527618602761],[-3.118750332073205,51.487495420320215],[-3.12777805427686,51.47888183529136],[-3.151667118534021,51.45304870523313],[-3.158889055506563,51.43054962133601],[-3.164583445002336,51.40909195141461],[-3.181111337473681,51.39735794143189],[-3.270972491553891,51.38013458388821],[-3.346111297603329,51.37860870410776],[-3.359444619517262,51.37860870410776],[-3.375038863088257,51.37900177090055],[-3.403333662186299,51.37971496650272],[-3.416388987136486,51.38055420127381],[-3.451111318038102,51.38471984825884],[-3.488611219592315,51.38999939158583],[-3.542500019595195,51.397773741843764],[-3.56027793970128,51.40554809656095],[-3.671944616634107,51.473884583023164],[-3.75160074403243,51.529308319200766],[-3.761111259885411,51.54444122376361],[-3.781666755103288,51.567497251372856],[-3.837917089015377,51.61999511677209],[-3.949722291767387,51.612777710226226],[-3.965555668950969,51.60971832117713],[-4.069462657831163,51.57739471259481],[-4.112524448763926,51.56399895846927]]],[[[-4.112524448763926,52.86023954379328],[-4.112524448763926,53.234029736339885],[-4.069462657831163,53.24244076154748],[-3.854444504365172,53.284439086970515],[-3.730139257137632,53.28944015621207],[-3.692500116311095,53.28555297885356],[-3.609861371866152,53.27943801772895],[-3.589444638798905,53.282218932692516],[-3.461667060381414,53.320549012623744],[-3.38805580180886,53.34360504023284],[-3.375038863088257,53.34489369510845],[-3.362778188556671,53.34610748111087],[-3.336389064570849,53.347221372993914],[-3.318889141428504,53.34694290336746],[-3.211667062687949,53.29749298055557],[-3.088598728937112,53.26000976488351],[-3.082569836999534,53.268535613029144],[-3.082569836999709,53.26853561302937],[-3.082569836999426,53.26853561302977],[-3.126111508318104,53.32499694620941],[-3.154166696681955,53.34832763538947],[-3.166944501789999,53.35708236817777],[-3.176389219439386,53.362777711916806],[-3.188889027583571,53.37777328569416],[-3.189722536894201,53.38832855091522],[-3.18027782370396,53.39611053512024],[-3.170833587635293,53.400276182105216],[-3.063313009075142,53.38610458412262],[-3.054708480440185,53.38658523741284],[-3.046008349102409,53.382659912613896],[-3.027826965716804,53.37044656245983],[-3.013491867746001,53.360816955773856],[-2.985325099791059,53.32682037156545],[-2.928291795795534,53.30216216929501],[-2.899722577918005,53.28916168212655],[-2.882500170158715,53.285270692253526],[-2.862222671904692,53.282775880863575],[-2.776389120571015,53.292495728287584],[-2.7531945716017,53.30430221617767],[-2.704930782248796,53.35062026757413],[-2.704930782249283,53.3506202675742],[-2.704930782248766,53.3506202675747],[-2.717500210029129,53.35249328683352],[-2.76944470344057,53.339302062463105],[-2.777778146687581,53.332775117899985],[-2.857361314597938,53.32082748225076],[-2.878333568930316,53.325691225166054],[-2.969125034516765,53.393287660202475],[-2.975125312529713,53.397789000204],[-3.000858545789811,53.42755508454928],[-3.004758596516069,53.43215560789588],[-3.027826965716804,53.4613775963664],[-3.105625151155524,53.559928892218075],[-3.100368110162343,53.59442666366169],[-3.052639007437077,53.907634736256306],[-3.043472527541853,53.9187431326753],[-3.025000096606873,53.92610931200938],[-2.932500361437903,53.95055389307255],[-2.896944521225548,53.99888610702782],[-2.83361148961316,54.084999086690424],[-2.817500115465806,54.14277649095776],[-2.816466521932902,54.16403897717929],[-2.813611506742063,54.22277069252283],[-2.930972336839261,54.15332794366543],[-3.152222635340081,54.08193969764204],[-3.214722634763348,54.09555053493909],[-3.230000258809639,54.10097122156611],[-3.375038863088257,54.23918114226407],[-3.380555631541085,54.24443817113695],[-3.613055706092211,54.488609315738586],[-3.632639170638924,54.51221466203043],[-3.47286361515127,54.52225864129273],[-2.280988232996435,54.597183566980334],[-2.158534884365102,54.61902751805936],[-2.158534884365102,52.86023954379328],[-4.112524448763926,52.86023954379328]]],[[[-2.158534884365102,50.950334222162965],[-2.158534884365102,54.61902751805936],[-1.304444550187463,54.771385192923894],[-1.304444550187238,54.771385192923496],[-1.297500133056805,54.76361083820645],[-1.165277956447115,54.6497192402378],[-1.061388969624206,54.61721801785756],[-1.043889046481862,54.61305236641351],[-0.875833393881568,54.57027435289728],[-0.71036542864727,54.52225864129273],[-0.59734368411663,54.489461842935164],[-0.564722298027149,54.479995726249705],[-0.518472314506551,54.447494508328546],[-0.204545319966277,54.15544721567071],[-0.204545319966277,54.05261411021644],[-0.205694498789057,54.051525115727884],[-0.214583320610586,54.0312461861086],[-0.214583320610613,54.031246186108255],[-0.214583320610707,54.03124618610804],[-0.21533718801155,54.021556327753046],[-0.215555578694762,54.018749236235635],[-0.215555578694744,54.01874923623558],[-0.215555578694791,54.018749236234974],[-0.212222250445837,54.008331297339886],[-0.204545319966277,53.99230849386082],[-0.204545319966277,53.70005025991879],[-0.223055588435557,53.71399688839807],[-0.249444440417449,53.729721067139906],[-0.272500066709142,53.735549924690815],[-0.293888897333545,53.73666381657392],[-0.59734368411663,53.73045369971753],[-0.619722247577954,53.72999572871089],[-0.632222296512566,53.72916412342795],[-0.654444458084413,53.72527313355488],[-0.678750036206509,53.71749496632333],[-0.716527881215711,53.696384431421166],[-0.71652788121507,53.69638443142088],[-0.716527881215699,53.69638443142053],[-0.693055629581917,53.686103818851876],[-0.59734368411663,53.68564462196439],[-0.519722284173265,53.68527221802795],[-0.504888949609335,53.68643951632758],[-0.457888899566163,53.696105957335],[-0.390222283049328,53.707942963177416],[-0.301666707838661,53.71319198409309],[-0.287777779937088,53.708610536696156],[-0.264444468817167,53.69082641400791],[-0.239273904729464,53.6651611326876],[-0.232666656571559,53.65632629250411],[-0.228000000590288,53.65099334721951],[-0.20722223800654,53.630828855462575],[-0.204545319966277,53.62937471923744],[-0.204545319966277,51.81084903432425],[-0.573106005507498,51.746349431479814],[-1.252221248798264,51.514127262918805],[-1.444175961049098,51.266662986845176],[-1.754833106082572,51.01944508017766],[-1.986191273602444,50.97983821608598],[-2.158534884365102,50.950334222162965]]],[[[-0.204545319966277,54.05261411021644],[-0.204545319966277,54.15544721567071],[-0.200528666493977,54.151710510027264],[-0.161111101359377,54.08805084179281],[-0.173888861876321,54.08166504053008],[-0.204545319966277,54.05261411021644]]],[[[-0.204545319966277,53.70005025991879],[-0.204545319966277,53.99230849386082],[-0.169166699251146,53.91846847556336],[-0.127500040400705,53.86388397415705],[-0.11277776817442,53.85055541900096],[-0.099444473014929,53.83972167969391],[-0.053888879927938,53.8030548103287],[-0.013055552024965,53.76860809524149],[0.06263889568474,53.703887941540124],[0.126388864774821,53.6452713025017],[0.141111092410292,53.62722015218959],[0.149444433098544,53.61471557728751],[0.153888852927491,53.6027755755855],[0.151294950924428,53.59442666366169],[0.149444433098544,53.58847045933189],[0.143549827594668,53.582128878493506],[0.142083301445155,53.58055114880108],[0.116041673664199,53.56679916374475],[0.019420362893031,53.59442666366169],[-0.085555585245004,53.624443054200356],[-0.105833351043941,53.63166046074622],[-0.129722250315126,53.64138793765835],[-0.141944467271856,53.64804840049243],[-0.171666651961743,53.67527770903365],[-0.204545319966277,53.70005025991879]]],[[[-0.204545319966277,51.81084903432425],[-0.204545319966277,53.62937471923744],[-0.140209476579981,53.59442666366169],[-0.117222232594179,53.58193969779532],[-0.100833343063771,53.57305145119524],[0.026944444930541,53.50971984648886],[0.085277745025754,53.48638153227974],[0.097080110626276,53.48289373031384],[0.125694407454993,53.47443771360414],[0.1434722250023,53.47527313140165],[0.168611125153776,53.459999083538605],[0.216944409288557,53.41693878342234],[0.235555513192519,53.399436951793206],[0.269999949689191,53.3463821426819],[0.339583337970419,53.23471832402025],[0.353888868918587,53.18721771088891],[0.356388866220073,53.176383971581856],[0.35777774518707,53.16082763711887],[0.355416625972339,53.14402389696136],[0.35109435140849,53.130281375587316],[0.339166641283196,53.09235763684465],[0.326666654776432,53.08319091615948],[0.276666641859947,53.066940307198934],[0.203888861384428,53.02805328355561],[0.173333332370419,53.00916290293162],[0.097080110626276,52.959479645278364],[0.032222195706822,52.91722107017699],[0.002109801272866,52.879856109340835],[0.002109801273141,52.879856109340736],[0.002109801272606,52.879856109340075],[0.097080110626276,52.846457999025695],[0.240069418885181,52.79617309710732],[0.363333314564075,52.78027343568045],[0.378888846392528,52.78138732756349],[0.429027737395186,52.82402420223879],[0.429027737395334,52.82402420223901],[0.429027737395927,52.824024202239514],[0.433876037049053,52.831239773561165],[0.434999941032348,52.832912444379794],[0.434999941032386,52.832912444379936],[0.4349999410328,52.832912444380554],[0.43700212405015,52.84050344645166],[0.438333331708439,52.84555053755288],[0.444305539804683,52.86569214084556],[0.480382523091424,52.91826165107565],[0.491388827518469,52.93429946744648],[0.547777651577038,52.96617889323637],[0.667222143473911,52.97610473683865],[0.791503905369183,52.97054853312293],[0.884722113820922,52.96638107244106],[1.18388867308766,52.938888548790466],[1.282222032565516,52.927497865771436],[1.305833099858882,52.92166137873236],[1.352499962889116,52.90972137257127],[1.372777701933527,52.902496336537205],[1.393333197151382,52.8936080943962],[1.432222129281383,52.87471771377208],[1.46861100168276,52.85443877969388],[1.503611088757838,52.837493896235806],[1.517222166845261,52.831382752084785],[1.530833244932682,52.825271607933765],[1.645277737767503,52.7711105364275],[1.656944272932269,52.76416015750539],[1.675277709844415,52.748054504359324],[1.686388732662295,52.73666381688121],[1.70249986601926,52.71582794355012],[1.707221984053594,52.706108091667026],[1.721111059104849,52.67666625833588],[1.725533363127884,52.66659468603066],[1.745902538855913,52.62020492515627],[1.74898243076077,52.52910613968736],[1.749444244432548,52.45582580737353],[1.737496409746988,52.41006179934775],[1.733055354902092,52.39305114637972],[1.587360978291997,52.08388519096496],[1.579722166268539,52.07638549781899],[1.331249831988202,51.92874527177514],[1.293263792473965,51.874092100516975],[1.283682270665149,51.85311978811565],[1.283333302509043,51.85235595650999],[1.266110899209309,51.83916473213941],[1.22361087819769,51.80888366849638],[1.20402765444129,51.798049924730265],[1.181388854150157,51.78971862630118],[1.132222176640767,51.77693939428724],[1.111666440632121,51.77333068655514],[1.088333129512421,51.77055358856518],[1.049999950519066,51.77055358856518],[1.035694361603646,51.77416229183808],[0.997499944761216,51.81082916120317],[0.982777712666461,51.82527542075695],[0.791503905369183,51.84695690980976],[0.312220717706055,51.90128517008412],[-0.204545319966277,51.81084903432425]]],[[[-6.066514013162752,56.72048187208161],[-6.057760183916932,56.727115166806385],[-5.089519230963338,56.727115166806385],[-5.089519230963338,56.55140748949377],[-5.095833779451766,56.5447158793358],[-5.103889466525345,56.52944183147281],[-5.115555765358806,56.51277160512666],[-5.191111566854033,56.461936950293364],[-5.203056335314045,56.45416259557618],[-5.214445114305306,56.45194244575737],[-5.232083799598286,56.450969697174344],[-5.362228392135933,56.49400329631186],[-5.383055686194557,56.58305358875462],[-5.31472301670588,56.65666198905588],[-5.314723016706459,56.65666198905594],[-5.314723016705898,56.656661989056545],[-5.363333700287512,56.66194152792451],[-5.458310247316977,56.60445465485957],[-5.563889505088525,56.54055023235071],[-5.592778207222295,56.52416229260467],[-5.601944923448798,56.51943969744872],[-5.676944731016249,56.4938888539906],[-5.80552214468843,56.53077065679847],[-5.884166719652683,56.55332946882385],[-5.895556448428181,56.55693817209692],[-5.93055629917211,56.56971740857006],[-5.942778587473733,56.57666015800387],[-5.90855598581247,56.6185493473055],[-5.908555985812791,56.618549347305766],[-5.908555985812427,56.618549347306214],[-5.91663980522992,56.62521743962827],[-5.916889192728185,56.63180160312176],[-5.909139157840587,56.63888549585571],[-5.903555870814303,56.641380311704744],[-5.895889283173837,56.64254760554529],[-5.840622903516013,56.64571761994206],[-5.80552214468843,56.65129079938693],[-5.612500188670346,56.68193817094297],[-5.552395821750915,56.68885040242466],[-5.552395821753909,56.688850402425025],[-5.552395821750906,56.68885040242537],[-5.739444730439686,56.71166229087487],[-5.765972612116968,56.71138382124832],[-5.779444696181656,56.707771301001856],[-5.80552214468843,56.706284857385],[-5.821539400081235,56.705371855983344],[-5.833038808879394,56.69897079574412],[-5.877305986100737,56.69477081383326],[-6.040638923149743,56.69827270427311],[-6.051306249543245,56.70094299388904],[-6.062472819136588,56.70877456753709],[-6.066514013162752,56.72048187208161]]],[[[-5.32736683088012,55.9272499087149],[-5.30905580531067,56.00570297152205],[-5.200694560614331,56.11860656639058],[-5.089519230963338,56.17774272141031],[-5.089519230963338,55.84807537602301],[-5.20750045638448,55.82874679647159],[-5.292500493948296,55.84749603379572],[-5.30527829905634,55.852218628951675],[-5.326867101640289,55.9127922071587],[-5.32736683088012,55.9272499087149]]],[[[-5.795833585712075,55.37332916400718],[-5.794649052810699,55.38485212878585],[-5.794305801903834,55.388191223972775],[-5.787777898638402,55.39638519161624],[-5.76371916837043,55.45009061892377],[-5.701666831921671,55.588607789501445],[-5.676949338310947,55.77670082947186],[-5.673194884443262,55.80527114701789],[-5.67788934725553,55.89944076353851],[-5.677859915721528,55.965774127276084],[-5.677847387300624,55.99401092595323],[-5.596528530916996,56.25694274988148],[-5.571389198234636,56.328327178931346],[-5.530296304858326,56.3779225965548],[-5.52305555291427,56.38666153136975],[-5.458310247316977,56.40635092895963],[-5.403410910694694,56.42304611413492],[-5.345361707586516,56.42594528393425],[-5.333910942906206,56.42229461624726],[-5.220833778298524,56.43582916312253],[-5.206111430267858,56.440971375664105],[-5.193333625159847,56.4483261129956],[-5.135556220892513,56.48499298236081],[-5.120555875898012,56.495552064555916],[-5.1077785479117,56.50777435285796],[-5.089519230963338,56.533445099346594],[-5.089519230963338,56.20105188999425],[-5.205833433303951,56.13721466041534],[-5.238889695368528,56.11888885299123],[-5.429167268750234,56.00693893521509],[-5.429167268750153,56.00693893521453],[-5.429167268750311,56.006938935214436],[-5.413167001531416,55.89543914831706],[-5.380000114119358,55.750274657713966],[-5.404167175340149,55.73638152935786],[-5.44597244473249,55.706802369700426],[-5.458310247316977,55.68734136267814],[-5.486389160670626,55.6430511476085],[-5.544455986554176,55.45009061892377],[-5.555196762448418,55.414398194488626],[-5.55519676244835,55.41439819448857],[-5.555196762448543,55.41439819448793],[-5.534028054371932,55.3969421397873],[-5.515278339926303,55.363468168824355],[-5.523056030035832,55.35221862910561],[-5.535278318337987,55.34055328451558],[-5.566945077164064,55.316665651623396],[-5.59583377929772,55.30583190785734],[-5.737778661602476,55.29222107056029],[-5.752500532511476,55.29193878396029],[-5.76583385442558,55.293609619555355],[-5.781666754487276,55.29902267669439],[-5.788889409372018,55.30874252411843],[-5.795278550486785,55.36027527042273],[-5.795833585712075,55.37332916400718]]],[[[-5.089519230963338,55.84807537602301],[-5.089519230963338,56.17774272141031],[-5.072222707699345,56.186943052853024],[-4.974166868063624,56.23332977410133],[-4.947262764779825,56.25000000044745],[-4.922292230619631,56.271106718376],[-4.922292230620942,56.271106718375535],[-4.922292230619632,56.27110671837664],[-5.03222274641638,56.23249816881906],[-5.089519230963338,56.20105188999425],[-5.089519230963338,56.533445099346594],[-5.070138929963464,56.56069183564283],[-5.070138929963964,56.5606918356427],[-5.070138929963377,56.560691835643524],[-5.084167003496646,56.557079315397004],[-5.089519230963338,56.55140748949377],[-5.089519230963338,56.727115166806385],[-4.112524448763926,56.727115166806385],[-4.112524448763926,55.42280866478367],[-4.313919682201731,55.45009061892377],[-4.613611699711782,55.49068832194928],[-4.622917173629958,55.51388168480321],[-4.659444808181888,55.56194305416096],[-4.687222958284508,55.597496031643175],[-4.696805952044713,55.60569000374579],[-4.707777976380555,55.611106873399194],[-4.729444505210381,55.61777496126223],[-4.76388645257407,55.62716852366702],[-4.769166946651126,55.62860870502834],[-4.813611983247881,55.64555358848651],[-4.903889655652108,55.68972015545677],[-4.916388986674463,55.700828551875546],[-4.864732741654851,55.888381956561766],[-4.835788724617804,55.90003967166374],[-4.788050652030618,55.94073104917299],[-4.76388645257407,55.939040798981196],[-4.751184461731826,55.938152313414115],[-4.709722996425024,55.93402480941048],[-4.570278169389759,55.92110442963736],[-4.523056030343946,55.918609618247416],[-4.485417366639108,55.92360687051539],[-4.485417366640543,55.9236068705159],[-4.485417366639069,55.923606870516096],[-4.501111986131093,55.92916107095505],[-4.76388645257407,55.94747083146738],[-4.810323236893623,55.950706482219005],[-4.874722479432876,55.886814116827],[-4.986667157788474,55.86492538305839],[-5.089519230963338,55.84807537602301]]],[[[-6.057760183916932,56.727115166806385],[-6.041056154926912,56.73977279860048],[-6.009805678093531,56.74510574388508],[-5.905972478836618,56.75860595583443],[-5.896472455201954,56.75894164885106],[-5.88997268873942,56.75577163891336],[-5.868805884690519,56.74443817036634],[-5.851461409580963,56.73944091809836],[-5.849583623564273,56.74444198733992],[-5.80552214468843,56.77389794641099],[-5.703893641569761,56.84183858537031],[-5.662917139063976,56.86923217749388],[-5.662917139064382,56.86923217749417],[-5.662917139063893,56.869232177494496],[-5.672500609945814,56.876106261535824],[-5.742778299478971,56.89374542395046],[-5.767500877506052,56.89249420128186],[-5.818056108469534,56.885551451847846],[-5.865278243056196,56.87944030769694],[-5.882778166198591,56.879024507284896],[-5.919583797714018,56.88708114414275],[-5.646111490419126,57.234992979900284],[-5.560667038518659,57.25477218473851],[-5.548500537782613,57.256439207819035],[-5.512667177728123,57.277442934347064],[-5.512667177728525,57.27744293434741],[-5.512667177728076,57.277442934347675],[-5.545276349838737,57.305754574185826],[-5.575677871272262,57.33214950756337],[-5.632555963566347,57.37055206094277],[-5.75111198351658,57.34333038188964],[-5.773750306685997,57.34013366651408],[-5.788611412408102,57.343887330060795],[-5.818056108469534,57.36249542408484],[-5.860000608215842,57.450828553566396],[-5.866945266136725,57.46777343702439],[-5.871389387207235,57.47916412450236],[-5.870364320209546,57.4890411278902],[-5.869861603399041,57.493885041167516],[-5.850417137334074,57.549720765242284],[-5.804528236838952,57.55535888559117],[-5.790111540994269,57.55923080397352],[-5.766861913452882,57.55369186251065],[-5.75069475173953,57.540691375342185],[-5.65305566675917,57.50874328415942],[-5.642778398501481,57.50860595783299],[-5.510139467236431,57.533191682196176],[-5.510139467236772,57.533191682196716],[-5.510139467236399,57.53319168219679],[-5.519722938118321,57.54846573005989],[-5.535278318337987,57.552215576632875],[-5.643611907812158,57.552215576632875],[-5.655000209681759,57.547080993579414],[-5.670000077554619,57.546661376193924],[-5.695555687770536,57.55944061266706],[-5.789028167063577,57.65952301110741],[-5.817083837008103,57.819438936328616],[-5.801389217516213,57.85388565141559],[-5.611111639675356,57.92360687435852],[-5.458310247316977,57.922049644761685],[-5.338611603841381,57.92082977190945],[-5.217500686380879,57.900833128890376],[-5.127500533818835,57.86943817336417],[-5.127500533820296,57.869438173365275],[-5.127500533818818,57.869438173364756],[-5.262778282503973,57.9711074830314],[-5.398056031189242,58.03110504157672],[-5.416944503326533,58.04277038616675],[-5.452847478557969,58.0741615291784],[-5.402948509413628,58.233586551816856],[-5.397639276533877,58.25054931851447],[-5.389444827309591,58.26027297845299],[-5.3686118122496,58.259162903543526],[-5.203611374998315,58.250831605114506],[-5.089519230963338,58.262838353820094],[-5.089519230963338,56.727115166806385],[-6.057760183916932,56.727115166806385]]],[[[-5.174722672864456,58.349998473903575],[-5.16888904409668,58.364997864654185],[-5.109444616748824,58.50833130041306],[-5.089519230963338,58.52971774203275],[-5.089519230963338,58.27195805854698],[-5.126389504665894,58.287498474480344],[-5.16472244286831,58.32527160624056],[-5.174722672864456,58.349998473903575]]],[[[-5.089519230963338,56.727115166806385],[-5.089519230963338,58.262838353820094],[-5.071666718230761,58.26471710398257],[-5.071666718231641,58.26471710398314],[-5.071666718230745,58.26471710398323],[-5.075555799617007,58.267219544861234],[-5.08222293769569,58.268882750968146],[-5.089519230963338,58.27195805854698],[-5.089519230963338,58.52971774203275],[-5.001528263510775,58.62416076605968],[-4.770139218112509,58.60263443074559],[-4.701666832229648,58.558609007075304],[-4.676667211482211,58.52443694910004],[-4.277222633878848,58.533607482300155],[-4.112524448763926,58.543741561784714],[-4.112524448763926,57.85145467182104],[-4.120000840980822,57.85083007934071],[-4.243056296904797,57.87027740367688],[-4.36250066840654,57.89777374430099],[-4.37805557150449,57.90361023134005],[-4.391666890382339,57.901386260088486],[-4.391666890381789,57.901386260087946],[-4.391666890382361,57.901386260087854],[-4.349861620990074,57.86041259597857],[-4.297500609254568,57.846382141296],[-4.283333778029869,57.844161987018],[-4.149723052425189,57.82527160639387],[-4.112524448763926,57.82146892045869],[-4.112524448763926,57.720218520691844],[-4.296667099943818,57.674438477489616],[-4.416389463950168,57.601661682471104],[-4.431528089514472,57.57277298033756],[-4.43152808951425,57.57277298033756],[-4.431528089514607,57.57277298033688],[-4.414722440869758,57.57277679285138],[-4.378334045590079,57.589721680768534],[-4.343611719147526,57.60777282662156],[-4.330278397233547,57.61888885698773],[-4.312500000005672,57.62805175624068],[-4.259445190894368,57.65527343529383],[-4.249444960898035,57.659439086737876],[-4.227778436527325,57.66499328717692],[-4.19138908254517,57.67138671792797],[-4.112524448763926,57.65391674254119],[-4.112524448763926,56.727115166806385],[-5.089519230963338,56.727115166806385]]],[[[-4.112524448763926,57.85145467182104],[-4.112524448763926,58.543741561784714],[-3.848333360214151,58.559997560529375],[-3.782639026564666,58.567497253675384],[-3.373333453778193,58.62749481222072],[-3.353888987713193,58.66055297831294],[-3.022639035360165,58.64652633614486],[-3.014722346768536,58.638191225201474],[-3.057916878608694,58.45082855325836],[-3.109722614328632,58.38166046151298],[-3.121944902630617,58.369438173210824],[-3.20555591407782,58.306247711804474],[-3.369025566478793,58.233586551816856],[-3.375038863088257,58.23091368195645],[-3.483333589211156,58.18277740525275],[-3.845000268296531,58.019996645157846],[-3.996944903475821,57.95055389184131],[-3.996944903475912,57.95055389184065],[-3.996944903475947,57.950553891840634],[-3.997950047019497,57.943310527853185],[-4.000092983651825,57.92786788771576],[-4.000092983651775,57.92786788771563],[-4.000092983651863,57.927867887714996],[-3.991666795973161,57.90610504272972],[-4.015000343424219,57.867774962798876],[-4.069462657831163,57.858369279308675],[-4.106667519066775,57.85194397122382],[-4.112524448763926,57.85145467182104]]],[[[-4.112524448763926,57.720218520691844],[-4.112524448763926,57.82146892045869],[-4.069462657831163,57.817066860956274],[-4.043222903404279,57.814384460670226],[-3.926389216978903,57.80749511765279],[-3.874722479740892,57.815277097398834],[-3.850555895641558,57.81999969701394],[-3.838194608857599,57.82763290397189],[-3.823472501617322,57.84833145097655],[-3.806805610663999,57.858188629186074],[-3.788333416060327,57.86110687047607],[-3.774028063475537,57.85485458302509],[-3.777778150838742,57.84360504330675],[-3.819444658080442,57.804580688877934],[-3.865555763514294,57.76860809401023],[-3.948055982139863,57.714855193427866],[-3.968611241026508,57.702499391313836],[-3.984277964505907,57.70510482805145],[-3.990944625462873,57.70327377320683],[-3.998278378357895,57.701942443142855],[-4.009061337647161,57.70746230865592],[-4.007377624225505,57.715988161259986],[-4.007377624225623,57.71598816126011],[-4.007377624225512,57.71598816126067],[-4.019444464494654,57.728050230312874],[-4.031111717571548,57.73138427647399],[-4.069462657831163,57.72764627999403],[-4.085278510079092,57.72610473760602],[-4.097778318223277,57.723884583328015],[-4.112524448763926,57.720218520691844]]],[[[-4.112524448763926,55.42280866478367],[-4.112524448763926,56.727115166806385],[-2.409954004308031,56.727115166806385],[-2.448479412502024,56.691436767672315],[-2.488611219900349,56.61416625768129],[-2.531250239393785,56.57610702680654],[-2.551389216287532,56.56388855101892],[-2.640833379380979,56.52249908649782],[-2.720833779068357,56.488883972234476],[-2.889444828079434,56.46704864488254],[-2.927444935995311,56.462387085631235],[-3.040555953948171,56.45471572677377],[-3.051944732939603,56.454994200859346],[-3.070278169851747,56.45194244575737],[-3.080833435073259,56.44860839959625],[-3.233843821523324,56.3779225965548],[-3.278055666375792,56.35749816766571],[-3.27805566637531,56.3574981676653],[-3.278055666375848,56.35749816766505],[-3.26472234892095,56.34610748464601],[-3.252500056159827,56.348052977352985],[-3.19041681139182,56.35958099561662],[-3.014290848333861,56.3779225965548],[-2.962903024227792,56.38327407879211],[-2.924902916311891,56.40044021740463],[-2.864949328834197,56.3779225965548],[-2.851236342835957,56.3727722155281],[-2.637430667827263,56.31430053676327],[-2.584028005784666,56.28263473663962],[-2.583472488978721,56.26853561210577],[-2.679375172032678,56.21464920217073],[-2.788055896526146,56.18749237153668],[-2.820000170735284,56.184165954863715],[-2.834444521802141,56.18360900669256],[-2.846944807067985,56.18638610914172],[-2.857778073712439,56.19027709901479],[-2.87763905364244,56.19958114602673],[-2.887777804998962,56.20194244360482],[-2.916666984254334,56.20499420316577],[-2.931666852127194,56.205276489765936],[-2.956944465379365,56.20221710071684],[-2.976111411602233,56.194717407570636],[-3.139028071117536,56.1108322161333],[-3.153055667529088,56.08853530698178],[-3.344027996989155,56.023330687475664],[-3.375038863088257,56.01584774252472],[-3.395833732709093,56.01082992508816],[-3.409444810796401,56.012496948168575],[-3.441111565163567,56.019165040490805],[-3.497500420435813,56.034439088353736],[-3.571389198850568,56.05360412608974],[-3.582500457999799,56.05499267508486],[-3.71972227248591,56.056663515138894],[-3.737222672749965,56.055549623255956],[-3.737222672749633,56.05554962325526],[-3.737222672749982,56.05554962325524],[-3.723750116022778,56.027355195619066],[-3.664166926524314,56.00652313034339],[-3.646111486576002,56.00499725502197],[-3.454722402460592,55.99194336143692],[-3.375038863088257,55.9838638674063],[-3.254722596046315,55.97166442735872],[-3.088055612836207,55.948051451578564],[-3.06750011315927,55.94444274830557],[-3.053055762092437,55.94360351353448],[-3.018055915807748,55.94944000057355],[-2.935000421166527,55.96944427308072],[-2.924444674364226,55.97249603264173],[-2.908333541007261,55.979022981663796],[-2.895555972230558,55.98860931527587],[-2.866180895805378,56.02840042210935],[-2.833889009455295,56.05110931469924],[-2.820278167699181,56.05693817225023],[-2.794167040677192,56.06027221841127],[-2.782222272217284,56.061386110294315],[-2.65722226891147,56.05971527024021],[-2.631111146348562,56.05471801797223],[-2.600555898256072,56.043327330494115],[-2.502222538778216,56.00277710074397],[-2.375277997008827,55.956939698178644],[-2.260278223699347,55.918609618247416],[-2.158534884365102,55.89295192011088],[-2.158534884365102,55.37469841010867],[-2.537177825724086,55.36751617098457],[-3.375038863088257,55.354933050650416],[-3.587871582704452,55.35173669755301],[-4.112524448763926,55.42280866478367]]],[[[-4.112524448763926,56.727115166806385],[-4.112524448763926,57.65391674254119],[-4.109022618521848,57.653141022358334],[-4.088555814431007,57.63961029245677],[-4.111389159979353,57.598327636310216],[-4.111389159979137,57.59832763631009],[-4.111389159979459,57.598327636309506],[-4.069462657831163,57.57333563589502],[-4.039861679142786,57.555690766093285],[-3.754137038255719,57.62503814857917],[-3.488055707245539,57.70944214074726],[-3.375038863088257,57.72002167448984],[-3.339722633610192,57.72332763515624],[-3.286250115600133,57.72499465823675],[-3.278055666375848,57.71805190880272],[-3.261111260039472,57.704719545591225],[-3.24611139216667,57.69832611038109],[-3.223333357062326,57.69166564754709],[-3.123333456084728,57.67166137503992],[-3.080833435073249,57.6655502308889],[-3.038472412543687,57.66249465881339],[-3.022500036878249,57.66527557377695],[-2.989444733516216,57.67416382037703],[-2.967500207722592,57.68027496452805],[-2.942500114312538,57.689437868240084],[-2.923611165053506,57.69693756138609],[-2.898056031959182,57.70693969541014],[-2.852777958714328,57.7058258035271],[-2.786389114236039,57.70222091722769],[-2.645833494379229,57.688049314786014],[-2.570000173041884,57.67971801635699],[-2.51000022888806,57.67166137503992],[-2.444444657389183,57.66832733333796],[-2.396250246882042,57.66638183617191],[-2.186111448320824,57.668609619937996],[-2.17000031496386,57.67097091751601],[-2.158534884365102,57.67852422230656],[-2.158534884365102,56.967600264232445],[-2.194167135394423,56.90249633976504],[-2.219722272947877,56.86777496310674],[-2.3198611724074,56.79638290456876],[-2.348055840833865,56.784439085893155],[-2.409954004308031,56.727115166806385],[-4.112524448763926,56.727115166806385]]],[[[-2.158534884365102,56.967600264232445],[-2.158534884365102,57.67852422230656],[-2.140277862729083,57.690551755664046],[-2.131389139007303,57.69527435082008],[-2.120000364475061,57.69749450509808],[-2.075555800540926,57.699440002264126],[-2.022222517344092,57.69388580182509],[-1.986191273602444,57.687609259674396],[-1.929722309512505,57.67777252365002],[-1.918333530521183,57.67055511264496],[-1.860000132326182,57.621383668377675],[-1.821944473175593,57.578605650402366],[-1.781388999545851,57.50555419827198],[-1.774166821782893,57.490829469091906],[-1.773333548803499,57.45805358960038],[-1.855833531097801,57.398887636337975],[-1.958889008609901,57.33249664258261],[-1.9748612638802,57.3170814514196],[-1.986191273602444,57.303012588037106],[-2.054166796012282,57.218605040154785],[-2.061666966279972,57.20416259757479],[-2.065833567508434,57.19055175581872],[-2.07430577290603,57.14763259900246],[-2.074305772906024,57.14763259900245],[-2.074305772906155,57.14763259900179],[-2.067222593625233,57.13443756211694],[-2.158534884365102,56.967600264232445]]],[[[-2.158534884365102,55.37469841010867],[-2.158534884365102,55.89295192011088],[-2.130278109854448,55.88582610926714],[-2.079722406228373,55.86721801970213],[-2.021667482118903,55.80610656927375],[-2.013611317923528,55.79499816839567],[-2.000833512815517,55.7802734392156],[-1.986191273602444,55.7643614531752],[-1.976805566012516,55.75416183507191],[-1.851388932905618,55.65721893307584],[-1.817638993860506,55.6330528260982],[-1.805000066839217,55.631107328932146],[-1.794722317000748,55.63694000345672],[-1.746944665608049,55.624992372266625],[-1.690000057198428,55.60555267295952],[-1.635972263172791,55.581939697179365],[-1.580972313621938,55.4836082461883],[-1.574444530751727,55.41527175972645],[-1.582500101889138,55.3999938948898],[-1.597430586456767,55.385341643616925],[-1.986191273602444,55.37796748735481],[-2.158534884365102,55.37469841010867]]]]}},{"type":"Feature","properties":{"fillColor":"#6BAED6"},"geometry":{"type":"MultiPolygon","coordinates":[[[[8.371527671539525,39.372913360572966],[8.391942978214558,39.44721984859143],[8.448193550688643,39.63270568903175],[8.4680275833795,39.66953580185339],[8.497221946868782,39.72374725334244],[8.523611068673562,39.75222015426271],[8.523611068673576,39.75222015426273],[8.523611068674143,39.75222015426334],[8.531353462914135,39.76371733952564],[8.54194259623315,39.779441832978144],[8.541942596233286,39.779441832978655],[8.541942596233355,39.77944183297876],[8.551666260009767,39.816665649744095],[8.557220459005578,39.84499359083617],[8.55395698493345,39.86770248469378],[8.520415306316465,39.902286529505204],[8.456596373995296,39.910133362409],[8.429998397398265,39.894580840896424],[8.39597129869992,39.90131378157429],[8.398611068218827,39.94610595696952],[8.408887862573971,40.00680160502109],[8.42253788866977,40.04034579269502],[8.433104553546517,40.06631278991726],[9.707227621673177,40.06631278991726],[9.713609695179521,40.04055023188049],[9.675345421203225,39.73082733206629],[9.651666641673486,39.54916381836014],[9.642221450953922,39.48638153136895],[9.63083267213914,39.43027496301356],[9.565068245173611,39.14561843920395],[9.521665572802533,39.1183319085975],[9.442636489423762,39.12442016659395],[9.41055488536955,39.14083099317054],[9.405097942424984,39.145596582984346],[9.39083290151234,39.15805435180425],[9.366109848020983,39.177497863822964],[9.342498778988613,39.19416046202798],[9.321664810671848,39.205825806132566],[9.295276642141005,39.21388244588576],[9.013540267456051,39.263191222889475],[9.01354026745605,39.26319122288887],[9.013540267455422,39.26319122288898],[9.013332367155138,39.12638854956747],[9.016109466653061,39.101661681760234],[9.022499084818254,39.079719543300016],[9.043333053135134,39.044998168509416],[9.028395601968011,39.021623120238694],[9.028018113631495,39.021032403121765],[9.0069427489899,38.988052367886894],[8.902082443194615,38.90263366756113],[8.851179122691178,38.87791061406955],[8.646387100211143,38.89027404736447],[8.492024964308355,39.021623120238694],[8.474484443816777,39.036548614051185],[8.425832748151208,39.107078551995016],[8.371527671539525,39.372913360572966]]],[[[8.148887633815434,40.74416351328284],[8.178730781461548,40.860111286241626],[8.19249916097876,40.91360473677099],[8.228054047172067,40.938396454034475],[8.23222160296813,40.909717559363095],[8.284443854956844,40.85999679607455],[8.307082176058183,40.847358704039024],[8.356388092020751,40.836105346219185],[8.457498550387362,40.8219375613573],[8.479999542727118,40.82027435286771],[8.505277633347331,40.823608398478534],[8.543054580692305,40.831382750859404],[8.579721451344765,40.83999633794291],[8.604304313815911,40.848606109493126],[8.782637596227055,40.91846847520818],[8.810276031252572,40.934440612854516],[8.849998474459404,40.9665908818983],[8.849998474459541,40.96659088189849],[8.849998474459937,40.96659088189881],[8.87347126023854,40.99944305444865],[8.947187759943574,41.06432986045739],[9.012638092281168,41.12194061292917],[9.164512634622909,41.23922729492619],[9.23305511436106,41.254714965764975],[9.405097942424984,41.18838740116325],[9.513332366541519,41.14665985088691],[9.562498092701274,41.11777496368189],[9.633888244693512,40.989166260092574],[9.61277770986936,40.9211044316287],[9.659166336531191,40.85249328568356],[9.750276565831982,40.666244506596676],[9.742498397917828,40.63861084037903],[9.742776870974277,40.629997253295535],[9.750276565831982,40.59749603310742],[9.8049297337647,40.54055404680015],[9.824165344265694,40.527217865574336],[9.809444427606733,40.46833038340521],[9.800277709943618,40.442497253221276],[9.761318206601091,40.385620117588154],[9.73486041980658,40.37291336056336],[9.705554008701597,40.354022980341654],[9.657220840669822,40.30832672078759],[9.657220840669495,40.30832672078717],[9.657220840669332,40.308326720787015],[9.655226856184065,40.30575935561952],[9.636943817247868,40.2822189330804],[9.631443004295729,40.26995550780975],[9.623332024006848,40.25187301682058],[9.626666069617668,40.19318771408675],[9.656805038851301,40.1391639703548],[9.698332786899714,40.10221862786336],[9.707227621673177,40.06631278991726],[8.433104553546517,40.06631278991726],[8.46444320689881,40.14332580528587],[8.4644432068988,40.14332580528621],[8.46444320689892,40.14332580528651],[8.461666107401356,40.22666168220627],[8.457221985098158,40.32138824449021],[8.367221832489747,40.4927749638407],[8.301804542352727,40.58749389627553],[8.195970535351705,40.61597061151173],[8.178333282666529,40.636383057145395],[8.149721145217882,40.72138214133753],[8.148887633815434,40.74416351328284]]]]}},{"type":"Feature","properties":{"fillColor":"#6BAED6"},"geometry":{"type":"MultiPolygon","coordinates":[[[[10.734860420025939,55.065269470326314],[10.665554046556906,55.060554504199615],[10.529443740789532,55.02944183365679],[10.519444465396589,55.02861022945848],[10.497776031733054,55.02888488747641],[10.152776718255836,55.084442138868326],[9.896804809776484,55.28277206428919],[9.810832977318965,55.43666076678737],[9.87402725213437,55.50791168219794],[10.21249961869237,55.598884582709594],[10.294303893914805,55.61582946757557],[10.318470954984367,55.614440917719584],[10.402359962396222,55.58721542339317],[10.484722137371095,55.53249359153327],[10.473609924235095,55.51499938958581],[10.449388273005027,55.48103388718598],[10.448748588499313,55.48013687131339],[10.423471450925149,55.46332550064557],[10.423471450925186,55.46332550064509],[10.423471450924989,55.46332550064496],[10.425207138114278,55.44152450583249],[10.473749160910899,55.43763351428246],[10.603887557749664,55.48610305776373],[10.603887557749776,55.48610305776409],[10.60388755775017,55.48610305776424],[10.614166259543879,55.51943969717229],[10.617498397769339,55.56388854971635],[10.616040229837012,55.61051559443976],[10.660276412817161,55.587635040041825],[10.74534606942751,55.49166107199856],[10.83145713803776,55.299369811821215],[10.813748359905878,55.19583129862396],[10.783331871173745,55.12409210205994],[10.734860420025939,55.065269470326314]]]]}},{"type":"Feature","properties":{"fillColor":"#9ECAE1"},"geometry":{"type":"MultiPolygon","coordinates":[[[[46.62610244763019,80.29498290907247],[46.68360138002846,80.31469726651399],[46.955268860397624,80.36109924447105],[47.011108399386444,80.36720275995181],[47.04055023110162,80.3699798592464],[47.07638549678436,80.3705291735153],[47.11554718127595,80.3677520742207],[47.14276885995295,80.36387634376564],[47.17388153043739,80.35386657774775],[47.193046570987754,80.34304809643353],[47.23175048834324,80.32933807272936],[47.311378478715056,80.30859375103324],[47.49244190567316,80.31097489190562],[47.518489837975565,80.3113174447739],[47.62032699596194,80.30881500261377],[47.849433897998644,80.30137634303964],[47.8763809195412,80.29998779339233],[47.906137466491174,80.3003120167785],[47.906137466491174,80.2434922893164],[47.879714965093,80.24497985779516],[47.84110260011562,80.24525451755233],[47.69804382388401,80.24220275850064],[47.49244190567316,80.22742166224606],[47.46276855545392,80.22528839107036],[47.44326782285043,80.22428894165296],[47.15748977581137,80.1751251231309],[47.11415863162944,80.16415405189719],[46.93305206341893,80.17942810064011],[46.91165924046567,80.18386840933914],[46.648323057980235,80.27720642079254],[46.62610244763019,80.29498290907247]]],[[[47.623462678028254,80.39880370978678],[47.65138244752137,80.40748596107574],[47.71693420467641,80.41053772012745],[47.75277709972401,80.41110229574872],[47.906137466491174,80.41285806927942],[47.906137466491174,80.36512763731601],[47.89027404800237,80.36637878330379],[47.81860351663704,80.36526489341361],[47.70526885861983,80.36553955054814],[47.66944122230183,80.36747741708706],[47.623462678028254,80.39880370978678]]],[[[47.391590119432905,80.4500503527799],[47.41805267237242,80.46276855380813],[47.49244190567316,80.47366754287495],[47.80860137998314,80.51998901307941],[47.83554840152569,80.52331542926558],[47.906137466491174,80.530275088682],[47.906137466491174,80.46753105080197],[47.70971679668355,80.4663848884818],[47.619987487915694,80.45860290486695],[47.49244190567316,80.44882219484616],[47.46776580778675,80.4469299320674],[47.434989927897846,80.44525146393335],[47.391590119432905,80.4500503527799]]],[[[47.59561538618805,80.07971191394883],[47.641384124239416,80.11817169162856],[47.674255233638554,80.13276022632836],[47.75499725276217,80.16859436059543],[47.77499389670341,80.17414855918462],[47.80138397198954,80.1777648938576],[47.906137466491174,80.17941062240178],[47.906137466491174,80.08467695043993],[47.901931762072365,80.08387756289073],[47.72082519648461,80.06971740666074],[47.68888091998667,80.06805419987887],[47.65415954681663,80.06748962425775],[47.61610412547304,80.07054138068668],[47.59561538618805,80.07971191394883]]],[[[47.906137466491174,80.08467695043993],[47.906137466491174,80.17941062240178],[47.94221496581821,80.17997741753092],[48.00054931760233,80.18498229922852],[48.056381224603626,80.19108581470928],[48.08249664275531,80.19720458891973],[48.08249664275427,80.19720458892003],[48.08249664275604,80.19720458892044],[47.96228408741496,80.23165130495596],[47.92416381778145,80.24247741825775],[47.906137466491174,80.2434922893164],[47.906137466491174,80.3003120167785],[47.977210998745235,80.30108642455282],[48.003883360530665,80.3047027592258],[48.138727251995924,80.32596153464948],[48.185405730436536,80.33332061691495],[48.18540573043473,80.33332061691526],[48.18540573043731,80.33332061691567],[48.15387725825741,80.33888244749238],[48.138727251995924,80.34052943326688],[47.92916107273692,80.36331176814514],[47.906137466491174,80.36512763731601],[47.906137466491174,80.41285806927942],[48.04332733152155,80.41442871193489],[48.138727251995924,80.41460372130001],[48.19304656949042,80.41470336906933],[48.22888183517316,80.42025756765851],[48.228881835172146,80.42025756765896],[48.228881835173866,80.42025756765923],[48.138727251995924,80.46098150515411],[48.12985610993525,80.46498870946976],[48.0888824473588,80.46859741215525],[47.906137466491174,80.46753105080197],[47.906137466491174,80.530275088682],[48.01027679449824,80.54054260327706],[48.04027557246983,80.54304504281453],[48.138727251995924,80.54963209957725],[48.330825806890054,80.56248474049933],[48.39443969750623,80.56637573230677],[48.434158325631564,80.56330871452536],[48.543331145455305,80.53262329109496],[48.74860381991994,80.49470520094127],[48.78501259831869,80.49186852050089],[48.7877731311537,80.49165344188955],[48.82416534309287,80.49220275878113],[49.18617248535217,80.52089858343379],[49.18617248535217,80.38011322150857],[48.902488709454246,80.38275146582998],[48.86666107051366,80.38247680607282],[48.83665466317717,80.3799743665353],[48.80068969829205,80.3731765736083],[48.78501259831869,80.36673668938639],[48.62790679860041,80.30220031706642],[48.627906798600726,80.30220031706607],[48.627906798599724,80.30220031706565],[48.64193725562742,80.28637695405384],[48.669990540317976,80.27915954606024],[48.714439393006465,80.27665710390009],[48.78501259831869,80.27930622482974],[48.84777068971957,80.28166198822038],[48.88333129826786,80.28221130248927],[48.91888427745131,80.27998352008626],[48.94832611178916,80.26998901279806],[48.99499511751581,80.24914550673627],[49.10728454468058,80.1854629518368],[48.988327026414595,80.14749145612967],[48.95915985183376,80.14498901396951],[48.92082977335582,80.14526367110386],[48.798049927564705,80.14999389566702],[48.78501259831869,80.15145106409008],[48.765830993932184,80.1535949716104],[48.545967102812426,80.14595794592765],[48.52696379406359,80.13276022632836],[48.510967253891465,80.12165069511246],[48.48165893474993,80.11303710810665],[48.39749145393597,80.09193420364011],[48.37416076706643,80.08720397907695],[48.34777069178028,80.08888244721106],[48.32749176133984,80.09332275328745],[48.24568557812512,80.12233734057116],[48.2036056524006,80.1327514655485],[48.20339248652896,80.13276022632836],[48.162765502397576,80.13442993105997],[48.147606998258816,80.13276022632836],[48.10721588189551,80.12831115684963],[48.06082153330351,80.11914062621003],[48.0405502322277,80.11360168372795],[47.995456694275674,80.10165405379382],[47.906137466491174,80.08467695043993]]],[[[48.961730958278416,80.73025512650631],[49.11693573055126,80.78887939415398],[49.18617248535217,80.79903011801207],[49.18617248535217,80.6926285160406],[49.02110290630333,80.71192932133454],[48.961730958278416,80.73025512650631]]],[[[49.18617248535217,80.38011322150857],[49.18617248535217,80.52089858343379],[49.192214964602215,80.5213775627267],[49.43129794464145,80.59340617563889],[49.584991454615945,80.63970947307668],[49.584991454615846,80.6397094730772],[49.58499145461667,80.63970947307746],[49.5702743521303,80.71638488876312],[49.50999450706507,80.70971679766126],[49.43129794464145,80.70267233126663],[49.41999053854005,80.70166015691188],[49.234992981144785,80.68692016633088],[49.18617248535217,80.6926285160406],[49.18617248535217,80.79903011801207],[49.43129794464145,80.83496768982617],[49.81415557820033,80.89109802300531],[50.029159545554634,80.90971374404141],[50.07758329096421,80.91369671137534],[50.18443298211269,80.9224853506242],[50.216102598853546,80.92498779278434],[50.25083160401097,80.92637634243164],[50.29721832323833,80.92359924313705],[50.41165924178088,80.91387939560597],[50.44026565673279,80.90679168681508],[50.41276550230691,80.90054321340273],[50.34332275334458,80.89776611410821],[50.26832580579281,80.89721679721646],[50.2336044300003,80.89582824756928],[50.14193725469357,80.88777160681991],[50.11610412566387,80.88333129812088],[50.07758329096421,80.87498838143811],[50.011798858970394,80.86074066226416],[50.01179885897258,80.86074066226391],[50.011798858969684,80.86074066226328],[50.07758329096421,80.85309530445093],[50.13304901055257,80.84664917031682],[50.166938782954276,80.84553527780398],[50.66499328499055,80.8866577143063],[50.72248840401895,80.89332580540832],[50.748329162413505,80.89776611410734],[50.80860137811381,80.91665649490056],[50.84609985320098,80.91693115203502],[50.88082504236465,80.91040038950023],[51.03846740850926,80.8472747808569],[51.01888275027056,80.83332824684317],[50.72193145776322,80.80914306586561],[50.29499817020093,80.75665283115734],[50.26971435544016,80.75221252508112],[50.24832534848042,80.7437286372778],[50.24832534848109,80.74372863727751],[50.248325348479746,80.74372863727699],[50.31638336116602,80.71527099624961],[50.34332275334372,80.71110534730772],[50.37416076669371,80.71110534730772],[50.40248870851871,80.71443176349389],[50.469711304443024,80.73054504499254],[50.616661072482145,80.75860595642526],[50.641937255255435,80.76304626512426],[51.26721191440456,80.78526306210367],[51.37015398360974,80.7712169339281],[51.72526550181621,80.72276306137766],[51.746242523074145,80.71512603831754],[51.73123931809486,80.6837310787117],[51.70582580675483,80.67526245226088],[51.500549316296485,80.64082336296764],[51.41554260272693,80.63081359957243],[51.37015398360974,80.62390767227875],[51.07416534300296,80.57887268175585],[50.77332305868828,80.53166198850244],[50.591377257722115,80.52998352036838],[50.34221649281926,80.52581787142651],[50.19804382407466,80.52249145524024],[50.13110351464968,80.51971435594572],[50.1005477904215,80.51748657354273],[50.07758329096421,80.51511771427757],[49.85277557254335,80.49192810164737],[49.79582595703533,80.45220947352209],[49.79582595703545,80.45220947352193],[49.7958259570346,80.45220947352135],[49.82985687137436,80.40540313660514],[49.80665588370812,80.39665222103253],[49.782211304325756,80.3922119149563],[49.63027191069608,80.36775207422141],[49.603324889153555,80.36415100090079],[49.5702743521303,80.36276245125362],[49.46276855508188,80.36164855874063],[49.43129794464145,80.36269738686431],[49.42110443105287,80.36303710838803],[49.37943267765911,80.36470031779231],[49.2816619868716,80.3752594007019],[49.243049621894215,80.37831115713095],[49.201103211365876,80.3799743665353],[49.18617248535217,80.38011322150857]]]]}},{"type":"Feature","properties":{"fillColor":"#D2E3F3"},"geometry":{"type":"MultiPolygon","coordinates":[[[[64.90080486914957,76.03153072411413],[65.43380413445556,76.18381622848727],[65.8145178953884,76.33610173286041],[66.29041009655447,76.60260136551341],[66.99386596852239,76.94999695021536],[66.99386596852281,76.94999695021542],[67.49999999999659,77.00576921791411],[67.54582214604777,77.0108184832019],[67.57026672066615,77.01304626736683],[67.59693908724257,77.01304626736683],[67.67665100113062,77.01304626736683],[67.70332336770704,77.01277160712354],[67.91609192084287,77.00665283401773],[67.94358826035605,77.00526428169198],[68.00082397465665,77.00054931981434],[68.03027343809148,76.99720764356695],[68.06080627580396,76.9924774149938],[68.08582305926254,76.98442840631998],[68.10054016152874,76.97026061674724],[68.125808716877,76.96527099462631],[68.26609802131304,76.95860290882703],[68.36804199235006,76.95693969625799],[68.41748046986652,76.96138000568544],[68.50818633721325,76.95373535013223],[68.93136596644264,76.78276061895967],[68.86109924300546,76.541931154715],[68.39833068762414,76.36415099982833],[67.9294281002347,76.25555420189443],[67.52581787306383,76.1910858146125],[67.49999999999659,76.18509360662948],[67.25054931547021,76.12719726562193],[67.10137939217924,76.09471130398776],[67.03471374633023,76.08415222145447],[66.87081909132183,76.06999206912604],[66.57554626853715,76.03027343451066],[66.47276305786784,76.00444030756643],[66.45166015949684,75.99971008678654],[66.40776061679486,75.99275207404827],[66.206375119129,75.96527099343751],[66.02249145783219,75.94692993302255],[65.97248840092664,75.94664001387679],[65.7433166523951,75.92359924269357],[65.40887451548139,75.8796997077846],[65.21304321153247,75.84609985406809],[65.19247436695252,75.84136962549496],[65.16623687909481,75.82692718347204],[65.13665771498933,75.80802917311917],[65.02388000117577,75.79553222556666],[65.00027465839668,75.79414367324091],[64.97554016463255,75.79414367324091],[64.92164611878638,75.7983245813275],[64.84553527469342,75.79998779389655],[64.73526001308124,75.78498840193589],[64.54026794097132,75.75526428605082],[64.3730316175089,75.73304748780458],[64.90080486914957,76.03153072411413]]]]}},{"type":"Feature","properties":{"fillColor":"#6BAED6"},"geometry":{"type":"MultiPolygon","coordinates":[[[[22.045843104894878,58.94400519586512],[22.052219390952914,58.94971466066864],[22.06499862680382,58.95221710185715],[22.19110488871453,58.947486877334036],[22.237585047631192,58.948538525536],[22.375553131281936,58.95166015615175],[22.434440612904154,58.96638488748577],[22.46805191016304,58.9780426024413],[22.487773895415522,58.9922180175545],[22.523609161266723,59.022491455323284],[22.57582855236729,59.068603515836884],[22.696939468243695,59.04777145391589],[22.700826644980637,59.016799926515965],[22.719715118276646,59.0036087036277],[22.73388290390527,59.00138854977767],[22.749717712420807,59],[22.80110931419135,58.997215270959956],[22.843051910629523,59.00222015384998],[22.860828399885882,59.001663208144585],[22.91297910579994,58.98714914597199],[22.92971801780358,58.982490539625935],[22.95249557469467,58.9669342042196],[23.04583168027453,58.84777069068444],[23.04527664194029,58.83638000512449],[23.021663665722144,58.8205490113516],[23.00527572624344,58.830551147646986],[22.960826873874566,58.844993591129594],[22.94832992536209,58.844436645424196],[22.91297910579994,58.838138171269215],[22.884441375592075,58.833053588835696],[22.866939544702632,58.8216629027624],[22.866939544702877,58.82166290276229],[22.86693954470213,58.82166290276181],[22.88541221621849,58.8137435911329],[22.88582992536928,58.783744812244464],[22.84805297826489,58.773605346765635],[22.815830230783604,58.77276611320889],[22.798332214123434,58.773605346765635],[22.78124809289784,58.778743744096914],[22.780277252270945,58.7930488583957],[22.792774200269776,58.80027008039313],[22.803886413746778,58.80360412616697],[22.82624626148707,58.8197174072787],[22.826246261486993,58.81971740727874],[22.82624626148771,58.819717407279256],[22.812496185522775,58.82638549780097],[22.798053741527383,58.82499694802323],[22.7758293150863,58.81860351586852],[22.74332618712475,58.8029098512788],[22.72110748279715,58.78166198706509],[22.721107482796814,58.781661987064616],[22.72110748279665,58.78166198706446],[22.70138549805718,58.75388336202563],[22.6911048891655,58.735267639212374],[22.677772521838765,58.71360397321954],[22.6669387819843,58.705268859811156],[22.64638519265941,58.697769165217096],[22.62416458147385,58.6911010741826],[22.595550537107385,58.68832397462711],[22.575282076715567,58.68720546802311],[22.565273285109186,58.68665313699779],[22.547496795852965,58.68721008321637],[22.5316658020796,58.68859863299389],[22.51777648904732,58.6911010741826],[22.479995727712947,58.69971466070024],[22.46846580508509,58.711242675956896],[22.471939086900477,58.76361083995488],[22.44777297971882,58.83471298223793],[22.426105499496146,58.855270385791925],[22.404994964466027,58.87165832527063],[22.38610649116987,58.88457489030509],[22.379951214796744,58.88671523313708],[22.369716644320192,58.890274048083825],[22.336109161290608,58.892219543566966],[22.276943206559167,58.88943481452708],[22.26906216630641,58.88671523313708],[22.245548248407943,58.87860107415912],[22.237585047631192,58.87832576582609],[22.229438781525516,58.87804412845378],[22.177219390938035,58.88888549779324],[22.16499710079239,58.89193725571556],[22.063610077026738,58.923606872746575],[22.04916381828889,58.930133819342416],[22.0443038940669,58.94262695311255],[22.045843104894878,58.94400519586512]]]]}},{"type":"Feature","properties":{"fillColor":"#9ECAE1"},"geometry":{"type":"MultiPolygon","coordinates":[[[[51.39499664321255,71.84860229530125],[51.40582275363545,71.87719726687118],[51.41749572731874,71.8991546615365],[51.441932677639954,71.9363708494235],[51.457496641485875,71.95860290563888],[51.4891586313492,71.99693298467638],[51.574440002546815,72.0708312982779],[51.60110473517027,72.08248901422873],[51.661102295982005,72.10165405215014],[51.84193420482295,72.15859985240031],[51.86457443333836,72.15956878710554],[51.922767638685045,72.12387085063308],[52.01693725728614,72.10693359501386],[52.05193329013953,72.10081481935373],[52.330276487839484,72.06164550751917],[52.351936339149226,72.06192016587386],[52.40332412614442,72.07957458603985],[52.40332412614449,72.07957458604041],[52.403324126145264,72.07957458604068],[52.419296265486636,72.20442962614084],[52.580131530877324,72.25985717817143],[52.662724676255266,72.298211317288],[52.7461013794915,72.3369293205844],[52.74610137949105,72.33692932058474],[52.74610137949247,72.3369293205854],[52.71221160732631,72.36248779252162],[52.690822602334606,72.3699798599551],[52.66512680122105,72.43227386446233],[52.73651885893402,72.62136840894433],[52.755130768108586,72.63651275479356],[52.92332458379302,72.66720580995232],[52.954526901318346,72.66910492977767],[52.954526901318346,71.4266248657184],[52.919441224095294,71.40554809658397],[52.662724676255266,71.4839903610923],[52.622215270901734,71.49636840807273],[52.587493896402975,71.56553649871535],[52.55249023308579,71.59443664410486],[52.51194000220937,71.59304809459906],[52.43221282903431,71.54832458474141],[52.432212829033595,71.5483245847406],[52.43221282903345,71.54832458474051],[52.38124084480298,71.49044036844604],[52.16609954899542,71.48193359311017],[51.962768556048445,71.47526550393604],[51.797218322234755,71.47499084558149],[51.63916015585471,71.52970886352944],[51.55193328797782,71.59443664410486],[51.52978745505606,71.61720532135708],[51.41873932037856,71.73137664861605],[51.40165710511832,71.78997802626287],[51.39499664321255,71.84860229530125]]],[[[52.38055038368452,72.72178649872387],[52.386241914080195,72.74262237496914],[52.59624099620058,72.85345459083432],[52.62874221886097,72.86220550586481],[52.662724676255266,72.86783324523874],[52.954526901318346,72.91615779258785],[52.954526901318346,72.68261861254577],[52.90417783995073,72.68164968447849],[52.88943481482312,72.68136596656092],[52.86888122420061,72.68026733314218],[52.81443786780267,72.66998290896481],[52.73276519794888,72.66748046830782],[52.568054200126994,72.67303466952643],[52.54415893605113,72.67414856067745],[52.5183969476751,72.68164968447849],[52.38055038368452,72.72178649872387]]],[[[52.954526901318346,71.4266248657184],[52.954526901318346,71.98095703170111],[54.51405715942414,71.98095703170111],[54.51405715942414,70.78351526813245],[54.49957656966757,70.7840118395776],[54.4995765696672,70.78401183957669],[54.49957656966668,70.7840118395767],[54.47915649298958,70.73387146087336],[54.498466490552175,70.72637176617131],[54.51405715942414,70.72287769710191],[54.51405715942414,70.6865860204718],[54.21443939292129,70.72637939344071],[53.966102601298076,70.76971435698789],[53.95529536890079,70.77287089447195],[53.83110809346584,70.80914306624953],[53.556655882733025,70.83248901361577],[53.52971649175498,70.8341522214763],[53.50693893406219,70.81989288481515],[53.46360778894234,70.8138732924038],[53.379714967251346,70.85887908788412],[53.56735610967356,70.89346313320509],[53.61111831528981,70.88809204075181],[53.62964248691229,70.88066101063843],[53.739574432661364,70.94929504549953],[53.73957443266116,70.94929504549971],[53.73957443266232,70.94929504550043],[53.699714659709116,70.98414611871266],[53.6458282472891,71.01054382344518],[53.50395202605273,71.06192779520853],[53.50833129879966,71.08610534810201],[53.815410612478274,71.13095092620917],[53.93888092150042,71.13998413005818],[53.95529536890079,71.13916184808816],[53.98304748418483,71.13777160548837],[54.00804901214317,71.1344299320351],[54.029434205098234,71.13053894187249],[54.05686569069598,71.11769103971875],[54.022491454374915,71.11608886598333],[53.95529536890079,71.12737393664571],[53.9547119132381,71.12747192357955],[53.92902374258824,71.12456512585453],[53.92902374258773,71.12456512585358],[53.929023742587376,71.12456512585354],[53.91554260140253,71.09942626871786],[53.93749237199465,71.09832763529914],[53.95529536890079,71.09767268480631],[54.08888244600527,71.09275817954371],[54.118465422049525,71.09400939987214],[54.210273741207686,71.11137390075575],[54.2360305796414,71.12477874688807],[54.236030579640826,71.12477874688825],[54.23603057964232,71.12477874688904],[54.20277023446988,71.13582611200559],[53.95529536890079,71.17421903904908],[53.95304489014575,71.17456817538039],[53.78857421998174,71.16709899933846],[53.55943298494009,71.20138549810889],[53.50499725261528,71.22109985273983],[53.45735168410516,71.25971222059621],[53.68082428014147,71.38776397770354],[53.73624038647662,71.40970611463648],[53.83193969579741,71.40887451230392],[53.89332580611491,71.41817474404377],[53.941238402516085,71.45852661161807],[53.941238402516035,71.45852661161808],[53.941238402517115,71.45852661161899],[53.90749358999204,71.47082519386885],[53.88124084490062,71.46679687452888],[53.55652236878768,71.38011932336121],[53.55652236878736,71.38011932336046],[53.556522368786766,71.3801193233603],[53.541938782146616,71.34609985248066],[53.546661377837104,71.31977844280068],[53.52305221461734,71.29928588949923],[53.48054504456155,71.2916564928882],[53.44638061404066,71.29706573446555],[53.36429977508209,71.32638549785088],[53.255828858659505,71.44609069699636],[53.35582733044195,71.51429748659235],[53.35582733044169,71.51429748659238],[53.35582733044288,71.5142974865932],[53.2438812266214,71.52693176132254],[53.02887725679585,71.50082397587221],[53.009021757755875,71.48407745309146],[53.00902175775559,71.48407745309103],[53.009021757754894,71.48407745309044],[52.982765197431895,71.44358825633934],[52.954526901318346,71.4266248657184]]],[[[52.954526901318346,71.98095703170111],[52.954526901318346,72.66910492977767],[52.964439392306545,72.66970825060918],[52.98832702591846,72.66859435945808],[53.01527404736044,72.66554260209188],[53.07124328563688,72.65581512508764],[53.13110351407594,72.64665222252515],[53.17694091827998,72.64582824746111],[53.21443557655831,72.6492996228232],[53.214435576554656,72.64929962282375],[53.2144355765592,72.64929962282417],[53.02887725679585,72.67776489248536],[53.00193786581781,72.68109130820636],[52.99470950655684,72.68164968447849],[52.97665405223614,72.68304443215374],[52.954526901318346,72.68261861254577],[52.954526901318346,72.91615779258785],[52.976795196644524,72.91984558246554],[53.00888824380949,72.92109680279397],[53.032768250152884,72.92025756680222],[53.0583267220891,72.91804504542775],[53.13694000091754,72.90138244496787],[53.32444000212798,72.87387084908416],[53.37401962162153,72.878730773952],[53.374019621621805,72.87873077395277],[53.37401962162255,72.87873077395284],[53.392078398856654,72.9280319198599],[53.364715574650745,72.9347076426933],[53.34054565541561,72.9355316177573],[53.289299009634306,72.9319305404864],[53.233329771357944,72.93165588532702],[53.199993134328395,72.93761444041832],[53.144573212761316,72.95727539138795],[53.125686645231156,73.09151458874493],[53.153324127791514,73.15353393489681],[53.258331299315294,73.19386291427463],[53.32892990062433,73.21704101699896],[53.44193267670392,73.24108886798444],[53.75930023298791,73.29914855938571],[53.789436340973445,73.30220031675192],[53.94415283070496,73.28997802635936],[53.95529536890079,73.28903401931797],[53.97026824981439,73.28776550178955],[53.99207687280191,73.28041076672869],[54.02971649072143,73.26832580551347],[54.055549621012325,73.2660980232113],[54.14694213740654,73.26638793929835],[54.16805267200692,73.26748657271706],[54.226936341667574,73.2744293202459],[54.32610321111852,73.30165100004257],[54.44749069108901,73.33915710401666],[54.51405715942414,73.36535178518491],[54.51405715942414,71.98095703170111],[52.954526901318346,71.98095703170111]]],[[[54.51405715942414,70.78351526813245],[54.51405715942414,71.98095703170111],[55.32859434511054,71.98095703170111],[55.32247161951296,71.94859313981522],[55.66244617627959,71.61720532135708],[55.67498779236472,71.60498046890365],[55.70971679732728,71.57609558124653],[55.852218627130085,71.48081970195821],[55.89415140786908,71.44920853867043],[56.033882141498914,71.34387207017848],[56.041107177846285,71.32360839883836],[56.05693817277828,71.29248046795136],[56.073587417529936,71.27792666458242],[56.073587417529936,70.58376290013312],[56.03238677828148,70.58078765714782],[55.89415140786908,70.58033161255678],[55.87512969876923,70.58026885909851],[55.70854186885708,70.61911010891748],[55.709663390471974,70.6394042957213],[55.73133087224458,70.6380157462156],[55.778297425332084,70.63191223148317],[55.77829742533247,70.63191223148421],[55.778297425332994,70.63191223148414],[55.78582763549986,70.65224456741282],[55.75135803115944,70.69773864867358],[55.63436889690047,70.72967529369691],[55.407028198896455,70.74810028207065],[55.249420165977085,70.67541503967334],[55.2494201659763,70.67541503967252],[55.249420165976105,70.67541503967243],[55.24786606154632,70.67379803167489],[55.24063894608162,70.66627839317337],[55.232738495748094,70.65805816605831],[55.23273849574814,70.65805816605825],[55.23273849574726,70.65805816605734],[55.24786606154632,70.63819268048132],[55.253578187224896,70.63069152981481],[55.27233886807813,70.62304687547157],[55.29179001004999,70.60626220676205],[55.2682952878114,70.58320617548362],[55.24786606154632,70.57348707539415],[55.20632934531983,70.55372619472473],[55.19471551298101,70.55276095823567],[55.186317444138126,70.55206298686426],[55.172912601617405,70.55276095823567],[55.16492462071926,70.55317688121079],[55.14214325098993,70.55567932186761],[54.78110504187458,70.66775512759767],[54.7480468752363,70.68025970361356],[54.70047378654658,70.71582031090867],[54.709781645554926,70.74109649722169],[54.68762969962398,70.75791168139602],[54.57344055257278,70.7814788802608],[54.51405715942414,70.78351526813245]]],[[[54.51405715942414,71.98095703170111],[54.51405715942414,73.36535178518491],[54.52721404903195,73.37052917459826],[54.56971359181932,73.38137054594891],[54.811935426209686,73.41331481824076],[54.91443634184539,73.42221069291243],[54.937210084306216,73.42192077682537],[54.96332550022031,73.41970825225557],[54.98721313383223,73.41581726209296],[55.120826722622546,73.39166259739487],[55.16027068961644,73.38275146499083],[55.19554138082451,73.3735961928922],[55.24610138071907,73.35971069463918],[55.24786606154632,73.35952034536551],[55.80762863121788,73.29914092892186],[55.89415140786908,73.28926476113128],[56.073587417529936,73.26878298502939],[56.073587417529936,73.084432555078],[56.02555084126982,73.08166504029572],[55.89415140786908,73.06957268104354],[55.86554718140616,73.06694030605098],[55.81221389773191,73.05775451529223],[55.81221389773613,73.05775451529219],[55.812213897731056,73.05775451529131],[55.882766722647645,73.05693054342261],[55.89415140786908,73.05745298425161],[55.92499542231226,73.05886840963774],[56.00777435285334,73.06414794930612],[56.073587417529936,73.06591347079873],[56.073587417529936,72.98797650663869],[56.00416564831488,72.98664855843435],[55.89415140786908,72.9808264056372],[55.64721679585955,72.96775817886765],[55.62152099474599,72.96346282844155],[55.62152099474753,72.96346282844098],[55.62152099474514,72.96346282844058],[55.66471099865113,72.94747924659889],[55.68859863226305,72.94609069709311],[55.89415140786908,72.94311403866801],[55.93832397339206,72.94247436528518],[55.98332977206821,72.94192504857581],[56.00582885617436,72.94192504857581],[56.04638671751468,72.94497680594203],[56.070407868267345,72.9522018422894],[56.073587417529936,72.95357794006807],[56.073587417529936,72.77577822291413],[56.03276825034874,72.77388000457012],[56.010551451865865,72.77388000457012],[55.98179626611744,72.78096008447164],[55.94026947007205,72.791091918544],[55.89415140786908,72.79665285816449],[55.86193847686667,72.80053710992502],[55.83971405111521,72.80081176827974],[55.60193633882875,72.79443359519263],[55.60193633882971,72.79443359519172],[55.60193633882786,72.79443359519168],[55.621658323922475,72.7758178707843],[55.837215422494054,72.74345398049658],[55.86582946702842,72.7297058114209],[55.89415140786908,72.70602815337922],[55.923311620960135,72.68164968447849],[55.94373703020039,72.66457367058264],[55.91999054099955,72.6624908447265],[55.80193328878647,72.66886901781379],[55.722557069018706,72.63956451535608],[55.722557069018116,72.6395645153552],[55.72255706901788,72.63956451535512],[55.67027282713864,72.56165313695128],[55.60832977284366,72.53610229547894],[55.58915710445831,72.53387451317684],[55.484436033788995,72.56999206444982],[55.45249176149713,72.57609558237749],[55.39943695140971,72.58305358763869],[55.35388183602413,72.58442687941215],[55.26665878337906,72.58221435484239],[55.266658783386085,72.58221435484162],[55.26665878337816,72.58221435484143],[55.36610412641572,72.57138061395463],[55.41332244966168,72.56887817329778],[55.448326109783586,72.56386566152021],[55.551940916570366,72.51860046541708],[55.54193878121158,72.47470092742866],[55.52069091743465,72.46582031368513],[55.46360397277522,72.42831420971106],[55.46360397277534,72.42831420971079],[55.463603972774294,72.42831420971011],[55.57555007979093,72.1892852770954],[55.54916381755976,72.16914367720102],[55.523746490032806,72.1635971064465],[55.48693847764116,72.14999389701188],[55.444992066795066,72.13192748931385],[55.383331298122926,72.10220336886033],[55.383331298122116,72.10220336885955],[55.383331298121995,72.10220336885949],[55.34443664464212,72.06469726488538],[55.32859434511054,71.98095703170111],[54.51405715942414,71.98095703170111]]],[[[56.073587417529936,73.084432555078],[56.073587417529936,73.26878298502939],[56.38665771497298,73.23304748384155],[56.43721008440369,73.22554016187098],[56.46749114883508,73.2155456537806],[56.540436754191845,73.16434875637616],[56.58603286840021,73.13234710843933],[56.55332565197534,73.11747741774928],[56.540436754191845,73.11637706943436],[56.41999053996682,73.10609436015324],[56.15082549936653,73.0888824461793],[56.073587417529936,73.084432555078]]],[[[56.073587417529936,72.98797650663869],[56.073587417529936,73.06591347079873],[56.246101378653826,73.07054138332094],[56.292495726835746,73.06887817226516],[56.43471527101535,73.05554199072151],[56.460132598541705,73.04692840486857],[56.3799896226044,73.00665283234747],[56.34040832643325,72.99386596751327],[56.30888366574652,72.99247741800752],[56.073587417529936,72.98797650663869]]],[[[56.073587417529936,72.77577822291413],[56.073587417529936,72.95357794006807],[56.09930038319297,72.9647064215005],[56.18804168725255,72.97360229617216],[56.23027038691717,72.97554016238729],[56.25610732924466,72.96831512603993],[56.240547180630756,72.89332580628795],[56.21610259984573,72.83166503761603],[56.16415405364154,72.79220580969508],[56.14151764035819,72.78387451266059],[56.074440002840106,72.77581787078515],[56.073587417529936,72.77577822291413]]],[[[56.073587417529936,70.58376290013312],[56.073587417529936,71.27792666458242],[56.07694244349609,71.27499389562279],[56.1972122202789,71.21026611185202],[56.22804260141966,71.19413757356446],[56.27526855512947,71.17248535271857],[56.540436754191845,71.0592788632178],[56.63832855278097,71.01748657097319],[56.92721557528068,70.90637206948436],[56.95416259672266,70.8963775645893],[57.06457519459242,70.8598403921251],[57.11444091813643,70.84915161087949],[57.24249267524449,70.82720947394655],[57.46610260045941,70.80581665052765],[57.63311767563573,70.72811126588907],[57.45166015503412,70.60498046777451],[57.38652038692658,70.60262298675877],[57.257217406294785,70.62719726625755],[57.162208558092686,70.64915466411799],[57.00166320878816,70.67221069220204],[56.790275573965744,70.70138549914162],[56.76888275054688,70.70277404864737],[56.74436569313633,70.69950103658744],[56.74436569313762,70.6995010365868],[56.74436569313549,70.69950103658651],[56.86624145569053,70.63902282684943],[56.98554992823196,70.62803649905291],[57.028602599765286,70.62525940004139],[57.09540939416044,70.62594604592807],[57.24249267524449,70.59443664616914],[57.33290862966423,70.5691528325878],[57.31415557927642,70.56053161627159],[57.16332244924371,70.57192993160015],[56.642494201299144,70.62997436526894],[56.59651947111308,70.64110565270664],[56.540436754191845,70.6586326694641],[56.504997252810085,70.66970825154522],[56.49582671978379,70.69247436673754],[56.51450729354742,70.72185516424685],[56.540436754191845,70.72444623178833],[56.55138397372259,70.72554016064342],[56.57457733098395,70.73637390153021],[56.57457733098339,70.73637390153046],[56.57457733098494,70.73637390153118],[56.5458297725051,70.74887085027831],[56.540436754191845,70.74901632149138],[56.51471710254583,70.74971008307483],[56.460960388839226,70.74387359623324],[56.32138061449382,70.70166015749635],[56.27111434911353,70.66699981712236],[56.27111434911376,70.66699981712225],[56.27111434911261,70.66699981712145],[56.28278350756389,70.66091919058525],[56.30036544790929,70.65908813488738],[56.33837127696838,70.657249451921],[56.37547302387432,70.65296935922726],[56.37547302387312,70.65296935922841],[56.37547302387526,70.65296935922817],[56.35913467339452,70.66866302498283],[56.36527252201821,70.6785888684836],[56.42499542127964,70.67526245276272],[56.45443725610996,70.67025756825367],[56.540436754191845,70.63063705087583],[56.65262985379712,70.57894897418088],[56.575664426902364,70.55276095823567],[56.54096603240538,70.54095459081822],[56.4927673351491,70.5397033704898],[56.46998596222426,70.54220581114663],[56.402693757530415,70.55276095823567],[56.16360473693226,70.59026336718881],[56.073587417529936,70.58376290013312]]],[[[54.51405715942414,70.6865860204718],[54.51405715942414,70.72287769710191],[54.5455474846208,70.7158203109077],[54.53555297972607,70.68373107897573],[54.51405715942414,70.6865860204718]]]]}},{"type":"Feature","properties":{"fillColor":"#4292C6"},"geometry":{"type":"MultiPolygon","coordinates":[[[[-6.312083721213412,57.29978561372741],[-6.3241675049456,57.305754574185826],[-6.499945939431337,57.39258288460098],[-6.530139446426119,57.40749740585915],[-6.573611259523659,57.37999725313273],[-6.57361125952355,57.379997253132395],[-6.573611259523645,57.37999725313234],[-6.563958645054137,57.350894927730586],[-6.568611621972138,57.33624649025796],[-6.579166889355236,57.33360672021223],[-6.624999999977035,57.344161987595214],[-6.689167022422566,57.36083221438281],[-6.700000762909951,57.36388397197112],[-6.709722518836998,57.36804962139371],[-6.722291946438133,57.37971496606275],[-6.775278568345868,57.42971801732858],[-6.785277843448673,57.44805145247932],[-6.747500419770783,57.49277496365324],[-6.637500762793467,57.60555267359141],[-6.622777938713547,57.60582733156457],[-6.611528396718088,57.602638244406975],[-6.586389541515903,57.588607788248005],[-6.575278282435488,57.580413818389225],[-6.565555572579905,57.56832885766365],[-6.562361240272591,57.55256652835657],[-6.499945939431337,57.525036774976115],[-6.463334083370509,57.50888824481491],[-6.430000304963807,57.504997253365396],[-6.375555992373749,57.52416229269809],[-6.375555992373837,57.52416229269843],[-6.375555992373734,57.52416229269846],[-6.395833969029525,57.602775573976714],[-6.420278549036533,57.637218475157944],[-6.407222747868609,57.64888763437525],[-6.345556259208002,57.684715270815936],[-6.304166793857559,57.6861038206235],[-6.276945114235396,57.67221832254789],[-6.177917480660448,57.611522674329784],[-6.160556316553316,57.59416580202664],[-6.152734042059883,57.582781147510325],[-6.145000457690341,57.571525573918024],[-6.136667251570805,57.48444366480812],[-6.141589040726383,57.45231638846655],[-6.146667480602184,57.419166565076225],[-6.147778511233925,57.40415954606944],[-6.134722709483118,57.313049316523184],[-6.12722301481948,57.30610656748538],[-5.899167060575374,57.24194335958813],[-5.883333683119309,57.239582061481144],[-5.833333969146352,57.25360870367445],[-5.768889426942162,57.272216796798574],[-5.746806144459379,57.275970459261515],[-5.647639274623816,57.25832748417461],[-5.671967506242936,57.21148300193147],[-5.803611755156453,57.11666107170288],[-5.81638908380296,57.11027526829076],[-5.830000877251109,57.10610961886823],[-5.847500800946136,57.10527038558962],[-5.859167098960882,57.09277343732157],[-5.891111373631588,57.06249618556268],[-5.928055763109285,57.03860473605039],[-5.939444541948205,57.03555297846208],[-5.980000495842773,57.02693939196416],[-5.998333930993851,57.02360534672317],[-6.014306068620556,57.023468017736604],[-6.033125400665398,57.052146911368126],[-5.99083423633019,57.111663818097995],[-5.974166870162607,57.13027191180485],[-5.974166870162785,57.130271911804996],[-5.974166870162492,57.13027191180532],[-6.030555724840269,57.17749786403857],[-6.152734042059883,57.17169234248846],[-6.176667213185226,57.170555115000866],[-6.316389084152377,57.15846633914407],[-6.44972276659513,57.26638412504724],[-6.480139255780074,57.302497863688636],[-6.474065405344036,57.305754574185826],[-6.421736240301768,57.333812713400334],[-6.398333549468947,57.328605652059025],[-6.373888969461905,57.31443786633075],[-6.353957236993191,57.305754574185826],[-6.345833778383821,57.30221557603586],[-6.332361697869286,57.29777526864002],[-6.312083721213389,57.29978561372695],[-6.312083721214171,57.29978561372733],[-6.312083721213412,57.29978561372741]]]]}},{"type":"Feature","properties":{"fillColor":"#9ECAE1"},"geometry":{"type":"MultiPolygon","coordinates":[[[[53.71721267735821,73.7856826796169],[53.74582671978089,73.77886962645215],[53.80082702825847,73.77360534408793],[53.825828552814635,73.77249145200547],[53.84915924314366,73.77249145200547],[53.89860153148916,73.77887725590335],[53.941658023729886,73.78970336922869],[53.95529536890079,73.79403986774464],[54.037773133013694,73.82026672474598],[54.05776046208958,73.83898005213561],[54.06506347734472,73.845817569789],[54.08471679557313,73.86219787683089],[54.21582794035048,73.90165710231237],[54.24971771321275,73.91081238141058],[54.34304809618695,73.92776488949981],[54.3805465682956,73.93441772418979],[54.460273741086056,73.94442749402955],[54.48054504486218,73.94692993064467],[54.502494812316655,73.94802856382474],[54.54972076457059,73.94802856382474],[54.80027007950956,73.97727203207708],[54.800270079508266,73.9772720320778],[54.8002700795106,73.97727203207808],[54.77610015734234,73.9908142066522],[54.7558288535663,73.99525451607968],[54.70027160294393,74.00082397649203],[54.656379697486216,73.99859619232706],[54.632492065012514,73.99859619232706],[54.59061431908646,74.00804138277769],[54.69360351714371,74.06971740650489],[54.74999999960514,74.08831786826077],[55.02124404896542,74.17248535047868],[55.140075681653,74.17665099966284],[55.153575898142066,74.17732239136866],[55.17565917709603,74.17373657268278],[55.18774032345453,74.16915130368248],[55.2474899302367,74.15582275374203],[55.24786606154632,74.155740395396],[55.267768863464035,74.15138244431458],[55.36749267199421,74.14109802202462],[55.37679433875368,74.1402012345592],[55.37679433875368,73.36408233899476],[55.34407806549609,73.36408233899476],[55.3101615934512,73.36924743849346],[55.28443908965295,73.37359619450649],[55.24786606154632,73.38714855494086],[55.229713441418596,73.39387511994067],[55.19860076541471,73.4033203103914],[55.178878782125196,73.40776061981893],[55.02137756046591,73.43609619117132],[54.99777221768676,73.43997192120975],[54.97165680104814,73.44219970537472],[54.90415954501805,73.44108581329215],[54.861106871399386,73.43914794827293],[54.80165863183629,73.43247985468065],[54.601580715223555,73.40879558873561],[54.535411834048205,73.40096283334924],[54.50721740364645,73.39637756434882],[54.47554779329113,73.38638305341158],[54.428878783181744,73.3705291785023],[54.36721038890494,73.3488769518516],[54.335823060450934,73.33888244870735],[54.299438480424726,73.33193969487172],[54.21429443624601,73.32415771699004],[54.046382902455434,73.36511993656529],[54.036941530626876,73.38317870728544],[54.246658326659855,73.5097198497573],[54.40242004123805,73.56566620239089],[54.41700363200477,73.5699920622572],[54.47834014905086,73.58567046758182],[54.601580715223555,73.61509944719722],[54.71422576788204,73.64199829277553],[54.821662904819355,73.65887451414585],[55.17388153055205,73.71109771797191],[55.17388153054735,73.71109771797215],[55.17388153055316,73.71109771797302],[54.85527038798813,73.72776794416075],[54.601580715223555,73.70705580511752],[54.542221068591346,73.7022094696668],[54.493465423060854,73.69539642429464],[54.41115570052108,73.66609192043273],[54.39490890497859,73.65351867836819],[54.3744926416295,73.64334869005319],[54.295574190666514,73.62335205431344],[54.187767029242366,73.60470580805725],[54.06082153364923,73.60581970013965],[53.956382747655255,73.62664794606047],[53.95529536890079,73.62714623372887],[53.760272980426976,73.71651458936111],[53.71721267735821,73.7856826796169]]],[[[55.14171600587005,74.26643371900111],[55.21665954392733,74.30470275788728],[55.24786606154632,74.30287704106159],[55.37679433875368,74.29533417684715],[55.37679433875368,74.22752595417239],[55.2949981721863,74.23970031681523],[55.26610565089595,74.24331665330595],[55.24786606154632,74.25255995814052],[55.241882322569325,74.25559234677354],[55.228378295251275,74.25492859231201],[55.2035522480727,74.25225829997737],[55.19004822075465,74.25175476399113],[55.174716951563255,74.25242614790386],[55.14171600587005,74.26643371900111]]],[[[55.234298702626184,74.36608887026361],[55.24786606154632,74.37451367711122],[55.32332611408629,74.42137146064171],[55.36443710406347,74.43470001058216],[55.37679433875368,74.43624408853933],[55.37679433875368,74.34917758124726],[55.316665649946174,74.35192871014226],[55.258888244610205,74.35887145618489],[55.24786606154632,74.36210663881965],[55.234298702626184,74.36608887026361]]],[[[55.37679433875368,73.36408233899476],[55.37679433875368,74.1402012345592],[55.79972076800497,74.0994262712806],[55.82499694501132,74.09803771895486],[55.86200332920707,74.10817718167196],[55.862003329206146,74.10817718167252],[55.86200332920811,74.10817718167306],[55.81138229454831,74.13874053719024],[55.68471466999338,74.16956329209992],[57.03637600014915,74.16956329209992],[57.03637600014915,73.86408622713505],[56.667770384785285,73.88192748957266],[56.56784057327951,73.88011932522397],[56.56784057328396,73.88011932522294],[56.56784057327847,73.88011932522284],[56.67443847837661,73.85525513078832],[56.69832611085031,73.85137939295674],[57.03637600014915,73.83365435969723],[57.03637600014915,73.59142783610234],[56.842906954312866,73.64832306106484],[56.78888702641825,73.59387207307378],[56.78888702641827,73.59387207307378],[56.78888702641731,73.5938720730728],[56.909271240734945,73.57370758161352],[57.00460434296015,73.55703735542566],[57.03637600014915,73.54964218174959],[57.03637600014915,73.36359798088394],[56.97776794708051,73.33831786931847],[56.906379702109575,73.30886840588363],[56.855552672267265,73.33859252956182],[56.7874984740925,73.36387634381242],[56.758052829279904,73.3602600073217],[56.75805282927955,73.36026000732075],[56.75805282927888,73.36026000732066],[56.74804687806126,73.33332061774526],[56.74958038216675,73.24526214658735],[56.7188796965288,73.24275207272814],[56.57083130256467,73.25332641416367],[56.540436754191845,73.25562669320544],[56.15609741347157,73.28471374261784],[56.12860107395841,73.2880401599628],[56.08998870976728,73.29721069017035],[56.06332397264208,73.30720520110759],[55.98015212990964,73.32690429604366],[55.74916076895579,73.3463745152365],[55.65888214308342,73.34553527560422],[55.61610412970805,73.343597410585],[55.576385495092666,73.3391571011577],[55.552742005057326,73.34417724887652],[55.4495162940114,73.36039733744337],[55.421497348780576,73.36186981373237],[55.39347839575652,73.36408233899476],[55.37679433875368,73.36408233899476]]],[[[55.37679433875368,74.22752595417239],[55.37679433875368,74.29533417684715],[55.558326724371085,74.28471374380565],[55.66902160579945,74.27220916680197],[55.70346450997736,74.26791381694737],[55.741867068156964,74.29282378808911],[55.741867068156566,74.29282378808928],[55.741867068157944,74.29282378809017],[55.66499328673797,74.3260955831982],[55.54444122449382,74.3369293181816],[55.41971588361446,74.34721374826461],[55.37679433875368,74.34917758124726],[55.37679433875368,74.43624408853933],[55.41554260497802,74.44108581448005],[55.43693542249471,74.43942260970411],[55.89305115097917,74.45555114485659],[55.89415140786908,74.45560752725322],[56.05027008294394,74.46360779077472],[56.161933896881926,74.4697113049781],[56.206585169451415,74.47281585978487],[56.206585169451415,74.16956329209992],[55.68471466999338,74.16956329209992],[55.5894317631317,74.1927490248047],[55.524436951509756,74.2055511504052],[55.37679433875368,74.22752595417239]]],[[[55.497909544506285,74.56901550148626],[55.52819061032877,74.64748382262061],[55.57166290376274,74.6597137471739],[55.648605350243585,74.67387389950233],[55.678184506555745,74.67873382874592],[55.77332306167184,74.68887329146303],[55.89415140786908,74.69154657518739],[56.17471313412891,74.69775390252482],[56.206585169451415,74.69693054229393],[56.206585169451415,74.509457124749],[56.008331301408816,74.54165649209477],[55.904434206450276,74.54693603336136],[55.89415140786908,74.54719472499457],[55.706100465886095,74.55192565548231],[55.52693939591808,74.56219482666296],[55.497909544506285,74.56901550148626]]],[[[55.81769943338537,74.80449676719695],[55.82286674990828,74.8105384107213],[55.834991455948774,74.82471465702042],[55.89415140786908,74.83681148385361],[55.92054748269925,74.84220886393814],[56.206585169451415,74.88740823752242],[56.206585169451415,74.79740845811205],[56.20249176333766,74.79721069585014],[56.17332458180414,74.79192352513235],[56.10471344148476,74.77998351972451],[56.05998992584597,74.7769317626229],[55.988044738730366,74.77442931821457],[55.938598631762716,74.77470397845792],[55.9136047366577,74.77859496739876],[55.81769943338537,74.80449676719695]]],[[[55.728878024899416,75.0762405417143],[55.740470842241706,75.09637451147171],[56.206585169451415,75.09637451147171],[56.206585169451415,75.01948317713446],[56.111106874833865,75.00637817139778],[56.07416534486981,74.99748230143354],[56.05387878219136,74.9944305443318],[56.010551456122585,74.98997497600186],[55.98721313634235,74.98915100306522],[55.89415140786908,74.98861516282163],[55.88916015424627,74.98858642367611],[55.861663814733106,74.99553680696317],[55.728878024899416,75.0762405417143]]],[[[56.206585169451415,74.16956329209992],[56.206585169451415,74.47281585978487],[56.24971771559052,74.47581481918151],[56.281383515116914,74.48754882940683],[56.28138351511616,74.48754882940727],[56.28138351511785,74.4875488294079],[56.25804901395986,74.50109863343323],[56.206585169451415,74.509457124749],[56.206585169451415,74.69693054229393],[56.49721527342779,74.6894226041565],[56.540436754191845,74.6840880126947],[56.58499145489208,74.67858886917307],[56.61110687153071,74.6772003168473],[56.761108397209625,74.67359924705214],[56.78582763986441,74.67359924705214],[56.984580992451555,74.68714905107747],[56.98458099244969,74.68714905107825],[56.98458099245266,74.68714905107845],[56.945823668688604,74.70332336293808],[56.92249297835957,74.70637512003987],[56.89971923796833,74.70555114710305],[56.83055114771116,74.70277405024461],[56.810546874727095,74.69941711509483],[56.76402282419076,74.68928528182897],[56.7297134393055,74.6880340596249],[56.62665557618584,74.69219970880908],[56.600547788998426,74.69358825334177],[56.57652282640305,74.70401001354645],[56.55029296799654,74.73342895138336],[56.540436754191845,74.74233144936676],[56.48429870606026,74.79303741721475],[56.32416534711541,74.79748534830043],[56.29972076470381,74.7977600085436],[56.22554779342329,74.79832458793254],[56.206585169451415,74.79740845811205],[56.206585169451415,74.88740823752242],[56.21729408103046,74.88910044843574],[56.321380613011634,74.90554809244213],[56.47262955006561,75.01277160474577],[56.47262955006542,75.0127716047459],[56.472629550066586,75.01277160474672],[56.44248962519464,75.03221130613491],[56.41888427462226,75.03498840299335],[56.21729408103046,75.0208918279236],[56.21638488487389,75.02082825066498],[56.206585169451415,75.01948317713446],[56.206585169451415,75.09637451147171],[56.46583206518457,75.09637451147171],[56.45936584656383,75.06824493140479],[56.48054504723995,75.06137085042305],[56.50930023061534,75.06720733383436],[56.540436754191845,75.07845377108052],[56.59005153827731,75.09637451147171],[57.03637600014915,75.09637451147171],[57.03637600014915,74.16956329209992],[56.206585169451415,74.16956329209992]]],[[[55.740470842241706,75.09637451147171],[55.74638366430393,75.10664367875579],[55.803329467251345,75.14942932158183],[55.89415140786908,75.18241120844849],[55.92568588301518,75.19386291807496],[56.03388213865748,75.21388244996139],[56.05582427666075,75.21582031498062],[56.0786056542963,75.21415710241158],[56.0997161899116,75.20971679298412],[56.11943817320115,75.18609619130251],[56.13999175887866,75.15304565807251],[56.16137695473725,75.14860534864506],[56.18832397376385,75.1472167963193],[56.20999145152383,75.14942932158183],[56.21729408103046,75.15072640048827],[56.23971557520194,75.15470886284845],[56.284721372742155,75.1685943627267],[56.32485198992947,75.18387603658879],[56.35471344372923,75.18914794840421],[56.38402175842025,75.17915344525994],[56.46749114974968,75.10359192165365],[56.46583206518457,75.09637451147171],[55.740470842241706,75.09637451147171]]],[[[56.59005153827731,75.09637451147171],[56.64040756456364,75.11456298675873],[56.86360931039132,75.21554565473733],[56.90825271289596,75.2368621855351],[56.908252712895916,75.23686218553554],[56.90825271289697,75.23686218553604],[56.905685422050226,75.26526642194932],[56.87526702610569,75.28137206874811],[56.851104733388695,75.28442382584984],[56.82888031348392,75.28221130058733],[56.80526733346056,75.28137206874811],[56.77971648841776,75.28166198789387],[56.75138854651658,75.28414917339973],[56.73234939521327,75.29824829011838],[56.75555419569971,75.31637573369188],[56.84152222060831,75.35276794316927],[56.86943817214453,75.35971069700494],[57.028327938336446,75.38943481288996],[57.03637600014915,75.38971756119165],[57.03637600014915,75.09637451147171],[56.59005153827731,75.09637451147171]]],[[[57.03637600014915,73.86408622713505],[57.03637600014915,75.09637451147171],[58.69595766154462,75.09637451147171],[58.69595766154462,74.50298936282304],[58.47929279316014,74.53686077552304],[58.22470855616882,74.5766601570395],[58.19194793429148,74.57523345745773],[58.191947934290894,74.57523345745672],[58.1919479342904,74.57523345745669],[58.18137359285474,74.55673980801765],[58.26277160766544,74.52970886502781],[58.32305144961654,74.51609802539286],[58.424438478508876,74.49971008110641],[58.47929279316014,74.47887821076394],[58.61388397076688,74.4277648939908],[58.69595766154462,74.33326946034258],[58.69595766154462,74.22417430181359],[58.57638549865919,74.17484283531513],[58.47929279316014,74.15267793427796],[58.384719851687464,74.13108825997892],[58.25166320464666,74.13304138390055],[58.25166320464607,74.1330413838996],[58.25166320464561,74.1330413838996],[58.19721221665462,74.04470825249753],[58.21665572887142,74.00735473996248],[58.135826112073346,73.9852600129355],[58.11499786615252,73.98332214012305],[57.944992067489466,74.00082397649203],[57.86027145395599,74.03032684608525],[57.83300744683738,74.03676125630462],[57.74518585063646,74.0574874897456],[57.73377227736171,74.06214904546482],[57.68960190083146,74.09248351744588],[57.604717257993684,74.13748169332803],[57.559574130331896,74.17484283531513],[57.53388214433829,74.18193054093047],[57.5086059595389,74.18331909325639],[57.460823057347284,74.18414306619297],[57.4147109971758,74.17956542664399],[57.4147109971758,74.17956542664301],[57.41471099717471,74.1795654266429],[57.414993286869205,74.08082580952473],[57.52471160633676,74.06442260633587],[57.55429839989323,74.05761719041494],[57.82668685914079,73.95045471372093],[57.83300744683738,73.94785781048583],[57.91165924456401,73.91554260219061],[57.93943405514943,73.79956817949605],[57.91374206915714,73.78498839955904],[57.83300744683738,73.75432530035178],[57.81133491211902,73.7460940475999],[57.75721740945875,73.72554015999577],[57.72415923898444,73.71526336715704],[57.697486880200984,73.71276855220009],[57.632266995872214,73.74173736800225],[57.630090166723,73.7460940475999],[57.62677001914278,73.7527389509122],[57.598876955960236,73.77388000433223],[57.5086059595389,73.81637573580605],[57.4891586286995,73.82110595658611],[57.426383971791495,73.83415222462531],[57.40277099956097,73.83831787380933],[57.273880001704356,73.8486022960995],[57.186722100514615,73.85542171546494],[57.17110442827931,73.85664367532206],[57.046386716851146,73.86360168806016],[57.03637600014915,73.86408622713505]]],[[[58.69595766154462,74.50298936282304],[58.69595766154462,75.09637451147171],[60.35553932294009,75.09637451147171],[60.35553932294009,74.99962091710042],[60.29777526719579,74.99609374910784],[60.01666259673965,74.99999999695103],[59.99027251985768,75.00193786976331],[59.93019867308914,74.99726867679982],[59.93019867309269,74.99726867679918],[59.93019867308803,74.99726867679881],[60.075553894157025,74.97082519375846],[60.104713438446154,74.96693420481759],[60.15415954541381,74.96609497297842],[60.276939391822836,74.96443176040937],[60.35553932294009,74.96366287393167],[60.35553932294009,74.85831292040362],[60.24665832600107,74.85914612091909],[60.203739163882005,74.84644317818407],[60.203739163882815,74.84644317818368],[60.20373916388096,74.84644317818312],[60.26166534741195,74.81748962128336],[60.29974653312489,74.8105384107213],[60.34082794081341,74.80303954980923],[60.35553932294009,74.79384651607842],[60.35553932294009,74.7800607777365],[60.318603513116614,74.76054382612955],[60.27318954383372,74.74790954845537],[60.24304961896155,74.74304198976057],[60.0505447401506,74.7236022961655],[60.00694274604558,74.71998595967477],[59.87130737567054,74.62477111783983],[59.76374435668498,74.58901214501913],[59.70832824701341,74.58554076810128],[59.68249512006929,74.58720398067038],[59.65554809324959,74.58998107752865],[59.59860229809465,74.5977630632035],[59.57444000537765,74.60220337263104],[59.53472137076227,74.61137390283847],[59.48832702868941,74.6263732947993],[59.39916229489927,74.65693664252342],[59.28763580328979,74.64138030841809],[59.13957596125226,74.55248260542004],[59.12557813948291,74.54366322480145],[59.121932983932766,74.54136658074208],[59.12193298393257,74.54136658074167],[59.1219329839317,74.54136658074113],[59.093185422214404,74.48324585010103],[59.12557813948291,74.45646994795644],[59.14721679818115,74.43858337786594],[59.12557813948291,74.43864921604738],[59.05193329128764,74.43887328921869],[59.02777099857059,74.43942260970516],[58.88582611101663,74.44720458758684],[58.78360747973642,74.4611053463675],[58.74874496353539,74.47401428428486],[58.73610305641017,74.49192810322563],[58.7169342044362,74.49971008110748],[58.69595766154462,74.50298936282304]]],[[[58.69595766154462,74.22417430181359],[58.69595766154462,74.33326946034258],[58.72221374570178,74.30303955311135],[58.7427673313793,74.26693725498654],[58.72415924017272,74.23580932787421],[58.69595766154462,74.22417430181359]]],[[[57.03637600014915,75.09637451147171],[57.03637600014915,75.38971756119165],[57.05221557860326,75.39027404472913],[57.07943725787315,75.38888550019648],[57.186722100514615,75.37989762812244],[57.26194000408859,75.37359618909008],[57.42832183680966,75.35470580818851],[57.53054809754117,75.33137512565258],[57.554710390258165,75.32859802100107],[57.58166503873597,75.32720947646843],[57.71166229143085,75.32331847973445],[57.7372131364736,75.32304381949116],[57.73721313647342,75.32304381949224],[57.73721313647468,75.32304381949223],[57.73304748729055,75.3480377223903],[57.654991148727106,75.42665100309819],[57.622772217885085,75.4427566498972],[57.54499816901625,75.45166015710566],[57.5122146587857,75.49414825133469],[57.57138061644601,75.51609801878864],[57.62971496392667,75.52859497413424],[57.65054320984748,75.53166199013833],[57.83300744683738,75.55044276117982],[57.960823061837175,75.56359863128587],[57.96082306183709,75.56359863128682],[57.96082306183814,75.56359863128694],[57.95582580247298,75.61859131031268],[58.1105499272728,75.683319091142],[58.23249054184265,75.6891479528952],[58.51583099646384,75.72387694980354],[58.51583099646457,75.72387694980445],[58.5158309964649,75.72387694980449],[58.54332732818407,75.75818634248202],[58.56777191059541,75.76832580519907],[58.76943969795571,75.83471679859787],[58.789436341488546,75.83888244778203],[58.892768857058215,75.85720824929462],[58.9374008192826,75.86210632579422],[58.98832702419734,75.86248779056125],[59.01610565340502,75.8608093268829],[59.12557813948291,75.87168845356736],[59.26499939301925,75.88554382064697],[59.61943817346568,75.93553161865002],[60.26971435608578,75.98831176462076],[60.26971435608322,75.98831176462151],[60.269714356086865,75.98831176462181],[60.12193298512153,76.03193664708067],[60.09554290823968,76.03248595977414],[60.06944275050347,76.03665160895827],[60.04444122594765,76.04415130493831],[60.06652069407118,76.05706787230613],[60.253326419592426,76.10247803076007],[60.27416229496443,76.10664367994423],[60.2961044329677,76.10942077680264],[60.35553932294009,76.11424892870915],[60.35553932294009,75.09637451147171],[57.03637600014915,75.09637451147171]]],[[[57.03637600014915,73.59142783610234],[57.03637600014915,73.83365435969723],[57.058601382501145,73.83248901205518],[57.186722100514615,73.82829623332026],[57.28777313103273,73.82498931607482],[57.330551144408005,73.82415771368686],[57.36138153071739,73.81429291121303],[57.48165512188914,73.75526428367294],[57.4948259265494,73.7460940475999],[57.56752014530995,73.69548034825691],[57.585441585908804,73.6722259524399],[57.604717257992476,73.61928558020128],[57.58610534816438,73.61053466981048],[57.35110473787978,73.54971313682393],[57.328048707793926,73.54998778927421],[57.092994691350725,73.58094024680281],[57.05307388017485,73.58651733666636],[57.03637600014915,73.59142783610234]]],[[[57.03637600014915,73.36359798088394],[57.03637600014915,73.54964218174959],[57.120605472630906,73.53003692244754],[57.14710235403656,73.52295684628332],[57.2524948136378,73.49123382197635],[57.227485659630894,73.45027161019493],[57.03638458425553,73.36360168356907],[57.03637600014915,73.36359798088394]]],[[[60.35553932294009,74.99962091710042],[60.35553932294009,75.09637451147171],[60.82185416119986,75.09637451147171],[60.80526733042291,75.08081817347028],[60.80526733042285,75.08081817347022],[60.805267330421884,75.08081817346931],[60.76055145202832,75.03359222121637],[60.736656190103474,75.02499389984916],[60.71582794418276,75.02192687605191],[60.693603516484984,75.02026367127587],[60.41814883212844,75.00344395642816],[60.35553932294009,74.99962091710042]]],[[[60.35553932294009,75.09637451147171],[60.35553932294009,76.11424892870915],[60.41814883212844,76.11933496859739],[60.460273740426246,76.1227569561943],[60.50749969268018,76.12608337353927],[60.55776977258461,76.12719726562175],[60.72616195400788,76.1123657215875],[60.741909024391596,76.10837554978143],[60.67682265935815,76.09470367453747],[60.646385193682136,76.07304382622874],[60.46846389784491,76.01387786856702],[60.468463897846675,76.01387786856685],[60.468463897843876,76.01387786856591],[60.63249206435172,75.99748230262136],[60.65859985153915,75.99693298213478],[60.683601376095325,75.99748230262136],[60.70721435611884,75.9994201676406],[60.72915649412211,76.0022125234014],[60.75888442862927,76.00930022901682],[60.809825900239524,76.02989959919465],[60.809825900239964,76.0298995991954],[60.809825900240526,76.02989959919563],[60.81774520824368,76.0434799210251],[60.832160951083175,76.04922485102166],[60.862327575137925,76.05107117041958],[60.944435121117365,76.06275939614459],[61.06388092073019,76.06999206912596],[61.0644341784512,76.0701344531992],[61.08332824377645,76.07499695014928],[61.15610123024408,76.13158416889078],[61.156101230243905,76.13158416889084],[61.15610123024504,76.13158416889172],[61.118881229208796,76.14305114832513],[61.068603512060065,76.14193725624256],[61.0644341784512,76.14164495292364],[60.99721527488225,76.13693237521932],[60.972213742532915,76.13638305473262],[60.94554138374963,76.13693237521932],[60.90492248168539,76.14810943550674],[60.995410921361504,76.24734496695211],[61.045272829523114,76.269989014466],[61.0644341784512,76.2735207390101],[61.066383365138414,76.27388000340687],[61.09027099761212,76.27554321597593],[61.62998962113238,76.30831908896263],[61.710719524773964,76.2959267061267],[61.76388550001244,76.28776550328512],[61.78499603562774,76.28305053361437],[61.99887848084603,76.25555420189428],[62.01512098433556,76.25386262546678],[62.01512098433556,75.44006342580154],[61.710719524773964,75.36999240583698],[61.6986007692459,75.36720275574208],[61.69860076924553,75.36720275574113],[61.698600769244905,75.36720275574099],[61.68721008432369,75.33776855120857],[61.67749023362961,75.31581115430289],[61.650268554360395,75.27915954348555],[61.51430129896198,75.22387695310664],[61.482208250168185,75.21943664367933],[61.458328247145744,75.21914673232658],[61.42165755880279,75.22567748800435],[61.39735412513511,75.23637390065915],[61.172908786554615,75.21665191736969],[60.885826113394444,75.15637206762534],[60.885826113393435,75.15637206762439],[60.88582611339341,75.15637206762439],[60.83121315815098,75.10515206047332],[60.82185416119986,75.09637451147171],[60.35553932294009,75.09637451147171]]],[[[62.01512098433556,75.44006342580154],[62.01512098433556,76.25386262546678],[62.02832794428086,76.25248718589019],[62.18166351675597,76.25416564956853],[62.3069381703289,76.25749206691353],[62.37158584581758,76.21463775902622],[62.54554748765318,76.20664977816891],[62.69332122916717,76.2491455096428],[62.73499297991118,76.258041379607],[62.75749969730344,76.26054382401522],[62.80582428273743,76.26361084001933],[62.84304809460279,76.2580490090582],[62.85128783955668,76.24531554851843],[62.84777069372474,76.23081970033711],[62.90470885942844,76.20748901000808],[62.979431151195556,76.209716794173],[63.00329021741949,76.21248144142729],[63.02499389867355,76.21499633543964],[63.15415954898046,76.23776245417278],[63.36638641108091,76.2791595446735],[63.52165984857525,76.31164550630761],[63.67470264573103,76.3394174904358],[63.67470264573103,75.68607615629561],[63.616519924826946,75.6906051624897],[63.53735351280335,75.63609313888901],[63.4880447359572,75.62359619133667],[63.32499695003247,75.5899810787177],[63.3044357271105,75.5861053486791],[63.2822113072059,75.58332824402765],[63.259162906571476,75.58193969949497],[63.185821529885686,75.58082580741257],[63.00329021741949,75.56572170136373],[62.967491153581875,75.56275939944771],[62.538047791673876,75.50193786646133],[62.51776885844646,75.49803161861792],[62.389019009333595,75.46887969598703],[62.28193664577367,75.44053649518344],[62.24110412686895,75.43275451730159],[62.21693420470069,75.43220519681506],[62.17054748428603,75.44775390926242],[62.14388275495378,75.44941711403828],[62.01777267257762,75.44067382530494],[62.01512098433556,75.44006342580154]]],[[[63.67470264573103,75.68607615629561],[63.67470264573103,76.3394174904358],[63.69470977488869,76.34304809366408],[63.717765804974434,76.3455352791699],[63.880546567900325,76.33804321264074],[64.01457214745082,76.32110595566081],[64.03581237594346,76.31303405863338],[64.05998229811166,76.30970764128838],[64.08554077260561,76.30998230153168],[64.10971069477381,76.31137084606432],[64.15664672788205,76.3183288588024],[64.29586091006502,76.3510740380896],[64.47192383144389,76.39248657118054],[64.79803466998915,76.47415160899023],[64.93748474258602,76.49026489303338],[64.96081543291504,76.4927520785392],[64.98553466777672,76.49414062307186],[65.06711578162317,76.49025726358218],[65.07693481518288,76.46984100023322],[65.11109924049535,76.46693420270437],[65.16137694985098,76.46832275503012],[65.33442687616443,76.50332641218175],[65.35817718630959,76.51360321281362],[65.3581771863104,76.51360321281463],[65.35817718631057,76.5136032128147],[65.38846588158374,76.5513687157144],[65.41442870919818,76.55941772438818],[65.52609253092926,76.57859802443545],[65.54859924052842,76.58221435313304],[65.57554626734813,76.58110046105057],[65.58843160271054,76.57768010765533],[65.62469482571888,76.56805420080461],[65.92276001205748,76.52777099459324],[65.94970703108409,76.52693176275407],[65.97442626594577,76.52804565483653],[66.01922607609661,76.54129791026496],[66.0192260760959,76.5412979102655],[66.0192260760976,76.541297910266],[65.90776062009775,76.62608337023823],[65.88693237417704,76.63720703216052],[65.83277129753867,76.65554046312423],[65.80442809673508,76.66304015910458],[65.75762176429812,76.68185424549385],[65.88471984891345,76.73248290960404],[65.92608642940247,76.74414062531736],[65.94775390716245,76.74887084609739],[65.99887084835726,76.75332641442725],[66.02499389444709,76.75332641442725],[66.05220031481458,76.75221252234479],[66.15165710813889,76.75833129545059],[66.38526153664672,76.83484650045719],[66.66026306344838,76.89721679645157],[66.68247986169494,76.90193176612232],[66.92394507205952,76.93942713696413],[66.94720458786475,76.94303893747734],[66.99386596852197,76.9499969502153],[66.97246271089705,76.93942713696413],[66.29041009655464,76.60260136551358],[65.81451789538858,76.33610173286058],[65.58843160271054,76.24566721578937],[65.43380413445573,76.18381622848744],[64.90080486914974,76.0315307241143],[64.37303161750913,75.73304748780475],[64.29586091006502,75.7237043889195],[63.86360931092145,75.67137145628402],[63.67470264573103,75.68607615629561]]],[[[60.35553932294009,74.85831292040362],[60.35553932294009,74.96366287393167],[60.41814883212844,74.9630504102271],[60.41888427937672,74.96304321587672],[60.583328247078555,74.96720886506088],[60.60943603426599,74.96554565249184],[60.629432677798825,74.9608154317118],[60.66276550072332,74.94442748742533],[60.68249511346377,74.92720794854426],[60.582633974813234,74.86984252578083],[60.55554961787203,74.86219787802071],[60.53499603219433,74.85942077336921],[60.51277160449666,74.85748290835],[60.48943328471631,74.85693359565653],[60.41814883212844,74.85773919641686],[60.39221954225252,74.85803222883669],[60.35553932294009,74.85831292040362]]],[[[60.35553932294009,74.7800607777365],[60.35553932294009,74.79384651607842],[60.36749267793814,74.7863769530729],[60.35553932294009,74.7800607777365]]]]}},{"type":"Feature","properties":{"fillColor":"#4292C6"},"geometry":{"type":"MultiPolygon","coordinates":[[[[22.846942901568852,38.862079620654875],[23.12971878030294,39.00332641629896],[23.279441833071033,39.03665924065873],[23.304443359552383,39.03728485130673],[23.37350463874084,38.99913024903146],[23.446388245017054,38.87249755875063],[23.46666336048873,38.84791564971636],[23.516109466903597,38.81138610801643],[23.591941833323308,38.76471710239507],[23.71176815032959,38.72458512252002],[23.765274048004,38.70666503899986],[23.84666442838188,38.68222045906635],[23.948886871679697,38.66305160564509],[24.007499694894314,38.67304992719418],[24.153888702121904,38.64665985121649],[24.153610229748406,38.57332611051553],[24.187221527382093,38.392494201805334],[24.258260726678383,38.21728515608106],[24.29916381805466,38.189994812154296],[24.336803435977018,38.159439086787195],[24.427776336429737,38.14416503872585],[24.465690612553594,38.13853836066751],[24.561246871856405,38.1443023678266],[24.590692520100674,38.06221771270055],[24.58777618402084,38.0366630556442],[24.575832367327997,38.00416564930535],[24.56416320793624,37.98722076430175],[24.51291465763679,37.954925536991816],[24.48055458039869,37.95624542238799],[24.387218475341548,37.99360656703642],[24.32611083967976,38.04471588114912],[24.208610535049022,38.15666198689411],[24.14860916143765,38.21527099593673],[24.110832214414543,38.28833007843619],[24.049999236954257,38.36582946762615],[23.974304199635295,38.390968322307835],[23.93833160358277,38.38666534381766],[23.90527725249692,38.384994506875415],[23.80583190909219,38.389160156264836],[23.773330688581336,38.39221954360384],[23.71176815032959,38.40316336835846],[23.673332214601608,38.40999603245635],[23.64221954358709,38.41888427778302],[23.62069320681941,38.468399048298046],[23.635831832866003,38.50964736906199],[23.62471962002208,38.54305267349476],[23.597082137820813,38.57124710044303],[23.19805335977915,38.83179855348927],[23.15006637584762,38.84936904914087],[23.126386642748855,38.84881591766545],[23.098052978713422,38.83943939169194],[22.83284378055851,38.82912445064685],[22.846942901568852,38.862079620654875]]]]}},{"type":"Feature","properties":{"fillColor":"#9ECAE1"},"geometry":{"type":"MultiPolygon","coordinates":[[[[27.72471783140752,36.17228317260742],[27.78888320926177,36.2516555786685],[27.804443359430355,36.26943969723141],[27.876106262244313,36.319709777859444],[27.895828246979438,36.332221984806594],[27.909160613880285,36.3397216796901],[28.068332672187683,36.40499877925443],[28.107494354309203,36.41860961920812],[28.207221984780855,36.44248962392514],[28.214614868118048,36.454154968248595],[28.233886718871315,36.44137573229128],[28.238048553437853,36.43110656723918],[28.20694351201677,36.34359741203451],[28.18693923964416,36.29998779283556],[28.141387939399596,36.21054077145868],[28.1227722168403,36.18582153328724],[28.111931743238234,36.17228317260742],[28.063606262346166,36.111930847205535],[28.009162902820147,36.06888580328156],[27.956661224339733,36.04499053964845],[27.945827484012668,36.03471374513832],[27.93166351311544,36.01860046373744],[27.906108856074212,35.988052368133296],[27.898887634243554,35.97555541981347],[27.892776489173364,35.96083068851466],[27.865554809554737,35.93222045908272],[27.841110229562737,35.912631988563916],[27.79972076417348,35.8933258056826],[27.78402519220749,35.890411376966256],[27.76860809329435,35.89360809332009],[27.731248855547634,35.91305160529113],[27.72222137446877,35.92971801763554],[27.72027587883852,35.945133209256355],[27.73083114611274,35.97888183579899],[27.74082946785879,36.104438781780075],[27.71971893302159,36.16609954826335],[27.72471783140752,36.17228317260742]]]]}},{"type":"Feature","properties":{"fillColor":"#4292C6"},"geometry":{"type":"MultiPolygon","coordinates":[[[[-7.231111526459017,57.33277130132063],[-7.254028320238717,57.32721710198854],[-7.285278320299426,57.336105346652005],[-7.288056373606935,57.32249450682417],[-7.288056373606917,57.322494506824064],[-7.288056373606984,57.32249450682374],[-7.259166717565492,57.15249633791252],[-7.214722633323727,57.114440917937884],[-7.214988692931791,57.11244752474063],[-7.215278625504709,57.1102752685963],[-7.225833892755247,57.09693908695658],[-7.230278015165425,57.09471893311303],[-7.359583854611742,57.099578857371455],[-7.384028434758534,57.11166000370616],[-7.394306182896514,57.12846755977131],[-7.418194770862328,57.184577941827],[-7.420833587635684,57.21833038336575],[-7.423611640943243,57.38374710077235],[-7.412222862242057,57.38971710210957],[-7.368056297270002,57.40138244628192],[-7.33555603026892,57.395828247107],[-7.285833358838858,57.38110351563415],[-7.269583702080546,57.37374496462097],[-7.223750591263711,57.33957672123422],[-7.231111526459017,57.33277130132063]]]]}},{"type":"Feature","properties":{"fillColor":"#9ECAE1"},"geometry":{"type":"MultiPolygon","coordinates":[[[[20.557777404832006,38.09055328360037],[20.51499748222119,38.10318756103592],[20.377777099593455,38.15666198727779],[20.342567443782258,38.17790985115274],[20.34152603150511,38.19888305673863],[20.356109619075692,38.231941223181956],[20.398609161309547,38.32555389408907],[20.44180297847527,38.32652282706867],[20.480762481718827,38.30881500242534],[20.503887176431274,38.31916046134848],[20.516387939447565,38.327774047787884],[20.536388397328572,38.34471893316841],[20.545900344812686,38.36020278938765],[20.549163818392604,38.39096832283462],[20.539718627876805,38.40943908698209],[20.534164428663164,38.434719085787684],[20.541872024607315,38.470550536991894],[20.562221527196236,38.47110748302055],[20.57110977168338,38.46804809579479],[20.612499237067823,38.39416503896359],[20.680553436396323,38.277496337916304],[20.812637329090595,38.11492538454807],[20.79347038264862,38.063259124812745],[20.73499679561781,38.060829162671865],[20.557777404832006,38.09055328360037]]]]}},{"type":"Feature","properties":{"fillColor":"#9ECAE1"},"geometry":{"type":"MultiPolygon","coordinates":[[[[48.21443557744182,69.060256958449],[48.23210144013734,69.0840911866556],[48.26506042433052,69.12818145706164],[48.26506042433052,69.12818145706167],[48.26506042433056,69.12818145706171],[48.2656211854225,69.18623352075969],[48.270997514855345,69.21592156404112],[48.27221298182774,69.2226333618456],[48.28555393359942,69.24722539293265],[48.289161681731706,69.25387573210946],[48.31749343897482,69.28276824936114],[48.343445405810705,69.30172668508621],[48.371101379041875,69.32192993188568],[48.375013393477815,69.32446729766995],[48.39166259777318,69.33526611296219],[48.413879394910815,69.3477630612844],[48.43326861833951,69.35688445445027],[48.43749237029442,69.35887146039494],[48.54969805742404,69.41003290856806],[48.58249664289271,69.42498779341867],[48.58437973048549,69.42575285098212],[48.607772826800044,69.43525695760809],[48.62110716363299,69.43960706117173],[48.634994506493754,69.44413757366921],[48.64862927988117,69.44781817011837],[48.66387939471133,69.45193481488371],[48.78501259831869,69.47862712889415],[48.832771300921934,69.48915100053836],[48.90971374471002,69.50248718269819],[48.94332122822095,69.50694274879703],[48.98185500841603,69.50856715518898],[49.00901794486755,69.5097122192697],[49.11943817100299,69.5091552737782],[49.24415588418212,69.50555419958533],[49.27193641662598,69.50215648462628],[49.27193641662598,68.78536050485805],[49.14721679727165,68.76748657181366],[48.91276550244555,68.73609924340138],[48.82040786719699,68.7258224490945],[48.785408019957345,68.72303771947014],[48.78501259831869,68.72305292570256],[48.72436922209112,68.72538501171867],[48.583045959350095,68.73081970261643],[48.4422716137165,68.79245345507469],[48.21887969998943,68.89025878920626],[48.21873730717403,68.89570565023944],[48.21443557744182,69.060256958449]]],[[[49.27193641662598,68.78536050485805],[49.27193641662598,69.50215648462628],[49.291938781523925,69.49971008319147],[49.31276702836649,69.4963684080757],[49.33517898902149,69.49116800607952],[49.34748840286056,69.48831176778396],[49.367858243824806,69.48282402481931],[49.37943267784763,69.47970581103499],[49.47887420603617,69.44802856415902],[49.53837586058457,69.43090500251384],[49.57054901131329,69.42164611830287],[49.693321227622505,69.38693237284298],[49.72470855711816,69.37831115694235],[49.87523732719082,69.3393129565565],[49.90693664548867,69.3311004642437],[50.07758329096421,69.28783644621593],[50.104164123459455,69.28109741180326],[50.142768859409095,69.26666259781194],[50.17527008097115,69.25138854998295],[50.18769153322922,69.24403802753822],[50.19360351556975,69.2405395510329],[50.202498072432185,69.23424710547128],[50.312770843169,69.15623474155902],[50.32943725581013,69.12448883012588],[50.3193531080063,69.1108484157744],[50.31193542493179,69.10081481921947],[50.28349877450821,69.08015821285113],[50.26221466083747,69.06469726539619],[50.21205649036262,69.03323641859635],[50.177215575674495,69.0113830561433],[50.135131835494576,68.99165344221547],[50.113327026783395,68.99497985817965],[50.11591480694706,69.00773798131944],[50.12304687451543,69.04290008571908],[50.14749145470246,69.06330871618448],[50.16582489038442,69.07887268031041],[50.17118356706738,69.08422890462563],[50.182495117542715,69.09553527843445],[50.209378928876006,69.12813134988791],[50.224433898490545,69.14638519266337],[50.22443389849049,69.14638519266339],[50.22443389849053,69.14638519266344],[50.21113186057209,69.14975661459682],[50.198184967231704,69.15303802459171],[50.12998962382407,69.13832092333759],[50.07758329096421,69.1192009924095],[50.067254908901916,69.11543278462136],[49.95943450908982,69.07609558080378],[49.867767333930146,69.00471496614671],[49.805549621513535,68.9522094724282],[49.758724118461714,68.91960925885586],[49.755271911927785,68.91720581067129],[49.750540658166386,68.91429100113511],[49.69665908822128,68.88109588588236],[49.67832946813979,68.8730316165566],[49.48846054025432,68.81970977826944],[49.44374084419928,68.80998229933653],[49.27193641662598,68.78536050485805]]]]}},{"type":"Feature","properties":{"fillColor":"#6BAED6"},"geometry":{"type":"MultiPolygon","coordinates":[[[[-24.538404464463994,65.50027465726359],[-24.36722564694204,65.60859680392669],[-24.364604966012422,65.61022933385048],[-24.3219470962006,65.63680267521625],[-24.309448239736813,65.6366577175384],[-24.178724290790253,65.61009979271275],[-24.172723768959525,65.60852050832881],[-24.168056489094397,65.60469055187029],[-24.123334885474016,65.59179687289691],[-24.050834655734185,65.56471252371291],[-24.038059234089346,65.56082153303787],[-23.892223356755323,65.51805114706622],[-23.876113891556503,65.51609802386524],[-23.845836639737428,65.51887512029816],[-23.80743217365279,65.5309600817665],[-23.807432173654075,65.53096008176676],[-23.80743217365267,65.5309600817672],[-23.912780759750262,65.55305480741538],[-24.01277923366945,65.59471130479932],[-24.058891296712943,65.62304687238549],[-24.069585798758226,65.63068390171213],[-24.082363125955226,65.64527129998453],[-24.12277984390522,65.7466583277747],[-24.132501603935886,65.78471374418449],[-24.12555694599259,65.79249572553437],[-24.105211257203244,65.80568695338137],[-24.023334500348035,65.7960968008537],[-23.704891206750972,65.72187805136329],[-23.689210907843673,65.71563345113371],[-23.63707351825763,65.69486999777718],[-23.452777862933647,65.67248535111882],[-23.257110953206528,65.7370812871774],[-23.257110953206528,65.50901770672442],[-23.26116350755464,65.5084126041032],[-23.375244142375095,65.4913787816717],[-23.71250152441945,65.42221069558792],[-23.722778320364682,65.41722107205226],[-23.740837097659835,65.41499328356792],[-23.87944793511042,65.40249633831098],[-23.90722275012547,65.40304565191411],[-23.962779996709855,65.40971374467654],[-23.978612902381997,65.41458129977912],[-23.993890760830993,65.43795776093776],[-23.99750137522051,65.44999694957096],[-24.01583480649009,65.46998596082233],[-24.18333435319761,65.49638366658888],[-24.265556337313967,65.4988861090473],[-24.364604966012422,65.49175166512897],[-24.40833664182736,65.48860168523873],[-24.458612443968093,65.48304748671842],[-24.508892057213245,65.48944091985209],[-24.538404464463994,65.50027465726359]]],[[[-23.873334883916744,65.86873626596093],[-23.871391294131598,65.88013458401096],[-23.866947173094452,65.89082336374493],[-23.84527969261637,65.91026306139324],[-23.832778930600337,65.91638183489805],[-23.811389920855554,65.91999817159875],[-23.79333496031921,65.91943359095978],[-23.689210907843673,65.90306644556914],[-23.675003049475837,65.90083312792478],[-23.638057710548793,65.89416504081682],[-23.446392057663477,65.86471557898865],[-23.257110953206528,65.83752235840346],[-23.257110953206528,65.76661348239918],[-23.307502743825125,65.75888061340311],[-23.40083694739542,65.75471496309927],[-23.531669614600332,65.7508239724242],[-23.61017036617085,65.7745742780541],[-23.63033676341513,65.77641296633999],[-23.689210907843673,65.78435473547198],[-23.718002316586535,65.78823852390644],[-23.72716903504869,65.78958129928765],[-23.734668728906456,65.79191589482372],[-23.744335177032042,65.79624175853223],[-23.78333472955501,65.82007598762357],[-23.789669039678813,65.8264083865406],[-23.873334883916744,65.86873626596093]]],[[[-23.818334578798897,66.01442718561702],[-23.817463674167804,66.02276871978714],[-23.816390989013758,66.0330429100327],[-23.80083465417704,66.05665588584831],[-23.786252978215792,66.06638336253592],[-23.689210907843673,66.11095789744559],[-23.57944488548921,66.16137695153803],[-23.53805923662952,66.17887878171227],[-23.468751909524773,66.19971466109494],[-23.446392057663477,66.19888305434509],[-23.35250091828107,66.19110107299501],[-23.27305603059776,66.17498779103722],[-23.257110953206528,66.1707075812778],[-23.257110953206528,65.84731075984438],[-23.302501675666974,65.8552703841396],[-23.378612519796263,65.86721801579341],[-23.438613893072215,65.87748718387513],[-23.563613891023692,65.90083312792547],[-23.58555603113041,65.90527343785817],[-23.603614808425846,65.91137695563594],[-23.689210907843673,65.94451948748811],[-23.74639129618015,65.96665954824613],[-23.803335191083363,65.99749755829066],[-23.818334578798897,66.01442718561702]]],[[[-23.257110953206528,65.50901770672442],[-23.257110953206528,65.64283547689992],[-21.975817441949058,65.64283547689992],[-21.975817441949058,65.48918397311799],[-21.993057253035204,65.50109863049585],[-22.037780762207717,65.4994354226506],[-22.11652946740338,65.48193359247631],[-22.334806440158445,65.48316955515145],[-22.51724404817485,65.5084126041032],[-22.853889463383155,65.55499267488949],[-23.013816849674924,65.5424148998519],[-23.0552787761971,65.53915405256043],[-23.257110953206528,65.50901770672442]]],[[[-23.257110953206528,65.64283547689992],[-23.257110953206528,65.7370812871774],[-23.25416946331156,65.73805236753758],[-23.254169463311577,65.73805236753817],[-23.254169463311428,65.73805236753822],[-23.255001070061383,65.76693725438184],[-23.257110953206528,65.76661348239918],[-23.257110953206528,65.83752235840346],[-23.25500107006142,65.83721924036145],[-23.225418089523348,65.83512878169162],[-23.216182708981325,65.84013366660878],[-23.2161827089823,65.84013366660895],[-23.21618270898125,65.84013366660952],[-23.257110953206528,65.84731075984438],[-23.257110953206528,66.1707075812778],[-23.160278318274695,66.14471435597711],[-23.028614044319884,66.10401916729393],[-23.013816849674924,66.0961621170359],[-22.983612058759494,66.08012390398606],[-22.97750091311817,66.07026672534758],[-22.978094992973475,66.05493820322113],[-22.97888946698905,66.03443908611263],[-22.90890532631846,66.01777394033137],[-22.809722901331675,65.99415588121818],[-22.780984642319794,66.01777394033137],[-22.752834318333882,66.04090881484412],[-22.746667860787195,66.04265594615072],[-22.677780150989104,66.04499816955008],[-22.616333434740298,66.01777394033137],[-22.499725343257442,65.96611022898783],[-22.421808244811704,65.92249298053942],[-22.419586184293195,65.91262817403769],[-22.432779312037724,65.8738784806925],[-22.440834047464477,65.86637878683456],[-22.449447629909912,65.86109924228862],[-22.46125221509277,65.85054779236896],[-22.462917328490335,65.83415222291899],[-22.46291732849028,65.83415222291899],[-22.462917328490345,65.83415222291836],[-22.4450035088729,65.83360290366076],[-22.43555831967755,65.83888244820672],[-22.42472457661128,65.84748840278876],[-22.401668547916735,65.87693786461692],[-22.394725801179963,65.88693237306988],[-22.385833742346716,65.90415954361532],[-22.38583374234675,65.90415954361563],[-22.38583374234662,65.90415954361589],[-22.388336179150713,65.92694091833607],[-22.397502897612867,65.95582580517993],[-22.411113737111975,65.98818206539187],[-22.440739941079798,66.01777394033137],[-22.499999997231726,66.07696532956436],[-22.595279696139528,66.10749816852638],[-22.608890535638636,66.11109924384573],[-22.661945345419042,66.12054443304112],[-22.727890017413813,66.13063812068219],[-22.749391556521402,66.13179778775958],[-22.759223940362915,66.13296508835481],[-22.83083534024081,66.14513397328437],[-22.841667177754857,66.14749145241063],[-22.91194534132154,66.17359924282141],[-22.943611147011666,66.19387817508306],[-22.952503205845005,66.19999694858797],[-22.96277999613568,66.21026611101524],[-22.97222519098534,66.22137451370988],[-22.965835568956454,66.22943115468847],[-22.92194747763818,66.23999023247148],[-22.85639190584183,66.25555420082611],[-22.83333587714728,66.2605438243619],[-22.801391600723985,66.26138305897521],[-22.73875045517496,66.26012420705524],[-22.493335721228316,66.26499939002146],[-22.493335721232256,66.26499939002198],[-22.49333572122822,66.26499939002207],[-22.707778932074802,66.29388427686587],[-22.941669462778634,66.29846191661278],[-22.97472381668507,66.29859924077283],[-23.013816849674924,66.30149649757593],[-23.027225496103313,66.30249023710223],[-23.051391602281,66.30583190851968],[-23.073333742388,66.30999755882351],[-23.133613586397246,66.32582092542572],[-23.146114348413278,66.32971191610062],[-23.17791938946999,66.34207153154335],[-23.18930816845068,66.35152435425658],[-23.190174103413153,66.3559036243177],[-23.07833481054622,66.4366607646195],[-23.013816849674924,66.45037917030525],[-22.941806792593148,66.46569061479546],[-22.88694763404866,66.46638488607647],[-22.421669003790598,66.43331909320206],[-22.338422791506176,66.38589536630104],[-22.25833511304129,66.34027099388301],[-22.202503206828045,66.27194213675823],[-22.086391450950995,66.26805114608318],[-21.975817441949058,66.27283801239473],[-21.975817441949058,65.64283547689992],[-23.257110953206528,65.64283547689992]]],[[[-22.024169922707625,65.3763885478997],[-21.975817441949058,65.38605593841736],[-21.975817441949058,65.36060668267586],[-22.024169922707625,65.3763885478997]]],[[[-21.975817441949058,65.36060668267586],[-21.975817441949058,65.38605593841736],[-21.786666872063016,65.4238739034326],[-21.76277923661861,65.4288787826953],[-21.704723358680084,65.44692993212715],[-21.698612213038718,65.44915771495693],[-21.69861221304163,65.44915771495651],[-21.698612213038643,65.44915771495761],[-21.80986213612414,65.43360900798427],[-21.871391298637832,65.44583129926701],[-21.940002443254798,65.46443176230207],[-21.975817441949058,65.48918397311799],[-21.975817441949058,66.27283801239473],[-21.974306104356682,66.27290343980458],[-21.76639175656035,66.1858215341035],[-21.663028733337427,66.14114654671299],[-21.399444581271798,66.02722167974704],[-21.285140990917867,65.92061614728186],[-21.277778626874472,65.89054870411624],[-21.27833557399549,65.85610961875278],[-21.339723584281273,65.73290252494314],[-21.425445558976378,65.70677185094223],[-21.448945999774537,65.69727325539372],[-21.47081374983577,65.69622039536824],[-21.591669081175837,65.68930053787625],[-21.6397247340048,65.72387695305451],[-21.663028733337427,65.74711876829572],[-21.664028169996755,65.74811553807115],[-21.667501448917506,65.75901794321749],[-21.681667329985487,65.76499938690785],[-21.724166867432814,65.77304077215979],[-21.77500152790134,65.76470947155212],[-21.775001527900724,65.76470947155157],[-21.775001527901342,65.76470947155147],[-21.663028733337427,65.6638661707627],[-21.650556565864353,65.65263366968176],[-21.62388992278031,65.64305114501755],[-21.602779389423286,65.63861084073936],[-21.53433609172891,65.62910461167303],[-21.50330162320561,65.62906646670132],[-21.484802244911094,65.63017272742553],[-21.472101213311888,65.63047027629915],[-21.435169218905042,65.62794494459575],[-21.424335481493227,65.62585449158038],[-21.308891296547873,65.59693908762847],[-21.25092816049435,65.5084126041032],[-21.200626372996382,65.43158721704825],[-21.1905555746,65.39471435696014],[-21.18777847251262,65.34027099330889],[-21.12166977035416,65.22387695559405],[-21.08444595503936,65.1591644295155],[-21.084445955039396,65.15916442951631],[-21.084445955039257,65.15916442951607],[-21.096946717055328,65.4408264143494],[-21.09222411963049,65.45374298256742],[-21.026173791304128,65.5084126041032],[-20.94187545917935,65.57818603339771],[-20.927223204276963,65.58888244664958],[-20.91750335545281,65.59388733156673],[-20.852779390406315,65.62609863410093],[-20.72888946428368,65.67416382034544],[-20.694523930691588,65.68705265008943],[-20.694523930691588,65.0082780197819],[-21.188258099453094,65.1035535759055],[-21.663028733337427,65.25851493546035],[-21.975817441949058,65.36060668267586]]],[[[-20.694523930691588,65.0082780197819],[-20.694523930691588,65.68705265008943],[-20.682224270878024,65.69166565051968],[-20.664169310341684,65.69082641590637],[-20.623889922206352,65.671028135168],[-20.636669160609983,65.62277221841111],[-20.644243021305975,65.57080233959377],[-20.644725801588876,65.56748962580029],[-20.64194488274254,65.54283142347701],[-20.550939440584976,65.5084126041032],[-20.497085569836234,65.48804473811698],[-20.47444534168939,65.48777771200609],[-20.450208662225002,65.49304962303415],[-20.436081109951076,65.5084126041032],[-20.325557708293637,65.6286010765595],[-20.31224061699993,65.6477188738749],[-20.269447325692635,65.70915221931256],[-20.26305770931797,65.72360229342507],[-20.263057709317994,65.72360229342581],[-20.26305770931799,65.72360229342581],[-20.263614656439017,65.74055480999675],[-20.27194595139224,65.76998901609807],[-20.309864043642392,65.85819244390478],[-20.31224061699993,65.8606195412679],[-20.374999998132125,65.92471313550641],[-20.398891450335498,65.95359802235004],[-20.41500091553428,66.00942993421785],[-20.419445036571574,66.04388427530859],[-20.422639844758706,66.08444213983124],[-20.31224061699993,66.10443552717346],[-20.174169537991556,66.12944030863265],[-20.092639925258535,66.12318420531342],[-19.99305725188696,66.02415466230396],[-19.874446870310287,65.91055297674893],[-19.63684655883118,65.74781480523644],[-19.635559082552714,65.74693298174843],[-19.60750198569996,65.74055480999615],[-19.45611190984563,65.72569274644044],[-19.424724580543398,65.73457336630574],[-19.41323041943412,65.75671370607695],[-19.41323041943412,64.83023767638825],[-20.31224061699993,64.93775281707204],[-20.35644759849248,64.94303965346973],[-20.694523930691588,65.0082780197819]]],[[[-19.485000607793623,65.94055175783542],[-19.475833894986195,65.98110961670349],[-19.454444885241415,66.05471801837425],[-19.43638992470507,66.06332397295628],[-19.41323041943412,66.07126926588741],[-19.41323041943412,65.87503196522637],[-19.41777801704768,65.88333129775117],[-19.450557711325303,65.92221069304782],[-19.470279690811424,65.93513488912953],[-19.485000607793623,65.94055175783542]]],[[[-19.41323041943412,64.83023767638825],[-19.41323041943412,65.75671370607695],[-19.396389007302886,65.78915405411693],[-19.390487670314847,65.83352661371734],[-19.390487670314908,65.83352661371745],[-19.390487670314826,65.83352661371805],[-19.41323041943412,65.87503196522637],[-19.41323041943412,66.07126926588741],[-19.383750915472454,66.08138275025158],[-19.260280606656472,66.08972167872271],[-19.23111343232056,66.09138488656798],[-19.150836943541844,66.0838775648467],[-19.07972335646623,66.07749938743999],[-19.07972335646639,66.07749938744067],[-19.079723356466104,66.07749938744064],[-19.09083557026571,66.12498474297365],[-19.08889007492828,66.13694000249048],[-19.078891755370822,66.1524963373272],[-19.067224500002443,66.16123962172364],[-18.991111755975325,66.18331909164492],[-18.968612668747383,66.18832397656207],[-18.961452500662432,66.18909601160404],[-18.85264015389144,66.20082854968261],[-18.787778853376086,66.19193267974487],[-18.68305587647966,66.16471862860992],[-18.65305710104834,66.1494293198841],[-18.630001066699336,66.1355438207561],[-18.36250305172691,65.95307922585451],[-18.337169644954017,65.93556976216236],[-18.286058442493683,65.88923958735414],[-18.205835342533327,65.81652069079317],[-18.181530000988968,65.73804473967414],[-18.091667176441547,65.65748596340316],[-18.06944656560136,65.64332580464637],[-18.06333541995999,65.64443969888848],[-18.048404694324304,65.65839386009645],[-18.048404694324347,65.65839386009696],[-18.048404694324233,65.65839386009708],[-18.062500002105537,65.82443237409484],[-18.07027816669671,65.83833312894978],[-18.10111236563688,65.89332580620419],[-18.148612976896686,65.92346954496776],[-18.16125297427959,65.91902160717177],[-18.17125129949153,65.9119415306206],[-18.207555773490583,65.94046783437403],[-18.230222701986634,65.95162963776778],[-18.272472380256772,66.00038146742975],[-18.286058442493683,66.01837779606984],[-18.316528318497774,66.05873871100096],[-18.331319808766647,66.15242004172941],[-18.295141219959685,66.17527007852948],[-18.286058442493683,66.1761161053185],[-18.250419616339304,66.17943572883333],[-17.968334197439965,66.15443420480126],[-17.950836184024684,66.15222167769839],[-17.909725189139337,66.1444396963483],[-17.7527809147647,66.08027648952736],[-17.735000608202704,66.06887817147658],[-17.722503662945623,66.05999755726575],[-17.610664384324938,65.98844451207516],[-17.609169009155956,65.98748779411021],[-17.417917251266093,65.98610687375721],[-17.365001676852422,66.05499267800305],[-17.341667177424576,66.10137939502094],[-17.26555633329525,66.16693115005835],[-17.23278045577655,66.18971252477854],[-17.218475339341893,66.1952743511623],[-17.13111114614856,66.2105407706433],[-17.10333633678806,66.21276855347308],[-17.041252138360093,66.20832061567698],[-17.023056031250395,66.20443725851986],[-16.992500303043563,66.19415283471119],[-16.968891143986912,66.1855468744747],[-16.910003659298525,66.1247100833443],[-16.850643396919185,66.12128187901692],[-16.850643396919185,64.93138066507034],[-17.610664384324938,64.83591671328715],[-18.29811062954178,64.74956865672766],[-18.961452500662432,64.79633574798643],[-19.371459225745753,64.82524214265783],[-19.41323041943412,64.83023767638825]]],[[[-16.850643396919185,64.93138066507034],[-16.850643396919185,66.12128187901692],[-16.736946108620568,66.11471557489133],[-16.65819740342497,66.12734985561727],[-16.50889205827481,66.19831847936058],[-16.44805908390336,66.22804260081755],[-16.43638992298273,66.23609924179644],[-16.427780151641738,66.24720763883705],[-16.417362214777626,66.2760314914642],[-16.41736221477778,66.27603149146444],[-16.417362214777597,66.27603149146495],[-16.425834656304175,66.28971862656186],[-16.50916671790361,66.3922119150763],[-16.57805824446041,66.47693634165081],[-16.565280911609115,66.49360656507486],[-16.55555725168046,66.5008239770949],[-16.527778625561012,66.50804138346047],[-16.469448087993683,66.51470947056843],[-16.286723107506447,66.52713527655953],[-16.17527961883272,66.53471374320125],[-16.02541923776821,66.53610229707218],[-16.00058003971384,66.52713527655953],[-15.956945417311116,66.5113830548779],[-15.894166947602146,66.48748779157005],[-15.70972347344471,66.39721679433838],[-15.698333738860734,66.38333130086482],[-15.682917594994146,66.34568786824369],[-15.687223436267686,66.33248901253364],[-15.720556260907529,66.30776977599379],[-15.720556260907063,66.30776977599352],[-15.720556260907628,66.30776977599311],[-15.584482209818695,66.23085165737476],[-15.558889389108085,66.21638489017379],[-15.374305723980648,66.14527130309817],[-15.358057023415176,66.15582275301773],[-15.339584351124426,66.17735290368141],[-15.331111909597837,66.19831847936058],[-15.327777860389395,66.21472168232852],[-15.21250152802116,66.26416015540815],[-14.960279465945444,66.37193298281404],[-14.94361114241886,66.37887573520528],[-14.930278779307422,66.38276672588032],[-14.909088151649946,66.3865053376304],[-14.906667709044065,66.3869323705297],[-14.888889313688775,66.38916015901394],[-14.855834959782317,66.3897094726171],[-14.836668016210565,66.38861083975634],[-14.710835455906007,66.36721801890705],[-14.710835455906007,66.34776305987802],[-14.804445269053815,66.32611084078127],[-14.909088151649946,66.28079577951729],[-14.973472593690246,66.25291442855371],[-14.973472593689765,66.25291442855332],[-14.973472593690232,66.25291442855313],[-14.948612210577064,66.23332214536352],[-14.938889506251765,66.22096252426638],[-14.93597316879781,66.20499419998687],[-14.943195341870933,66.19221496723782],[-14.962778091644964,66.17776489312524],[-14.976945878265212,66.16970825214634],[-15.023056030102055,66.15554809338954],[-15.07083511209538,66.14360046173573],[-15.145556452404946,66.13707733230552],[-15.16166686755264,66.12777710078814],[-15.176250460374888,66.11367034838423],[-15.176250460374666,66.11367034838409],[-15.17625046037512,66.11367034838365],[-15.149444581924431,66.09637451010379],[-15.011390685940492,66.04998779308589],[-14.933889388042457,66.0422210674627],[-14.909088151649946,66.04328953567136],[-14.824445724927832,66.04693603702415],[-14.782777788575885,66.05970764191004],[-14.751667024454699,66.0652771018117],[-14.730555535494322,66.06610107504366],[-14.714723585425448,66.06359863258508],[-14.688334463125813,66.0561065665907],[-14.676944734196296,66.05166626231251],[-14.663057329516047,66.04360962133363],[-14.618890761810018,65.99443054084699],[-14.611112597218888,65.97444152959552],[-14.605556487491967,65.9534683203988],[-14.623889924415892,65.909439088162],[-14.653057098751901,65.88304138239545],[-14.65305709875183,65.8830413823949],[-14.653057098751887,65.88304138239484],[-14.637222287527411,65.75721740555709],[-14.418055534961507,65.78721618664287],[-14.381668093104418,65.7908325176891],[-14.349445340293364,65.79138183694671],[-14.338473317463796,65.78457641436988],[-14.331945421325832,65.77554321461774],[-14.288056374404249,65.65624237286467],[-14.563032214312557,65.3663776024448],[-14.909088151649946,65.29329738917536],[-16.259876267987444,65.00803748471223],[-16.28853397715426,65.00198553971791],[-16.850643396919185,64.93138066507034]]]]}},{"type":"Feature","properties":{"fillColor":"#6BAED6"},"geometry":{"type":"MultiPolygon","coordinates":[[[[11.377222061183375,54.646659851080756],[11.350276946885515,54.658882141012214],[11.315277099601474,54.6755523683467],[11.27805519097842,54.699714660835866],[11.262220382484486,54.70722198488801],[11.245832443416305,54.71166229239583],[11.190553664959964,54.72555542000845],[11.14444446555342,54.736938476374746],[11.125555038369384,54.74027252184169],[11.099164962900488,54.74249267581877],[11.028887748918407,54.75735473628657],[11.019721985039496,54.76277160654507],[10.993054390156033,54.784996032877245],[10.989891052266694,54.7908477781454],[11.021356200016255,54.81182454331177],[11.025276184036327,54.81443786599182],[11.02527618403631,54.81443786599194],[11.025276184036954,54.814437865992375],[11.014027595365956,54.89305114754621],[11.029721259949628,54.9124946594315],[11.042221069295609,54.9230499268527],[11.05777740469385,54.93499755841267],[11.071388244486208,54.94082641622818],[11.118888854797126,54.95082855218226],[11.136388778885733,54.953887939277834],[11.16444396994885,54.956665038999915],[11.19314384452505,54.957397460727925],[11.239721298227119,54.95722198474476],[11.275554656989357,54.94971466069257],[11.28833198530331,54.94305419920756],[11.336804389959411,54.91444015503739],[11.349165916438611,54.89402389512551],[11.361110687401956,54.883888244710164],[11.393331527601502,54.86804962149174],[11.408887862999745,54.86249542249427],[11.431280116931227,54.85550562244393],[11.513887405297936,54.8297195434654],[11.564443588426702,54.821937561041864],[11.64249992378926,54.87777709952116],[11.64249992378927,54.87777709952135],[11.642499923789785,54.87777709952172],[11.644026756070978,54.90436935404376],[11.656944275060019,54.90388488761619],[11.708610534507367,54.87527465817043],[11.735277175709445,54.854995727444226],[11.847221374675044,54.7679138184316],[11.861943244913778,54.74457931533424],[11.857220649585837,54.686382293692304],[11.844165801857343,54.66944122315772],[11.833887100170045,54.661109924438165],[11.78027725203242,54.64041519143058],[11.736387252921588,54.645271301219736],[11.722499847396136,54.65110778803745],[11.693887710588058,54.65554809554527],[11.640554428183748,54.66249847429924],[11.583610534579236,54.66346740715443],[11.522499084475669,54.641937255752794],[11.469444274720956,54.62138366710201],[11.454929351941871,54.61985778805524],[11.431280116931227,54.6280146582932],[11.377222061183375,54.646659851080756]]]]}},{"type":"Feature","properties":{"fillColor":"#6BAED6"},"geometry":{"type":"MultiPolygon","coordinates":[[[[-1.327648639583603,60.002220153743224],[-1.310416698263868,60.00930023177982],[-1.310416698263807,60.00930023177994],[-1.310416698263793,60.009300231779946],[-1.306377754469597,60.01739139108777],[-1.268333434931361,60.093605041444384],[-1.262083411124251,60.111385345498725],[-1.261610500384048,60.11824234902934],[-1.260972380669159,60.127494812054294],[-1.285000085876334,60.21999359128773],[-1.291388988540405,60.241386413383054],[-1.316083359379779,60.24225044250508],[-1.362800955930254,60.2438850402923],[-1.368859090379403,60.24225044250508],[-1.387500047792514,60.23722076414538],[-1.519722223295105,60.2011108400103],[-1.647777795867569,60.22471618649206],[-1.6550002096958,60.22610473623797],[-1.664722442548907,60.23082733144213],[-1.675618884211034,60.24225044250508],[-1.676250219153133,60.24291229243602],[-1.692152857868014,60.28506469726831],[-1.666944503859874,60.29972076419393],[-1.655277967409885,60.303054809652274],[-1.628333568584551,60.307220458889965],[-1.593194603932102,60.307220458889965],[-1.474722385355758,60.314994812200226],[-1.445833444510419,60.318603515471374],[-1.426944494232118,60.321388244502685],[-1.345833540042171,60.33999633796733],[-1.321736265863485,60.35544909617365],[-1.320277929385782,60.35638427750604],[-1.445833444510413,60.46054840107411],[-1.502222299608945,60.469718933269064],[-1.560486197392777,60.47367858894688],[-1.610347270970124,60.478397369381355],[-1.607322016274121,60.48353704044022],[-1.59305572507513,60.507774353116396],[-1.546944618257551,60.535827636588806],[-1.413333416162834,60.605968475410414],[-1.296527862480641,60.63339614866343],[-1.287500142923606,60.613327026430284],[-1.288800525540206,60.59487007605895],[-1.296111345321663,60.49110412582485],[-1.29611134532163,60.491104125824776],[-1.296111345321636,60.491104125824684],[-1.286666870182485,60.47110748301486],[-1.163888931395927,60.45443725572315],[-1.0385417936617,60.44277191178942],[-1.043526313742107,60.42745527284396],[-1.066111326260909,60.35805511460444],[-1.090422578678861,60.30094288203526],[-1.101111173633268,60.27583312995926],[-1.165000080862058,60.260135650523864],[-1.165000080862112,60.26013565052374],[-1.16500008086219,60.26013565052372],[-1.172918001483032,60.24225044250508],[-1.180555581940279,60.224998474244956],[-1.197578029229021,60.159297620362366],[-1.212222337546734,60.10277557363952],[-1.212994401408779,60.095338243851394],[-1.22055578223083,60.02249908430608],[-1.261389017240084,59.860275268541386],[-1.268611192645267,59.85110473634654],[-1.306944608629692,59.85749816904962],[-1.37194466572555,59.89166259747225],[-1.377916693796421,59.904304504432524],[-1.333731468086955,59.99037159282561],[-1.327648639583603,60.002220153743224]]]]}},{"type":"Feature","properties":{"fillColor":"#6BAED6"},"geometry":{"type":"MultiPolygon","coordinates":[[[[-2.51854592441746,49.454362762703596],[-2.52847266200892,49.426387786876596],[-2.555555820503116,49.42333221433461],[-2.587051948804193,49.42258294509748],[-2.590833663962526,49.42249298093414],[-2.597222328185029,49.42249298093414],[-2.654444694547099,49.42582702636356],[-2.656844573135429,49.42700380252882],[-2.668611288066733,49.43277359010982],[-2.663910183284575,49.44091066674984],[-2.654166936864044,49.45777511596333],[-2.65312908231586,49.45823252379772],[-2.579166889160251,49.4908294678077],[-2.53652811053038,49.50819396976111],[-2.500972509388122,49.50388717655214],[-2.51854592441746,49.454362762703596]]]]}},{"type":"Feature","properties":{"fillColor":"#9ECAE1"},"geometry":{"type":"MultiPolygon","coordinates":[[[[58.40915679936618,70.25360870361294],[58.4288787845326,70.26692962650871],[58.47929279316014,70.26944186965675],[58.49027252165189,70.26998901415926],[58.57729072823653,70.2597473961143],[58.602352142398644,70.25679779003083],[58.63832855224226,70.23803710966229],[58.66401672341255,70.23165130664987],[58.782768249229555,70.21331787127644],[58.82304763739615,70.21582794205607],[58.823047637396044,70.21582794205618],[58.8230476373962,70.2158279420562],[58.78804779051359,70.25387573241932],[58.68082428004902,70.28804016146813],[58.64804840079324,70.29748535103619],[58.63166046116533,70.32582092302503],[58.756660461050714,70.39360046425173],[58.81189573280505,70.41270296290799],[58.867492676036875,70.4319305415845],[58.95443715348784,70.45818786177304],[59.0036087033477,70.47303771959827],[59.0347862248538,70.47421264634619],[59.039577484109756,70.45026397695793],[59.10610198939916,70.4280395511885],[59.12557813948291,70.42211387517949],[59.24341061045236,70.38626299893839],[59.24943542465809,70.38442993147669],[59.2542375697918,70.38337484006726],[59.30888366712685,70.37136840830568],[59.33443450935317,70.36109924288384],[59.3527755738082,70.34999084453993],[59.40415954632542,70.31608581521584],[59.422908782524054,70.29859161385951],[59.46110534709619,70.27665710414124],[59.47804832458495,70.26908789355045],[59.47804832458495,69.86494675356039],[59.431102752338006,69.8834533689739],[59.39402008076598,69.89054870614098],[59.33249664268931,69.88499450696906],[59.28652191109357,69.88390049464404],[59.28568649238968,69.88388061506396],[59.12557813948291,69.91163167327186],[59.12387847882013,69.91192626990676],[59.00332641637823,69.9338684087067],[58.950199126990526,69.93733978318915],[58.95019912699072,69.93733978318905],[58.95019912699059,69.93733978318906],[59.008049011709645,69.90872955331218],[59.07721328764106,69.89012908913242],[59.1183929446676,69.87043762248247],[59.03860473623706,69.85220336955001],[59.017768860260674,69.85386657723092],[58.67110443149812,70.01026916474245],[58.64976382269122,70.02053877667495],[58.64916229269835,70.02082824731042],[58.63666191206566,70.0283243568218],[58.62137603758022,70.0374908448263],[58.59107501757867,70.06191155914446],[58.57665634105177,70.0735321046011],[58.517211913671304,70.17970275909863],[58.49499511698343,70.19026184057162],[58.47929279316014,70.20184982347105],[58.422162450391596,70.24401080820746],[58.40915679936618,70.25360870361294]]],[[[59.47804832458495,69.86494675356039],[59.47804832458495,70.26908789355045],[59.640830994118964,70.1963653566144],[59.67693892984935,70.18714508372135],[59.76999282829513,70.16338348339502],[59.771863485805675,70.16260631853719],[59.817261803537356,70.1437455827012],[59.928604126365144,70.09748840307098],[60.07943725544647,70.06248474110009],[60.22938144966799,70.0004763810178],[60.256103515913765,69.98942565968434],[60.26094709829721,69.98750187055491],[60.32110595755448,69.96360778755667],[60.36464909271531,69.95472969724725],[60.36540985106774,69.95457458482065],[60.41814883212844,69.95237728451343],[60.418880462267744,69.95234680210558],[60.47748565672615,69.91609191928568],[60.5301734474737,69.82990815516858],[60.546939849803714,69.80248260471366],[60.535392334651576,69.79614048869664],[60.43971252425081,69.7435913081975],[60.41814883212844,69.7371815671909],[60.26166152907899,69.69066619878015],[60.20555114723703,69.67942810057383],[60.18721902096894,69.6812772877558],[60.17665863039055,69.68234252910368],[60.16914628307053,69.68529917825526],[60.15054702712348,69.69261932360718],[60.12206048989107,69.69967689628187],[60.09499359123392,69.70638275185128],[60.06649632804106,69.71187797138893],[60.04027557427332,69.7169342042427],[60.0108261103793,69.71832275403568],[59.98872404952704,69.71333899793295],[59.97137451205985,69.7094268802436],[59.96410867775271,69.70662092842377],[59.94332122813563,69.69859313978776],[59.92568969674022,69.68872833211623],[59.91193389867266,69.66638183556597],[59.88110351516235,69.68581390358622],[59.84888076786575,69.69219970659867],[59.771863485805675,69.68987133566868],[59.7661056518923,69.68969726599568],[59.745544433804014,69.69136047367658],[59.63874104013353,69.7070477002191],[59.60166168167407,69.71249389697576],[59.578330994176234,69.72581481987152],[59.573950576008706,69.72855242452776],[59.538326263897716,69.75081634522695],[59.557353973072566,69.77860260034487],[59.60165786768084,69.77679443354333],[59.61705540865265,69.7835986290664],[59.62332534749768,69.78636932406873],[59.62332534749767,69.78636932406876],[59.62332534749777,69.7863693240688],[59.61360549894687,69.81150817836817],[59.47804832458495,69.86494675356039]]]]}},{"type":"Feature","properties":{"fillColor":"#6BAED6"},"geometry":{"type":"MultiPolygon","coordinates":[[[[8.914282061418362,46.397412809012565],[9.051045328887653,46.52902640320082],[9.725216221353946,46.61004210054642],[10.269249666216641,46.652376228572656],[10.269249666216641,45.55757152850498],[10.14272727160835,45.588486300984925],[9.517392781132912,45.79055641957552],[9.134166042527681,46.0736353208311],[8.914282061418362,46.397412809012565]]],[[[10.269249666216641,45.55757152850498],[10.269249666216641,46.652376228572656],[10.63638587093277,46.68094504403848],[11.22060369265779,46.721466968732955],[12.028143138896041,46.65055644392805],[12.106674175099975,46.64517359800707],[12.619212140979187,46.61004210054642],[13.28713894202076,46.50877518398141],[14.094540143105917,46.28608312665074],[14.600118410956883,46.152681827432986],[14.808250407774967,46.09776435856642],[14.823034967654337,46.093863321631716],[15.003806369879214,45.86130636276914],[14.973327717362906,45.578385615364596],[14.975406904060208,45.34614389327044],[14.831526745466306,45.115413682256474],[14.808250407774967,45.12847446705434],[14.482776637777135,45.311103836144184],[14.448609341585495,45.32124328514209],[14.32305432873784,45.35096739805749],[14.286595347734533,45.3149948300009],[14.253887174239367,45.23194121304783],[14.251669094510746,45.21838753491392],[14.248193734698908,45.19715118904253],[14.239721306958565,45.16416167498037],[14.230833043380681,45.144161213940265],[14.227369684407897,45.139068745994564],[14.216665279073993,45.123329158655054],[14.182285137259415,45.07592092300683],[14.155832301708092,45.039443986171015],[13.97583101724383,44.82402418138052],[13.839165703959623,44.876384731006],[13.681110377463824,45.051383983827066],[13.603054030231988,45.15777585967271],[13.504790291268982,45.502010348664754],[13.554998413274639,45.49443815653849],[13.59173966400084,45.481697071912265],[13.591739664000812,45.4816970719127],[13.591739664001238,45.48169707191255],[13.589443217266602,45.51693727179663],[13.665833472396244,45.54305266057781],[13.749929447052498,45.54902267876307],[13.749929447052233,45.54902267876345],[13.749929447052807,45.54902267876349],[13.716943727042807,45.596107482996764],[13.798054711963328,45.607494362077695],[13.798054711963129,45.60749436207797],[13.798054711963744,45.60749436207806],[13.735692963947884,45.69430161272106],[13.656110749676543,45.75360868433319],[13.629999154947484,45.76999662718714],[13.579472526150994,45.78195954401389],[13.542637817859315,45.78332900319651],[13.457462291437471,45.74141332565003],[13.41506766012958,45.72055052890249],[13.367942824776321,45.73744203536677],[13.216943738055079,45.7769393938367],[13.193332655854931,45.77805329651949],[13.12090110679486,45.76784133467146],[13.12090110679455,45.7678413346711],[13.12090110679452,45.76784133467109],[13.109351915644526,45.75430546244927],[13.07124900697454,45.70964812702749],[13.071249006974568,45.70964812702743],[13.071249006974377,45.7096481270272],[13.096109377568611,45.65166471497095],[13.09081351941735,45.642041613070155],[13.087777136176893,45.63652420219987],[13.063610070505774,45.63388822653013],[13.000831596211697,45.62999727138805],[12.922498709049705,45.61833191663618],[12.863887768542327,45.59555053165559],[12.798887257389765,45.56888581835153],[12.706944447703165,45.53110503610378],[12.638053910564281,45.50222014425242],[12.61722181656387,45.49443815653882],[12.587499600674505,45.48388670447014],[12.418262467477177,45.44117353853261],[12.448471057598569,45.48325727899291],[12.503991123349085,45.491260521879376],[12.580693226321046,45.54381561345467],[12.580693226320935,45.5438156134547],[12.58069322632133,45.54381561345497],[12.489651697548766,45.567493439997804],[12.394444454586107,45.53305053303217],[12.287081727302166,45.47332762558261],[12.287081727301878,45.47332762558224],[12.287081727301803,45.4733276255822],[12.248310583963116,45.423318959754795],[12.15422533246533,45.30196381011854],[12.15422533246535,45.30196381011843],[12.154225332465131,45.301963810118146],[12.161109910746308,45.26388550451016],[12.361944179650935,45.056106571930115],[12.106674175099975,45.11677223132502],[10.886647948496432,45.40671501424691],[10.269249666216641,45.55757152850498]]],[[[36.580440509411574,45.192695617025784],[36.66971586828075,45.20526887292481],[36.70235059977003,45.199996960299785],[36.72859955466613,45.20331574917767],[36.8366546577175,45.22803879832004],[36.88859557745343,45.24694061031465],[36.96234513370588,45.27902222322923],[36.962345133706,45.27902222323],[36.962345133707345,45.279022223230584],[36.966793078905596,45.3076248066443],[36.76964186658046,45.38387681116677],[36.71887969684417,45.3619308531982],[36.69769669175247,45.341583236403835],[36.66981126158856,45.33255769008889],[36.680263526298724,45.35957718596535],[36.72498320371328,45.39790725402012],[36.75110625802809,45.41415404265538],[36.82770158553781,45.4356803707344],[36.89637756516707,45.42360688439348],[37.09414674338346,45.340545640621684],[37.06759263830847,45.251068112981784],[37.09625432734366,45.23992927661886],[37.11040878565619,45.23442840767999],[37.154159547374476,45.23942567740105],[37.22637177700251,45.2488708536056],[37.313842754449325,45.275405872276366],[37.39777372656022,45.31637574876883],[37.4344291852544,45.32331847670348],[37.71332549247005,45.29609681205798],[37.73463439814299,45.29881284996718],[37.73463439814307,45.298812849968336],[37.73463439814435,45.2988128499685],[37.74082183873571,45.38304138415441],[37.701656343667764,45.5577659553569],[37.655429846902564,45.56767656107803],[37.65542984690127,45.56767656107665],[37.65542984690114,45.56767656107668],[37.64456941188669,45.556140900958184],[37.647483824512534,45.52026368749315],[37.646240227196316,45.45151519501371],[37.631378190096584,45.42387390047974],[37.60749052925246,45.415332792656386],[37.5837402285743,45.42741773858285],[37.59136964119847,45.62747956948169],[37.60249329824566,45.650543224184005],[37.63085174602948,45.65814592358501],[37.68744661249909,45.675758377351016],[37.77164838551241,45.7198456947724],[37.809852600936466,45.73984909032999],[37.83457185602688,45.76137925117578],[37.8345718560273,45.76137925117633],[37.834571856028276,45.761379251177175],[37.851238235838196,45.78304290070815],[37.868316657433695,45.816665634299056],[37.876937866211506,45.83887481430099],[37.88430022403571,45.87269592260856],[37.89068220657691,45.92290876782209],[37.912765485997454,45.987487790774026],[37.92749024036061,46.011657721341486],[37.951168066902,46.03200150536774],[38.19623563899131,46.12957000366695],[38.2206878779965,46.13568113735616],[38.25135811202735,46.132530125900146],[38.25135811202735,44.37638356183563],[38.21970366994822,44.38360594562488],[38.197486863127665,44.38943480959131],[38.17554473792592,44.4006881612724],[38.15859984373037,44.41582108593957],[38.14609910068128,44.44054792913386],[38.133323676013276,44.466659562577945],[38.11609651209517,44.489158639121115],[37.865402206092995,44.692836743543296],[37.783081073456685,44.723354355325455],[37.783081073457865,44.72335435532303],[37.78308107345539,44.72335435532395],[37.799293522048956,44.69012070563275],[37.82269666697299,44.663665787916074],[37.81339264498761,44.63804246444599],[37.77164838551241,44.63178592271158],[37.75874710821421,44.629852306428575],[37.55665588538068,44.65415955844827],[37.484081285076,44.6714439428643],[37.37442780213536,44.742626203530165],[37.299163799714734,44.85942841594067],[37.29638670854098,44.87165068331916],[37.30950166214427,44.893321998383726],[37.276374826630104,44.9311065746835],[37.20291137286722,44.97977829922081],[36.88220976214677,45.085815431208346],[36.71651457002622,45.09915160126974],[36.625541682622384,45.127346053094186],[36.62097763298658,45.13395915497666],[36.580440509411574,45.192695617025784]]],[[[37.73748396345457,46.6671066392725],[37.77164838551241,46.65660721197084],[37.776931766957716,46.65498352053832],[37.80540848850494,46.636657707574614],[37.845542899270356,46.62318421606126],[37.87360382369485,46.6213684137661],[38.000541691051396,46.618873592314934],[38.02540968846449,46.62068176779137],[38.054714210205205,46.63109969246012],[38.09970856923971,46.668327317418424],[38.121658321260185,46.68110274208636],[38.25135811202735,46.719411961589934],[38.25135811202735,46.28404324788256],[38.16081239545889,46.34859466111169],[38.08734510892913,46.39012907704955],[38.06693268353314,46.39651489235757],[37.98321533977622,46.39324952992553],[37.9832153397772,46.39324952992434],[37.98321533977487,46.39324952992425],[38.004402177633295,46.367519392275966],[37.993392961582195,46.34568024848615],[37.897766127445095,46.40720749864505],[37.82401657119277,46.47998047366656],[37.77164838551241,46.59322631292006],[37.73748396345457,46.6671066392725]]],[[[38.25135811202735,44.37638356183563],[38.25135811202735,45.21190547313225],[42.679650340045896,45.21190547313225],[42.778269838684594,45.07898894881117],[43.05363047241923,44.86753217386814],[44.52558896719988,44.46285209897281],[45.430398703338085,44.21409612311834],[47.53276060975471,43.598037731624224],[47.532760609754206,43.598037731622895],[47.52499391439284,43.574157697596654],[47.48720550532627,43.456382736721956],[47.48373414135895,43.426933305425344],[47.45442961961824,43.08956910894703],[47.46630476995732,43.013805375682765],[47.5380477760167,42.95304870521913],[47.578727593964246,42.92724987717025],[47.578727593964246,42.30096627097639],[47.279967041277075,42.318061126166185],[45.099303466096444,42.50840267169343],[44.88793617174201,42.44828843070269],[44.88277862249491,42.28382465267188],[44.52558896719988,42.42769270827683],[43.924072877031676,42.669970022372354],[42.61061040181335,43.069719471351846],[41.824012734524885,43.118274882912864],[40.47322461818739,43.20165686540283],[40.309092654080956,43.21178846812545],[40.27193068683823,43.24679566738058],[40.25443267406814,43.274436961915626],[40.21843718684045,43.31640626138034],[40.1091537401104,43.353881854734595],[40.05138395640785,43.37026975887369],[40.002967827085286,43.37926483662869],[39.945533739551536,43.39693451089255],[39.91690064886285,43.412937163898846],[39.89256285085344,43.46526716753442],[39.874572772773206,43.490959171089116],[39.845405572484424,43.51041030760638],[39.69664764774075,43.60166167068104],[39.58998871709497,43.67470549455453],[39.47192382096404,43.75776673832644],[39.45429990761261,43.770961754168866],[39.41693879396905,43.809989927784954],[39.39192964233712,43.84387971617599],[39.376792923618154,43.85971070768858],[39.28694152700115,43.92694092123293],[39.1224365018499,44.03414469868476],[39.05165862133691,44.0802688589896],[38.997696396303716,44.11523648252033],[38.7537422283641,44.27331924315553],[38.599849712447394,44.32943725923781],[38.57110597481483,44.33387757761744],[38.41360473476402,44.350265520471396],[38.35082246641775,44.35499573539249],[38.324432357302896,44.35971069667596],[38.25135811202735,44.37638356183563]]],[[[38.25135811202735,45.21190547313225],[38.25135811202735,46.132530125900146],[38.266654985495194,46.13095854925388],[38.31415558685154,46.09777069918989],[38.355552681337414,46.07331849889952],[38.40637969839037,46.04527282811249],[38.45394135301139,46.02637864293661],[38.547977434078604,46.02686308142792],[38.566165925590326,46.04338838444874],[38.56616592559033,46.04338838444883],[38.566165925591804,46.04338838445017],[38.57085417365232,46.09112928866864],[38.51499175278457,46.12915037377883],[38.45958566236865,46.152681827432986],[38.447042443681156,46.158009042672376],[38.424705511355455,46.16749573418684],[38.267765055412724,46.27234648935621],[38.25135811202735,46.28404324788256],[38.25135811202735,46.719411961589934],[38.26752091978234,46.724185944234144],[38.29068755589607,46.7042922973711],[38.30228043651246,46.67901612965401],[38.38777161570397,46.65277100752467],[38.447042443681156,46.64249741752794],[38.4574928179328,46.64068602288343],[38.584949502537185,46.65721128718943],[38.584949502537086,46.65721128719062],[38.58494950253862,46.65721128719082],[38.58165359411686,46.69595719108412],[38.5581779363427,46.712352760756914],[38.48304366727007,46.73901368000895],[38.447042443681156,46.74123036077602],[38.417495728620736,46.74304962213648],[38.393390645369664,46.734569567577466],[38.3933906453692,46.73456956757632],[38.39339064536833,46.73456956757602],[38.38391112912301,46.71120072398117],[38.366310134943035,46.745132440516784],[38.41033170679782,46.826934833334036],[38.447042443681156,46.847624321946334],[38.46651840296266,46.85860061041063],[38.490402231040875,46.860340105803665],[38.6738357387939,46.86119078645335],[38.7024841218348,46.8615150617513],[38.77748869627416,46.88192748714735],[38.80037689543195,46.88928984497151],[38.91414642145405,46.9377594007401],[38.98998259013885,46.97721099829756],[39.0149917417707,46.99387358405555],[39.07470702240154,47.02720642110507],[39.1224365018499,47.024163124462625],[39.18359375841318,47.0202636544556],[39.25978087690409,47.0082550154313],[39.259780876905864,47.008255015432105],[39.69629561492718,46.807843784212196],[40.27134382361021,46.81797725267279],[40.72733508567836,46.90919067037737],[41.15613608196412,47.13224934248075],[41.56443762230083,47.09168344360319],[41.758637169542965,46.91932685069435],[41.94007025791268,46.61535936121021],[42.16363063450075,46.16998083575595],[42.170291505784256,46.152681827432986],[42.37382107720259,45.62409335903635],[42.679650340045896,45.21190547313225],[38.25135811202735,45.21190547313225]]],[[[47.578727593964246,42.30096627097639],[47.578727593964246,42.92724987717025],[47.61471557766177,42.90442657436109],[47.708530442270956,42.721996322347195],[47.732341757498986,42.64255905634699],[47.948875426257985,42.45860289857937],[48.087051391658065,42.35209654302311],[48.11387634558465,42.3302688588175],[47.980157535666876,42.27799675019952],[47.578727593964246,42.30096627097639]]],[[[-8.38548929765716,40.77846673034651],[-8.169706446127918,41.07827988366864],[-6.962248325578742,41.5082673740626],[-5.850217693184121,42.077791137607676],[-5.516016002970787,42.24895171434787],[-5.338035986599039,42.49938515972946],[-4.90576142130783,42.739897559572],[-4.340285949821975,42.87021453427934],[-4.102783220949977,42.899011446178626],[-3.926844243023197,42.92034382947827],[-3.220383804673702,42.79001619279637],[-2.097645489498063,42.589566249566076],[-1.029176965294482,42.44929028641485],[0.700330347295278,42.489365857568885],[0.941880184279741,42.55594396158606],[0.941880184279741,41.32580995628585],[0.45311725773621,41.46825583556006],[-2.10113074009837,42.03866662704172],[-2.355842771264423,42.077791137607676],[-2.948562450507211,42.16883460833429],[-3.400146600333471,42.1788486742505],[-3.945169387462522,42.077791137607676],[-4.102179090181153,42.048678568077605],[-4.102783220949977,42.04853007415654],[-4.55019951491721,41.93855620216078],[-4.763274030966443,41.76840595669],[-4.985195080562846,41.60830762956351],[-5.385865079057169,41.338236337808894],[-6.422880487232362,40.91836133414472],[-6.711757007523147,40.6585824041569],[-6.534736917117755,40.37894317326811],[-5.934494180304853,40.09943101098338],[-4.672739333311711,39.71098524369444],[-4.102783220949977,39.506582886895636],[-3.590555838057014,39.32288368267734],[-2.697997416148212,38.98461835208326],[-2.419752268451987,38.78567337038754],[-2.075222623054458,38.40774852298949],[-2.03958906509655,38.11939441238809],[-2.425003345174673,37.93050194234621],[-3.407682532477736,37.49315541411278],[-4.102783220949977,37.25065391625216],[-4.888752432076444,36.97645089195447],[-6.234445083754565,36.578189844989254],[-6.297500601271736,36.61388397609073],[-6.33722304768105,36.62055206112137],[-6.373028290303068,36.63257978654963],[-6.391069897803391,36.640373233848834],[-6.432500364460509,36.69235612044514],[-6.44361112947445,36.71888734506392],[-6.439445028136143,36.74152374305763],[-6.355556487463463,36.860832197789975],[-6.355556487464198,36.860832197790494],[-6.355556487463275,36.86083219779181],[-6.578888903756592,37.01943971370662],[-6.725833891101672,37.09194183987631],[-6.978721623713227,37.21260833292081],[-7.127223024086618,37.2205505225416],[-7.964065843300205,37.37390057253759],[-8.237278638109501,37.77145251461178],[-8.218817117117556,38.002900447782366],[-8.213490134662152,38.06968362777479],[-7.883381626392008,38.407748522988584],[-7.246362746514933,38.78567337038686],[-6.839739033612091,39.11394634195807],[-6.677167617097552,39.283083913019254],[-7.043384546421919,39.68112781136756],[-7.542514605687813,40.03955206289419],[-8.148315232522862,40.339005088699594],[-8.38548929765716,40.77846673034651]]],[[[-0.350849751487478,45.21190547313225],[0.941880184279741,45.21190547313225],[0.941880184279741,44.504485247596705],[0.115715084623616,44.928890527253714],[-0.235708391568437,45.150615493182386],[-0.350849751487478,45.21190547313225]]],[[[-4.790278424118359,48.423748011252876],[-4.776667107860556,48.51110458641779],[-4.750972742702158,48.53944015374625],[-4.728889463281657,48.558883663444874],[-4.699722766285534,48.57083128791932],[-4.539306145738347,48.635829940760686],[-4.35416697934139,48.67416380286841],[-4.102783220949977,48.70805310545018],[-3.993611330552364,48.722770680088985],[-3.810555950406197,48.72610472260433],[-3.722917066802843,48.71152495522674],[-3.721804556688709,48.711924645531084],[-3.721804556688709,47.786575645299614],[-3.792778029516796,47.793884282697945],[-3.840972439088773,47.80319213745054],[-3.886458631144592,47.832637774695456],[-3.904444682884218,47.85277555718801],[-3.982222554445627,47.889717118371436],[-4.101388925803576,47.87499236400839],[-4.102783220949977,47.87401340374972],[-4.155486570503115,47.83700941299162],[-4.344306006014108,47.84576035511742],[-4.350000374709964,47.87194062993018],[-4.363889702061044,47.89888765167177],[-4.392222404493054,47.93444062855377],[-4.419445037009268,47.960830698954],[-4.443472845487349,47.97666169046636],[-4.490345957107877,48.00291823346629],[-4.534512051371053,48.01951217785569],[-4.591111176470463,48.01693725545044],[-4.691805857438283,48.030693055401116],[-4.72223806433574,48.039176942727046],[-4.705903044635932,48.0680503749912],[-4.353889471541045,48.11291120662567],[-4.192153450068119,48.29936981266318],[-4.192153450069447,48.29936981266344],[-4.192153450068076,48.29936981266502],[-4.300000189980153,48.32054902370436],[-4.440463078270284,48.346199021684015],[-4.605278011621579,48.34471891555745],[-4.711389553485219,48.33471678801135],[-4.760625352890031,48.33499526368195],[-4.782153113417678,48.36451341377705],[-4.790278424118359,48.423748011252876]]],[[[-2.539652842249713,47.298053724523555],[-2.529677167030294,47.370334380167996],[-1.389962186204484,47.370334380167996],[-1.389962186204484,46.35843599521119],[-1.401206988274985,46.36327741391805],[-1.469722253607074,46.39277647359063],[-1.654296880558661,46.44535827838894],[-1.786389122359139,46.488327039540934],[-1.824722287599741,46.57499693001694],[-1.86055563717872,46.637771610259335],[-1.916805632068474,46.69110486963427],[-2.007222652145515,46.76166533164189],[-2.033333782296893,46.776382459186095],[-2.058888928977183,46.78694153807345],[-2.082777983555786,46.79860685411086],[-2.1047222767873,46.81138611154552],[-2.125417010620822,46.83097077546296],[-2.133333687178878,46.849716179600954],[-2.128194566372523,46.89950943363843],[-2.087778079458484,46.94166564823439],[-2.034722327884017,46.9816665703146],[-1.985871779612188,47.03693007298036],[-1.985871779612607,47.03693007298096],[-1.985871779611898,47.03693007298176],[-2.004305839201095,47.063190448748855],[-2.024167043048521,47.07916259448035],[-2.063889024879927,47.10207746814598],[-2.112639185634009,47.1177749709733],[-2.170833593436968,47.1266631958365],[-2.156115537136976,47.17140449988931],[-2.138463981007501,47.225063327094276],[-2.123389012419782,47.24960708792425],[-2.076601046443733,47.271664091862235],[-2.043611520617482,47.28721616996357],[-1.998888978305395,47.28221893895733],[-1.938333508739975,47.27416230833971],[-1.919027939930389,47.26805113593569],[-1.897500140688367,47.25152207757773],[-1.80250002199052,47.21193695262025],[-1.773055778479238,47.20805358558215],[-1.735000004894097,47.20867538424026],[-1.735000004897453,47.208675384241985],[-1.735000004894118,47.20867538424204],[-1.890416723112708,47.288745869771105],[-1.921389117836839,47.297775287567504],[-2.012778034652399,47.319854734221224],[-2.034166808990392,47.320274364110446],[-2.076601046443733,47.31138205560185],[-2.140750168315378,47.2979392835274],[-2.177766797527624,47.280120866941445],[-2.281250222829044,47.24027251995062],[-2.433611374202655,47.26249695358928],[-2.480278019709772,47.27722166923769],[-2.539652842249713,47.298053724523555]]],[[[-3.721804556688709,47.786575645299614],[-3.721804556688709,48.711924645531084],[-3.572152862869697,48.765689847561816],[-3.57215286287016,48.76568984756324],[-3.57215286286953,48.765689847563465],[-3.578750138501544,48.7859687842732],[-3.536666862619295,48.82582855213411],[-3.512500300240607,48.83721922526708],[-3.226111398560134,48.86957931385239],[-3.124444472420524,48.864997879968875],[-3.060833436010501,48.8263855034756],[-2.879167066029058,48.6788864296855],[-2.811944479303348,48.61416625251487],[-2.685277925376596,48.50166320426519],[-2.465903053708601,48.63068772276891],[-2.41833353997996,48.653610223253594],[-2.307222366791381,48.67610929979682],[-2.284444814577414,48.67221830594],[-2.128333552561591,48.638610825986504],[-1.812222241417622,48.610549940276826],[-1.787222381341584,48.610549940276826],[-1.722777853660133,48.611106891618306],[-1.641111272416181,48.61652375251405],[-1.61513901230928,48.624160753242165],[-1.588626370802102,48.639678967757085],[-1.521111254927481,48.6363830593354],[-1.465000168797307,48.63721465358085],[-1.401206988274985,48.641458264325415],[-1.389962186204484,48.64220628413719],[-1.389962186204484,47.370334380167996],[-2.529677167030294,47.370334380167996],[-2.527500145395706,47.38610840524791],[-2.47319460213448,47.41527556682182],[-2.444027905138357,47.40610886628801],[-2.408472527937869,47.41527177276986],[-2.40847252793926,47.415271772770886],[-2.408472527937477,47.41527177277135],[-2.459596642486604,47.45298766898699],[-2.367083563563336,47.50152586612343],[-2.367083563565129,47.50152586612417],[-2.367083563563313,47.50152586612512],[-2.388333816290015,47.51027680825092],[-2.509444716706184,47.52915953384132],[-2.58083344348529,47.53777311580052],[-2.663611410948818,47.5127715909872],[-2.751995104612481,47.496461323389056],[-2.793056023919974,47.488883968857124],[-2.831875331104357,47.497283922462145],[-2.861757052034201,47.546459210608035],[-2.81077815675966,47.54494093167307],[-2.751995104612481,47.5447588137053],[-2.73937510549867,47.54471971521504],[-2.686111455362839,47.595691680538714],[-2.680833580656167,47.61513519023734],[-2.680833580656574,47.6151351902378],[-2.680833580656213,47.61513519023913],[-2.700278058225194,47.637077315440706],[-2.751995104612481,47.62827639541955],[-2.892050272744427,47.60444258395148],[-2.913950198796499,47.59323882594941],[-3.093472232555087,47.58596802866481],[-3.125069600552706,47.595409410817695],[-3.153750194320651,47.61180114772384],[-3.216944698026339,47.65055084566893],[-3.508889214502574,47.75860594872029],[-3.633265980643444,47.777458205750804],[-3.721804556688709,47.786575645299614]]],[[[-1.797170366870283,49.528763287203745],[-1.389962186204484,49.528763287203745],[-1.389962186204484,48.65193592492385],[-1.401206988274985,48.65637973276018],[-1.44972229585926,48.67555238717182],[-1.494305619693591,48.687496178879655],[-1.56256948010747,48.748954787670016],[-1.578611118933281,48.83777617661025],[-1.59750007760897,49.04027556974739],[-1.60972238370249,49.21499634689803],[-1.68111134277035,49.294441239717],[-1.797170366870283,49.528763287203745]]],[[[-1.389962186204484,46.35843599521119],[-1.389962186204484,48.64220628413719],[-1.368889089742503,48.64360809570756],[-1.368889089746618,48.64360809570919],[-1.368889089742652,48.64360809570945],[-1.389962186204484,48.65193592492385],[-1.389962186204484,49.528763287203745],[-1.291822222313999,49.528763287203745],[-1.291180595131324,49.52735518579479],[-1.260416873264669,49.49221800603561],[-1.244722351478165,49.475273150554926],[-1.165277961951835,49.40666197952747],[-1.109583485955518,49.36943818733593],[-0.859722245361949,49.36680221166601],[-0.621944556961434,49.34499357514948],[-0.294305560951047,49.30207824044342],[-0.228333346634335,49.28360747920901],[-0.098750018477968,49.30013657628179],[-0.073333315979177,49.30554960441075],[-0.050418871937489,49.31175039360489],[-0.039444456743755,49.31472013771133],[1.7287579e-8,49.32877349973718],[0.070694432558408,49.35541533258501],[0.092083323040995,49.37152479976829],[0.11361112228302,49.391387939356406],[0.140555550131888,49.405967706734],[0.169444468323954,49.414161697518416],[0.235277773881233,49.42721555914228],[0.270277787047689,49.43027495875366],[0.295240558330098,49.4314575028052],[0.376666643137705,49.44082641082244],[0.424722182665105,49.45166017132873],[0.465763836426236,49.468814861111575],[0.488194387745326,49.486248026565164],[0.488194387742053,49.48624802656414],[0.488194387745523,49.48624802656684],[0.441388833480062,49.47166442642242],[0.379861041313291,49.4566612351033],[0.353611041116665,49.45416258088534],[0.315833317339354,49.453189832421174],[0.256111068040866,49.457221980497025],[0.160833325398869,49.46888733524838],[0.113194434719844,49.48777389360595],[0.075833321076653,49.522567750377014],[0.079330731575952,49.528763287203745],[0.941880184279741,49.528763287203745],[0.941880184279741,45.21190547313225],[-0.350849751487478,45.21190547313225],[-0.747777813190737,45.42319108727156],[-0.781527879811279,45.46652221910125],[-0.803611159231934,45.48722074698685],[-0.862500072117314,45.5288848962727],[-1.000278010494981,45.614440922780545],[-1.085694547521427,45.65749357893873],[-1.165833480844753,45.68749237347271],[-1.238858218314181,45.706214897155164],[-1.229027868406476,45.78791426984655],[-1.148055792244884,45.86777495978821],[-1.070972309621531,45.90394973532822],[-1.053333529780724,46.01221467268175],[-1.05274021585903,46.029555990521736],[-1.052430622844213,46.0386047430834],[-1.120000133035433,46.125831584901334],[-1.147939011306461,46.152681827432986],[-1.148611311137672,46.1533279311651],[-1.105833530173001,46.25860594304136],[-1.105833530173201,46.258605943042674],[-1.105833530173072,46.258605943042994],[-1.11463453055552,46.31658172828065],[-1.168958424639698,46.32638548111032],[-1.206319576997942,46.31472016507308],[-1.217777846199397,46.29763411665891],[-1.265833385727092,46.304992680431326],[-1.389962186204484,46.35843599521119]]],[[[-1.944861175133042,49.67694091073366],[-1.9434320090839,49.699914414358794],[-1.942083464522492,49.72159194677918],[-1.922013897536011,49.72645568910021],[-1.844722284062401,49.71388243320089],[-1.715277903380287,49.6802749532474],[-1.665208341700335,49.66096876500076],[-1.620555640916125,49.65527342843428],[-1.528017861938904,49.65750886061893],[-1.501111258465167,49.66444396173486],[-1.475486154112406,49.68478774576233],[-1.410833340721435,49.70499420833782],[-1.401206988274985,49.70550159548001],[-1.376527910066971,49.70680238381425],[-1.322778001843485,49.70082857157703],[-1.288611170229929,49.69444275626904],[-1.264166829047186,49.68416594710422],[-1.238611217788959,49.65583037977576],[-1.22895849145666,49.618812550405835],[-1.259166733144411,49.59832765087509],[-1.298541791511127,49.57742691550635],[-1.304027913212053,49.555549637620686],[-1.30402791321204,49.55554963762066],[-1.304027913212378,49.55554963761931],[-1.291822222313999,49.528763287203745],[-1.797170366870283,49.528763287203745],[-1.856527786447373,49.64860534340488],[-1.892083395937163,49.66471864335557],[-1.913055676285865,49.66777037743327],[-1.944861175133042,49.67694091073366]]],[[[0.079330731575952,49.528763287203745],[0.169722208413194,49.688888535206495],[0.185972210378177,49.70402525392557],[0.211111095358095,49.7188834969739],[0.585833308294653,49.85277559056543],[0.62497518623126,49.86235791150565],[0.640277760315314,49.86610413380807],[0.689027727495445,49.874298085877676],[0.713333237348385,49.87554931001262],[0.941880184279741,49.90820015986492],[0.941880184279741,49.528763287203745],[0.079330731575952,49.528763287203745]]],[[[0.941880184279741,41.32580995628585],[0.941880184279741,42.55594396158606],[1.28201289001646,42.649694348441585],[1.300369244400008,42.6599183327031],[1.803945942677899,42.9403966962214],[2.201285296439607,43.23123706810213],[2.299776948239241,43.522215660870415],[1.7398915404641,44.094542691403205],[1.699608139620548,44.11523648252033],[1.300369244400008,44.320327565460715],[0.941880184279741,44.504485247596705],[0.941880184279741,45.21190547313225],[3.019609755913091,45.21190547313225],[3.273722554763966,45.06126183205602],[3.273722554763966,43.235406277287964],[3.258055221305312,43.22749327318644],[3.141110886806132,43.13888551260038],[3.081388482649118,43.06944274732717],[3.028365401866168,42.9410465214634],[3.003611075665187,42.881103530391144],[3.012221831442726,42.79804991343808],[3.041388528438848,42.61263656871495],[3.058124788491487,42.54416275785429],[3.110277400840729,42.52631379527798],[3.177654730685506,42.43680572164843],[3.169166546016356,42.426109321310435],[3.169166546016323,42.42610932131031],[3.169166546015163,42.42610932130884],[3.118055362213529,42.22513200115841],[3.117384683098579,42.222456569726546],[3.111458047866279,42.19881440489564],[3.111458047866426,42.19881440489422],[3.111458047866297,42.19881440489371],[3.117083078327113,42.144439678256475],[3.146874671166614,42.116592420900915],[3.17909693500734,42.10596466193],[3.201963405932455,42.077791137607676],[3.211110835708912,42.06652069119127],[3.220555315046774,41.94693755484014],[3.204683602589883,41.9014279648947],[3.201666356371447,41.89277649527338],[3.175277718420034,41.86749266202287],[2.937430382065088,41.719089519852105],[2.717499720499973,41.62749479507539],[2.676666275019613,41.61277770624582],[2.605833067133801,41.590827954225404],[2.557777411461416,41.577217102545205],[2.537777414999255,41.57027433589559],[2.267083151250461,41.459857938792936],[2.247082961213721,41.44242477333967],[2.16472195231654,41.34249877504067],[2.151249660962208,41.31194306788012],[2.117360840441563,41.289299004351506],[2.078332899114855,41.2752761883155],[2.054166298021244,41.26860810328469],[1.761666533655216,41.21860505365868],[1.616388799857646,41.19583129549579],[1.139424753742958,41.26823723878857],[0.941880184279741,41.32580995628585]]],[[[3.273722554763966,43.235406277287964],[3.273722554763966,45.06126183205602],[3.840565931363017,44.72522464480306],[4.001945477075,44.727181428357646],[4.3588988503883,44.73150961311967],[4.853336307023767,44.75162194635658],[5.605564925248191,44.75162194635658],[5.605564925248191,43.20376615982554],[5.358680248985138,43.24874495836127],[5.352733593412497,43.25463447600458],[5.25763845097822,43.348815904930234],[5.218054758468838,43.33902357297177],[5.096388803736374,43.33693696053956],[5.072388173059551,43.3594665443573],[5.077479829501187,43.385517124535454],[5.09920503558881,43.39294053562406],[5.146804824303484,43.41666412307926],[5.188611018248931,43.43388366017873],[5.231527320825382,43.46583174569328],[5.231527320825231,43.46583174569493],[5.231527320825592,43.4658317456952],[5.229027272874532,43.493190770507226],[5.02416612110801,43.55263520228618],[5.010277258334895,43.51443862291529],[5.010277258335062,43.51443862291501],[5.010277258334643,43.51443862291386],[5.028193933123656,43.48409271134086],[4.990430843547756,43.45614622791345],[4.980901230329039,43.43752289158954],[4.967864054791505,43.428611747555635],[4.758961192390188,43.37414933186034],[4.677339535243748,43.36305642158341],[4.652777679684107,43.35971830680501],[4.613055233274622,43.3615226882294],[4.59263800724068,43.36652375200282],[4.573679942618903,43.387493128740154],[4.596110339077853,43.428153983570546],[4.596110339077737,43.428153983570645],[4.596110339078564,43.428153983572145],[4.574721332450849,43.44666291761513],[4.535554869513248,43.45832823365237],[4.316874502928215,43.50207520131818],[4.286110897205276,43.50555419210451],[4.249305263740212,43.49291608888831],[4.241433147935481,43.48595427454961],[4.241433147936053,43.485954274549286],[4.241433147934497,43.48595427454791],[4.289860233547448,43.45804975798112],[4.197777276229942,43.46110536354075],[4.162221899030328,43.471107491087025],[4.132325660042625,43.508499150719956],[4.130415935605015,43.539855944851524],[4.104513633169461,43.555618294995384],[4.056249614358421,43.56277465128426],[4.001945477075,43.5497561762159],[3.964722137216881,43.54083252608268],[3.913194188422665,43.52124786216524],[3.843610772223883,43.47555543628516],[3.722499833093252,43.41165922654113],[3.546666624422357,43.31971742343973],[3.414097067656542,43.287216180635994],[3.334999562881592,43.26527405543385],[3.313055501938834,43.25527192788775],[3.273722554763966,43.235406277287964]]],[[[5.605564925248191,43.20376615982554],[5.605564925248191,44.75162194635658],[5.990335104462986,44.75162194635658],[6.703521709749992,44.80586242307691],[6.915975632818117,44.82202032899227],[7.035467315418998,45.174578086545125],[7.04547330950527,45.21190547313225],[8.895748537664144,45.21190547313225],[9.033010561861033,45.093868001701765],[9.405097942424984,44.83807202895991],[9.42844715676381,44.82202032899227],[10.113923948863146,44.530422694722006],[10.269249666216641,44.501919101546314],[10.269249666216641,43.782248911670095],[10.26749896574637,43.796108227252944],[10.252222060679173,43.84333039165381],[10.23624898579152,43.87902452275421],[10.215693470435895,43.9049949632647],[10.179443355864294,43.944717409674524],[10.111804004146109,44.003749838382475],[10.090831762511755,44.0186080814305],[10.059721001035427,44.03305436012289],[10.027334199226857,44.04417418440403],[9.983606356680298,44.053878788589884],[9.714996343759253,44.114715560007596],[9.713921475366796,44.11523648252033],[9.66110992709497,44.14083098750365],[9.405097942424984,44.269079168392686],[9.37277603177813,44.28527070039718],[9.33652688507658,44.30971906792092],[9.231110583876557,44.34693910477506],[8.81555364786999,44.42555236463403],[8.74722099122829,44.42805098013679],[8.639999379449193,44.38832853372753],[8.495276467677627,44.322631852755364],[8.27402686976393,44.14083098750365],[8.248872023635185,44.11523648252033],[8.234304423354445,44.10041426830077],[8.15631865323121,43.98277283482611],[8.156318653231597,43.98277283482499],[8.156318653231143,43.9827728348243],[8.164650933337517,43.958747852528575],[8.067777636988694,43.8930511328424],[7.948888773430497,43.84638212573134],[7.738888733147121,43.796245587419776],[7.665485364778647,43.77957533612823],[7.531934735862023,43.78204344435676],[7.51583289549751,43.79096984202812],[7.48416615055072,43.78277588995854],[7.439292891461037,43.757522563982945],[7.420277103047624,43.737079631311815],[7.391609207740203,43.72754668861967],[7.246805188429107,43.70166014311536],[7.155694011702508,43.660552983885395],[7.074721354817882,43.572219866203625],[6.88819360411992,43.43457793297404],[6.846388803908155,43.424163802356986],[6.794166582318951,43.42277525676985],[6.703521709749992,43.358618933647506],[6.636388763623358,43.311103802765956],[6.63638876362343,43.311103802764435],[6.636388763623152,43.31110380276424],[6.637499801409721,43.287773131976],[6.599444376258191,43.19249724764603],[6.169756416305972,43.115341174742525],[5.816526888272278,43.117637621477],[5.678474423135583,43.19048310934846],[5.605564925248191,43.20376615982554]]],[[[0.941880184279741,45.21190547313225],[0.941880184279741,49.528763287203745],[5.605564925248191,49.528763287203745],[5.605564925248191,46.14757998562086],[5.588131114357054,46.110299366150514],[5.263184701714408,45.80697933895175],[4.79164444543585,45.75392323490843],[4.412448742640152,45.93586074307524],[3.861806243313538,46.28481820437656],[3.228778883931739,46.68727630913395],[2.505796765902176,47.067345990838476],[1.803963081088796,47.25752399899329],[1.348843847972603,47.32601148629135],[1.300369244400008,47.300948262214334],[1.010379631934711,47.15101254120651],[1.014265126232942,46.91527234601159],[1.300369244400008,46.59563182598455],[1.463067931199191,46.41386201019378],[1.738147579495231,46.152681827432986],[2.245922370952314,45.670564325627254],[3.019609755913091,45.21190547313225],[0.941880184279741,45.21190547313225]]],[[[0.941880184279741,49.528763287203745],[0.941880184279741,49.90820015986492],[1.071110981952415,49.92666242955505],[1.210972087143993,49.97291184549127],[1.232499847671201,49.981666581669124],[1.300369244400008,50.02246390473846],[1.372429865235075,50.065780636144396],[1.401666519903522,50.07888413016224],[1.438749893457798,50.100830088130756],[1.461111067826803,50.12416075891943],[1.461111067827051,50.124160758919864],[1.461111067827915,50.124160758920766],[1.505555405473103,50.20194242453414],[1.513924588843133,50.227572517258295],[1.534444323664786,50.29041290238325],[1.541815801238085,50.31617296653274],[1.554374943176155,50.36006163047493],[1.591805356340124,50.37041474654188],[1.603850851869154,50.36878969214464],[1.603850851866428,50.368789692146684],[1.603850851869538,50.368789692146265],[1.559791571783876,50.4018707280332],[1.577222104629584,50.528053269331394],[1.56416653955398,50.68471528831839],[1.564444318358028,50.705825819274935],[1.598610878968088,50.80916596104288],[1.624999749208093,50.87777709335357],[1.739583138089857,50.94527436169801],[1.7688887051306,50.95582581376679],[1.792777759708944,50.96277616852018],[1.943333135925146,50.99527741132425],[2.23527765240153,51.03805542457832],[2.359444158376974,51.05444336743234],[2.384721758542248,51.05194091916245],[2.415138479514026,51.05652235304596],[2.49222184599293,51.076110849730114],[2.516666419464569,51.082771307942075],[2.541666511829501,51.091110246997204],[2.555555335887794,51.09402465962305],[2.651157360737504,51.13111777723845],[2.863055233102351,51.2133331143554],[2.955277447615202,51.249717724197566],[3.019999986389603,51.27638243750158],[3.104027513251353,51.314857492542885],[3.131666678471476,51.32416534729545],[3.179721830850717,51.33610534495116],[3.273722554763966,51.354670142886874],[3.273722554763966,49.528763287203745],[0.941880184279741,49.528763287203745]]],[[[3.273722554763966,49.528763287203745],[3.273722554763966,51.354670142886874],[3.370865820052433,51.37385558120924],[3.406666262037543,51.38555144323592],[3.528888471243867,51.411663037965226],[3.550277710159797,51.40972137380359],[3.639721865628388,51.38166044937909],[3.734374751142465,51.35076141923088],[3.764166343981966,51.34527587825174],[3.864583013857025,51.33958054168526],[3.961388597994191,51.36972045172338],[4.001945477075,51.36985481819018],[4.212395177701232,51.37055204596883],[4.2388982953637,51.350425723062244],[4.255835524025652,51.33623887235119],[4.312013160924107,51.28638456504783],[4.302374836503532,51.263183588894094],[4.302374836504243,51.26318358889447],[4.302374836503297,51.26318358889219],[4.320626742883455,51.272758498444816],[4.3290263645483,51.29084976683007],[4.330212105437226,51.29340363860081],[4.295557505857573,51.31995011685717],[4.276387206615141,51.34428024933317],[4.252367954111037,51.37514493943928],[4.202499399754856,51.40499878570296],[4.056110395881319,51.425827008221745],[4.001945477075,51.42751627038572],[3.926944258581045,51.42985536224529],[3.903194190191584,51.397495273660184],[3.826388602516829,51.389858234217],[3.573055262373771,51.444442756441845],[3.538471936771771,51.45624543264552],[3.444235816250668,51.52936935747257],[3.455836708327577,51.54652847137952],[3.457430135226025,51.54888534130545],[3.485555171385396,51.56333161999771],[3.51736094123671,51.57721711458183],[3.571180110265836,51.59666441833241],[3.834999784156675,51.60666654587844],[3.870833172450116,51.600273142466534],[3.89930532564906,51.56853864659129],[3.929722085335655,51.54784395147254],[4.001945477075,51.50613118696937],[4.010871650166288,51.500975857828706],[4.103471740044128,51.44749449051787],[4.125555019464628,51.43833162275084],[4.149027347764669,51.43569181431414],[4.246735567834449,51.436870564313736],[4.264279380231866,51.44396973881942],[4.28361081053847,51.44805144185935],[4.283610810539131,51.44805144186105],[4.283610810539585,51.44805144186114],[4.289489718624856,51.4631128797571],[4.292013164462041,51.469577808653185],[4.292013164461952,51.46957780865341],[4.292013164462617,51.46957780865512],[4.284721383748092,51.48832704556003],[4.272823548394658,51.500975857828706],[4.264860644477665,51.509441370568425],[4.229632368757109,51.51861573663581],[4.209582817330727,51.515693658476266],[4.082777006211359,51.53083037719563],[4.001945477075,51.5872715912424],[3.997846611129659,51.59013365475452],[4.001945477075,51.591540631460205],[4.041943560729319,51.60527037347278],[4.070693957310109,51.61138533992876],[4.169721617020446,51.6055526819103],[4.193055152705497,51.599994666795794],[4.207509987372191,51.58947755476872],[4.207509987367245,51.58947755477511],[4.207509987373271,51.589477554770724],[4.186166780373469,51.61704254240328],[4.159860604979372,51.614856703897885],[4.137221806664627,51.61555097669145],[4.111943703207089,51.63360594080274],[4.106143952782816,51.65097809170652],[4.090971461572735,51.64034270591708],[4.066388134201816,51.629714946946024],[4.014305131091135,51.6187476977546],[4.001945477075,51.61747701472092],[3.973749619273349,51.61457822822723],[3.712656242718083,51.674675004653636],[3.69368029185091,51.68513489618289],[3.69329170381443,51.68719219423949],[4.054740368492715,51.68719219423949],[4.104166012837592,51.661941546844524],[4.119443885775421,51.674648291429065],[4.155833257539946,51.68388367204627],[4.167754168791422,51.685569779708175],[4.16775416878864,51.685569779709624],[4.167754168792271,51.685569779710136],[4.164636890470613,51.68719219423949],[5.605564925248191,51.68719219423949],[5.605564925248191,49.528763287203745],[3.273722554763966,49.528763287203745]]],[[[3.688957936038262,51.71013642099552],[3.711551694876394,51.729905445865086],[3.716180336264015,51.73395540175593],[3.780833227084518,51.746387464721664],[3.881944402041938,51.74388884921854],[3.964027399845669,51.733535771866414],[4.001945477075,51.71416412763792],[4.054740368492715,51.68719219423949],[3.69329170381443,51.68719219423949],[3.688957936038262,51.71013642099552]]],[[[3.986805455352794,51.80207826281185],[3.99208305905654,51.84679794022776],[4.001945477075,51.89702132179257],[4.018054970728858,51.97905731388694],[4.051805037349197,51.98541258320517],[4.089722173178615,51.984024037618234],[4.118332847988835,51.987632761752366],[4.1437492407691,51.999160756337304],[4.365416068252962,52.1744384848292],[4.404444203154149,52.2102737314338],[4.424721707416808,52.231384262390094],[4.441666601612308,52.25249479334639],[4.450520271835524,52.26501786217095],[4.494494439065594,52.32721709806306],[4.551110250250609,52.41971589122067],[4.574371350515118,52.454471575184],[4.657957567190465,52.453124996457504],[4.845251561525387,52.410198202165944],[4.885979663992575,52.3903732353863],[4.991944321844816,52.36110688645406],[5.12694358174134,52.33027649767443],[5.244304642519296,52.311870583756644],[5.294999603335231,52.29923248054069],[5.33044243656591,52.275825502849884],[5.337777152011512,52.275550859945916],[5.371735581771102,52.26909636455453],[5.380236478565084,52.26501786217095],[5.407499322110741,52.25193788071972],[5.422499648533414,52.24901963532711],[5.524466488704925,52.26501786217095],[5.528749479719544,52.26568984790383],[5.548610683566871,52.27874754229446],[5.566249385978047,52.30527114009453],[5.581388001723099,52.32527543390142],[5.605564925248191,52.341147638385614],[5.605564925248191,51.68719219423949],[4.164636890470613,51.68719219423949],[4.127222079437388,51.706665057028715],[4.055122870345781,51.75565652594278],[4.001945477075,51.79179060622162],[3.986805455352794,51.80207826281185]]],[[[5.596735019323319,52.74826050420597],[5.605564925248191,52.76053475922994],[5.605564925248191,52.65464644814785],[5.600554932776959,52.65819168518317],[5.596735019323319,52.74826050420597]]],[[[4.582013616458633,52.47708129867272],[4.654166225269755,52.751663226803245],[4.738818647974885,52.95666123544376],[4.783472045625778,52.96499634173212],[4.805763726900249,52.94992447032967],[4.808680075266889,52.926246643786854],[4.831249728919495,52.91013717660358],[4.867499340198631,52.89860534925185],[4.896111021594066,52.897079482212945],[4.937777532483761,52.90374756724363],[5.081063272859879,52.95735550823723],[5.132563114698296,52.98368835813938],[5.184206472359243,53.0055312959828],[5.224444406542368,53.032493610076614],[5.250693787301451,53.04916382265333],[5.301666255917731,53.07277680187952],[5.352733593412497,53.11649946244476],[5.41562463281176,53.17034530017873],[5.44249914170312,53.21193693661448],[5.462360384265263,53.228466033687255],[5.565461751786275,53.28374053462728],[5.579721909621007,53.2913856622002],[5.599165922612237,53.300277719830035],[5.605564925248191,53.302075428360205],[5.605564925248191,52.844941357226894],[5.584513177807594,52.839820850226545],[5.411943899121297,52.85374451761908],[5.370798102505444,52.880199435335186],[5.405971519331032,52.911315926603166],[5.405971519331151,52.911315926603564],[5.405971519332354,52.91131592660463],[5.415870024127147,52.9444947346805],[5.419582835588983,52.9569397111145],[5.41958283558888,52.95693971111527],[5.41958283558921,52.95693971111638],[5.409582605070341,53.03194045278855],[5.369860661952487,53.07041167506338],[5.352733593412497,53.067699877689805],[5.339166626754889,53.065551765509156],[5.296249395022357,53.04999541690057],[5.26305484729528,53.035270701252216],[5.198310357220294,52.99531554008411],[5.125050543388966,52.93239211751944],[5.125050543388769,52.93239211751802],[5.125050543388468,52.932392117517765],[5.11988401249231,52.8950576783824],[5.126111019625494,52.82249449894826],[5.196388244039352,52.75569154211288],[5.007553090314843,52.64153289347729],[5.007553090315128,52.64153289347601],[5.007553090314108,52.64153289347539],[5.037045959634156,52.50881575583149],[5.051792626583031,52.43803403865104],[5.016400819480339,52.40853880772869],[4.910225862747609,52.42918394788313],[4.727368818604361,52.482273110343954],[4.582013616458633,52.47708129867272]]],[[[5.605564925248191,46.14757998562086],[5.605564925248191,49.528763287203745],[10.269249666216641,49.528763287203745],[10.269249666216641,48.734993275536674],[9.268673825495455,48.61436455464235],[8.662472999618672,48.7594843997847],[8.22536811174325,48.95816005450297],[7.68697239224457,49.2104763207937],[7.198113365700806,49.348174687984056],[6.729243650377384,49.39408534300645],[6.703521709749992,49.389535740976164],[6.383165869991615,49.332872381080676],[6.18836615640123,49.065182670880404],[6.220758147969548,48.82060421316595],[6.537740266979256,48.35481573236194],[6.703521709749992,48.03811772741807],[6.781265220661737,47.88960161854857],[6.793171524976685,47.57723842401606],[6.759747549406825,47.24991504340039],[6.703521709749992,47.21798977465041],[6.076670464136669,46.86206099520297],[5.776248927365316,46.512572205184256],[5.605564925248191,46.14757998562086]]],[[[5.605564925248191,49.528763287203745],[5.605564925248191,52.341147638385614],[5.627082827921601,52.355274189720774],[5.67055511396914,52.37138365690406],[5.695130814522216,52.38011930667768],[5.731909734764287,52.39064025147154],[5.770417194106486,52.403587337633155],[5.81373547261639,52.4284630005798],[5.851249703356775,52.463054649868184],[5.851249703357202,52.46305464986892],[5.851249703358064,52.46305464986972],[5.863696151306936,52.48459184700881],[5.878054603009151,52.50943755448961],[5.87805460300896,52.509437554490084],[5.878054603009787,52.50943755449151],[5.872414589915365,52.523414609614974],[5.848055343897527,52.57777404389972],[5.849380822054588,52.58333552021975],[5.854999542996154,52.60691069819893],[5.758888231651383,52.60666656256984],[5.671804905657552,52.607772838434016],[5.605564925248191,52.65464644814785],[5.605564925248191,52.76053475922994],[5.615524396939771,52.77437919839912],[5.619166383652476,52.77944184279035],[5.665971744344827,52.82339860604388],[5.718352309530065,52.83802034028191],[5.718352309528162,52.838020340283],[5.718352309530928,52.83802034028378],[5.714444165010036,52.84027098739085],[5.648610588449344,52.855411538877036],[5.605564925248191,52.844941357226894],[5.605564925248191,53.302075428360205],[5.890832892573464,53.38221739538532],[5.981666561499384,53.398887646676855],[6.092499723595012,53.41082764433257],[6.177916067047402,53.413745889725185],[6.187288265823987,53.41242981827361],[6.194722168627916,53.409996050087116],[6.296943645790421,53.40193938075468],[6.452499388912955,53.42527771707691],[6.697499287504076,53.46193696982304],[6.703521709749992,53.462647262343474],[6.721110330989472,53.46472168781563],[6.741944322015819,53.46582792496505],[6.777499195923699,53.45915983993436],[6.867916099856501,53.427391042732225],[6.901666631054724,53.35027314263755],[6.942499650672989,53.32305143927723],[7.092290873853035,53.2564544839764],[7.200485698674971,53.24040986410975],[7.208364473428361,53.242805498202586],[7.20836447342941,53.242805498204206],[7.208364473429697,53.24280549820429],[7.229391914070122,53.27524490063339],[7.255833135061593,53.316036237207214],[7.255833135061325,53.31603623720725],[7.255833135062574,53.316036237209175],[7.082916274757679,53.33707808808208],[7.049930090170676,53.34110640339043],[7.018957618017453,53.37534330882079],[7.014999879817708,53.40985868992175],[7.021944040200424,53.44249725417819],[7.032360571135573,53.48235702203934],[7.093540665539791,53.58818815249004],[7.184721954797645,53.642219556139906],[7.232082834383423,53.667217248186255],[7.295832624693617,53.685272212297946],[7.341110221321205,53.688606254813294],[7.468749523712162,53.68596648509141],[7.698332795465284,53.700271609565036],[7.84333325375226,53.714164730967894],[7.882499677975829,53.717498773483236],[7.907499305762972,53.71944427041165],[7.937407295732417,53.71804781909816],[7.937407295732417,49.528763287203745],[5.605564925248191,49.528763287203745]]],[[[7.937407295732417,49.528763287203745],[7.937407295732417,53.71804781909816],[7.949166281230454,53.717498773483236],[7.981666556164129,53.715271006832126],[8.014305120420186,53.70833207294943],[8.054309826087488,53.66758922201531],[8.161248210739199,53.55867766792876],[8.166596430266184,53.52888487493094],[8.129443176470886,53.50971604685168],[8.093749045369748,53.50305175587272],[8.062429417461715,53.50090025740923],[8.062429417462205,53.50090025740771],[8.06242941746062,53.5009002574076],[8.072984702296175,53.468189257731],[8.097776431521954,53.44444275110479],[8.210276614875255,53.40304945067088],[8.234443680546548,53.40055083516775],[8.246249182931837,53.401802059302696],[8.286040309424706,53.420894619195224],[8.311873428483278,53.4563140686771],[8.311873428483384,53.456314068677756],[8.311873428484319,53.456314068679035],[8.319929129945592,53.505550371376046],[8.304999341917153,53.52485655962283],[8.26819421174514,53.52027512573903],[8.233679759799463,53.52312089699677],[8.236944193075647,53.55777739359991],[8.243055326764853,53.58610533410965],[8.269582757331705,53.60749434073668],[8.306110379703792,53.61694334970801],[8.332221974433104,53.615276328450335],[8.494443905560342,53.55499267560732],[8.56086730234151,53.515434263872805],[8.563688127535723,53.52369428945899],[8.56551935204999,53.52905653642563],[8.511734019770302,53.61721803132809],[8.490831387374499,53.64888380840574],[8.484096519286187,53.68631743489758],[8.535831716771083,53.79310187085544],[8.548053743579917,53.81832884016244],[8.569867392375606,53.84562110127524],[8.759660019789598,53.84562110127524],[8.775554661530432,53.84055327380169],[8.797222143828208,53.83583068569942],[8.853054057420955,53.82971955201022],[8.90749932245275,53.828048697985764],[9.01421910262637,53.84562110127524],[9.297540349655668,53.84562110127524],[9.322360049925212,53.82819364625648],[9.351387025150768,53.7980499421664],[9.37944411680849,53.76082611126006],[9.405097942424984,53.7348504583214],[9.412360188864888,53.72749710697731],[9.554999353100726,53.60443877389208],[9.577916162507474,53.58860778237954],[9.672777178871804,53.5555496269488],[9.695833206756511,53.55027771432378],[9.76474569519609,53.54373169710761],[9.809373850787022,53.533744823199044],[9.829060566959104,53.541698472406374],[9.829060566957105,53.54169847240719],[9.82906056695947,53.54169847240814],[9.779026971343342,53.56208039052939],[9.74108316100677,53.56500242997379],[9.724164980034345,53.56555175449637],[9.699443827917321,53.56832884567024],[9.67277717887265,53.57527161231985],[9.575277321942167,53.613609307194565],[9.553887386159033,53.62763595599699],[9.434165960485586,53.7440223712851],[9.417221066289528,53.77111054724537],[9.407775890085702,53.79222107820124],[9.405097942424984,53.798027788394364],[9.393749241282535,53.8226356698587],[9.350439837297776,53.84562110127524],[10.269249666216641,53.84562110127524],[10.269249666216641,49.528763287203745],[7.937407295732417,49.528763287203745]]],[[[7.04547330950527,45.21190547313225],[7.127468070234329,45.51778713820852],[7.395078523989241,45.72992409826372],[7.915469347625844,45.91185010737354],[8.288985762668744,45.80066274746366],[8.610505281180451,45.45719832040686],[8.895748537664144,45.21190547313225],[7.04547330950527,45.21190547313225]]],[[[8.569867392375606,53.84562110127524],[8.577360162346608,53.8549957197273],[8.604582794862505,53.879020702024256],[8.659026162868322,53.892635347756375],[8.68222140923099,53.89388657189132],[8.711596508081083,53.87034227274853],[8.729703884256235,53.860770225818996],[8.756387691761756,53.846664446205715],[8.759660019789598,53.84562110127524],[8.569867392375606,53.84562110127524]]],[[[9.01421910262637,53.84562110127524],[9.020555489277136,53.846664446205715],[9.105276088773056,53.863327031963706],[9.128887170973265,53.86610412313756],[9.215971000261117,53.86485673176939],[9.28340148554819,53.85554887701683],[9.297540349655668,53.84562110127524],[9.01421910262637,53.84562110127524]]],[[[8.280553800576286,54.77499389225801],[8.281642825035984,54.81182454331177],[8.282081603355152,54.82666396314232],[8.293333058010944,54.90055467361367],[8.301968102081728,54.92075981259764],[8.303709946743531,54.92483555479312],[8.461584758270883,54.92483555479312],[8.480276102538703,54.91582488101607],[8.497826573884453,54.91617583082217],[8.664545076018765,54.913093550754596],[8.664545076018571,54.91309355075596],[8.664545076019238,54.913093550755946],[8.662869779585264,54.92483555479312],[9.103328480974529,54.92483555479312],[9.103328480974529,53.8958115375364],[9.063055026861889,53.89804841460176],[8.984166156228014,53.89186860082924],[8.947498308793001,53.90721894790232],[8.927499783493943,53.91971589689922],[8.906804081789744,53.93471525545192],[8.883054748981124,53.96110536456683],[8.84999849057715,54.00888823564554],[8.84426974312416,54.03475190069253],[8.885693550832592,54.044719688196764],[8.92666625350661,54.03721617615385],[8.953054426880684,54.02638245436237],[8.974998487823225,54.01819229634472],[9.001804355346,54.02708052120779],[9.011943804344014,54.046939866743955],[9.011943804344035,54.046939866744104],[9.01194380434498,54.04693986674596],[9.01667826980259,54.08108201667317],[9.017221446761791,54.084999085947715],[9.017221446761722,54.084999085947786],[9.017221446761937,54.084999085949335],[8.97110939099315,54.13166046624178],[8.812776556697145,54.174995430837214],[8.637638085396816,54.27610397318733],[8.612042759293164,54.302463207083605],[8.609582890765012,54.30499649185697],[8.600484831600326,54.32638166571662],[8.61138124622459,54.35290069310077],[8.621944415337474,54.37860868794201],[8.642429353582543,54.39707944917539],[8.729703884256235,54.406588557047264],[8.76860999785498,54.410827622307536],[8.826526626854104,54.41471861616436],[8.84492967587552,54.40541076141179],[8.886943807097143,54.41416166482287],[8.994720473192586,54.45194244707071],[9.013957013485431,54.47499464218863],[9.01395701348531,54.474994642189905],[9.013957013485708,54.47499464219038],[9.011248602395995,54.50346756968577],[8.96402740586575,54.54235838313474],[8.850831981847818,54.620826733437866],[8.729703884256235,54.720092850843045],[8.696943298698102,54.746940594652585],[8.651318546316645,54.80672834941879],[8.635963914620163,54.81182454331177],[8.575277343967059,54.83196638304207],[8.517810813417782,54.854999530470366],[8.424510004133424,54.852798477042484],[8.39200685517186,54.85375942171952],[8.300901417370255,54.856452923374036],[8.300901417369955,54.856452923372586],[8.300901417369413,54.8564529233726],[8.294949550410834,54.82771668445744],[8.2944431279264,54.82527162350351],[8.294443127926408,54.825271623503326],[8.294443127926069,54.82527162350169],[8.295063372963078,54.81182454331177],[8.296595555545432,54.7786064104431],[8.295922229270143,54.77442360407434],[8.29083250676646,54.742805465168125],[8.280553800576286,54.77499389225801]]],[[[8.092915554098349,55.55620576031482],[8.12305449626502,55.598331467634395],[8.139444336145019,55.62471770526767],[8.180415141793059,55.71680070130256],[8.18099205987247,55.719747273376676],[8.185554494889914,55.74304961748538],[8.19138719162174,55.81069183409906],[8.276666639485118,55.834999086118714],[8.323888765170722,55.856109617075006],[8.395692824494766,55.89471816080152],[8.395692824494246,55.894718160802945],[8.395692824494972,55.894718160803336],[8.385276796852793,55.923332203802715],[8.338625133146717,56.00405000831099],[9.103328480974529,56.00405000831099],[9.103328480974529,54.92483555479312],[8.662869779585264,54.92483555479312],[8.654722198071397,54.981941230594146],[8.67610930767222,55.114166264213225],[8.560137760351495,55.091732034986194],[8.49208261151,55.062702194864755],[8.469720856418462,55.07930372735785],[8.457637768803087,55.12722016455125],[8.475137717313704,55.179580675460684],[8.497360215212169,55.19624709398545],[8.563054070002586,55.193744645715554],[8.570809383207907,55.17856979290317],[8.559304230364774,55.1593704188349],[8.55930423036524,55.15937041883445],[8.559304230364518,55.15937041883324],[8.576959618861345,55.142330170046186],[8.638023375244668,55.13174821070248],[8.689026815713664,55.1400642305866],[8.689026815713696,55.14006423058819],[8.68902681571393,55.14006423058822],[8.689443580707291,55.16027069316374],[8.661388386075487,55.203330976140705],[8.661804183198797,55.317077621706346],[8.660665561391458,55.32118587953993],[8.638053882520126,55.402771008381535],[8.618193607828118,55.431106575710146],[8.594582564342602,55.44208145172041],[8.536109913157986,55.44916533387328],[8.474026679528436,55.45402528214237],[8.444859517954285,55.45207978521398],[8.307498925291213,55.553329481782725],[8.25694275709077,55.491104126063476],[8.092915554098349,55.55620576031482]]],[[[8.303709946743531,54.92483555479312],[8.307221417490378,54.93305204493427],[8.373332966429501,55.03333282580554],[8.38819314521863,55.049163817318075],[8.39200685517186,55.050577523029425],[8.408054349065957,55.056526175142224],[8.454235084918768,55.050968160027736],[8.453089105251676,55.049036569780675],[8.438331619271809,55.024162292506524],[8.40763758407428,55.00930021669143],[8.39200685517186,55.00267155379476],[8.371944420843192,54.99416349797207],[8.356099729080485,54.97045528007367],[8.353193286911434,54.96610640631305],[8.39200685517186,54.951549524238864],[8.455801021792137,54.927623763167844],[8.461584758270883,54.92483555479312],[8.303709946743531,54.92483555479312]]],[[[9.103328480974529,53.8958115375364],[9.103328480974529,56.00405000831099],[10.269249666216641,56.00405000831099],[10.269249666216641,55.98208005865946],[10.268434877481319,55.97921671801998],[10.250832547221048,55.917358391564036],[10.184581741089517,55.828189846871],[10.14305402281559,55.8411750671263],[10.128400813431938,55.865898116268625],[10.099720955245118,55.877914420826414],[10.080492000593733,55.87815358223286],[10.055554396403977,55.878463745348824],[10.012290008918058,55.8746223451717],[9.982498183788891,55.871665965685565],[9.869582164598057,55.84374619547975],[9.869582164600576,55.8437461954784],[9.869582164598299,55.84374619547784],[9.887221331587266,55.83430098055848],[9.922777173365546,55.82860564399199],[9.95638848608581,55.82499695857268],[9.999999990611308,55.82163999688633],[10.044443128097072,55.81568910382012],[10.04575249384949,55.754004819701294],[10.045831673683892,55.75027465385796],[9.99277688998086,55.704994192333686],[9.831665028769066,55.67138671238024],[9.806943876653463,55.66985701257465],[9.730123538633052,55.68706512880311],[9.646110529827979,55.68971635811033],[9.646110529830905,55.68971635810892],[9.646110529826991,55.68971635810904],[9.721721649286998,55.65310669904207],[9.81916618274428,55.60472107699505],[9.704166416019234,55.53110504814373],[9.5918499121317,55.420289797326454],[9.58972166489276,55.41818999682147],[9.600832933199403,55.39958191413507],[9.610275283222034,55.394439696143486],[9.597568499923682,55.371520989712224],[9.597568499923845,55.371520989712025],[9.597568499923039,55.37152098971057],[9.638020154392468,55.32118587953993],[9.67145727465319,55.27957914789477],[9.613471036415945,55.192497254349064],[9.574582081277129,55.18951032887355],[9.489442819763894,55.15193938092705],[9.489442819762845,55.151939380925924],[9.489442819762292,55.15193938092568],[9.47863372568431,55.140403965420234],[9.461525914453773,55.12214658792834],[9.461525914453981,55.122146587928015],[9.461525914452928,55.12214658792689],[9.507499680899961,55.050277720001034],[9.548610672896363,55.03249360474136],[9.636388774977679,55.01638793161004],[9.725624102729327,54.98992538707463],[9.746665953602225,54.947776799297394],[9.766110431171043,54.89638520408476],[9.735519416098782,54.83079529857605],[9.624165539729802,54.85360719083161],[9.627058968925951,54.8834228642869],[9.637524736985272,54.898462099585906],[9.642846096550628,54.906108855959516],[9.642846096550574,54.9061088559596],[9.64284609655175,54.90610885596129],[9.631874085437687,54.92353822736305],[9.59749889068513,54.92777250549244],[9.502777092798965,54.868331906479966],[9.451873768843711,54.83353804970824],[9.44535825890165,54.82540131813687],[9.440748210072302,54.81182454331177],[9.439442635032492,54.80797957355355],[9.43944263503296,54.80797957355361],[9.439442635032428,54.807979573552046],[9.469829519734596,54.81182454331177],[9.578332888785777,54.82555389322438],[9.707396446914657,54.81182454331177],[9.902151119615375,54.79110719220672],[9.9358329707302,54.78194428572486],[9.972012508192567,54.76075744786644],[10.037360175099241,54.66823577425263],[10.03999901566554,54.63307188127048],[10.03249929767464,54.55527496202034],[10.004304884565386,54.52373504681077],[10.004304884566048,54.52373504681055],[10.004304884564881,54.52373504680924],[10.080492000593733,54.498070522035015],[10.10610963544908,54.48944092088102],[10.126943587760614,54.48971556378498],[10.269249666216641,54.457785898234],[10.269249666216641,53.84562110127524],[9.350439837297776,53.84562110127524],[9.33277607756844,53.854995719729004],[9.282360095715148,53.87555313211078],[9.234443658522707,53.88638305984995],[9.213054651894993,53.88971710236541],[9.103328480974529,53.8958115375364]]],[[[8.105554586469111,56.11804960922592],[8.113611879807355,56.33990855199626],[8.121178608576486,56.54825971590151],[8.13699807679348,56.587208392270306],[8.160694124294093,56.645549777243005],[8.174008463042476,56.66545891711177],[8.175554264368794,56.667770378115975],[8.19472123413708,56.69138335734168],[8.220727911715311,56.70742418315638],[8.237777723061892,56.68777467192237],[8.415832504012833,56.57833098456925],[8.643540391369129,56.474296570007965],[8.729703884256235,56.48841093446441],[8.740206718313516,56.490131394287275],[8.740206718313955,56.490131394288824],[8.74020671831397,56.490131394288824],[8.75691413582922,56.548995955555085],[8.729703884256235,56.57162927838896],[8.71388722502411,56.58478547996225],[8.68083189577493,56.61784363539232],[8.729703884256235,56.65410773992435],[8.867916094521245,56.75666427990575],[8.959999090556135,56.80527495117829],[9.072783479372927,56.80761336477323],[9.110832206861573,56.79228593687105],[9.116151816139714,56.69628523375761],[9.06369401489735,56.65516282089129],[9.052375148644211,56.6196393619178],[9.044721587078033,56.59561920175212],[9.062915808382503,56.56575776738474],[9.091874103524656,56.57180405375732],[9.123332020755146,56.603000645980515],[9.16870690771508,56.617107395737484],[9.218332294312255,56.6337432682725],[9.248888001473102,56.63333130391655],[9.278311726131957,56.61312867410784],[9.352915757086055,56.568466178475205],[9.352915757085439,56.568466178477436],[9.352915757086123,56.568466178477024],[9.323056219745297,56.67638016602456],[9.267325390537962,56.69610594544531],[9.171839710618258,56.67464829745029],[9.16499899622266,56.8924942048922],[9.178199780572815,56.9160308772162],[9.302568416602053,56.99985503515005],[9.365554828172407,57.01221466269526],[9.405097942424984,57.01748871808906],[9.417637831282669,57.01916122339669],[9.769443505816191,57.053745284581154],[9.974273685729795,57.07173156860945],[10.080492000593733,57.03374557416611],[10.12360954524527,57.01832579638446],[10.211387647326585,56.985828386347166],[10.269249666216641,56.96370804835993],[10.269249666216641,56.731198689974015],[10.240554808901493,56.71777342774328],[10.156943311451073,56.720272081961184],[10.080492000593733,56.70185464973959],[9.866388308431851,56.65027619811377],[9.866388308434269,56.65027619811276],[9.866388308431315,56.65027619811205],[9.88638876947142,56.64193725905692],[9.93305398253036,56.641662616152956],[10.003610611771414,56.659164422975124],[10.077220910831091,56.68610381789792],[10.080492000593733,56.68644022978762],[10.177221280290823,56.696388253881466],[10.269249666216641,56.69620119566146],[10.269249666216641,56.59267418406119],[10.245553975648193,56.57332612674605],[10.214720721972071,56.54430387472809],[10.20143111581674,56.506967101789655],[10.187776565126377,56.46860502749344],[10.228471760000051,56.48110960330936],[10.228471759999799,56.481109603310884],[10.228471760000502,56.4811096033111],[10.224164969020665,56.506942761083636],[10.226197638281567,56.517965396111656],[10.231873514729532,56.54874419310602],[10.269249666216641,56.5546001191728],[10.269249666216641,56.19452550936966],[10.23936653505666,56.17260741822798],[10.217776288816594,56.141799909904364],[10.217776288817015,56.141799909903895],[10.217776288816136,56.14179990990264],[10.238401413410724,56.1187477147847],[10.258748991490155,56.08763505628238],[10.269249666216641,56.05321279022816],[10.269249666216641,56.00405000831099],[8.338625133146717,56.00405000831099],[8.311387054250986,56.051177972306846],[8.262915601456712,56.07888411415814],[8.223888395712265,56.092773441508996],[8.141456616131904,56.109024062911146],[8.105554586469111,56.11804960922592]]],[[[10.269249666216641,56.731198689974015],[10.269249666216641,56.96370804835993],[10.285138132734623,56.957633973237456],[10.305276883096996,56.7480544919998],[10.269249666216641,56.731198689974015]]],[[[10.269249666216641,56.59267418406119],[10.269249666216641,56.69620119566146],[10.316110604888593,56.69610594544395],[10.343054761733747,56.692634581476625],[10.35694312121425,56.67652511429335],[10.350655921850546,56.663623513214816],[10.337665543216247,56.63696670256081],[10.317747118872035,56.61972807905664],[10.305265423511912,56.61623383463325],[10.288082123479626,56.608051303434706],[10.269249666216641,56.59267418406119]]],[[[10.269249666216641,56.19452550936966],[10.269249666216641,56.5546001191728],[10.31562996044924,56.56186677352792],[10.348845491606596,56.54925917758689],[10.42027664982393,56.52610779511063],[10.508888243176674,56.51082612812084],[10.53027724980371,56.50833130666968],[10.584999093480267,56.51138304074751],[10.646110546516773,56.521659849912325],[10.75588605876248,56.53163994123346],[10.765275950004384,56.53249361041862],[10.78694343230216,56.53416442572825],[10.847638120345543,56.522357955472565],[10.866665832921441,56.51235962197849],[10.961943614277915,56.44221878986088],[10.935573382312056,56.378096741975924],[10.921388644468509,56.343605030246835],[10.917965733830473,56.33990855199626],[10.907499317118209,56.32860563298095],[10.75588605876248,56.17492274842265],[10.744998949035335,56.163887022091615],[10.683887495998135,56.194370255117406],[10.683887495998135,56.2194404600138],[10.641943941886268,56.22943879350811],[10.616388330628524,56.225482952334005],[10.589721681583853,56.20722198668699],[10.589721681582903,56.20722198668572],[10.589721681582542,56.20722198668547],[10.57650489979482,56.18951127598853],[10.552429209308457,56.15724944433572],[10.5524292093086,56.15724944433548],[10.552429209307611,56.157249444334155],[10.574234980927274,56.12096785461791],[10.548817620277418,56.10041044223681],[10.51972103581329,56.099720002210404],[10.389999379619553,56.16194152516323],[10.355692864951436,56.197494502043874],[10.437359794626996,56.21992493721804],[10.479442605932022,56.220550529928104],[10.479442605932684,56.22055052992942],[10.479442605933343,56.220550529929426],[10.504929537107955,56.27103805676194],[10.448610320127273,56.29193879213102],[10.400554664454887,56.29083251626719],[10.269249666216641,56.19452550936966]]],[[[10.269249666216641,55.98208005865946],[10.269249666216641,56.05321279022816],[10.279722200994275,56.01888276975161],[10.269249666216641,55.98208005865946]]],[[[10.269249666216641,48.734993275536674],[10.269249666216641,53.84562110127524],[13.825840996391578,53.84562110127524],[13.959165566589164,53.774993914281694],[14.132856349606218,53.72633230424198],[14.22388837970523,53.700828560906515],[14.256387725483325,53.697357196939194],[14.275627130672543,53.699066146342474],[14.366109849792366,53.69944001531958],[14.410693173626491,53.68054962419567],[14.524999635430241,53.660552995922345],[14.554721851319655,53.67860412726726],[14.620277416787694,53.76791382618025],[14.62027741678755,53.767913826181385],[14.620277416788042,53.76791382618205],[14.617101637600044,53.79310187085544],[14.614166244384364,53.816383343235486],[14.582841265260134,53.84562110127524],[19.596619148153543,53.84562110127524],[19.596619148153543,44.275225180332455],[19.214731524418823,44.51283073814608],[18.66991011021497,44.868537998804925],[18.24300191433997,45.13295981110656],[17.664826366202192,45.50390134780355],[17.50982664044996,45.60458164054609],[17.2682436370888,45.76150222464378],[17.060435752887656,45.95860906179979],[15.69119500542422,47.16622662848039],[15.46490847966703,47.219480751030915],[14.892174133873027,47.28796135164828],[14.316244146104225,47.52393391263075],[14.10408205367213,47.74481584013955],[14.142027973272604,47.89722346000019],[14.414823933072341,48.064942899238986],[14.738771883214781,48.164084869856595],[15.154837296049607,48.278511818704715],[15.692207682260118,48.331922937932575],[16.157990198274945,48.42350245199185],[16.469675010544563,48.538008121028554],[16.464351834996364,48.728928209932405],[16.195268963608612,48.85880913148367],[15.703813504595132,48.935230592663345],[14.970921313934923,49.065182670880404],[14.349904903472122,49.13399898926815],[13.721014444719856,49.126352110522475],[12.968752663781459,49.01166756110001],[10.409030212491643,48.75184512006143],[10.269249666216641,48.734993275536674]]],[[[21.310336727234752,40.89504765906075],[21.928461518637768,40.89504765906075],[21.928461518637768,40.080117057846344],[21.715567603261263,40.180526374621024],[21.33304709374181,40.8046945434192],[21.310336727234752,40.89504765906075]]],[[[21.928461518637768,40.080117057846344],[21.928461518637768,40.89504765906075],[23.09438270387988,40.89504765906075],[23.09438270387988,40.306750521846546],[22.91297910579994,40.39041582390888],[22.89944075746388,40.39665985663453],[22.843608843871266,40.47499847358915],[22.868747728850025,40.5033302468639],[22.888885511341638,40.50388336543859],[22.91297910579994,40.510108714062575],[22.922222142443115,40.51249694739769],[22.9466629218628,40.51972198376986],[22.946662921864522,40.51972198377153],[22.946662921864572,40.51972198377155],[22.95005784467357,40.52301120253268],[22.977046967529954,40.54915999419578],[22.977046967529876,40.549159994195975],[22.977046967531578,40.54915999419762],[22.94492722052331,40.62652206863629],[22.91297910579994,40.63968988094376],[22.901454934476078,40.64443971129543],[22.86326218787218,40.62902451690604],[22.704441082317715,40.51832581136574],[22.704441082317445,40.51832581136525],[22.704441082315935,40.5183258113642],[22.62999725327001,40.38304900495251],[22.548191066399934,40.14936827322939],[22.568885800233506,40.05722046859269],[22.594997394962814,40.01221464997269],[22.615833283015146,39.995552064214706],[22.625825886716466,39.98917008167349],[22.702844638167637,39.95791243618564],[22.856872539795642,39.781387316325564],[22.860553738065132,39.75110625206869],[22.866247177605633,39.72652435714507],[22.91297910579994,39.61906429112247],[22.913055403194488,39.61888884526838],[22.92694283351855,39.58902357813608],[22.91297910579994,39.59611588093278],[22.37082889868026,39.87147884329278],[21.928461518637768,40.080117057846344]]],[[[23.09438270387988,40.306750521846546],[23.09438270387988,40.89504765906075],[24.260303889121992,40.89504765906075],[24.260303889121992,40.80621864729646],[24.152915965381908,40.74096678104712],[24.090414031017474,40.71763611025858],[24.060274120979273,40.716941837465185],[23.991804104170626,40.729026783391646],[23.96611024230492,40.73749541707963],[23.912082671421672,40.75694275954561],[23.886665349485952,40.77527619932761],[23.841386784987833,40.786800399860965],[23.72201154719812,40.74464797931688],[23.72201154719681,40.744647979315246],[23.722011547196463,40.744647979315125],[23.704645412018063,40.723046938659294],[23.69638826244153,40.712776200704695],[23.696388262441488,40.712776200704496],[23.69638826244005,40.712776200702706],[23.689373021655225,40.67943953088641],[23.77123512766893,40.54970712892319],[23.827011122118048,40.461315147771856],[23.8586082578265,40.42194365116849],[23.882982254188757,40.400272374818755],[23.922775277707604,40.38416290763548],[23.926070193053064,40.38368550544529],[23.96110917853014,40.37860868657294],[24.003887191784212,40.38513182333291],[24.17555426040119,40.34985732212175],[24.23958016477835,40.31291200560096],[24.260303889121992,40.2938108993735],[24.260303889121992,40.17923351135098],[24.162498463038048,40.27853774000573],[23.930553432656325,40.361244201204556],[23.926070193053064,40.36242000935783],[23.90777588044199,40.36721801344197],[23.841388720728673,40.37221907721499],[23.72972106077674,40.3512497004769],[23.7297210607754,40.35124970047557],[23.72972106077476,40.35124970047545],[23.704467873081555,40.32616714892918],[23.699233994984127,40.3209686362203],[23.69923399498407,40.32096863622014],[23.699233994982496,40.32096863621857],[23.691108684281478,40.29777528688189],[23.70208166326574,40.268466932374395],[23.724719997001745,40.24082947060617],[23.78742789418654,40.19221879933364],[23.879997264453532,40.17388152678443],[23.908054356111254,40.163471228934405],[23.926070193053064,40.15416153956863],[23.97444151582474,40.12916564342068],[23.990970612897524,40.11249543084396],[24.008104462531044,40.04034579269502],[24.014371860795574,40.01395414536572],[23.98853874173765,39.9526328967434],[23.942218787407796,39.94332887475804],[23.932220453913715,39.94305419313912],[23.899997725495382,39.96804809113337],[23.826942442036284,40.02555085875059],[23.81835698732212,40.04034579269502],[23.79055214111628,40.08826065296114],[23.762496946484646,40.124717698224174],[23.72555542401568,40.168052662819434],[23.70305251470569,40.191665642045734],[23.67110826195784,40.218330394064935],[23.645969376977916,40.230831137113626],[23.58837316396869,40.24235989331774],[23.40103912634072,40.27985764422368],[23.376663194237665,40.265548686983436],[23.365936903739737,40.256116372954345],[23.353610999117958,40.24527741580448],[23.332151415381542,40.20996094773289],[23.36805344504356,40.14388273225025],[23.47972106628102,40.045272844118244],[23.48727851523159,40.04034579269502],[23.504858015520146,40.02888490126423],[23.604305266405166,39.99707793125362],[23.675552374387724,39.97138213364703],[23.74666405794327,39.925273910645046],[23.7184715418623,39.91388703156497],[23.64360808292679,39.91610717139747],[23.60402679073593,39.92069243804775],[23.436943053028585,39.971107490744714],[23.379444118178014,39.992774973042685],[23.358650084964495,40.04034579269502],[23.322498340617244,40.12305067696644],[23.32402610468199,40.1820793116226],[23.312913907219865,40.21825791992944],[23.294582364463565,40.235832200886705],[23.263051973097674,40.24888610122554],[23.177497882330442,40.27304840497442],[23.11083220823116,40.299163832470526],[23.09438270387988,40.306750521846546]]],[[[19.596619148153543,44.275225180332455],[19.596619148153543,45.21190547313225],[24.260303889121992,45.21190547313225],[24.260303889121992,40.89504765906075],[21.310336727234752,40.89504765906075],[21.119426898346376,41.65458176174894],[21.053465847257144,42.054936114202235],[21.0517335022518,42.077791137607676],[20.97751479084701,43.05696698366859],[20.5728360685967,43.55859771344154],[19.94150767181395,44.06063998574973],[19.596619148153543,44.275225180332455]]],[[[25.464438729603888,40.89504765906075],[27.453472155441933,40.89504765906075],[27.452495558198233,40.89248658204063],[27.445552830263644,40.85235596532752],[27.291526786948225,40.70026779212196],[27.176662444647604,40.63165282704233],[27.137382508583812,40.61794282671849],[27.020280837072278,40.592216483122286],[26.97055053332417,40.55471038249311],[26.965343454812434,40.55347193569988],[26.949514236653897,40.54970712892319],[26.878326421785175,40.53277588411049],[26.72541044838482,40.478050246381486],[26.6799259210664,40.448257453382666],[26.679925921066427,40.448257453382546],[26.679925921064406,40.448257453381224],[26.684926984837354,40.42727661705846],[26.614997845334187,40.356109610031524],[26.581661214232497,40.32638166434947],[26.550830825452977,40.30638886884253],[26.44027327413187,40.2374878012738],[26.44027327413059,40.23748780127244],[26.440273274130046,40.237487801272096],[26.369199633474402,40.1615219936152],[26.34749983807012,40.13832854990437],[26.347499838069336,40.138328549903456],[26.34749983806846,40.138328549902525],[26.32193756786277,40.10859681016941],[26.289949396643685,40.091471624707616],[26.217912677146956,40.052906050796196],[26.164405820537695,40.05197143642573],[26.24332999908262,40.171798708405845],[26.259857160414924,40.19693755467097],[26.267637251102542,40.2184677155164],[26.267009722651665,40.25901796211963],[26.23166658007193,40.301658615206804],[26.211593644896922,40.322147386219456],[26.241939556468257,40.34027099169844],[26.289949396643685,40.36374607622912],[26.41805267325756,40.42638396954806],[26.543155651914713,40.48298646283641],[26.604719177856435,40.50763320507666],[26.624992384774526,40.51027680756531],[26.64666366112426,40.50832368381816],[26.682914743566403,40.50985334490904],[26.764659092170287,40.54970712892319],[26.77722167348563,40.555831911993245],[26.797496777429703,40.567771909648954],[26.82582855070621,40.59158705764376],[26.82582855070612,40.59158705764391],[26.825828550707854,40.59158705764537],[26.792913446521993,40.65068816643702],[26.773744579727122,40.65999222713771],[26.76389123321883,40.659988394370714],[26.691942225624018,40.639160171851756],[26.671104440545605,40.63693236648635],[26.636943803302586,40.63610077224064],[26.58027266864559,40.63165282704233],[26.438049301532715,40.61665342977534],[26.352773647721165,40.607498150112065],[26.314857479761997,40.59415818599882],[26.289949396643685,40.59228887225289],[26.28888320648491,40.592208856303444],[26.14860533630025,40.592208856303444],[26.11860847750671,40.595127101695994],[26.076105107156536,40.61367033706614],[26.05735780599241,40.65359878501056],[26.044719702776376,40.73582460177022],[26.04194261160228,40.80721282525701],[26.022777538859657,40.829719528618966],[25.911659242145276,40.847770698678346],[25.80554963602208,40.85248565996193],[25.77111052310829,40.85137938409798],[25.74860765251293,40.848052968401475],[25.719993609513892,40.84583282856897],[25.682216660032793,40.852218643877166],[25.614555338474936,40.86367409465393],[25.580554960393442,40.869430554157475],[25.50138854324524,40.88665771807564],[25.464438729603888,40.89504765906075]]],[[[24.60157478362522,40.89504765906075],[24.858679920674113,40.89504765906075],[24.858608235803104,40.894996657131],[24.80134391273708,40.85196684271409],[24.780277245667094,40.85194396225819],[24.626457203885536,40.86117554882344],[24.60157478362522,40.89504765906075]]],[[[24.260303889121992,40.80621864729646],[24.260303889121992,40.89504765906075],[24.336982286767945,40.89504765906075],[24.3173579976248,40.87652589589484],[24.313608157986835,40.83860779219608],[24.26376722213744,40.808323064020705],[24.260303889121992,40.80621864729646]]],[[[24.260303889121992,40.89504765906075],[24.260303889121992,45.21190547313225],[26.592146259606217,45.21190547313225],[26.592146259606217,40.89504765906075],[25.464438729603888,40.89504765906075],[25.4194374081045,40.905265800762265],[25.35194207550063,40.93887711348253],[25.306318290989225,40.94561387859682],[25.23555372447231,40.93833162172638],[25.17638776836418,40.94193268032706],[25.15798379018719,40.96726990130895],[25.163608549644493,40.99165725428247],[25.14180374589472,41.01033781110402],[25.074508685033493,41.007621773194955],[25.037700651249907,41.004558579531476],[24.887496960421288,40.91555023674562],[24.858679920674113,40.89504765906075],[24.60157478362522,40.89504765906075],[24.59916306510479,40.898330699646465],[24.56458090094651,40.95062256918817],[24.507774341863694,40.95499420748433],[24.431110372985074,40.944160446978],[24.394302377916347,40.93555449183782],[24.337219240188915,40.89527130003478],[24.337219240188222,40.895271300034125],[24.337219240186943,40.89527130003322],[24.336982286767945,40.89504765906075],[24.260303889121992,40.89504765906075]]],[[[26.592146259606217,40.89504765906075],[26.592146259606217,43.0534765660965],[27.8946738634278,43.0534765660965],[27.88735581755522,43.0369377104696],[27.88638686314297,43.0141525314369],[27.896381363870272,42.92498778079463],[27.9038829788872,42.89110945198913],[27.90166473608084,42.85555268105592],[27.879165659539126,42.841102608312724],[27.879165659539343,42.84110260831207],[27.879165659537573,42.84110260831093],[27.898120897978114,42.78401947058324],[27.894094479695383,42.703052504779265],[27.805549630686926,42.70805360726689],[27.771940214992526,42.71360778961474],[27.73291208009158,42.71110534134442],[27.51069070158445,42.552219388473816],[27.498936842816104,42.53925412316322],[27.495830522793785,42.535827651565924],[27.44957924854641,42.47298049718835],[27.46499250719543,42.44943236527879],[27.51520349409785,42.43513490633871],[27.55388261493373,42.4488754139373],[27.616664883279864,42.447219852265135],[27.6791648819033,42.41831970677646],[27.70034219591702,42.39527130571049],[27.70388793104568,42.36888886212917],[27.75541305365888,42.25429916273232],[27.78055189992398,42.22721861359076],[27.85721970156906,42.16416166362584],[27.899162287810906,42.133605956465],[27.93888856698715,42.10304258377061],[27.963455742590835,42.077791137607676],[27.968608847135773,42.072494503428494],[28.00055313859836,42.037075053946616],[28.02180099100664,41.99416351329252],[28.01305388164751,41.982215888818075],[28.02833175458534,41.93748475181686],[28.032493597294064,41.90915681130792],[27.98773957983849,41.890506761761856],[27.98773957983743,41.89050676176058],[27.987739579836767,41.8905067617603],[27.965482703181788,41.86360929498311],[27.967634201645584,41.828468321171975],[28.076663988901952,41.64777373178434],[28.090549483486082,41.63138578893032],[28.132217388109144,41.59416199673879],[28.197219835002475,41.53790665920459],[28.21694182037184,41.523597701964185],[28.242774978145224,41.508880613134615],[28.260786039655688,41.50207520665194],[28.292911516456673,41.48582458524991],[28.316131571149928,41.47607543411357],[28.331943522839456,41.469436642395884],[28.45805359000251,41.41943359276964],[28.79249954108821,41.29721068669664],[28.834995284619577,41.282218916248276],[28.92398863009044,41.25966671128677],[28.92398863009044,40.99011855328041],[28.90249251425115,40.97777559246492],[28.827182750917927,40.95597458276728],[28.627773303381673,40.960540763013285],[28.519300467466564,40.99026487592903],[28.468053820524176,41.02013014306323],[28.448053359484163,41.033744827509906],[28.423469528819624,41.04360580083738],[28.376106248915335,41.054435728576664],[28.316131571149928,41.065558301444206],[28.242774978146883,41.07916261048581],[28.21305465928333,41.08026884763535],[28.15791128869131,41.0774917564616],[28.1319427452068,41.07166289249483],[28.117227553403268,41.06526948908299],[28.076526628736758,41.05971147396855],[28.074924482513364,41.05906846515135],[27.996942517440004,41.02777101527283],[27.996942517439038,41.027771015271355],[27.996942517438253,41.02777101527104],[27.97951124901091,41.001174943336004],[27.942077622518696,40.968742380616675],[27.88805388440244,40.96804048100432],[27.85527420464217,40.97693633268642],[27.828052539996918,40.99388885370041],[27.77652358461694,41.009990694065095],[27.731941228653227,41.01249314233485],[27.686107648554184,41.007209770124575],[27.5053424820573,40.981307970982584],[27.485136019481956,40.964164740784895],[27.48513601948188,40.964164740784746],[27.48513601948027,40.964164740783374],[27.460548394763894,40.91360473981565],[27.453472155441933,40.89504765906075],[26.592146259606217,40.89504765906075]]],[[[26.592146259606217,43.0534765660965],[26.592146259606217,45.21190547313225],[28.143294576597988,45.21190547313225],[28.201114537876038,45.03082515700339],[28.16816823599612,44.789334356423694],[28.266607986380507,44.5379622597473],[28.316131571149928,44.50159586776585],[28.62888337329616,44.271934491621295],[28.6288833732961,44.27193449161926],[28.63277053438615,44.1574935732599],[28.660274507469165,43.97554779845213],[28.64722060713049,43.954429640677105],[28.613605500358272,43.88165283288886],[28.594993584905094,43.83165741008135],[28.58527755984854,43.80081939448299],[28.57943727501134,43.76137542374426],[28.583244335147302,43.747764572064106],[28.576381669451923,43.73304748323453],[28.56999968691071,43.68971251863898],[28.577564252218284,43.59165574908168],[28.600412381541634,43.56186675013485],[28.60513496964391,43.53395081269588],[28.592494969401972,43.50332259268486],[28.55763243254772,43.45331954305999],[28.544565172243097,43.44060180262234],[28.541660325531637,43.43777465403687],[28.52555465240073,43.42581940274391],[28.47944259663143,43.39332578675845],[28.453331001901972,43.38527678295969],[28.431388837985423,43.38943483161671],[28.40846633750084,43.39846421069831],[28.382495896990008,43.41276550240565],[28.33596610835707,43.42165376598359],[28.316131571149928,43.42165376598359],[28.29972075570771,43.42165376598359],[28.150411609414903,43.40444181698791],[28.127220157104546,43.39498518119791],[28.103790034047016,43.37401706978036],[28.084854108204784,43.35707091026294],[28.07166288641412,43.322776784334714],[28.053331382372487,43.28082273850736],[28.015831011536278,43.225822457875005],[27.944999700677897,43.16721345311015],[27.944999700677474,43.1672134531092],[27.94499970067635,43.16721345310827],[27.913716808882345,43.096513810064],[27.8946738634278,43.0534765660965],[26.592146259606217,43.0534765660965]]],[[[24.260303889121992,40.17923351135098],[24.260303889121992,40.2938108993735],[24.26376722213744,40.29061873706077],[24.381526953246702,40.182079311620804],[24.394094479352923,40.14801790045188],[24.309719099872325,40.119373311463846],[24.29284478278629,40.131381989202794],[24.284721369111026,40.15444184985438],[24.26376722213744,40.17571710507943],[24.260303889121992,40.17923351135098]]],[[[19.596619148153543,45.21190547313225],[19.596619148153543,53.84562110127524],[28.92398863009044,53.84562110127524],[28.92398863009044,51.188647452330514],[28.763447229283656,51.084485467225136],[28.389050991362694,50.714022151492145],[28.316131571149928,50.65094558907913],[28.175153529924103,50.52899713981418],[27.97870805252313,50.323574875557995],[27.96676672136462,50.227572517258295],[27.94297112813132,50.03626779275032],[28.316131571149928,49.51445550017267],[28.607344260243792,49.10723559311464],[28.92398863009044,48.57258605025408],[28.92398863009044,47.883175998128515],[28.64245925527183,47.73338774656236],[28.316131571149928,47.66710536829319],[28.192409511279948,47.64197543671963],[27.65847984973476,47.56073860547758],[26.797285671919724,47.54043212499323],[26.284145301128717,47.530279293728825],[25.932746036933793,47.65213126828411],[25.61335405274417,47.87562864197008],[25.20930408349284,48.20095198733668],[24.827518026163432,48.5570957798501],[24.39035253587997,48.97472108950734],[24.188830083965854,49.199003730539346],[23.96897628499596,49.38260715404465],[23.506779344296888,49.60713308600083],[22.98594839771829,49.65818040691198],[22.91297910579994,49.636365678963],[22.67861326549189,49.566300218377535],[22.5149604773527,49.38260715404465],[22.588240324755475,49.0868457109508],[22.73284240583331,48.65891295004957],[22.86936740647485,48.343369161511305],[22.91297910579994,48.20407292686466],[22.97762537428747,47.99759205307106],[22.91297910579994,47.47016701490852],[22.83456203945292,46.83039112098123],[22.77136170068667,46.46574493450578],[22.879728182966915,46.232960022302564],[22.91297910579994,46.2293185699606],[23.61276649079284,46.152681827432986],[23.803500427707263,46.13179372923622],[24.960944116012456,46.10144909988543],[25.553032718089923,46.10144909988543],[25.614555338474936,46.09772936860395],[26.556684384526193,46.04076711859159],[27.00118313090468,45.9194322493575],[27.756625462480656,45.565760135835546],[28.123797397423914,45.27296665841192],[28.143294576597988,45.21190547313225],[19.596619148153543,45.21190547313225]]],[[[14.253034576488343,53.84562110127524],[14.393575169967017,53.84562110127524],[14.339443200747382,53.80485534865096],[14.289998999489285,53.82277678536252],[14.266109480333512,53.836662279946495],[14.253034576488343,53.84562110127524]]],[[[13.869388346419074,53.84562110127524],[13.961740833025555,53.84562110127524],[13.949165336069825,53.84360504659611],[13.88527679185978,53.84013368262862],[13.869388346419074,53.84562110127524]]],[[[10.269249666216641,53.84562110127524],[10.269249666216641,54.457785898234],[10.368331897321234,54.43555450421668],[10.609722142622648,54.36054992977732],[10.646248835839152,54.33742522180921],[10.690553684002538,54.309299450068096],[10.75588605876248,54.30764194326033],[10.772499089350575,54.307220464454474],[10.794999133764197,54.31235505562751],[10.831873911890426,54.33034517242258],[10.885276780504217,54.361938475364255],[10.946456913624122,54.38451002604283],[11.07388878203151,54.376388548108594],[11.082569261971392,54.302463207083605],[11.093956955284552,54.205482496628235],[11.059999454680792,54.1772194034362],[10.88055419240186,54.09075926983263],[10.861387261348,53.99388883837889],[10.861387261348414,53.993888838378716],[10.861387261348082,53.99388883837703],[10.879790310368893,53.98590088784307],[10.861239448181493,53.952682491790654],[10.839119892978545,53.92761228689426],[10.818534838218397,53.89005279853387],[10.81853483821887,53.89005279853424],[10.818534838217857,53.890052798532395],[10.904434187713367,53.9573440653415],[10.964721673323155,53.98027039859295],[11.013053907639765,53.995277422678775],[11.055391307574123,54.00735474178647],[11.094720837317062,54.01361082374639],[11.183539400075588,54.01194000843677],[11.251630785984823,53.93878174356749],[11.412776948522758,53.919715896897934],[11.480833065234712,53.96027373160481],[11.576805119385632,54.034301763528006],[11.626353269925094,54.08238982350076],[11.626353269925083,54.082389823501934],[11.626353269925517,54.08238982350235],[11.626110063452254,54.11117552799408],[11.687499063003298,54.1532554744023],[11.747499478253214,54.15638734814903],[11.986110696639972,54.17333220362971],[12.106674175099975,54.188255924993825],[12.12972067359922,54.19110869207067],[12.35826588499372,54.29920576198246],[12.362781820519162,54.302463207083605],[12.372015955151841,54.30912399452245],[12.486432057314207,54.40254210969833],[12.680776600346057,54.44494245992334],[12.72924042631272,54.423362744117284],[12.703799256060734,54.429672252520504],[12.509411817013017,54.3729591510031],[12.486578941326854,54.3593750125458],[12.450494758455989,54.319000260203836],[12.450494758456092,54.31900026020333],[12.450494758454905,54.319000260202],[12.45385047819184,54.302463207083605],[12.455702791633701,54.293334969870344],[12.47599504624008,54.28512572544893],[12.455908071068773,54.2559750723807],[12.451596272396781,54.24971769683728],[12.549470888745287,54.28525925284849],[12.549470888745015,54.28525925284977],[12.549470888746384,54.28525925285027],[12.546595578084608,54.29875945758574],[12.551068551441162,54.302463207083605],[12.583179491797896,54.3290519814272],[12.624929433115845,54.34621809208073],[12.644263263741035,54.35088729245189],[12.669929521943093,54.353549942629954],[13.023887624095991,54.399719257612084],[13.098623499560205,54.302463207083605],[13.118609421982363,54.27645492299147],[13.457462291437471,54.13085630562955],[13.48402691606644,54.11944199291342],[13.710831625482697,54.17082596130786],[13.772493370912347,54.1020927611807],[13.789451583004517,54.078865033087496],[13.819474225865289,53.961658483139786],[13.821109771977618,53.87638855912204],[13.814897824016548,53.86571229793473],[13.808540348845085,53.85478592413996],[13.825840996391578,53.84562110127524],[10.269249666216641,53.84562110127524]]],[[[13.758053789883755,54.147357930353515],[13.768470746681476,54.16582869158681],[13.812776562715257,54.16673279868243],[14.001317019262771,54.065361034299215],[14.104999554862381,53.99860383837539],[14.132856349606218,53.98242902976239],[14.225555400962904,53.928604121761],[14.249860755956579,53.92235566661981],[14.32777594896983,53.91249848734449],[14.350276961253847,53.91055299041608],[14.376387588112763,53.91222001167375],[14.425415992248816,53.92249678212375],[14.48333169209236,53.94721983126613],[14.504303933726273,53.95916366168862],[14.559444439421931,53.976661674458825],[14.745277414034565,54.02861022101348],[14.808250407774967,54.038216888049384],[14.81444360066271,54.03916167308226],[14.932934407185092,54.062265556960035],[14.932934407185092,53.84562110127524],[14.582841265260134,53.84562110127524],[14.580832478180184,53.847496040452825],[14.553471556340526,53.8577728109031],[14.47666550408735,53.864578256100515],[14.4125680934456,53.859924309366534],[14.393575169967017,53.84562110127524],[14.253034576488343,53.84562110127524],[14.218887315933216,53.86901853576518],[14.193471891022625,53.874996180769415],[14.132856349606218,53.87408562523955],[14.082498542578548,53.87332915951163],[14.039373412285784,53.8697853214087],[14.000276558585313,53.851798998665856],[13.961740833025555,53.84562110127524],[13.869388346419074,53.84562110127524],[13.829189283051775,53.85950471819181],[13.859025939936654,53.99943922667279],[13.859025939936629,53.99943922667282],[13.859025939936998,53.99943922667455],[13.822776793235448,54.03665922481406],[13.758053789883755,54.147357930353515]]],[[[14.932934407185092,53.84562110127524],[14.932934407185092,54.062265556960035],[14.979721059919736,54.07138823426755],[15.228054033155804,54.1294403264075],[15.302777305742865,54.14777372747511],[15.35388756038892,54.15638734814903],[15.395858756879715,54.16062929181196],[15.42944335637701,54.16221617340072],[15.493472086935736,54.16652296438027],[15.654166215283265,54.19388582195934],[15.75236034500736,54.21416471995538],[15.794166577667625,54.226104717611086],[15.839303987946852,54.24138642331569],[15.876388561660423,54.24638365432193],[16.047775257580675,54.26166536002654],[16.08138657030094,54.25430296348757],[16.144025787402338,54.25291441790064],[16.17472075175596,54.25916291175665],[16.21777724068077,54.27360535768225],[16.256510196642413,54.302463207083605],[16.329441067866266,54.35680009013926],[16.329441067865655,54.35680009014012],[16.32944106786647,54.35680009014072],[16.317567814554025,54.37339782858254],[16.318332664456115,54.39110563693825],[16.408222195166665,54.46152494472724],[16.460552198802343,54.49971773004583],[16.48952865119315,54.518669135719605],[16.515552518149644,54.5341644310635],[16.543609609807366,54.544715883132284],[16.57166290741313,54.551109325259006],[16.638610851234873,54.5636062742562],[16.66527556453889,54.56694031677154],[16.701942444103757,54.5687446594812],[16.793331128630367,54.57582854163461],[16.884162900530306,54.589721663037466],[16.915275559032633,54.59777070555117],[16.939441695548346,54.60541153904607],[17.019165025323208,54.64749527950667],[17.036525716641435,54.66055297389731],[17.065832135408126,54.673469552784],[17.25110815867928,54.730274214840954],[17.26477677766932,54.73242674891455],[17.26477677766932,53.84562110127524],[14.932934407185092,53.84562110127524]]],[[[17.26477677766932,53.84562110127524],[17.26477677766932,54.73242674891455],[17.362220764316046,54.747772227611165],[17.43416593914403,54.752777085436136],[17.50982664044996,54.760185369557036],[17.530551893391696,54.762214673536775],[17.59291457056315,54.76999666125042],[17.686607367357816,54.78909301519491],[17.77444075419623,54.8063888591965],[17.89694213593998,54.82388303919994],[17.9188880939085,54.82666016908862],[18.043331139813887,54.834026320964725],[18.185220698618707,54.83500059789273],[18.3361091475617,54.83603666520977],[18.703887935696915,54.70027158754],[18.739997863920298,54.68527222898773],[18.774719246556753,54.66638183786381],[18.83267211262301,54.62103652902365],[18.820968623778867,54.59374235152944],[18.78610991968992,54.618606554890334],[18.772081373861283,54.63360978492432],[18.755554212528637,54.65610502870089],[18.730831163387563,54.67832946233955],[18.706247332723592,54.69360733527765],[18.503942481534864,54.753498071454146],[18.483400361505687,54.75912093388507],[18.40610886417744,54.738189691241246],[18.406108864178186,54.73818969124038],[18.406108864176087,54.73818969123981],[18.468330387128784,54.66583251334106],[18.511386876053596,54.63110350388588],[18.54777527994772,54.5877036919737],[18.566663735330838,54.550689695369506],[18.569789879284823,54.47666166344631],[18.574302671799753,54.446525586174964],[18.59520530419469,54.42777251650303],[18.70833204812845,54.38277436341659],[18.75777435236125,54.37082673894214],[18.84374811173291,54.3518028204182],[18.860614756787456,54.34967000805984],[18.89319227427688,54.34555053251023],[18.927358641312647,54.34638595952246],[18.953887930190657,54.35166166619944],[18.97055245168944,54.34513473538751],[19.022777538174036,54.34221648999489],[19.046386723348274,54.34221648999489],[19.138885516505884,54.3466644351932],[19.21249771259154,54.35388184474664],[19.374443065074022,54.373603830116],[19.417499553998834,54.38055418486938],[19.439720154871313,54.385826097494416],[19.516803753639113,54.40708161543624],[19.562774655189774,54.428886419186],[19.596619148153543,54.44618023015551],[19.596619148153543,54.42829023036445],[19.524440754369152,54.39665985800201],[19.428333275792113,54.36527251788107],[19.408050545029084,54.35888670257361],[19.376108150592415,54.35249709321363],[19.277635583912172,54.34610748385359],[19.230760575266174,54.333671588120865],[19.230760575266636,54.33367158811973],[19.230760575264593,54.33367158811919],[19.243455266329264,54.302463207083605],[19.253330228917203,54.278186791565766],[19.371109022558674,54.268600461142455],[19.451113044949647,54.302463207083605],[19.478746431461342,54.31415939833717],[19.571039184368754,54.346939078097165],[19.596619148153543,54.348538733236815],[19.596619148153543,53.84562110127524],[17.26477677766932,53.84562110127524]]],[[[19.596619148153543,54.42829023036445],[19.596619148153543,54.44618023015551],[19.613330823390722,54.45471953824457],[19.627258284835282,54.463272105653814],[19.698743837368948,54.49916077870435],[19.731800095773703,54.51995849394821],[19.771385182016378,54.54610442871922],[19.836383834857745,54.59999847220229],[19.83027649522054,54.57276918073824],[19.755275714834738,54.514999397037286],[19.697776779984338,54.4794387933365],[19.651107772873615,54.45582581411031],[19.630344397671138,54.443069475846755],[19.596619148153543,54.42829023036445]]],[[[19.596619148153543,53.84562110127524],[19.596619148153543,54.348538733236815],[19.62874601778054,54.35054780223129],[19.713607771495216,54.38333131475807],[19.797006608461626,54.43754959482426],[19.797006608462898,54.43754959482571],[19.797006608463448,54.437549594826066],[19.809548772108542,54.45181475173354],[19.822359083080844,54.46638489299632],[20.03610993087324,54.56388091716017],[20.102497090586727,54.57416535314371],[20.21140287312495,54.60191453583545],[20.216938008946084,54.60332488789889],[20.245552051945285,54.611801148406016],[20.39728927534635,54.67506409990631],[20.397289275344367,54.675064099906535],[20.397289275348044,54.67506409990807],[20.21140287312495,54.696508687967395],[20.00964928336532,54.71978377732381],[19.95971681084859,54.798603038718056],[19.923814781186536,54.860965715889336],[19.926662449470086,54.89916229525954],[19.941175472504934,54.927768711439626],[19.990409839459776,54.95721434868321],[20.03041459430676,54.94638062689173],[20.21140287312495,54.94395239561001],[20.36194229999983,54.94193268169342],[20.42263412314684,54.947628018259906],[20.548606868857913,54.99638367651797],[20.6047172581214,55.023605341163474],[20.624996194832246,55.034721371392465],[20.672496796188593,55.06249236056072],[20.696939472634252,55.07818986338805],[20.762540333395656,55.13160202367481],[20.762540333395656,55.09825141508482],[20.708328248742816,55.06388090614945],[20.672496796190217,55.04332732653461],[20.630828852852346,55.02110289289527],[20.583747881385875,55.00013351615746],[20.53169821173168,54.96436311686972],[20.53169821173204,54.96436311686941],[20.53169821173009,54.96436311686807],[20.560831071977123,54.93915559051956],[20.58638571536495,54.93984986331303],[20.65499495065161,54.94248963303491],[20.755275731522875,54.94304658437639],[20.762540333395656,54.94246114130383],[20.762540333395656,53.84562110127524],[19.596619148153543,53.84562110127524]]],[[[20.762540333395656,55.09825141508482],[20.762540333395656,55.13160202367481],[20.827774063640387,55.18471526663373],[20.886796931293695,55.23636198536692],[20.894439699024613,55.243049628496365],[20.91892300469139,55.26471815394921],[20.935550691022968,55.27943419962503],[20.94283294789301,55.28720093370134],[20.973947185121467,55.32118587953993],[20.98163878275129,55.32958713093306],[20.982772816706618,55.3308257948369],[20.982953382663453,55.33102413437578],[21.00249863484487,55.35249327713598],[21.04339979253865,55.408950822153884],[21.064441682126187,55.45166015532476],[21.08583068875339,55.507217426013426],[21.093467728196345,55.5399932730067],[21.0958290222477,55.59415437128939],[21.09583091927317,55.67179871545119],[21.092008605500364,55.71401594459382],[21.112218862125818,55.700546247133744],[21.125135441012507,55.68304823436354],[21.13471983569502,55.62915802364725],[21.128051750664337,55.57499696407895],[21.103050225851216,55.42082976654334],[21.046663296658767,55.32971955768907],[21.036736424281933,55.32118587953993],[20.989841050101692,55.28087207124806],[20.984813706943097,55.27655029427426],[20.908329026376975,55.22832487413518],[20.90284667550586,55.221337600964354],[20.886796931293695,55.20088215224034],[20.883537297149733,55.1967277384248],[20.84305189786433,55.14929581715295],[20.762540333395656,55.09825141508482]]],[[[20.762540333395656,53.84562110127524],[20.762540333395656,54.94246114130383],[20.793191899481894,54.939990978816965],[20.8651351772839,54.902492505006656],[20.886796931293695,54.900677147578115],[20.984439837964292,54.8924942102274],[21.093051892357142,54.89569093129076],[21.22249604075036,54.93193818096613],[21.235601514931528,54.94536486036586],[21.245063797378805,54.955059056169034],[21.227911004621433,54.987976057381445],[21.216663344019082,55.01860044462512],[21.190830224960393,55.14916228975312],[21.219179239500544,55.188101050825],[21.227634425975364,55.19971466390082],[21.24710397035472,55.22614053437781],[21.26393510209823,55.248985306641714],[21.289024354684102,55.28645706722892],[21.2807119283096,55.32118587953993],[21.24582671154087,55.466934195495696],[21.197494515939013,55.5749969640807],[21.14416311487497,55.67763137346981],[21.11006546663799,55.714088457446906],[21.07707978534262,55.73276901426851],[21.05833054843697,55.7816619939789],[21.044719696757113,55.88276674227666],[21.044372541003042,55.91318892203759],[21.05999563395426,55.951240553137325],[21.066942233370526,55.98457335147202],[21.064820243660158,56.00405000831099],[21.928461518637768,56.00405000831099],[21.928461518637768,53.84562110127524],[20.762540333395656,53.84562110127524]]],[[[20.968605052401642,56.363609324055005],[21.052227002851623,56.81748963045459],[21.062288286636285,56.84193420392493],[21.144996644859834,56.872764592704044],[21.224437704912003,56.906654342380236],[21.261386854199568,56.922767642330285],[21.35791206564001,56.98735429210089],[21.357912065641077,56.987354292102],[21.357912065641756,56.98735429210245],[21.380715301428914,57.011077393125326],[21.395690912147042,57.02665710862087],[21.39569091214731,57.02665710862131],[21.395690912148495,57.026657108622544],[21.409439085280724,57.049438493603304],[21.41555021897011,57.069442748695394],[21.415412897518138,57.093605052444275],[21.41138458220945,57.124435441223795],[21.41249465212576,57.23902130785382],[21.417285920311144,57.281932848508006],[21.434160237397407,57.302909852064374],[21.446524240404802,57.314672492712596],[21.67694092530991,57.53388213398051],[21.70582961121308,57.55971525303909],[21.729022960549774,57.57471848307295],[21.754997272541917,57.58332823226527],[21.856246930395795,57.59582518126247],[21.928461518637768,57.607177236649314],[21.928461518637768,56.00405000831099],[21.064820243660158,56.00405000831099],[21.05916403970906,56.05596540772524],[21.0516853438628,56.077308653440014],[20.99555207414312,56.18457412910658],[20.973606116174324,56.23790742719609],[20.969547990221113,56.33990855199626],[20.968605052401642,56.363609324055005]]],[[[21.928461518637768,53.84562110127524],[21.928461518637768,57.607177236649314],[22.09833144849068,57.633880606414266],[22.281387331929448,57.68471528900077],[22.480133052662,57.739574415414495],[22.58277512758441,57.755271918241824],[22.606904988317627,57.74905776442752],[22.584024415978558,57.68901824721355],[22.594579700814112,57.637630446052334],[22.643329629279425,57.58527372919369],[22.905273454195655,57.45471192278036],[22.91297910579994,57.45151743840155],[23.103607171857444,57.37248993878757],[23.135690681797993,57.36444093498868],[23.16749571606781,57.31276703133799],[23.241104118101507,57.16874311556718],[23.249160748719124,57.114715583398905],[23.25610734813537,57.10096357749998],[23.30583192209087,57.07332611573176],[23.32749557162187,57.06221008550277],[23.34666443841653,57.0541572489371],[23.586109148074716,56.976654058994626],[23.65527343767688,56.96589277262369],[23.765274037656663,56.96832274675822],[23.78583145003825,56.97026824368663],[23.850273151538136,56.98387909536679],[23.873607616378774,56.98888395319177],[23.955272687744905,57.0113830684498],[23.984992967893522,57.02221679024129],[24.155273426664362,57.0974884194807],[24.223327646350338,57.128875720886995],[24.260303889121992,57.15111766460675],[24.260303889121992,53.84562110127524],[21.928461518637768,53.84562110127524]]],[[[23.410413725435546,59.01568602132926],[23.465827944879244,59.20228194881751],[23.505273812642866,59.22679520237187],[23.58837316396869,59.236705845390574],[23.613609327105774,59.23971557531052],[23.736381518986715,59.252220151126444],[23.93610765371702,59.27221677939978],[24.02722169533966,59.28777312800835],[24.205688479361367,59.34387968450506],[24.260303889121992,59.383766127395326],[24.260303889121992,58.29057573839837],[24.24207688325671,58.27401735008361],[24.103607188549063,58.23554229504299],[24.0536079329745,58.27068710162081],[24.010829919720493,58.29860687182685],[23.993049637227784,58.3077697783084],[23.973327651858483,58.315826408926],[23.94374655147294,58.32416151521437],[23.82638549069486,58.354713428323066],[23.776248913668496,58.34860612740101],[23.72860719680841,58.370826728273244],[23.721402932149825,58.377353896908915],[23.58837316396869,58.497880803072405],[23.501110072909455,58.57694243364904],[23.4955482637435,58.69415281636316],[23.53527450420358,58.74179840470333],[23.569442768264768,58.735549910847425],[23.58837316396869,58.73322450349309],[23.592081063285956,58.73276902562161],[23.725551591247193,58.74471281732927],[23.8642330172836,58.77304838465774],[23.86423301728085,58.773048384659084],[23.86423301728479,58.77304838465989],[23.827220917707564,58.791107181537484],[23.798330296063398,58.7997169307302],[23.59166336913904,58.78804778192654],[23.58837316396869,58.78871247998027],[23.48305131474558,58.809989945843256],[23.418050764878558,58.90929414548367],[23.43832780456209,58.93998717409449],[23.477218618011126,58.93749235264334],[23.507499682268,58.93721008292064],[23.582635887081405,58.94887923172435],[23.58837316396869,58.95157793811165],[23.636663419249683,58.97429275960823],[23.636663419249455,58.97429275960888],[23.636663419251533,58.97429275960985],[23.624301894679775,59.00950620755691],[23.590553299223245,59.03527068524602],[23.58837316396869,59.03588818074136],[23.56701089710566,59.04193877027734],[23.567010897111242,59.04193877027341],[23.56701089710425,59.041938770275394],[23.58837316396869,59.026907496533035],[23.607080460552563,59.01374435716603],[23.58837316396869,59.004159499558455],[23.556385035161384,58.98777008388976],[23.5141639732488,58.98110199885912],[23.46638489622103,58.98416135975617],[23.44430161680077,58.991798399198956],[23.410413725435546,59.01568602132926]]],[[[24.260303889121992,53.84562110127524],[24.260303889121992,57.15111766460675],[24.26376722213744,57.15320092813593],[24.373189911217548,57.2190208468122],[24.39872907427659,57.24559011114449],[24.404163351243653,57.25124357523242],[24.413190833299552,57.277214054457545],[24.409162517990694,57.35429765322556],[24.362216932235015,57.58082582271197],[24.330829630829044,57.69943617188369],[24.30409240467435,57.731658939017336],[24.289718638832255,57.79249571043505],[24.288953788929575,57.83346558692733],[24.314979552912234,57.871826162258],[24.34193993126496,57.9316558838849],[24.35846902833788,57.961795793922704],[24.469995495356557,58.15235139535275],[24.475990259925428,58.16247891534674],[28.92398863009044,58.16247891534674],[28.92398863009044,53.84562110127524],[24.260303889121992,53.84562110127524]]],[[[24.260303889121992,58.29057573839837],[24.260303889121992,59.383766127395326],[24.26376722213744,59.38629545080672],[24.32208062444189,59.4288825924385],[24.322080624442073,59.428882592439315],[24.3220806244434,59.42888259244029],[24.329301828048656,59.46158979806368],[24.35708044403427,59.472488405886054],[24.402772908629,59.47415542714373],[24.536663066479736,59.457214365715004],[24.722770683996334,59.452774047335424],[24.722770683997933,59.45277404733707],[24.72277068399808,59.45277404733707],[24.744986739293854,59.47573165417001],[24.784997936741785,59.517078388668516],[24.88721848474871,59.52304840685378],[25.154441849108697,59.531661988812886],[25.488883967427615,59.56485367164365],[25.614555338474936,59.596609782455424],[25.7724971716676,59.636520370800895],[25.979995731552027,59.63276673711086],[26.263053881476512,59.58582304838119],[26.38971710592909,59.561660783347065],[26.458328238241737,59.541107165017436],[26.48805045413115,59.53332517730378],[26.531663894397443,59.53777312250209],[26.57527543763776,59.55228424851109],[26.592146259606217,59.55407677440129],[26.592146259606217,58.16247891534674],[24.475990259925428,58.16247891534674],[24.557636275985942,58.30041121453587],[24.554510132031737,58.324714672503944],[24.517776508124427,58.35305023983199],[24.461151061699248,58.377353896908915],[24.45888519492013,58.378326407549594],[24.419715867085017,58.386657719786115],[24.390552538278428,58.39083098336528],[24.355413422778213,58.39138414065485],[24.330829630828703,58.386661513837964],[24.321804990375792,58.377353896908915],[24.30663146082263,58.36170458641512],[24.297496793777473,58.352283492901854],[24.288330093243818,58.31603624322708],[24.26410107452629,58.294025304986114],[24.260303889121992,58.29057573839837]]],[[[26.592146259606217,58.16247891534674],[26.592146259606217,59.55407677440129],[26.62166213631114,59.55721283814876],[26.650550860929133,59.55332184429193],[26.67582702864622,59.547492980325416],[26.736938481682724,59.522491455512295],[26.772773728287323,59.5038833728259],[26.81721876279907,59.48081971812246],[26.854997648020916,59.46763229038376],[26.88360596122737,59.45915986264342],[26.921382910708427,59.45082855040701],[26.965343454812434,59.44535937653554],[26.97277260889562,59.44443510828029],[27.03333284038339,59.44248961135188],[27.553050981973467,59.42860411676776],[27.848052962320434,59.40665436474728],[27.8879127688967,59.4085998616757],[27.933330551872654,59.41721344363479],[27.953884131487467,59.42527007425241],[27.97805022928836,59.44054411442347],[27.97805022928939,59.44054411442428],[27.97805022929026,59.440544114424824],[27.98163834242464,59.44335485809809],[27.99596597492209,59.454578390045086],[27.995965974923326,59.45457839004658],[27.99596597492365,59.454578390046834],[28.011843327162175,59.47377756192236],[28.01583101153619,59.478599539575264],[28.0219421452254,59.48304748477357],[28.021942145226504,59.48304748477478],[28.021942145227115,59.48304748477523],[28.039440157997547,59.50222014562172],[28.06624792254604,59.54443741348251],[28.06958006803535,59.57012937832218],[28.063470831372342,59.60290909679708],[28.028747551709557,59.6487388441293],[28.00291443265121,59.67207334768432],[27.99291230510528,59.689712514673374],[28.0086097692173,59.75888826386014],[28.07458113180674,59.794578562193315],[28.10180283516706,59.79332733805837],[28.169715900634277,59.7674942189998],[28.195827495363584,59.74867246924447],[28.204717617252637,59.7173500151548],[28.212980288120452,59.69443510277404],[28.24415969096538,59.67804719863483],[28.316131571149928,59.668183796820806],[28.36680222692789,59.66123962589131],[28.389995576264578,59.666934962457795],[28.389995576266273,59.6669349624592],[28.38999557626653,59.666934962459266],[28.399661238609642,59.67496382358277],[28.40721701039003,59.68124008693142],[28.407217010390138,59.68124008693162],[28.407217010391832,59.68124008693303],[28.41874694071737,59.7036018420244],[28.421802507562234,59.73443602485577],[28.414302828285713,59.757495885507865],[28.417356498104255,59.78818895283524],[28.437076586447457,59.82277297530369],[28.495828642457592,59.8552742181071],[28.519304261516982,59.86068724623606],[28.665691368364907,59.81485749890416],[28.694162360119375,59.79270170663349],[28.727079400046176,59.78152082908787],[28.8322181547309,59.78346632601628],[28.92398863009044,59.80982125957933],[28.92398863009044,58.16247891534674],[26.592146259606217,58.16247891534674]]],[[[14.03161612723748,40.89504765906075],[14.932934407185092,40.89504765906075],[14.932934407185092,40.49964666822862],[14.898331638042862,40.55874632462081],[14.830762863433279,40.63151929964232],[14.808250407774967,40.648244069360665],[14.774860372731325,40.67304992152839],[14.753470436949613,40.67596816692071],[14.625138294213059,40.64763259959233],[14.504720698720575,40.6197204562053],[14.401943199371715,40.599998470836056],[14.362984673710534,40.62735749564722],[14.390971188257126,40.63805006321927],[14.474547377795158,40.710201278297454],[14.474547377795039,40.71020127829766],[14.474547377796455,40.71020127829888],[14.452775946216946,40.74791334174853],[14.311943989587462,40.82624437059968],[14.268887500663197,40.840202339319035],[14.216040615520399,40.81819153403376],[14.166942602145639,40.80693818235284],[14.073888793386914,40.82193757962017],[14.046805379348882,40.862220771422926],[14.03161612723748,40.89504765906075]]],[[[10.269249666216641,43.782248911670095],[10.269249666216641,44.501919101546314],[10.880762838022463,44.38970122180484],[12.106674175099975,44.57897171751793],[12.25990641578019,44.602629498693126],[12.279998774303973,44.4761047387811],[12.288887037881857,44.45166016530946],[12.35347078404127,44.27833176651275],[12.368331891985978,44.2466659507209],[12.422359462869071,44.18930433732247],[12.446388239217985,44.16777038242471],[12.512055605298135,44.11523648252033],[12.518609992690731,44.10999297190355],[12.54583169605105,44.08860779804329],[12.601092036700866,44.04977586534504],[12.601092036700866,41.49179836883748],[12.576110824567422,41.507217424645205],[12.51777553354907,41.56777192634047],[12.471942882605958,41.607215897079016],[12.447082512011832,41.62763215524217],[12.351387965661843,41.69444273889712],[12.215832722293896,41.78805160197089],[12.207081780167584,41.81694032658834],[12.177777297141802,41.868053446131285],[12.158471108894787,41.89208222248021],[12.123332032110113,41.9230537267639],[12.106674175099975,41.93328400792464],[12.021110516233136,41.985832201057576],[11.912498461840016,42.03596877808394],[11.885276797194933,42.0377731207937],[11.862220769309829,42.03110503576306],[11.830762852080113,42.03027344151735],[11.804998413103874,42.05749510616329],[11.790526003313694,42.077791137607676],[11.7393589139146,42.149547594923206],[11.725555417311796,42.18222046050607],[11.703887935013825,42.22444152241866],[11.627707475471084,42.29825972003988],[11.534166324610396,42.34277343463509],[11.497499483760066,42.357498150282936],[11.451316850881256,42.37417602839366],[11.372776026442978,42.40464784054831],[11.18388748498569,42.48485948029577],[11.187151918261918,42.51249694206382],[11.15805436592774,42.55499268559538],[11.08027552649611,42.632217399867216],[10.775136962047839,42.89902496710437],[10.75588605876248,42.91245619160381],[10.732637424464087,42.92867660588456],[10.68069363983193,42.94652177440878],[10.588888151597132,42.9574966504191],[10.533331887493148,43.05277253475043],[10.540833463796218,43.1233291639918],[10.54263780650524,43.15013503151414],[10.538331983395267,43.18083189289405],[10.530277249804044,43.223609906148056],[10.518332490226157,43.2574958617721],[10.42277716235327,43.39804841357608],[10.377637855048306,43.44583128465496],[10.357498175530623,43.458610542089616],[10.32451342339067,43.47513197362895],[10.295138363254864,43.54256439465695],[10.28760720883406,43.591300966510516],[10.27666570499457,43.69374466671621],[10.276943212794777,43.71443940055002],[10.274166121621931,43.743328086453005],[10.269249666216641,43.782248911670095]]],[[[12.601092036700866,41.49179836883748],[12.601092036700866,44.04977586534504],[12.689721116551436,43.98749542292658],[12.72055437022744,43.976943970857796],[12.740554792552729,43.97222138275552],[12.753574352849704,43.9710006658955],[12.764720929068442,43.97027588582711],[12.818609242758757,43.9631920036737],[12.90305519935071,43.924720781399174],[13.055971134036547,43.835826879608916],[13.12555505352821,43.786659256994895],[13.1711826320915,43.7540588268325],[13.193332655854608,43.735832201227126],[13.295277593087167,43.67541502098408],[13.356666553924015,43.64916231075083],[13.426109319196922,43.62277220163597],[13.457462291437471,43.61595586677882],[13.480415327035939,43.610965731380276],[13.552082064907996,43.60166550344644],[13.599443447786381,43.569999687654594],[13.621525759336485,43.53704451363414],[13.848054896693192,43.07833101090351],[13.862499239644777,43.006385797360714],[13.873610507951419,42.96443937835209],[13.882499700684882,42.94221498342765],[13.897499097951972,42.913330091576434],[13.90555383154361,42.90138242838717],[13.923610692681283,42.84471892054898],[13.939722056890538,42.80360413450062],[13.987221729091306,42.71110917410978],[14.01666639846556,42.66999818211338],[14.058332444777463,42.61972045086836],[14.074998863302223,42.600273147117775],[14.13055419825021,42.54110719100969],[14.199998860549094,42.48249818624308],[14.50416564440389,42.26138304488573],[14.565832151755899,42.21888734006917],[14.604721068179124,42.204994218666315],[14.628887165980021,42.198883046262296],[14.661388408784095,42.18916322715378],[14.716249470938614,42.16805265748267],[14.714998246803667,42.1419372687014],[14.721665363963957,42.10402679182032],[14.736526471908665,42.087909697818304],[14.754690006947559,42.077791137607676],[14.754720693213137,42.07777404287225],[14.762182238395614,42.07478332334428],[14.808250407774967,42.05343300492075],[14.831249237665432,42.042774184565054],[14.89402674408921,42.02054978964061],[14.932934407185092,42.016531933742144],[14.932934407185092,40.89504765906075],[14.03161612723748,40.89504765906075],[14.028748518211898,40.90124511227185],[14.017775539226363,40.919715873506675],[13.989166258149567,40.963329313772704],[13.914752169310177,41.05906846515135],[13.899999610481984,41.07804870780302],[13.837221136187395,41.15249633090093],[13.798054711964426,41.19332884722661],[13.775833143221462,41.21110533566747],[13.737653714513499,41.234741195350125],[13.712221138940151,41.2511100905142],[13.644165022228606,41.25971604565473],[13.614443774209462,41.25597000006866],[13.566803915660387,41.238052357408776],[13.457462291437471,41.25952366063661],[13.276110662034114,41.29513549513655],[13.211111080037142,41.28249359786872],[13.169998152300423,41.2688827461883],[13.14694406015542,41.259162888365495],[13.116805079272865,41.243331896852624],[13.029582960662879,41.260135636829546],[13.0054159337069,41.297912586310474],[12.979999540926258,41.32638551380603],[12.951944346294454,41.35305022710992],[12.932220463898659,41.370277391028026],[12.91305542987169,41.383605972985436],[12.892221438845809,41.39555359745958],[12.854999543679014,41.40999604338555],[12.656109803831384,41.45783996772906],[12.601092036700866,41.49179836883748]]],[[[14.927221291817025,40.27111053486433],[14.932934407185092,40.28197754428365],[14.932934407185092,40.25677260419706],[14.927221291817025,40.27111053486433]]],[[[15.629581455464416,38.22929764859021],[15.65444372308361,38.240272524599945],[15.715276700449373,38.255828873208515],[15.737360018584692,38.25749589446619],[15.76027678927662,38.26610564365851],[15.79472159326831,38.28152083804833],[15.815277108623917,38.30249404755264],[15.87462165877745,38.41297279355134],[15.895554524845124,38.45194245103977],[15.90611077755051,38.47277067355799],[15.922397597305405,38.52526475058369],[15.922603552173909,38.543005135044254],[15.92263793888182,38.54596711123445],[15.922637938881714,38.54596711123456],[15.922637938881735,38.54596711123645],[15.894722001443085,38.576110854041076],[15.876943577261727,38.59333039114057],[15.845553410958303,38.612773900839215],[15.82902621091264,38.6279792609265],[15.849790553984192,38.65728761543258],[15.984442696841395,38.72166443090103],[16.023609159779777,38.723884570733404],[16.045276642077553,38.72360992782944],[16.06749724295004,38.720832836655575],[16.09888648009713,38.712635051819206],[16.129165647328026,38.71555329721182],[16.15903852411246,38.73362066125519],[16.163995616687792,38.736618752025],[16.547246976087177,38.736618752025],[16.538748067812772,38.71848006413992],[16.53451155064214,38.709438330755845],[16.548885355199165,38.64860535339008],[16.561664573919057,38.602775567343365],[16.569999680207417,38.55416106330405],[16.574996949928476,38.520271313627866],[16.57515226421862,38.51226178401053],[16.57638739254138,38.44856644166238],[16.56916618893598,38.42833326586526],[16.532775888015806,38.39166259224862],[16.515552518150912,38.376937876600266],[16.490554826103732,38.35805511229535],[16.470554365064572,38.34638213072452],[16.4488868827666,38.336936954519956],[16.414165500129286,38.324440005522945],[16.358469010962096,38.30916213258513],[16.330413816331713,38.29791261367052],[16.15999793313472,38.12825774761029],[16.15999793313438,38.1282577476091],[16.15999793313363,38.12825774760835],[16.15903852411246,38.12485600777968],[16.151182254316947,38.097000332798004],[16.143331514608917,38.06916426563748],[16.140469918246094,38.05137342900792],[16.138885505151357,38.04152297110062],[16.135553359662133,38.020828237267914],[16.126861958299354,38.002900447782366],[16.12338368853365,37.99572580637177],[16.113470080242116,37.97527696560717],[16.087776179661773,37.946105971266945],[16.05728721684352,37.92423248743387],[15.996110916490181,37.91888426790649],[15.781110780303266,37.91693877097816],[15.775833137886309,37.91693877097816],[15.756109255490514,37.92082976483471],[15.720275867197643,37.931106573999784],[15.667846676203624,37.95784376143911],[15.63631401236927,38.002900447782366],[15.635137573553038,38.00458144863353],[15.629998220457765,38.19284056461356],[15.629581455464416,38.22929764859021]]],[[[14.932934407185092,40.25677260419706],[14.932934407185092,40.28197754428365],[14.964166647051961,40.341384894381406],[14.990624429665012,40.36395265100803],[14.990730278359035,40.36717846275397],[14.991665858213366,40.39569090222216],[14.964443225696812,40.445831312015],[14.932934407185092,40.49964666822862],[14.932934407185092,40.89504765906075],[16.098855592427206,40.89504765906075],[16.098855592427206,39.025360232925784],[16.064163200434734,39.129165665447374],[16.05722047250049,39.186244970408325],[16.056110363870403,39.224998462405495],[16.053333272696136,39.25638580252678],[16.033817288861997,39.34436797040274],[15.980901723636066,39.44964598228023],[15.926666254191503,39.51652528473346],[15.903888701976655,39.53388214328476],[15.853054058105954,39.60999299358804],[15.80791475080099,39.67930223146146],[15.799860946363765,39.70749664457088],[15.787498492637098,39.79249571973736],[15.748332958854917,39.92721557480735],[15.7288875521308,39.95693968772309],[15.712221133604999,39.97972107270385],[15.663748751655305,40.03305053802694],[15.647880148439041,40.04034579269502],[15.642257692772944,40.04293059775853],[15.618749630698915,40.06457899365171],[15.583054531727726,40.074440005693816],[15.560693744506239,40.07610702695155],[15.509790420550985,40.070064534631],[15.473099371180824,40.04034579269502],[15.458610517950945,40.028610219647135],[15.416387559013401,39.99145127477243],[15.354860308854313,40.00089645097711],[15.313055044064129,40.031387310821],[15.302248467977662,40.04034579269502],[15.264305115598177,40.07180023597209],[15.137359621423286,40.16069030499523],[15.104443549366465,40.1723556597471],[15.012498842654566,40.195549009084004],[14.94194411043901,40.234161385577295],[14.932934407185092,40.25677260419706]]],[[[16.098855592427206,39.025360232925784],[16.098855592427206,40.89504765906075],[17.26477677766932,40.89504765906075],[17.26477677766932,40.49528612423455],[17.076595318805744,40.52048110388159],[17.04694368002515,40.51527403857341],[17.01777647973637,40.5063858137101],[16.998332970037723,40.498886095719115],[16.942220683748644,40.46777726998357],[16.919303913056694,40.45055006735083],[16.8741645670371,40.40527343859367],[16.86379623604688,40.39035034822882],[16.83443258228121,40.35826584520085],[16.791524888895083,40.31138230579677],[16.74972152113179,40.24485778591679],[16.749721521131615,40.24485778591621],[16.749721521130844,40.24485778591498],[16.741317734759086,40.216526012638475],[16.72301216085638,40.19265915370669],[16.688053116754077,40.14707945331554],[16.641349808315,40.11830137564107],[16.629997269276032,40.10985566112362],[16.60861015967521,40.086174001814186],[16.589598121938934,40.04034579269502],[16.57068178518301,39.994748269239395],[16.499164575295623,39.822357192818025],[16.49285506709281,39.80673071605486],[16.49013709324032,39.79999923178053],[16.490137093240232,39.79999923177987],[16.490137093239777,39.79999923177874],[16.48666383224647,39.773746482830674],[16.490554826103295,39.749160755140274],[16.529998796842023,39.66291428860544],[16.555690761681834,39.64458084882301],[16.59694290789699,39.629714978955946],[16.626388545141648,39.62277221230647],[16.823608398835283,39.56860352591944],[17.034164422590298,39.466110232034524],[17.145553606871825,39.396385197038924],[17.13597107050057,39.36555101420764],[17.11597060946042,39.31457901017035],[17.113951579659624,39.299893452759726],[17.10888672730696,39.26305388755565],[17.11666488225384,39.098743446970076],[17.14180372851894,39.053745255168806],[17.15819167137296,39.03902437228728],[17.16282116586423,39.021623120238694],[17.1691665473832,38.99777222607212],[17.1691665473832,38.96333311315968],[17.126941691419063,38.919441235937995],[17.097845068240304,38.907844561269485],[16.975831996469083,38.939022067088445],[16.9529151870625,38.9387474241845],[16.92944336205551,38.93582917879195],[16.834878939895304,38.91707994188687],[16.83443258228121,38.91690177850873],[16.730831130008085,38.87554932000069],[16.61499787200904,38.817634588027886],[16.59499741096846,38.80082701528414],[16.573608404342167,38.779716484327764],[16.54999921916749,38.74249269213658],[16.547246976087177,38.736618752025],[16.163995616687792,38.736618752025],[16.1781921544381,38.74520493599186],[16.194999688466805,38.769165032257376],[16.194999688467476,38.76916503225885],[16.19499968846776,38.76916503225925],[16.197005725696364,38.77356166644686],[16.20805358880548,38.79777528120462],[16.2158775503366,38.826020796871234],[16.21874809211954,38.83638382493274],[16.221107489145027,38.86860655335141],[16.219789520667916,38.92138290009922],[16.19416426145557,38.93193818493489],[16.15903852411246,38.94733481697148],[16.157081584767297,38.948192600388836],[16.09972001008424,39.0227737508871],[16.098855592427206,39.025360232925784]]],[[[17.203817352911397,40.412494642198304],[17.24583055497632,40.454994218495315],[17.26477677766932,40.47062338187762],[17.26477677766932,40.386059140340485],[17.203817352911397,40.412494642198304]]],[[[17.26477677766932,40.386059140340485],[17.26477677766932,40.47062338187762],[17.268054949900762,40.47332761956293],[17.28999711381732,40.46971893414362],[17.31701087990146,40.48829267678832],[17.3170108798999,40.488292676788525],[17.31701087990183,40.488292676789854],[17.26477677766932,40.49528612423455],[17.26477677766932,40.89504765906075],[17.385497505055802,40.89504765906075],[17.473609909882757,40.82888414031974],[17.49638750081154,40.81971740107111],[17.50982664044996,40.81520470117675],[17.76110841690163,40.730827332047625],[17.93722153369093,40.678604142589],[18.01263811120106,40.6430511657071],[18.026107769947643,40.61222077692747],[18.03583146053775,40.577774037194985],[18.039163606027117,40.5552711665998],[18.081665040636427,40.52499389639488],[18.1274986207351,40.49443818923404],[18.27471925756927,40.41082762093949],[18.424859998107223,40.2884673934145],[18.440830246812542,40.264999401173846],[18.45972059922164,40.23110961278284],[18.512496945969787,40.134719864483216],[18.514442442898186,40.10291289447278],[18.487524136112118,40.04034579269502],[18.39110946690903,39.81624602041586],[18.375274642629847,39.79819105630395],[18.349441523571898,39.79193876839611],[18.199443834278895,39.83749391153867],[18.17722129766588,39.84693908774318],[18.155830394012696,39.856666572384995],[18.082082734786354,39.902915949606836],[18.04076194720261,39.93770601232677],[17.996595388362145,39.99881363259564],[18.01940728061605,40.01117705419186],[18.019407280615926,40.0111770541934],[18.019407280616463,40.011177054193695],[18.017080965718346,40.04034579269502],[18.012218481312004,40.10131455330014],[17.90638731214551,40.254997234914924],[17.85721968953078,40.28443907810748],[17.784999833084726,40.294441205653584],[17.76277543815945,40.296661384200775],[17.673469533298714,40.304023742024924],[17.636386856611864,40.30332946923153],[17.54999923585723,40.29972074509726],[17.50982664044996,40.29765245633601],[17.50680352845444,40.29749681121274],[17.3927764714781,40.33055113387684],[17.26477677766932,40.386059140340485]]],[[[14.932934407185092,40.89504765906075],[14.932934407185092,42.016531933742144],[14.93972207358032,42.0158309955903],[14.996386510574098,42.004440322457334],[15.025971405011532,41.98485945259191],[15.062776573898777,41.95277404562538],[15.099164977792903,41.937217697016806],[15.141920071875965,41.92802428326003],[15.162360178365386,41.92444227234888],[15.373055459313179,41.905548087173],[15.404721275105029,41.9038848986821],[15.483644465943714,41.90674314726642],[15.765275956023657,41.91694259307274],[15.856943116221004,41.9252776993611],[15.913610456825975,41.9352722000884],[16.022914886986314,41.94666291193617],[16.053886429984697,41.94388582076231],[16.08249664021713,41.93610383304866],[16.145553590182047,41.9111747823709],[16.15903852411246,41.888271062867304],[16.193677887222478,41.82943723686941],[16.192775715867676,41.78999330484655],[16.16499709988142,41.757774370480774],[16.15903852411246,41.75384492272921],[16.13888550515179,41.74055479466625],[16.03055192643035,41.67694093207467],[15.98027706008105,41.65319063139685],[15.937776554627249,41.64055252818082],[15.919859879838839,41.63138578893211],[15.897638311095875,41.61333082482025],[15.89763831109565,41.613330824819414],[15.897638311094681,41.613330824818625],[15.89097119393439,41.58846666017231],[15.890415210463306,41.5652732721208],[15.898331654732562,41.53027345252842],[15.926248560041927,41.48582841801668],[15.984999648182875,41.43971632353245],[16.03305433598433,41.41888426824689],[16.15903852411246,41.37300539872573],[16.657775885262755,41.19138335029638],[16.78888701619883,41.15471650944633],[17.04972077119887,41.08193970165808],[17.10826435409597,41.05906846515135],[17.183748250501587,41.02957915203266],[17.254997255510126,40.98944090850046],[17.294857023371577,40.964786539441484],[17.321941366565095,40.94277190138957],[17.385497505055802,40.89504765906075],[14.932934407185092,40.89504765906075]]],[[[21.10302070263724,62.479336729418236],[21.928461518637768,62.479336729418236],[21.928461518637768,60.50025896813751],[21.869720460625615,60.52416228751338],[21.82444383186794,60.61916352894127],[21.77069283963033,60.60138320773285],[21.664165500643378,60.55249785484216],[21.58805465034027,60.509441365916814],[21.562190989462444,60.51958393477665],[21.452774049876325,60.562492355569304],[21.42416380092925,60.57929992831282],[21.358608235460963,60.65361022995859],[21.32833100397079,60.86527252957802],[21.444442737640486,61.167221070626],[21.489257728918137,61.22915027206509],[21.493888835923098,61.23554993321447],[21.54444121007209,61.27638244954013],[21.544441210072257,61.276382449540684],[21.544441210073728,61.27638244954187],[21.554443376334802,61.309440604972394],[21.530551921437677,61.447219859654126],[21.511802684532903,61.51270295098585],[21.562190989462444,61.5303264652769],[21.60333252327621,61.54471588381631],[21.603332523275707,61.54471588381744],[21.603332523277686,61.54471588381813],[21.562190989462444,61.636523504640294],[21.48874665664823,61.800415047644606],[21.410552987963854,61.89054871398463],[21.363330823563558,61.929443360200594],[21.299602519976077,61.94182586820193],[21.284582139279166,61.94638442162926],[21.253330223583305,62.005554210504386],[21.28555299071735,62.06944275471443],[21.305831927427448,62.10888672545366],[21.333885186317165,62.15388487853818],[21.380275717757232,62.18235780603338],[21.380275717757453,62.18235780603396],[21.380275717758934,62.18235780603487],[21.389305096841213,62.206245428164834],[21.37166596856605,62.25999452337783],[21.33222006208689,62.35055161365875],[21.259162920316555,62.37583161414278],[21.155551929696855,62.41277313661158],[21.11166380781168,62.45166015600887],[21.111481296192498,62.452244586734224],[21.10302070263724,62.479336729418236]]],[[[21.928461518637768,60.50025896813751],[21.928461518637768,62.479336729418236],[24.260303889121992,62.479336729418236],[24.260303889121992,60.05881145044634],[24.074165345356676,60.01527403494771],[23.797218329121222,59.96193694280635],[23.70193861202307,59.95443726353],[23.623188030711958,59.95207976353123],[23.58837316396869,59.952395162051474],[23.431594833501606,59.95381546487209],[23.35147620016376,59.9054379055934],[23.274679193755787,59.8590660246071],[23.193885786469593,59.827774039077724],[22.91297910579994,59.80770822847436],[22.90027618447664,59.80680082957315],[22.91297910579994,59.81924910905276],[22.93471909144048,59.84055329651079],[23.08694075333268,59.87916563428921],[23.114997844990402,59.884437546914235],[23.16083146380389,59.884857176803735],[23.20350920052691,59.9054379055934],[23.251611706283878,59.92863465174498],[23.251611706285143,59.928634651746236],[23.251611706285587,59.92863465174645],[23.264195550649895,59.94113127584504],[23.275278073241186,59.952136984027334],[23.29140882303172,59.96748660589306],[23.32557678791858,59.99999999477677],[23.335693356459842,60.0239525029387],[23.314233772723185,60.017745975943285],[23.30646734962348,60.0097447763725],[23.297008505829613,59.99999999477529],[23.28027344593627,59.97943878834174],[23.250549333021905,59.94527435704795],[23.22749520216405,59.9290237356463],[23.109231931316288,59.92565155903725],[22.991247174854095,60.05735777540872],[22.998052581337106,60.086246500026334],[23.00776737699833,60.09380833754493],[23.01728819247243,60.10121918406906],[23.017288192472318,60.10121918406908],[23.01728819247427,60.1012191840706],[22.967498771201804,60.11193846486674],[22.91297910579994,60.12477140257534],[22.90610884249452,60.12638853761075],[22.87444306541795,60.14555357163846],[22.869720477315866,60.17916109030671],[22.90430260275794,60.21583176392244],[22.91297910579994,60.2216685685215],[22.92413055094281,60.2291703011874],[22.92680357632694,60.230968482641316],[22.967775349845066,60.25027467088781],[23.017219551103853,60.28221892363558],[23.084650036390922,60.34520339946515],[23.08465003639075,60.345203399465206],[23.08465003639259,60.345203399466925],[23.06138800697289,60.35319138871563],[22.919166575600343,60.30416108755378],[22.91297910579994,60.30176631130296],[22.801109306288026,60.25846862295907],[22.760555265633172,60.24416349848531],[22.734582889381556,60.23735425923604],[22.699165336925887,60.22916413993329],[22.662776933031523,60.22222137328367],[22.565473553791378,60.21193693730066],[22.449302663884282,60.242355361723696],[22.462776194111772,60.26388548385426],[22.48416326499679,60.28319167209979],[22.536109914525465,60.31249236107374],[22.626594530671266,60.3804435606346],[22.626594530670715,60.380443560634646],[22.626594530673003,60.380443560636365],[22.483608249397946,60.3919372538943],[22.276943219500083,60.38582612020491],[22.180465739918212,60.41479924182157],[22.083610526895825,60.44388580044921],[22.014442443241933,60.46527101302405],[21.928461518637768,60.50025896813751]]],[[[26.47822761489971,60.47790907752494],[26.56999779522062,60.57985687965294],[26.592146259606217,60.595977728521405],[26.592146259606217,60.42767134994213],[26.563610082887806,60.42805480893634],[26.50013543877435,60.444995870364835],[26.47822761489971,60.47790907752494]]],[[[24.260303889121992,60.05881145044634],[24.260303889121992,62.479336729418236],[26.592146259606217,62.479336729418236],[26.592146259606217,60.62190246106768],[26.546089189661075,60.581916817578644],[26.526943203322674,60.56527711227682],[26.456386574081648,60.49680330141598],[26.456386574081712,60.496803301415795],[26.456386574080096,60.496803301414225],[26.46937179433537,60.458187092154176],[26.473192211082736,60.427635179045964],[26.452972537622312,60.41479924182157],[26.41652680622019,60.39166261099069],[26.146110553563915,60.393882750822684],[26.146110553563023,60.39388275082107],[26.14611055356207,60.39388275082108],[26.105136883017654,60.3197860775293],[26.092785770569748,60.30772868281437],[26.078748709645083,60.29402543260801],[25.921663266717246,60.24374390731066],[25.77486036274621,60.233608252364945],[25.720554354907676,60.24805449234202],[25.67416382346738,60.27527619570259],[25.65117837269179,60.295204143892704],[25.614555338474936,60.29011584017812],[25.36777496403937,60.25582885323729],[25.194650631037177,60.208606727551626],[25.19465063103702,60.20860672755036],[25.194650631035447,60.208606727549935],[25.191663744274365,60.184303269583175],[25.065830217042503,60.15610502370771],[24.954156866012397,60.13611985501973],[24.8508300808561,60.13665771995704],[24.75111008409351,60.13693998967949],[24.603332534632102,60.12194063112747],[24.6033325346324,60.12194063112577],[24.60333253463074,60.1219406311256],[24.608470919855737,60.0924987879329],[24.589303988802417,60.054859159904886],[24.47249794362631,59.99041366435358],[24.42110441267255,59.987220776056745],[24.421386721109798,60.02722169813734],[24.360832219414533,60.069301605831356],[24.333053603427857,60.07193754278626],[24.28791425740809,60.06526945775545],[24.26376722213744,60.05962151678432],[24.260303889121992,60.05881145044634]]],[[[26.592146259606217,60.42767134994213],[26.592146259606217,60.595977728521405],[26.594997423007126,60.59805295926811],[26.623054514664847,60.60694122284599],[26.65860938857273,60.60819244698094],[26.695693962286295,60.591938031526944],[26.749719636143414,60.57534025437077],[26.74971963614158,60.57534025437357],[26.749719636145187,60.57534025437246],[26.72194291718438,60.617774944638995],[26.691942225624018,60.64249803249629],[26.652358997692147,60.646385193586525],[26.61138726288891,60.63860703863958],[26.592146259606217,60.62190246106768],[26.592146259606217,62.479336729418236],[28.92398863009044,62.479336729418236],[28.92398863009044,60.233998509409176],[28.598329563163077,60.38721466579187],[28.57247524296817,60.41479924182157],[28.446735391008104,60.548954016737625],[28.5054817172235,60.55148313951554],[28.522706984115725,60.52357866166207],[28.563884720454727,60.499717714040074],[28.581939684566418,60.49027253783552],[28.656105037941604,60.46221161341103],[28.68249510834165,60.45388030117462],[28.70573615433153,60.46087266150326],[28.705736154331674,60.460872661504446],[28.705736154333295,60.460872661504936],[28.732494363917567,60.6772155823661],[28.73096656113762,60.71624375598253],[28.67673109169374,60.7358245871323],[28.41055105290701,60.66513059772484],[28.388885506349652,60.649021130541996],[28.38888550634933,60.64902113054052],[28.38888550634839,60.64902113053982],[28.383466709711858,60.624294287345485],[28.382552490526336,60.62364380724605],[28.341106429322735,60.594154338594365],[28.316131571149928,60.585841474397604],[28.146663666803533,60.52943420013827],[28.020322781908078,60.52799989363871],[27.823886864521228,60.52610778444176],[27.807830823783604,60.5464019747904],[27.806663494654742,60.548606860985444],[27.778190605874897,60.57131193906355],[27.742567051883043,60.56645582356151],[27.742567051882578,60.56645582355979],[27.74256705188156,60.56645582355966],[27.7341652012506,60.53555296064467],[27.738052362340447,60.511383068793066],[27.473052970581875,60.47638704325294],[27.29555510225731,60.50388335080237],[27.27138710743003,60.53360746371811],[27.219163879256826,60.58374404074448],[27.02451132114959,60.53152464533758],[26.965343454812434,60.50402346648027],[26.905277237578503,60.47610473481569],[26.666942597837078,60.426666263349375],[26.592146259606217,60.42767134994213]]],[[[21.065969484905793,62.59798051851425],[21.105623251232,62.767353076136764],[21.133886344423598,62.78985594673075],[21.29805373376443,62.8608322058613],[21.345832810791517,62.854579917953345],[21.3732624127132,62.862148277312876],[21.551246655269576,63.044788363628925],[21.551246655270464,63.044788363630566],[21.551246655270802,63.044788363630914],[21.569511414970123,63.078605639171485],[21.518608091015437,63.12527464628204],[21.50166319681972,63.15972138601467],[21.496871967349154,63.203536995049326],[21.53846933357566,63.23027418248742],[21.56742859658821,63.221313483489],[21.6404151999638,63.19249727172118],[21.966663366213123,63.18305205680181],[22.216941836377604,63.23638152212467],[22.33999823372204,63.27652359842364],[22.353808426251867,63.2936407505234],[22.369581231135328,63.31319047799013],[22.35555268530669,63.33972166389384],[22.323747651036967,63.36804960440361],[22.29861070179703,63.37583159211772],[22.271942155726492,63.38610840128263],[22.200553893525125,63.419303878165124],[22.187845213200177,63.445133203171565],[22.288192738412125,63.525691998671924],[22.70694159484503,63.659439105277926],[22.74013711044257,63.61985777437239],[22.78055189390471,63.62583158660962],[22.824443809841743,63.64138793521819],[22.899997708803856,63.698608394397866],[22.89999770880421,63.698608394398725],[22.899997708805472,63.698608394399685],[22.91297910579994,63.73025521592937],[22.926317202096413,63.762771620228534],[22.923332212360926,63.801109315102075],[23.066387173717867,63.85083009500505],[23.147914884917203,63.87805175965055],[23.20069123166535,63.88597106881619],[23.318885822429547,63.89665984233696],[23.511386882072866,64.03637696712822],[23.652221664884234,64.14082334604547],[23.65222166488561,64.14082334604605],[23.78672592678265,64.09063848958652],[24.16660657208905,64.05718012793216],[24.363873658772093,64.05160452472103],[24.539486097441113,64.0683320117281],[24.708933209906547,64.1687396429603],[24.951915275267027,64.28597457371995],[25.187420236671983,64.36977506122224],[25.51841090799894,64.44244352057439],[25.614555338474936,64.49002647265513],[25.710538429146027,64.53752957586511],[25.822374653122722,64.67188100055574],[26.05133710483824,64.7503135098379],[26.149262694343463,65.00555527180472],[25.765667075128988,65.52853164246403],[25.614555338474936,65.62135041781517],[25.585653373749437,65.63910314192822],[25.289214904890912,65.7639862082446],[24.883799630221404,65.88048446877417],[24.13868399742239,66.03553670067976],[24.62205246977493,66.0782507562443],[24.90095155890458,66.10673619652601],[25.552139292593324,66.17798275208423],[25.614555338474936,66.18656048983355],[27.00556158194445,66.377724261835],[28.14753819500595,66.40628906147174],[28.316131571149928,66.49510933540651],[28.376921313220993,66.52713527655953],[28.772107054597882,66.73533150945445],[28.92398863009044,66.75464806837124],[28.92398863009044,62.479336729418236],[21.10302070263724,62.479336729418236],[21.065969484905793,62.59798051851425]]],[[[43.19968247950393,53.84562110127524],[44.58097719419227,53.84562110127524],[44.556984989011994,53.80786640447752],[44.52558896719988,53.76980476339346],[44.41960858670518,53.64132392500949],[44.144616694393335,53.43330428308519],[43.79533634738891,53.39172144664701],[43.63636954142987,53.45409833579225],[43.311865447957814,53.75580975937419],[43.19968247950393,53.84562110127524]]],[[[28.92398863009044,51.188647452330514],[28.92398863009044,53.84562110127524],[38.6326216488363,53.84562110127524],[38.67902060117882,53.39172144664701],[38.697504596099634,52.93477293907608],[38.76768431038204,52.42689273717485],[38.91805128704959,52.033743823540476],[38.93810748311637,51.74445422040145],[38.86039796321296,51.47613018824387],[38.59532551765096,51.25961859268614],[38.40822423948714,51.249313225181595],[38.123338294163034,51.3730058743505],[37.707969681580494,51.775433381557775],[37.359252189625295,52.23024017031116],[37.09640117815718,52.62370189732263],[36.943306340256584,52.872527353032524],[36.595828538179035,53.35014563254515],[36.42086026917491,53.49438595724556],[36.1163722596512,53.745399753124445],[35.777324573742135,53.83910568464182],[35.47006645309841,53.797454193422936],[35.04167556953064,53.59970592343649],[34.884457062435786,53.381326834916536],[34.89650515068678,53.12160402046652],[35.10765127016259,52.799927345772176],[35.48298758724525,52.43724720676573],[36.00870099759277,51.90972118975577],[36.42086026917491,51.48979766909116],[36.505131764121415,51.40393866921045],[36.845246305171884,51.0124076920693],[36.97387123441956,50.714022151492145],[36.75549550687958,50.63177183596537],[36.42086026917491,50.58773469462763],[36.28687007740774,50.570101928116856],[35.75433537489408,50.5392727008562],[34.63715379806001,50.41599393650671],[34.586633305008434,50.24145335669931],[34.591844529727446,50.227572517258295],[34.72125435617352,49.88287100852574],[34.972580357055335,49.413216436164305],[35.1409741144156,48.9951049015005],[35.1071786924615,48.77094360972745],[34.61069537160705,48.69964751908691],[34.09978524118793,48.78112986665144],[33.51322197657589,48.893196870595716],[32.87941591392513,49.09704051401263],[32.12629212715166,49.46423744139673],[31.784907088092325,49.729658302495636],[31.845204149511005,49.974828627028785],[31.759387175688556,50.227572517258295],[31.730276373595757,50.31330820614261],[31.598276709996583,50.621492457147156],[31.491493856546697,50.80658626120692],[31.265507117158336,51.02270323742829],[30.996426170291443,51.16688567551506],[30.634858523631067,51.3111518465916],[30.11033677955021,51.3730058743505],[29.463894293360056,51.424562674533206],[28.969844761083664,51.21839968826157],[28.92398863009044,51.188647452330514]]],[[[28.92398863009044,53.84562110127524],[28.92398863009044,59.80982125957933],[28.956521982158332,59.819164289883716],[28.981105812822744,59.82971953600445],[29.027359022810916,59.866661058473284],[29.02735902281098,59.8666610584735],[29.027359022812675,59.86666105847485],[29.036178606307146,59.89506151183491],[29.02833177127684,59.93054960268546],[29.038780734425007,59.94226115945127],[29.062774639526022,59.9691543523582],[29.10680197988906,59.98846437337161],[29.1945781849444,60.006801607206],[29.492771156561975,59.97387694046047],[29.66691968748742,59.95220063991711],[29.762775406147778,59.94026946050698],[29.791664130765763,59.935821515308675],[29.9308280982675,59.90248871697397],[30.00916481819623,59.881103504398894],[30.03944015266035,59.872764604058574],[30.076248186443973,59.86763001288553],[30.155551925044154,59.86388396729942],[30.18485640807005,59.87165832819434],[30.21805192366759,59.8969383286782],[30.218051923668167,59.89693832867961],[30.218051923668895,59.896938328680164],[30.24666213390185,59.966934212527576],[30.233882915182164,59.98290635825839],[30.16999626799776,59.99867250245467],[30.076663983568437,60.004165631537774],[30.036972044433867,60.00799940489668],[29.971382138923786,60.01805116483695],[29.947580347540793,60.0271873580956],[29.893466945910745,60.09346390958024],[29.90200995076077,60.12068557422549],[29.879858029971388,60.14527130191601],[29.845550547432254,60.16027069918266],[29.824165334856332,60.168327329800945],[29.748603809075462,60.18693541248723],[29.721660620100977,60.19221495193091],[29.67221831586835,60.19609831896878],[29.66691968748742,60.19624210012014],[29.579997998381202,60.1986007672391],[29.55356596112074,60.19771574654749],[29.51860810838889,60.19360349751787],[29.471040723975477,60.18285750349878],[29.44471739791811,60.16749190278824],[29.40055083907646,60.15901947504841],[29.162357314839028,60.16860580547103],[29.046386735388694,60.181663499861656],[29.02638817137432,60.18582154851907],[28.92398863009044,60.233998509409176],[28.92398863009044,66.75464806837124],[29.617473144817893,66.8428466167677],[30.27506825309041,66.55637896781565],[30.318060003907725,66.52713527655953],[30.31806000390773,66.52713527655953],[32.05252325060036,65.34732504047759],[33.049896162817674,64.5039622693572],[33.719284036499914,64.07827755740686],[34.03722579005654,63.87608843940683],[35.26303375531387,63.493791463264586],[36.36170862736083,63.25106099584923],[36.522613543924855,63.96765898192371],[36.56054686254642,63.96804810453827],[36.5966567907698,63.963882429062664],[36.79693604407481,63.928745288018305],[37.08902357308111,63.89749526934918],[37.13916015010739,63.89443970250457],[37.172767630060875,63.88916016306082],[37.20373917305926,63.879295356966765],[37.24568559206787,63.848186492516405],[37.268051141211075,63.82360839164474],[37.297492984403775,63.8131866342092],[37.35916138878176,63.804992682139606],[37.388740553426445,63.80332566088194],[37.4226341358694,63.804714206468866],[37.42263413587223,63.804714206469214],[37.9288800276006,63.53266789602134],[38.25135811202735,63.4929573697695],[38.25135811202735,53.84562110127524],[28.92398863009044,53.84562110127524]]],[[[38.25135811202735,53.84562110127524],[38.25135811202735,63.4929573697695],[38.47003364909153,63.46602927426602],[39.03451875668401,63.210878166768225],[39.1224365018499,63.126779458344664],[39.23135751826993,63.02258983446586],[39.397751891793575,62.613666607423966],[39.90638188939727,61.95309042303148],[40.295172817471155,61.64588740024931],[40.66281971338822,61.44875494292313],[41.19341251654498,61.230043231054765],[42.31032497222827,60.88081079386177],[43.07299029348161,60.71740578174848],[43.47492241866303,60.73918217614619],[43.61014105222637,60.869911229855234],[43.59423075654615,61.175418471932346],[43.46526393807949,61.60205622443209],[43.30754013117627,62.10694536703636],[43.25930439758332,62.55849885364756],[43.12505787049116,63.10008935735584],[43.23754599093746,63.343941798579806],[43.79901002928915,63.38832477994919],[44.250706840651674,63.33284827687021],[44.52558896719988,63.24004570328238],[44.54632049182533,63.233046562000254],[45.162029921145574,62.9672595288543],[46.35486309857572,62.613666607423966],[46.6225586359119,62.59159688143876],[46.15642287244606,63.01152200804091],[45.37658559522981,63.61045358436127],[44.69121830986268,64.39073317141197],[44.52558896719988,64.79999647973331],[44.487266115256205,64.89469067412318],[44.52558896719988,64.95185308879469],[44.6760666978754,65.17630586314311],[44.94291916234516,65.56112432693641],[45.34921347082326,65.8222196416599],[46.017723134990604,65.89043526336036],[46.782059971054196,65.7654061627747],[47.53915918580259,65.48178533972276],[47.578727593964246,65.4652437062402],[47.578727593964246,55.95025219809177],[47.12739098669641,56.272559019811126],[46.28592179893559,56.80195844778325],[45.78230405635111,56.95046797567187],[45.1579074466556,57.035385339214145],[44.52558896719988,57.035385339214145],[44.47459451634472,57.035385339214145],[43.41721405552016,57.09909954803754],[42.6249474965166,57.141588170048294],[42.04982172106179,57.09909954803754],[42.11715399210334,56.85498357357284],[42.61423079370701,56.293705352261384],[42.99001569363145,55.83960073776774],[44.52558896719988,54.255348663523186],[44.58560623792653,54.19342880123082],[44.676133751010354,53.995361690937045],[44.58097719419227,53.84562110127524],[43.19968247950393,53.84562110127524],[42.83036322914455,54.14129038086202],[42.46041707165415,54.45428724896624],[41.98735686046149,54.861781655828395],[41.532862750822176,55.081766263405655],[41.0898720373728,55.15530663115038],[40.78802400459142,55.10277477665079],[40.54614711174338,54.88269709696743],[40.19018450107035,54.642277351365806],[39.73312955979134,54.52737737457693],[39.341491224274364,54.443847581417856],[39.1224365018499,54.375961309139235],[38.88527358504629,54.302463207083605],[38.76903816462993,54.26644120622706],[38.61411891807904,54.02662482391099],[38.6326216488363,53.84562110127524],[38.25135811202735,53.84562110127524]]],[[[47.578727593964246,55.95025219809177],[47.578727593964246,65.4652437062402],[48.269881253067126,65.17630586314311],[49.28169645591805,64.61448564318954],[49.48743201287385,64.33485198082315],[49.45346885202167,64.04463533817261],[49.35580720187255,63.688283098118404],[49.2676296452741,63.32175564418651],[49.51153306375102,63.01152200804091],[49.712162265891436,62.956196114629904],[49.92874143254986,63.027263113076835],[50.35322923855557,63.16655201475464],[50.70053845757451,63.310663900313614],[51.50760037581375,63.67716191015552],[51.952662499145845,64.04463533817261],[52.24681461633281,64.44663710512339],[52.35688506702178,64.82738917032157],[52.65118740780076,64.92835384043082],[53.23767411589415,64.81617546893455],[53.663547735540874,64.42427280068671],[53.68997228226533,64.17850540472222],[53.604768664126084,64.00004089364387],[53.33507685594191,63.6549222210931],[53.10060485043272,63.421621361226926],[52.502018037055166,62.779301269674704],[52.3248452043303,62.45925195844376],[51.985095920117146,62.084955712594706],[51.77300967312419,61.667808131134905],[51.789495358740965,61.21911658060634],[52.064841812087934,60.91351454708979],[52.626919544584155,60.706518845360506],[53.40642116466279,60.67386307710973],[54.35248186287288,60.78274505688944],[55.116188281831285,60.891711201272415],[55.331893897899846,60.98591928864288],[56.14114917552763,61.33935650223651],[56.37044292578946,61.7116598869103],[56.745572543330354,62.282987417810546],[57.07750101161025,62.900892266404526],[57.21836772132286,63.44382353541192],[57.456211402023314,63.944318131479406],[57.59105352328078,64.36837796755623],[57.97355919012011,65.49311592573656],[57.93928826624909,65.93593628955324],[58.32986597841324,66.12952996974144],[59.09136134081018,65.99283955307982],[60.030410851794045,65.56112432693641],[60.460575935273496,65.42971193925698],[60.16811759367033,65.34773049815897],[58.9710132971476,64.80676598176387],[58.46704353011874,61.658610109492166],[58.75175687097515,60.17582882191862],[58.85172661509573,58.377353896908915],[58.86881570295575,58.0699179193749],[59.12559201074839,56.66586983344616],[59.076532916273976,54.97852135944776],[58.07435627927534,54.122365234242395],[57.328352636244176,52.73654349349776],[56.95403883631337,52.50974064421371],[56.427941110895574,52.2716277159322],[55.6914427178267,52.12680159062177],[55.331893897899846,52.07283379334186],[54.93372430707382,52.01306906997246],[54.65829199810713,52.1578286239631],[54.48634270692929,52.375126894770574],[54.390563494354865,52.54081577236002],[54.48067331797654,52.685884751699916],[54.6568870412745,52.945148730709946],[54.83162223225207,53.15275630514918],[54.98339474925001,53.59970592343649],[54.839150437452645,53.9432653113696],[54.614980277055395,54.214287271465764],[54.13394849815171,54.48560891960773],[53.806595092715895,54.61093564941774],[53.23200465882502,54.72587483613381],[52.3717243050001,54.8931554879598],[51.91575875497722,55.03975648128153],[51.613883016761065,55.40767012777667],[51.76550545345094,55.713075974997025],[51.92685715280163,56.13516785372724],[51.95285253705606,56.4100542436268],[51.986689744244075,56.77015082691116],[52.013603276295555,57.088478953343156],[51.55111321734188,57.29037709976285],[51.427839833554856,57.29037709976285],[50.9588711147959,57.215967311974225],[50.67999505026978,56.971693578312],[50.20653294843777,56.653570664223594],[49.92874143254986,56.43578307947687],[49.88242861120165,56.39947398820749],[49.15783460729557,55.7763273637068],[48.65356654096473,55.6709205852959],[48.05433711995107,55.72361634732681],[47.600712985999394,55.9345520715853],[47.578727593964246,55.95025219809177]]],[[[28.92398863009044,47.883175998128515],[28.92398863009044,48.57258605025408],[28.9271333354813,48.56727625965061],[29.17175570776999,48.21112286040329],[29.253679247643674,48.058588532585645],[28.92398863009044,47.883175998128515]]],[[[28.92398863009044,40.99011855328041],[28.92398863009044,41.25966671128677],[28.938049323897932,41.25610352746701],[29.02888488984983,41.24387742732183],[29.048467618026418,41.25555037017749],[29.088882440203374,41.24624251542492],[29.107391374246266,41.22155380632424],[29.055549603153853,41.08249665299956],[29.03624724767435,41.05457688279435],[28.92398863009044,40.99011855328041]]],[[[63.6757501283908,66.52713527655953],[64.107668032309,66.79265946942576],[64.61225238097069,67.21784383235683],[65.10114637330219,67.59849711623394],[65.48893388809398,67.99211629587683],[65.52066977212263,68.00767611370338],[65.72594435825162,68.10832039264271],[66.23346655783804,67.95593291855464],[64.86182544605452,66.95262179095562],[63.77804361504821,66.52713527655953],[63.49498181330978,66.4160068409882],[63.6757501283908,66.52713527655953]]],[[[7.562464697670976,61.47034073485463],[7.782530908655247,61.92627701352825],[9.405097942424984,62.266910953653245],[9.58308407811171,62.304276509235706],[10.269249666216641,62.43795666956775],[10.269249666216641,59.733865965623856],[10.23090173413459,59.7290916380947],[10.23090173413535,59.729091638093955],[10.230901734134587,59.72909163809386],[10.266040810919744,59.69464493707619],[10.269249666216641,59.693882302241654],[10.269249666216641,59.10474542956073],[10.231109632696246,59.03860472776097],[9.954721464828765,58.95194242538861],[9.877498608867597,58.95499419818117],[9.83888720024504,58.96686934852028],[9.821613307544453,59.017059313277684],[9.786943454327513,59.03610990630966],[9.614166277079562,59.11777497767582],[9.551595701346628,59.11402130527074],[9.405097942424984,59.20395469950873],[8.903020935691131,59.512174359091205],[8.66686140694435,59.9500257847298],[8.100283886001762,60.730292010623884],[7.562464697670976,61.47034073485463]]],[[[11.701873796716256,57.699924481856044],[11.723054904782316,57.80722046479735],[11.749304788833626,57.8947181554671],[11.798679342138295,58.039093021043264],[11.860609100247068,58.16247891534674],[12.601092036700866,58.16247891534674],[12.601092036700866,56.77923999406321],[12.59937285398729,56.78367614896479],[12.34999849091929,56.96999360078348],[12.245694156661443,57.05388260603394],[12.148054113382557,57.18610763965302],[12.109998688230597,57.25000001663],[12.14236067384115,57.27985382417796],[12.142360673841157,57.279853824178026],[12.14236067384195,57.27985382417876],[12.145590913019282,57.30712961420916],[12.145832076523295,57.30916597273741],[12.145832076523254,57.3091659727375],[12.145832076523334,57.309165972738185],[12.124482422918218,57.35863122445259],[12.106674175099975,57.399891353409004],[12.094999329678103,57.426940933613025],[12.047637946799284,57.4572868451865],[12.009581553777139,57.425518047984326],[12.005676726150018,57.412161422595325],[11.986040119530943,57.34499359252448],[11.942777629071145,57.37610625102644],[11.917776104258053,57.40222167852255],[11.902776706991062,57.42430495794309],[11.906665803821213,57.514999408390615],[11.907409733322897,57.51694875762126],[11.911111813279433,57.5266494707904],[11.913800365091621,57.5304262980853],[11.914582248090294,57.53152467269615],[11.91458224809034,57.53152467269635],[11.914582248090767,57.531524672696946],[11.922222152430152,57.563888555334245],[11.887777309722992,57.69388582230215],[11.745971675474266,57.688747398362466],[11.701873796716256,57.699924481856044]]],[[[12.460068700138889,56.2966613802313],[12.601092036700866,56.264378113914056],[12.601092036700866,56.12463102899149],[12.581109991314122,56.14166258845154],[12.460068700138889,56.2966613802313]]],[[[14.675728520675124,56.00405000831099],[14.726559102920557,56.00405000831099],[14.719999310577577,56.00027464835068],[14.675728520675124,56.00405000831099]]],[[[12.741220143426387,56.00405000831099],[14.451152818125712,56.00405000831099],[14.369443892308254,55.95888518068347],[14.330275532343762,55.93694305548166],[14.26361082611487,55.88610841161011],[14.242599675486728,55.86345468821284],[14.238748558494358,55.8593025053716],[14.218784629460659,55.83238323010817],[14.217423000678602,55.83054721576809],[14.217222230415928,55.83027649801727],[14.217222230415887,55.830276498017184],[14.217222230415338,55.830276498016445],[14.204720480780974,55.80436707205574],[14.194998725931661,55.77318952752197],[14.192567822641543,55.72867585164165],[14.210555074540231,55.70082855557126],[14.276943202124116,55.6472167818109],[14.341388697675963,55.57860564949826],[14.365936291272703,55.54284287702901],[14.336666109574214,55.50110625360848],[14.312498076032455,55.48666380768293],[14.1935463008993,55.386146556716085],[14.163055402339864,55.38027189312248],[14.132856349606218,55.37965266546051],[14.12249946465937,55.379440298877114],[14.058886531222981,55.386108383907754],[14.037498492466739,55.389442426423045],[14.004720671016969,55.40583036927717],[13.969444272780663,55.421104448162964],[13.935832960060225,55.431388845431684],[13.911943440904452,55.433883666882764],[13.891387925548827,55.43360902397899],[13.730554578723343,55.42555235464641],[13.710277539037975,55.42416380905945],[13.636943818622683,55.41666412978344],[13.497776018355069,55.38221739005081],[13.465831765606652,55.37360380809184],[13.457462291437471,55.36979511532715],[13.424027429972966,55.35457992828265],[13.375555048022193,55.3399963281384],[13.34472082647602,55.33916473389286],[13.295415882409657,55.34138487372519],[12.982221616499771,55.40055082983332],[12.916734692399757,55.545898443874535],[12.921178804831285,55.572425835725795],[12.960277555556367,55.59111022531418],[12.981943140828164,55.59915922911307],[13.038748732040702,55.626941677866824],[13.041457974116957,55.633462527684756],[13.061108590106755,55.68075941444857],[12.92805482713868,55.82305146164509],[12.912776954200012,55.838050858912254],[12.741220143426387,56.00405000831099]]],[[[12.601092036700866,56.12463102899149],[12.601092036700866,56.264378113914056],[12.637221348448055,56.256107339576786],[12.718681347434384,56.22277833529404],[12.799234374428718,56.22589874945527],[12.830368055076075,56.25336454972981],[12.830368055075809,56.253364549730094],[12.830368055076292,56.25336454973052],[12.749706321928405,56.33990855199626],[12.734026893871317,56.35673140472136],[12.669998163312528,56.379993434141625],[12.63256836958567,56.39193726456409],[12.624304769561581,56.41833112901565],[12.634373680164813,56.439163223015555],[12.676249522064058,56.46499634207413],[12.731387124148522,56.46680451755056],[12.782068233268724,56.45160154301284],[12.794373497004063,56.44791029365987],[12.83277700706558,56.43972013564222],[12.852649670498412,56.43991851035888],[12.872360234997085,56.442493432764124],[12.88360975391129,56.44638825938773],[12.901109702422296,56.4572219811792],[12.914443007587295,56.47263717556902],[12.930276863996209,56.50110627029751],[12.930276863996276,56.50110627029804],[12.930276863996482,56.50110627029841],[12.934790624382401,56.536315924192934],[12.917221066631669,56.57860566618888],[12.88020707002795,56.64298248165733],[12.817498204972992,56.657497401718274],[12.784999865779923,56.64360807436742],[12.782068233268724,56.64321544899976],[12.758054741064655,56.63999938894813],[12.721943844970497,56.6415214619351],[12.670831693298169,56.676109317171495],[12.613609298377582,56.746940628031325],[12.601092036700866,56.77923999406321],[12.601092036700866,58.16247891534674],[14.932934407185092,58.16247891534674],[14.932934407185092,56.16089519339357],[14.848054874668094,56.16138457382078],[14.808250407774967,56.161468142830195],[14.717222219403482,56.16165925543953],[14.69263649171262,56.15819168552429],[14.690549907855592,56.1510120832197],[14.68246459969869,56.12319182721624],[14.712360374107767,56.10096739357698],[14.750831596382287,56.05971528607664],[14.767220507106323,56.033329009729165],[14.738332750359518,56.010826100419365],[14.726559102920557,56.00405000831099],[14.675728520675124,56.00405000831099],[14.635276775340401,56.00749968472286],[14.620832432388454,56.029441848639294],[14.603610998263662,56.051940925182635],[14.555136680572446,56.05624771616215],[14.541387539569484,56.051109330937095],[14.511665362394922,56.03749847925684],[14.451152818125712,56.00405000831099],[12.741220143426387,56.00405000831099],[12.681388836445421,56.061943052728566],[12.663610450977615,56.078605638486465],[12.620624539163202,56.1079826343626],[12.601092036700866,56.12463102899149]]],[[[10.269249666216641,59.733865965623856],[10.269249666216641,62.43795666956775],[10.342587976561136,62.452244586734224],[10.48164897088987,62.479336729418236],[14.932934407185092,62.479336729418236],[14.932934407185092,58.16247891534674],[11.860609100247068,58.16247891534674],[11.880485529008325,58.20207976335844],[11.880485529008162,58.20207976335867],[11.880485529008467,58.20207976335928],[11.798053749428107,58.31832885719501],[11.729165070601312,58.32860946041194],[11.622776020937124,58.27610779528243],[11.601109506509545,58.25902174686826],[11.528610245236393,58.23075865367514],[11.495277408186212,58.236106873202345],[11.405553809176695,58.26110839801544],[11.238332750017378,58.3469391061422],[11.216928337707234,58.377353896908915],[11.20138739478216,58.39943693850495],[11.23555372310301,58.50527190172397],[11.249999033925008,58.65527342378397],[11.232221616328331,58.83916473423483],[11.194166191176237,58.91749572437078],[11.166666012145924,58.924438491020396],[11.11944295730377,58.94124602504911],[11.113332752770237,59.00360870221964],[11.12333201541989,59.02110671498984],[11.169443142033725,59.06652070391384],[11.195415479570258,59.077217104253336],[11.265554414662606,59.09388731683005],[11.319998750538822,59.10027313213804],[11.344165816210115,59.088191980263574],[11.429191604599744,58.98764038925511],[11.429191604600245,58.98764038925616],[11.429191604600476,58.98764038925589],[11.43277644169325,58.99513627448022],[11.385831823807791,59.07611082838997],[11.354928960893119,59.106727588815545],[11.298332197397428,59.11388398381911],[11.203332891709806,59.10694121716949],[11.064165130156823,59.116661074992976],[10.900276177772184,59.142494194051494],[10.797498717137955,59.18638610998846],[10.764720934404238,59.220275859664696],[10.75588605876248,59.232295799897805],[10.659166343882362,59.363883978312856],[10.662081724378481,59.43558501751181],[10.6914634821768,59.47926330509466],[10.673887265477845,59.495277417686395],[10.657638541102244,59.51360702470208],[10.55958270070014,59.72478867988144],[10.57363658370947,59.76164824162548],[10.584444039165476,59.78999329554392],[10.600555403374724,59.8113860962228],[10.639443390641667,59.854579906598815],[10.66458223690677,59.845970157406484],[10.696249020569017,59.79652405912173],[10.73864553802725,59.80377197595009],[10.73864553802784,59.803771975950966],[10.738645538028095,59.80377197595101],[10.744397705370787,59.812293922549664],[10.75588605876248,59.829314139152196],[10.760784140919665,59.83657074211433],[10.760784140919437,59.83657074211496],[10.760784140919611,59.836570742115214],[10.75588605876248,59.850005267014495],[10.741179461442641,59.89034271778377],[10.688610084100048,59.9030494623683],[10.670558914040896,59.887161250357906],[10.532498357506427,59.8759689519415],[10.499027269850274,59.86582946422857],[10.49902726984941,59.865829464227836],[10.4990272698494,59.865829464227836],[10.498751659022782,59.86559690498735],[10.473262792159744,59.8440895077955],[10.473262792159833,59.84408950779506],[10.473262792159414,59.844089507794706],[10.4820823756539,59.79972078018509],[10.492500300322654,59.78028869135716],[10.49166487331043,59.76305390062022],[10.492637621774637,59.73249815474456],[10.522846211896159,59.677913671234805],[10.555574400951013,59.666892995597365],[10.576073663679125,59.64943311692081],[10.592294706961816,59.631000528494866],[10.595981596309237,59.59487151386725],[10.589304916589466,59.562217695973956],[10.558053968765591,59.54305266194666],[10.513053879937729,59.52499390378313],[10.478749262295025,59.515689843082384],[10.458838464768576,59.52408600263544],[10.438930493423527,59.53662108572627],[10.42604066647408,59.57312009784948],[10.418189029678107,59.63117005310016],[10.413331986149274,59.66707991072934],[10.377637855048306,59.70082854490158],[10.27833272625196,59.734996808963274],[10.269249666216641,59.733865965623856]]],[[[14.932934407185092,56.16089519339357],[14.932934407185092,58.16247891534674],[16.81907772427413,58.16247891534674],[16.797690085194514,58.117556641358114],[16.74694253293132,58.010967249302716],[16.63925169758238,57.9874954242955],[16.63925169758347,57.98749542429485],[16.639251697582402,57.987495424294615],[16.65550231898444,57.97774505919636],[16.67194364956958,57.980270387922445],[16.735622398192604,57.96506119506802],[16.7425613320753,57.95033264665294],[16.776178374588316,57.9202728375689],[16.76360895145601,57.881240831186894],[16.737081520888864,57.87263487604656],[16.659164430850183,57.88333131510086],[16.61791418166041,57.89124679149978],[16.603469838709714,57.9277763496126],[16.50621222038228,57.991973876768725],[16.506212220381475,57.99197387676777],[16.506212220381354,57.99197387676785],[16.48930440423974,57.97197458860637],[16.419233308244486,57.88909149898399],[16.419233308244934,57.88909149898359],[16.419233308244582,57.88909149898318],[16.443120653321174,57.86799256068075],[16.468252188535928,57.84579466848129],[16.599607455101044,57.76999663389013],[16.660552976436616,57.74110411522018],[16.697080598808704,57.717910765883495],[16.71138762030825,57.7026367257125],[16.625553118129744,57.61972046892703],[16.625553118129794,57.61972046892653],[16.625553118129424,57.619720468926175],[16.63249967883085,57.55221557376295],[16.691247940790078,57.478744493181445],[16.665830618854272,57.40853501969525],[16.6299285891929,57.3786735466129],[16.60083006898725,57.377494796613405],[16.552358616192976,57.38138199641833],[16.53234703032729,57.35863122445259],[16.505515466104935,57.328126955415435],[16.47222138632086,57.2902755816135],[16.465970995438877,57.27055359624413],[16.455415710603322,57.20291517368088],[16.460901251582463,57.170688612495596],[16.513885496891916,57.11721803166885],[16.511201314618308,57.10444528286774],[16.49721907836721,57.037910460301845],[16.42666624317811,56.843605057948864],[16.407775890769013,56.795555132069765],[16.37499617229441,56.72083282735358],[16.304302221602086,56.65666580747285],[16.28152656641396,56.657913198841015],[16.253608693233957,56.64611052263734],[16.216110219423797,56.607215876421265],[16.216110219423662,56.60721587642105],[16.2161102194231,56.60721587642047],[16.15903852411246,56.51671500027881],[16.120553962394904,56.45568848732156],[16.104164122514906,56.4255523713354],[16.09804744008489,56.41182069617461],[16.09055327083462,56.39499662546058],[16.071512545380397,56.35174603922221],[16.066301186091508,56.33990855199626],[16.054721818282104,56.3136062744272],[16.043331145149143,56.26888276424472],[16.004349862026164,56.21428395014093],[16.003469480262368,56.213050850652905],[15.865554801154303,56.09221649016672],[15.788610459579445,56.111938475536135],[15.775833137885968,56.14777376085556],[15.658887874230288,56.178886419357866],[15.598054896864767,56.194717410870396],[15.375276567016783,56.138053903032244],[15.225831996298382,56.15110780337085],[15.088888168629012,56.15999602823399],[14.932934407185092,56.16089519339357]]],[[[14.932934407185092,58.16247891534674],[14.932934407185092,60.32090782238249],[17.26477677766932,60.32090782238249],[17.26477677766932,59.49215858624161],[16.944719299251233,59.54485704337117],[16.864963526461622,59.58473206487014],[16.786941519271352,59.55888365345919],[16.65985870364375,59.550273904266874],[16.619720460110955,59.58346938114971],[16.558609007075177,59.60985565749775],[16.53791427324103,59.608192430292036],[16.499093998186765,59.59291076330226],[16.499093998187277,59.592910763301774],[16.499093998186243,59.59291076330137],[16.521663651838846,59.571662910893096],[16.543018357138635,59.554367066891785],[16.48083307125478,59.49975587015962],[16.329998019208404,59.46777344460338],[16.17333220616979,59.46513367488143],[16.15903852411246,59.46645437024754],[16.096664443239547,59.47221755703481],[16.06638717303406,59.48249816025174],[16.03246308331643,59.49016570696949],[16.032463083317808,59.49016570696826],[16.03246308331596,59.49016570696868],[16.07159423834225,59.45534134292195],[16.107219689359507,59.44541548356323],[16.15903852411246,59.44107621047058],[16.17527770309744,59.43971635294479],[16.27641679143712,59.44398497111587],[16.30930518240016,59.45110702607775],[16.334999082980765,59.453330998676904],[16.664720548938206,59.47360610262098],[16.689373020971207,59.46367265515835],[16.749999996801584,59.424163837102995],[16.79826763581732,59.39607656936524],[16.811943044083538,59.388118756196235],[16.83443258228121,59.388165243103224],[16.85992812264601,59.388217943554565],[16.85992812264665,59.38821794355533],[16.859928122646807,59.38821794355533],[16.864166660832538,59.39330858642125],[16.866471320914773,59.39607656936524],[16.868011466486596,59.39792634179239],[16.868011466486504,59.397926341792456],[16.868011466487133,59.39792634179321],[16.854372043272804,59.407146468772964],[16.80055426797702,59.42554854992409],[16.726665493246685,59.45360564158176],[16.69541551329318,59.4704780616412],[16.836734773309317,59.489646928435675],[16.928178781307842,59.45331574503945],[16.949220670895553,59.44152448970641],[16.964427966724003,59.42781448938274],[17.051983415315277,59.39607656936524],[17.11166381848082,59.37444305719946],[17.174442292774998,59.37305451161252],[17.26477677766932,59.35910293427389],[17.26477677766932,59.29160183926882],[17.263885480373972,59.29083252762052],[17.263885480373894,59.29083252762033],[17.263885480373194,59.29083252761973],[17.25291443712973,59.26430509705287],[17.26477677766932,59.262472563521506],[17.26477677766932,58.721160776947656],[17.03444289826183,58.63721466562026],[16.907289505525284,58.61666108600542],[16.83443258228121,58.620963390550195],[16.789718610444538,58.623603813940065],[16.736122129036858,58.62899016756097],[16.67777634630363,58.63693998400146],[16.46138762581495,58.655548105402715],[16.4363861010022,58.6574936023311],[16.412776954542153,58.658882147918064],[16.29833220341669,58.66305541149757],[16.2379150231734,58.663887005742936],[16.193607348828266,58.62749480779695],[16.1936073488289,58.627494807796865],[16.193607348827914,58.627494807796054],[16.293331139642884,58.61360931321193],[16.370552059862668,58.6052703741568],[16.411663051859065,58.613327043489235],[16.43458175829179,58.63957975372249],[16.649440778974395,58.620552079861405],[16.719024659751245,58.60361097971786],[16.77749634306587,58.58138275202664],[16.83443258228121,58.54744415746661],[16.93360899881438,58.48832700752796],[16.83443258228121,58.44612656358914],[16.82638738703605,58.44270326173182],[16.82638738703561,58.44270326173123],[16.826387387035126,58.442703261731026],[16.777568576668497,58.377353896908915],[16.769996625074917,58.3672180041375],[16.78888701619883,58.32221985105105],[16.824718468751474,58.19943999363656],[16.825832371434412,58.176666274189905],[16.81907772427413,58.16247891534674],[14.932934407185092,58.16247891534674]]],[[[14.932934407185092,60.32090782238249],[14.932934407185092,62.479336729418236],[17.26477677766932,62.479336729418236],[17.26477677766932,61.71948372816999],[17.227359755027805,61.722774497534886],[17.148780835210232,61.717285162503686],[17.148780835210246,61.717285162502925],[17.14878083521011,61.71728516250292],[17.15395545750279,61.42826078844513],[17.209163675411453,61.32707977195984],[17.203609454348918,61.27888489781009],[17.201317672155866,61.26985920396822],[17.181110377805688,61.19027709850924],[17.16275405756706,61.04666139175723],[17.15249823183246,60.942775719518615],[17.26477677766932,60.796236515129074],[17.26477677766932,60.32090782238249],[14.932934407185092,60.32090782238249]]],[[[17.26477677766932,61.71948372816999],[17.26477677766932,62.479336729418236],[17.332743347778838,62.479336729418236],[17.338882307465738,62.452244586734224],[17.359722148812924,62.36027526553234],[17.37388801609377,62.32680131297887],[17.465274803594397,62.26554870572362],[17.502496737474768,62.25849533084513],[17.50903702489818,62.20257948353152],[17.483253460803958,62.125144973672434],[17.463607782336855,62.006385804748795],[17.440345752917153,61.99173356323598],[17.405065521913514,61.98971559217216],[17.350830091183923,61.94347000900268],[17.35083009118391,61.94347000900257],[17.350830091183084,61.943470009001864],[17.33867377618159,61.83790659471783],[17.336387645257446,61.81805421463321],[17.336185619690955,61.81144059109399],[17.333192821220123,61.71346664278237],[17.26477677766932,61.71948372816999]]],[[[17.26477677766932,59.49215858624161],[17.26477677766932,60.32090782238249],[18.43069796291143,60.32090782238249],[18.43069796291143,60.24771838940355],[18.381526930537518,60.2705497748326],[18.35416411167381,60.29083250559546],[18.31708143498662,60.308189402861785],[18.31708143498813,60.308189402859874],[18.317081434985802,60.30818940286096],[18.396110530682016,60.208053570260404],[18.421665174069844,60.187217720922895],[18.43069796291143,60.18357776622898],[18.43069796291143,59.49088333422283],[18.373331081442302,59.466941850357955],[18.259443281657695,59.44638443797635],[18.185220698618707,59.41193299545766],[18.15105943231736,59.39607656936524],[18.088886244242076,59.36721802082815],[18.088886244242133,59.36721802082742],[18.08888624424182,59.36721802082728],[18.091388692511646,59.33444213512013],[17.93214989280932,59.336521159448466],[17.897777562952456,59.343887311324636],[17.859165186459848,59.35610961741787],[17.832775116059793,59.364997880995816],[17.808748236736506,59.37444305720038],[17.7827758604854,59.38916014602995],[17.776552424594563,59.39607656936524],[17.759651191231796,59.41485977640326],[17.784650819019003,59.49339676807431],[17.809164033858664,59.5181884585847],[17.843469619372392,59.53068924034868],[17.843469619372026,59.53068924034947],[17.8434696193724,59.5306892403496],[17.81770707742413,59.58645247385891],[17.75194167765386,59.63861085471575],[17.710590344079492,59.66940307068677],[17.71059034408183,59.66940307068427],[17.710590344079524,59.66940307068599],[17.720691697698697,59.65860748298817],[17.718261723564222,59.622844710519836],[17.64249802901554,59.63749695203279],[17.60396195942481,59.65062712055846],[17.628051750322324,59.662216168407475],[17.653339377624917,59.68212890167476],[17.65333937762492,59.682128901674986],[17.653339377625684,59.68212890167558],[17.6541633450517,59.71804808200113],[17.629674907694493,59.78647996471619],[17.591039650744904,59.80305098993455],[17.50982664044996,59.7647113872983],[17.44805526649509,59.735549927538045],[17.448055266495047,59.735549927537264],[17.44805526649493,59.73554992753721],[17.444721223979585,59.67610932852515],[17.50982664044996,59.59565388046678],[17.523677806825624,59.57853699745917],[17.54315186251399,59.57300569556763],[17.5431518625133,59.57300569556886],[17.543151862514776,59.57300569556844],[17.521663668529527,59.61138152453668],[17.514442426209143,59.64652253706254],[17.51013757097047,59.69673154950942],[17.537498492808076,59.73221588502188],[17.588886255254337,59.73693847312414],[17.61256791456393,59.732425680609204],[17.616107958614627,59.69554900545731],[17.561170589558174,59.66844940862683],[17.561170589558653,59.66844940862634],[17.561170589558003,59.66844940862602],[17.5897064286291,59.639427195322824],[17.694164267131846,59.60749815749769],[17.742221819829673,59.59055330201701],[17.762359602321762,59.57680129611809],[17.78583146604401,59.53263473727709],[17.73138620101273,59.444854738170626],[17.54791452045106,59.49013519969469],[17.522661194475656,59.50749205824603],[17.526353772699633,59.512142437955156],[17.54608152877813,59.536987289169815],[17.50982664044996,59.5446235656907],[17.44277572705124,59.55874633200722],[17.405483254777096,59.54964827284198],[17.40548325477722,59.54964827284142],[17.405483254776243,59.549648272841175],[17.4189567462896,59.48846817843609],[17.404443723255266,59.469161990190315],[17.26477677766932,59.49215858624161]]],[[[18.43069796291143,60.24771838940355],[18.43069796291143,60.32090782238249],[18.467429559381205,60.32090782238249],[18.599615115298544,60.2356185966086],[18.556941980482463,60.22444151311532],[18.531108861423263,60.226943961385246],[18.470832835399506,60.234992965184006],[18.440900785207305,60.24298095443311],[18.43069796291143,60.24771838940355]]],[[[18.43069796291143,59.49088333422283],[18.43069796291143,60.18357776622898],[18.507431034880142,60.15265654019462],[18.53166581276444,60.15305328962792],[18.63277625214036,60.1449966590103],[18.711387614973052,60.1280517648148],[18.776664743485167,60.110832227715335],[18.816387189894638,60.096382154970996],[18.860614756787456,60.02939323710021],[18.929721832389763,59.92472077743196],[18.93610764769775,59.86999510098863],[18.953609454519867,59.71999357892906],[18.860614756787456,59.67789924258647],[18.645553573835173,59.58055113575699],[18.43069796291143,59.49088333422283]]],[[[17.26477677766932,60.32090782238249],[17.26477677766932,60.796236515129074],[17.28360746574256,60.771659833735555],[17.377098093768616,60.618988034678765],[17.401803953532735,60.63041304785342],[17.50982664044996,60.6419095189882],[17.520553598612437,60.64305115106937],[17.555274981248893,60.64332579397335],[17.5783310091336,60.63999937827673],[17.609165191965186,60.63221739056308],[17.635829943984017,60.61860657759774],[17.6506233397155,60.600967410609044],[17.605899829533712,60.58096694956953],[17.605899829533776,60.580966949568904],[17.60589982953324,60.58096694956866],[17.60874939484246,60.55346680925243],[17.63208200137193,60.52041244787364],[17.6579151204305,60.50541305060655],[17.687915811990656,60.49735641998893],[17.73350525646029,60.49832533568637],[17.733505256460184,60.49832533568718],[17.733505256460603,60.498325335687184],[17.728401172562393,60.53673171064443],[17.7730522086093,60.57110597624139],[17.842498767934163,60.589996328650486],[17.88583183550374,60.597354892422686],[17.93722153369093,60.59805295926811],[17.960969937343126,60.59207914703089],[17.99333192295442,60.55888367014816],[18.12144281051781,60.45438386478499],[18.16252595408824,60.41479924182157],[18.185220698618707,60.39293229524896],[18.189943295886618,60.38838195620448],[18.2051925585755,60.37996674896203],[18.223567965218365,60.38971711406029],[18.313888546689217,60.353881828740874],[18.4378452183625,60.33999633415675],[18.467429559381205,60.32090782238249],[17.26477677766932,60.32090782238249]]],[[[17.26477677766932,59.29160183926882],[17.26477677766932,59.35910293427389],[17.280551898897954,59.3566665687585],[17.308572753488,59.346801762664455],[17.30097009280163,59.32284162768429],[17.26477677766932,59.29160183926882]]],[[[17.26477677766932,58.721160776947656],[17.26477677766932,59.262472563521506],[17.286941546972717,59.25904847678012],[17.291942610745732,59.2572174208475],[17.370553973578428,59.248050681598876],[17.392011660288862,59.252147676991086],[17.470832818708896,59.29638670996745],[17.50982664044996,59.2915826620552],[17.585830688409736,59.282218945660624],[17.74027632290126,59.269439688225916],[17.84722135603644,59.26444245721967],[18.074718479934997,59.31666564667829],[18.27853967431672,59.36610795091109],[18.430484757564326,59.42798231810965],[18.47721861199185,59.43527220179844],[18.49833297571492,59.43054961369617],[18.526386273320686,59.41930009478196],[18.610277175597133,59.36999511200115],[18.64315604271508,59.321868879220474],[18.59305190870566,59.30166624941205],[18.52222059784532,59.29582975862678],[18.30999755283267,59.21971894703796],[18.021385181845574,59.04193877027632],[17.913011356396805,58.92529687604749],[17.89395714620476,58.90478897978547],[17.891941072166965,58.874160759774455],[17.894721996107368,58.8588867196047],[17.789443984231013,58.94305420052547],[17.756664265755774,59.01832579105013],[17.765405741228474,59.07435412415712],[17.76888657184851,59.096664446718734],[17.768886571848434,59.09666444671916],[17.768886571848498,59.09666444671956],[17.764718999346996,59.120761864436986],[17.66624832969279,59.16735456464579],[17.62416458923235,59.07444001308039],[17.578327176366827,58.950508118889275],[17.57832717636711,58.950508118889125],[17.578327176366827,58.95050811888836],[17.591388703524235,58.943603525047365],[17.62909507589552,58.91020200791478],[17.581109997333556,58.84749604647135],[17.50982664044996,58.8181094356108],[17.34999845822375,58.75222016213985],[17.26477677766932,58.721160776947656]]],[[[17.534509423813212,62.479336729418236],[17.78372657484593,62.479336729418236],[17.6582603404446,62.46797941877844],[17.534509423813212,62.479336729418236]]],[[[10.48164897088987,62.479336729418236],[11.705714713821692,62.71781168008431],[12.106674175099975,62.76547062551214],[12.601092036700866,62.8242382470803],[12.601092036700866,62.479336729418236],[10.48164897088987,62.479336729418236]]],[[[11.237707157307426,64.8195037861238],[11.272777554008798,64.84054563699647],[11.374443047700218,64.85221861856695],[11.39772129862817,64.85593415687813],[11.423054686843152,64.8552703913596],[11.431280116931227,64.85614850101433],[11.466720585684985,64.85993196491202],[11.554471006672937,64.88093568169126],[11.554471006671406,64.88093568169157],[11.554471006673396,64.88093568169205],[11.541712771383118,64.88359833187013],[11.51305486449752,64.87943269510941],[11.431280116931227,64.86992324463532],[11.30999944917528,64.85581971588329],[11.253191960937366,64.8555450342645],[11.301805497104748,64.88513182572697],[11.351943971156995,64.90138244712901],[11.427499767145083,64.92359925394953],[11.431280116931227,64.92441496613772],[11.547221192818597,64.94943237300811],[11.73161884015177,64.99905126787505],[11.878610609189291,65.0386047504691],[11.967142101587946,65.06420898753609],[11.974998460462935,65.0658264151146],[12.004304879229625,65.0597152814254],[12.009750350374315,65.05169678490144],[12.023155200519088,65.02688596927143],[12.023155200519856,65.02688596927236],[12.02315520051991,65.02688596927226],[12.04478931064571,65.05284119485931],[12.106674175099975,65.0447043887119],[12.148887643367896,65.03915403627704],[12.254444130916145,65.05305482321344],[12.420555120159417,65.08444212461974],[12.601092036700866,65.12791590575199],[12.601092036700866,64.33517324539133],[12.246554810756699,64.48968993164688],[12.106674175099975,64.5506536068588],[11.539165491357366,64.79798887891559],[11.586165432713734,64.81765747655349],[11.717831617965317,64.85032654808447],[11.785774222837063,64.86585997752204],[11.798915850948557,64.86740876373196],[11.834040641966649,64.86340332887934],[11.851498584902409,64.85523988408467],[11.876415246839084,64.85674287066739],[11.876415246837505,64.85674287066816],[11.876415246839201,64.85674287066826],[11.857998841207063,64.86566160280631],[11.839998232696814,64.87098694187716],[11.822998982899492,64.8744888131194],[11.799331648071188,64.8759918384169],[11.77091597978881,64.87491606982763],[11.69416521229374,64.85932921394414],[11.682332028815324,64.85615541205175],[11.59449864197677,64.82799530026904],[11.431280116931227,64.76684366633057],[11.412999171566241,64.75999450702898],[11.29249953937881,64.75054933082447],[11.237707157307426,64.8195037861238]]],[[[12.3677768763867,65.26943971093593],[12.509192458864732,65.36660766574892],[12.601092036700866,65.40285081922387],[12.601092036700866,65.17901723002157],[12.479789717636947,65.13430022597612],[12.390415210122171,65.14068604128408],[12.36833189198655,65.1577682569315],[12.415133782150287,65.22097246156227],[12.42222214141712,65.23054502600417],[12.510276783428353,65.2402648838275],[12.558776846471872,65.24813080526202],[12.593509688693832,65.25350190524537],[12.593509688692636,65.25350190524594],[12.593509688693928,65.25350190524614],[12.577444085397872,65.26113127915562],[12.431110366281018,65.27207948065762],[12.3677768763867,65.26943971093593]]],[[[12.354928977582858,65.64075471035491],[12.601092036700866,65.8585080849299],[12.601092036700866,65.46552079901367],[12.561943060260262,65.50444030816249],[12.55214267107953,65.5084126041032],[12.531110774455612,65.51693725715973],[12.505414976848954,65.51082612347051],[12.476665509423754,65.51304626330284],[12.421110135760728,65.52860261191142],[12.39291475478035,65.54415892180515],[12.355554570292952,65.5902709775745],[12.354928977582858,65.64075471035491]]],[[[12.601092036700866,62.479336729418236],[12.601092036700866,62.8242382470803],[13.449157400626177,62.92504120798236],[14.279198374672376,63.34043106501906],[13.927541969616357,63.7570713336043],[12.601092036700866,64.33517324539133],[12.601092036700866,64.63776563645399],[14.932934407185092,64.63776563645399],[14.932934407185092,62.479336729418236],[12.601092036700866,62.479336729418236]]],[[[12.601092036700866,64.63776563645399],[12.601092036700866,65.12791590575199],[12.624721534554482,65.1336059531818],[12.939234736813074,65.32088469387926],[12.939234736808233,65.32088469387726],[12.939234736812978,65.32088469388009],[12.776305214996398,65.25353241252122],[12.70557115575366,65.21931459349514],[12.688570976800918,65.21126555098141],[12.601092036700866,65.17901723002157],[12.601092036700866,65.40285081922387],[12.634511930772376,65.41603088357749],[12.634511930772142,65.41603088357786],[12.634511930773215,65.41603088357829],[12.607498164688536,65.45915221981971],[12.601092036700866,65.46552079901367],[12.601092036700866,65.8585080849299],[12.64736079744607,65.89943696689038],[12.6708326224535,65.91915895225975],[12.670832622453517,65.9191589522606],[12.670832622453588,65.91915895226066],[12.673748970820997,66.06443784750296],[12.839443195070288,66.12763215763437],[12.89499856873309,66.13388061277556],[12.923053724650018,66.13499451545852],[12.955275523912952,66.13360596987158],[12.984025959208562,66.1348495671878],[13.068609237252499,66.14665220467671],[13.162776948693761,66.16693114138755],[13.22722054721963,66.18083192832395],[13.265416158719788,66.19908906120426],[13.304304107272614,66.2188796879422],[13.35138701448026,66.22360227604449],[13.457462291437471,66.2289064806014],[13.559652321293513,66.23401640666128],[13.576596247618243,66.21436310137575],[13.527221694314107,66.19332883860716],[13.527221694314141,66.19332883860655],[13.527221694313635,66.19332883860633],[13.531735415984148,66.11047363508474],[13.549720770856862,66.10055540254476],[13.61305522862212,66.19165802329671],[13.662984836242607,66.22575377450828],[13.70499993533463,66.23416139364681],[13.745832451660288,66.23637390666046],[13.767498966087668,66.23665617638315],[13.806527139703668,66.23055266951269],[13.855276100298585,66.2210998664894],[13.877777112582606,66.2252655032502],[13.99888801299863,66.24888610929511],[14.138262743958109,66.32023619868797],[14.138262743957654,66.32023619868826],[14.138262743958819,66.32023619868886],[14.113193506932816,66.33665464881773],[13.720137583209691,66.25387571348341],[13.639444369866794,66.23887635493128],[13.619026175963882,66.2376327576149],[13.589443217266762,66.24360656985215],[13.482221605487325,66.25193788208855],[13.457462291437471,66.24966452486623],[13.367221838760372,66.24137880320103],[13.194999677113174,66.19970702709651],[13.173887249130246,66.19471742290892],[13.14194299638308,66.18777465625953],[13.066248911072421,66.17568971033307],[13.028401384481981,66.18894957349221],[13.006457323539292,66.35297395030267],[13.283887849109785,66.52137755351336],[13.283887849109519,66.5213775535137],[13.2838878491105,66.5213775535143],[13.279424924304207,66.52713527655953],[13.269026741165192,66.54055021436079],[13.234165210895355,66.54554748408185],[13.207915288129414,66.5541534392222],[13.173053757859407,66.64804840478558],[13.17426796152086,66.64939823801723],[13.229026786955266,66.71027376050414],[13.28708170527677,66.7209625340249],[13.40249823699671,66.71665953709731],[13.457462291437471,66.71240139257388],[13.493887889393715,66.70957944899587],[13.544122685907912,66.69811246896077],[13.57058240426176,66.69074248431788],[13.699928294452235,66.69047546823265],[13.86416626090245,66.71943662827118],[13.88722039176118,66.72797394204295],[13.887220391759538,66.72797394204294],[13.887220391761957,66.72797394204383],[13.739499094928021,66.72665403782537],[13.6899156751914,66.72161863401072],[13.62305545914262,66.71249390033739],[13.585832596107025,66.70805358195776],[13.556804653010147,66.71033477505489],[13.512325278457183,66.78141784836242],[13.514020208099833,66.79619454348973],[14.932934407185092,66.79619454348973],[14.932934407185092,64.63776563645399],[12.601092036700866,64.63776563645399]]],[[[13.514020208099833,66.79619454348973],[13.525901790095386,66.89978026785283],[13.551387792114532,66.92846678498728],[13.571526542477017,66.93415832750179],[13.59749888001355,66.93666077577168],[13.756109222110286,66.93748474319841],[13.928333280783555,66.91970825475747],[13.950554849526437,66.9197158815762],[14.12249946465857,66.9802703832712],[14.304164905484434,67.05360414240094],[14.304164905484264,67.05360414240141],[14.304164905485266,67.05360414240181],[14.297777193150353,67.07083130631997],[14.268887500662856,67.07665254346773],[14.27787428607187,67.08729270087188],[14.32555484126705,67.14374543555937],[14.35055543692459,67.15110779338353],[14.55222130007574,67.18998718596205],[14.580832478178568,67.19527435222453],[14.795832653079934,67.21137998664103],[14.808250407774967,67.21126884709697],[14.932934407185092,67.21015291888081],[14.932934407185092,66.79619454348973],[13.514020208099833,66.79619454348973]]],[[[14.464443197995115,67.2952728246589],[14.57555483576079,67.39290617027413],[14.73159598524503,67.49061586150691],[14.808250407774967,67.52337996514288],[14.819166188764985,67.52804565523383],[14.884406108175778,67.54585794901587],[14.917360318489077,67.55485535552337],[14.932934407185092,67.55727171687035],[14.932934407185092,67.28263968074083],[14.859165175105261,67.2736053423614],[14.830528251649412,67.25168609761579],[14.808250407774967,67.24511129082649],[14.712776171231383,67.21693420770441],[14.69222069459056,67.21137998664176],[14.668609612390412,67.2074890314999],[14.629651086727847,67.20887757708681],[14.5398607433753,67.2463760508972],[14.464443197995115,67.2952728246589]]],[[[14.733331686587007,67.6519393766174],[14.756804479464302,67.80262754465137],[14.808250407774967,67.82835199696314],[14.889304155986938,67.86888121567947],[14.932934407185092,67.88011650470631],[14.932934407185092,67.65134133106243],[14.91860960688365,67.64888001572069],[14.843887340882304,67.63861083337463],[14.812776579405977,67.63888551499343],[14.808250407774967,67.63925440436847],[14.76166535688941,67.64305115175426],[14.733331686587007,67.6519393766174]]],[[[14.932934407185092,62.479336729418236],[14.932934407185092,66.79619454348973],[19.596619148153543,66.79619454348973],[19.596619148153543,65.78200553870481],[19.156924262190216,65.63768484397309],[18.250549804731065,65.39684365947608],[17.7414821330961,65.0859581202198],[17.877104451162552,64.7769347436647],[18.273684151753034,64.48968993164688],[18.39873171156404,64.39911731091587],[18.860614756787456,64.31201757399951],[18.991314499747432,64.28737082988414],[19.596619148153543,64.24901850784194],[19.596619148153543,63.48265537037226],[19.447219834148314,63.44027708766845],[19.3587493950144,63.4351348696768],[19.315553648896753,63.45124816962692],[19.30918502296703,63.46360779717202],[19.309185022966343,63.46360779717083],[19.309185022966144,63.463607797171214],[19.230552676703635,63.327499396514774],[19.054719932611533,63.21735764231647],[18.897499065257307,63.19166563876183],[18.860614756787456,63.186705793453456],[18.73735999122522,63.17013168386404],[18.566944108028395,63.11749265856787],[18.382221203331085,63.05166624424777],[18.28916549754689,62.99721528813808],[18.289165497548,62.9972152881379],[18.289165497546836,62.99721528813722],[18.346664432397255,62.98805238165537],[18.367221844778843,62.99138642417071],[18.396247852134,62.99333192109913],[18.532358188531926,62.98513793031471],[18.55722045615227,62.98054886961246],[18.575204843154584,62.961799632707304],[18.470415102536055,62.86041261468749],[18.204027165187654,62.77735899773444],[18.126110075148972,62.7658310031494],[18.08277511055303,62.781105043320565],[17.980760564081947,62.818469989730886],[17.980760564082157,62.818469989729564],[17.980760564081073,62.81846998972996],[17.994720468541352,62.73055266917068],[18.040138251517302,62.62499618162243],[18.04638670665845,62.5952758627592],[17.978054050016624,62.55527497939448],[17.839441304064053,62.48555373845085],[17.818609248778273,62.4824943388395],[17.78372657484593,62.479336729418236],[17.534509423813212,62.479336729418236],[17.50982664044996,62.48160200587632],[17.509164822505397,62.48166274459396],[17.47472001851429,62.506385793736285],[17.429996508331214,62.53360749709668],[17.40527535621561,62.536247266818464],[17.33083152716989,62.48777387828318],[17.330831527169938,62.48777387828297],[17.330831527168957,62.48777387828233],[17.332743347778838,62.479336729418236],[14.932934407185092,62.479336729418236]]],[[[14.932934407185092,66.79619454348973],[14.932934407185092,67.21015291888081],[15.059234632822072,67.20902252535667],[15.384929641781866,67.19409180817298],[15.713333139261756,67.17027282741141],[15.735554708004639,67.17575074157182],[15.73555470800391,67.17575074157239],[15.73555470800494,67.17575074157264],[15.696109769395662,67.20666502535835],[15.41388700776929,67.23527527430554],[15.275833148898585,67.24137878117614],[15.255415922864813,67.24013518385982],[15.140693663938066,67.26971434850452],[15.110971448048872,67.29026792811936],[15.038332000427147,67.29554746756304],[14.932934407185092,67.28263968074083],[14.932934407185092,67.55727171687035],[14.97194290497286,67.56332398921177],[15.035831449183224,67.57054139876519],[15.073609366534676,67.569160479997],[15.134219365002238,67.54585794901587],[15.146595969910269,67.5410995555725],[15.138093693299245,67.53026350604839],[15.108888629668172,67.49304200287548],[15.108888629668796,67.49304200287544],[15.108888629668193,67.49304200287467],[15.531387325739171,67.46499633208764],[15.61916542782049,67.51110838785705],[15.61916542781891,67.51110838785698],[15.619165427820803,67.51110838785797],[15.546179753601109,67.50784302542598],[15.359998694078115,67.51220703690348],[15.278888715743108,67.51832579741136],[15.23867989510154,67.52846528512407],[15.227941829986547,67.54585794901587],[15.182429319489815,67.61957549397992],[15.306874262420259,67.71672819515567],[15.357221602904264,67.70776366339048],[15.454721459834893,67.68582153818873],[15.508609773525205,67.6761016803654],[15.65194321055451,67.67527771293868],[15.826873783292264,67.67658995162348],[15.82687378329145,67.6765899516244],[15.826873783293195,67.67658995162441],[15.781110780303266,67.72776795719807],[15.683886534147518,67.74971008240004],[15.63194274951519,67.75999451838356],[15.589166633286823,67.7666626034142],[15.372081742979105,67.79241941557058],[15.177498832826132,67.70985410859055],[15.072776804419675,67.68110657690602],[15.001110066547142,67.66305540684635],[14.932934407185092,67.65134133106243],[14.932934407185092,67.88011650470631],[14.96805380814201,67.8891601523903],[14.992221841683705,67.89305114624713],[15.031248079558914,67.89290619797643],[15.18222045305713,67.87944029456698],[15.307924347012388,67.89450296300207],[16.15903852411246,67.67130409267617],[16.315474724628643,67.63027976929777],[16.968906279571684,67.53784751444095],[17.50982664044996,67.50762265026871],[17.795475999696976,67.49166149644913],[18.536515832970736,67.60716417004352],[19.090972109949234,67.86171290855663],[19.39609951383511,68.05882896076446],[19.596619148153543,68.1811378356786],[19.596619148153543,66.79619454348973],[14.932934407185092,66.79619454348973]]],[[[19.596619148153543,65.78200553870481],[19.596619148153543,68.1811378356786],[20.177978678145223,68.53574365907133],[20.527835554990418,68.65239214136574],[21.290003743532907,68.79254120287061],[21.946633546023804,68.72244332854291],[22.150940432866037,68.58238754817842],[22.340147776916695,68.31446658054875],[22.313913683606017,68.03561978729994],[22.255192262146466,67.75750554952873],[22.1237336630752,67.43395714951049],[21.939214554656758,67.16891898251839],[21.689094670025327,66.950469807702],[21.02932055164114,66.52713527655953],[20.21140287312495,66.00233021479721],[20.152263314511742,65.96438417141678],[19.596619148153543,65.78200553870481]]],[[[19.596619148153543,63.48265537037226],[19.596619148153543,64.24901850784194],[20.092877698179734,64.21757538613963],[20.21140287312495,64.22555074899859],[21.22447708178646,64.29371883582797],[20.963747039872317,64.1427002016062],[20.963747039871873,64.1427002016055],[20.963747039871517,64.1427002016053],[20.904998777912123,64.04943849428562],[20.89555360170758,64.00248717873721],[20.79388810801615,63.886383071886954],[20.77402496842886,63.867080677693075],[20.728610979504936,63.84805296511723],[20.63833236489444,63.81333162119557],[20.534999849945393,63.79916381817395],[20.415691356498314,63.694442757637944],[20.38076211401517,63.67409134679178],[20.316665632528668,63.659996017905485],[20.26388549172856,63.6658325086907],[20.21140287312495,63.66262946151847],[20.099998475084533,63.6558303811446],[20.011943833073246,63.635826126052564],[19.896247857812114,63.60777282844674],[19.77527617587407,63.53333283216767],[19.596619148153543,63.48265537037226]]],[[[10.269249666216641,59.10474542956073],[10.269249666216641,59.693882302241654],[10.305509559140646,59.68526456947345],[10.323887830679887,59.68152235665411],[10.380970968407581,59.65409089642127],[10.418189029678107,59.56525911434751],[10.47916602728726,59.41971968595665],[10.48677669722358,59.39607656936524],[10.515693649659347,59.306243889242765],[10.514052538837904,59.304443162587766],[10.459999096233275,59.2451324362072],[10.437082286826694,59.250968926992414],[10.369650833669994,59.26548005300134],[10.369650833669374,59.26548005300046],[10.369650833669183,59.2654800530005],[10.357064942021406,59.24762201245102],[10.327220905324964,59.20527650111251],[10.269249666216641,59.10474542956073]]],[[[21.212738048834566,70.20825958383469],[21.245216372466434,70.21780394739721],[21.299999230692844,70.24693297487747],[21.51638795118114,70.30387879115318],[21.562190989462444,70.29716093594527],[21.58645630916411,70.29360198198836],[21.8408317747208,70.27165222996788],[21.986734404362604,70.31867218688488],[22.237585047631192,70.2896619398594],[22.261108395218603,70.2869415237764],[22.310415275025402,70.27777099047583],[22.278610240755587,70.1813812421762],[22.329513564710677,70.15580751238414],[22.448219307189152,70.14270781241825],[22.448219307187582,70.14270781241926],[22.448219307189788,70.14270781241902],[22.43434523347645,70.15164183690922],[22.41942976993022,70.15419771162499],[22.355678547171806,70.16381071655644],[22.33645629264595,70.16436004107919],[22.38088797054592,70.25134278598216],[22.407220859162567,70.25457764113914],[22.50972174115139,70.2508239687343],[22.91297910579994,70.20961645824052],[22.931110367306186,70.20776368575753],[22.957498540680252,70.20416258844213],[22.971038815250914,70.18943787279395],[22.91297910579994,70.15368939900756],[22.890274056929286,70.13970946607219],[22.826942425345464,70.11290739260136],[22.796108242513924,70.10693358036411],[22.720832819222608,70.09860230684257],[22.551387787463966,70.08132934329723],[22.527721420506623,70.08107758084935],[22.497972491394307,70.08165741264702],[22.476720806219305,70.07982635671436],[22.461719511926162,70.07716370653634],[22.328609457615812,70.05387879666],[22.296665204867963,70.04123686067737],[22.296665204868592,70.04123686067724],[22.296665204867278,70.04123686067672],[22.31819342997228,70.03665925955997],[22.813610088050265,70.09416198846235],[22.8730545198291,70.10249330069874],[22.91297910579994,70.09772694450706],[22.9916648690012,70.08833312449585],[23.045555118432315,70.0227660994423],[23.16666412182236,69.95776365254896],[23.317636495320574,69.94235229092592],[23.469720835760963,69.98387908004506],[23.534719449887522,70.01929473547497],[23.534719449887017,70.0192947354751],[23.5347194498882,70.01929473547574],[23.50999833648666,70.02527617453165],[23.466941847561884,70.02777099598273],[23.43388748618304,70.02861021704695],[23.38972092734207,70.02638245039577],[23.364442823884133,70.02735136609334],[23.33194161979486,70.0320739929104],[23.260276778948878,70.04943847828054],[23.239719405282074,70.05665588783393],[23.178747170723568,70.09110258885158],[23.33110808980801,70.21971131023199],[23.409164437039966,70.273879996619],[23.464996350632713,70.31138609724805],[23.585552196733236,70.38360595369481],[23.645832055524284,70.40777588426249],[23.64583205552491,70.40777588426307],[23.645832055525034,70.40777588426312],[23.656110761715123,70.41722106046704],[23.81388664466999,70.484436020374],[23.854164106680148,70.4952697808803],[23.89416502876036,70.50082396322804],[23.978610985352308,70.5094299183684],[24.021247883102443,70.50791167814822],[24.155277259431134,70.5680542154873],[24.202898978860237,70.60202596638484],[24.260303889121992,70.64297672026538],[24.260303889121992,69.52349375501734],[23.440115846672086,69.68452858611653],[22.91297910579994,69.77097087394286],[22.900801039516068,69.77296788881443],[22.237585047631192,69.9352506452782],[21.80840110902693,70.0402679449798],[21.750274645725483,70.05610656331118],[21.725414275131186,70.05651856638195],[21.562190989462444,70.08540323691336],[21.469928739658258,70.10173034782258],[21.276664727138154,70.17166138435351],[21.212738048834566,70.20825958383469]]],[[[24.256385801781732,70.77089689289778],[24.260303889121992,70.80444248623115],[24.260303889121992,70.77033078164114],[24.256385801781732,70.77089689289778]]],[[[24.260303889121992,69.52349375501734],[24.260303889121992,70.64297672026538],[24.26376722213744,70.64544734685943],[24.295829772519806,70.66831970400628],[24.32749938236361,70.67971800395797],[24.36305235924551,70.68859864071712],[24.476108564784713,70.67776488021082],[24.50833129320323,70.66693878523807],[24.601464251221813,70.62991242457292],[24.623607638574807,70.62110899919136],[24.64666366645952,70.6141662712567],[24.687498079811153,70.6113815145493],[24.713747034707264,70.61569213829563],[24.735067361250902,70.6321410956995],[24.73506736125088,70.63214109569954],[24.735067361251595,70.63214109570009],[24.724302280828567,70.65637970635129],[24.699165331589484,70.67387388635461],[24.601464251221813,70.71117376677905],[24.55699922368916,70.72814942563355],[24.542999249394427,70.73040769955963],[24.507665630659403,70.73115539879905],[24.399166120236316,70.75026704509582],[24.26376722213744,70.76983037630677],[24.260303889121992,70.77033078164114],[24.260303889121992,70.80444248623115],[24.26376722213744,70.83409459728044],[24.26381494266331,70.83450316738505],[24.393331526476413,70.86569213278936],[24.411386490588104,70.8535308799608],[24.473052959225296,70.81513213182164],[24.578233719485272,70.79212190356414],[24.598983776790757,70.78795622808852],[24.601464251221813,70.78842569872386],[24.64312362240879,70.79631042078113],[24.643123622408456,70.7963104207817],[24.643123622409405,70.79631042078188],[24.608055122733674,70.85638427803752],[24.601464251221813,70.87186932277493],[24.57471849163221,70.93470764135469],[24.588470458815937,70.96096039030215],[24.601464251221813,70.96289884642096],[24.667636875963826,70.97277069332456],[24.707496643825284,70.97360228757002],[24.939161280306188,70.97356528899505],[24.994026196431907,70.97355652665763],[25.025276176386217,70.96693420253933],[25.063331601538014,70.95416261063816],[25.16110993413938,70.91583250386759],[25.219718938905988,70.87971494882547],[25.378608685829047,70.91194151001076],[25.426225074364105,70.91123458592132],[25.426225074364105,70.6330195260218],[25.356388084957246,70.60610960192491],[25.34896872624475,70.60202596638484],[25.188331598785567,70.51361084748214],[25.18833159878523,70.51361084748166],[25.18833159878488,70.51361084748147],[24.98402596591185,70.22610475235868],[24.964164723349707,70.1938781911734],[24.944860470843867,70.14694212926244],[24.943052295367433,70.09179686164444],[24.991664902380766,70.0642395008303],[25.01194190335082,70.05930328437391],[25.039998995008542,70.06165311883953],[25.150691970755812,70.07694245136287],[25.23472213022504,70.08972167008277],[25.260276812327685,70.09985353097687],[25.426225074364105,70.20912117733393],[25.426225074364105,69.31347565288286],[25.423608980579502,69.31390016784655],[24.519620324840446,69.47257984715003],[24.26376722213744,69.52281376796765],[24.260303889121992,69.52349375501734]]],[[[25.426225074364105,70.6330195260218],[25.426225074364105,70.91123458592132],[25.53791426858965,70.90957642190767],[25.614555338474936,70.90583339287002],[25.86222077067733,70.89373780357639],[25.903331762673727,70.88874053385534],[25.922010422469395,70.86019896499167],[25.635137546876194,70.71540834100728],[25.614555338474936,70.70711710147863],[25.52722166230285,70.67193601624507],[25.426225074364105,70.6330195260218]]],[[[25.426225074364105,69.31347565288286],[25.426225074364105,70.20912117733393],[25.51930428887727,70.27040863265168],[25.519304288877418,70.27040863265202],[25.51930428887789,70.27040863265233],[25.530622487875632,70.29658507469827],[25.510669723488604,70.3259887837973],[25.51221847098366,70.37416077749056],[25.614555338474936,70.42537700384563],[25.798053750796218,70.51721190608205],[25.95562363221575,70.58526612576803],[25.99290048662567,70.60202596638484],[26.004579562216446,70.60727693105318],[26.004579562216808,70.60727693105385],[26.00457956221703,70.60727693105395],[26.02541351452854,70.64555357266337],[26.242496507809737,70.78944396103378],[26.351387037873327,70.85083009568908],[26.369720477655765,70.86109923932034],[26.52333068513506,70.92582704330971],[26.54555511877432,70.93304445286314],[26.57027433514993,70.9388885317523],[26.592146259606217,70.94154949613183],[26.592146259606217,70.52792700549367],[26.55555345226901,70.49832151495889],[26.5555534522687,70.49832151495838],[26.555553452268395,70.49832151495814],[26.51319123613705,70.42915343130402],[26.50763701507451,70.36346433843596],[26.537220012485964,70.34930420094786],[26.56652449551186,70.35095976262002],[26.592146259606217,70.3598699112903],[26.592146259606217,69.14685596746044],[26.34579358030021,69.164256770436],[25.614555338474936,69.28291519832169],[25.426225074364105,69.31347565288286]]],[[[26.592146259606217,70.52792700549367],[26.592146259606217,70.94154949613183],[26.68666458320447,70.9530487079552],[26.724720008356268,70.92374418621449],[26.73444366023156,70.89610289167949],[26.68777655014664,70.73277282637686],[26.63084597465019,70.60202596638484],[26.60208130516059,70.53596497575411],[26.592146259606217,70.52792700549367]]],[[[26.592146259606217,69.14685596746044],[26.592146259606217,70.3598699112903],[26.9263877685334,70.47610474685243],[26.965343454812434,70.50258004781956],[26.990554827129326,70.51971435435195],[26.990554827129397,70.51971435435217],[26.990554827129984,70.51971435435257],[27.011943833757016,70.5880432169426],[27.021293215943878,70.60202596638484],[27.09069251804153,70.70581817781694],[27.13951302361573,70.74061582864036],[27.309164056909726,70.8180465831623],[27.343471539449435,70.82429503830349],[27.424163823636544,70.81527711880716],[27.514720913917703,70.8069305529333],[27.565551763737435,70.80471800120483],[27.565551763736657,70.80471800120564],[27.5655517637382,70.80471800120557],[27.510276801486782,70.86193846038515],[27.459999070241793,70.87582399368415],[27.382774355970128,70.87860108485808],[27.30916595393643,70.8808288515092],[27.267358792120604,70.88220977027731],[27.205276487645733,70.88916016374537],[27.168886186725786,70.89735411581512],[27.128747943193503,70.91658782992647],[27.136108403991617,70.95832824739936],[27.228330618503858,71.02124024909315],[27.265691770862187,71.02971650960028],[27.640737512981183,71.11069304763332],[27.643952979836154,71.11138730261301],[27.65166474158706,71.11305235756123],[27.65676735557287,71.11138730261301],[27.73083115873526,71.08721923850266],[27.75806744484833,71.06081033530624],[27.75806744484833,70.63042760826136],[27.65715028256693,70.60638428354372],[27.6571502825685,70.60638428354362],[27.657150282566203,70.60638428354306],[27.710830697695155,70.6027679325902],[27.74083328628129,70.60388183527316],[27.75806744484833,70.60559629664715],[27.75806744484833,69.06450263204482],[26.965343454812434,69.12049566611074],[26.592146259606217,69.14685596746044]]],[[[27.75806744484833,70.63042760826136],[27.75806744484833,71.06081033530624],[27.767497999585306,71.05166626162075],[27.87805365388059,71.03221129233663],[27.972082146843892,71.04666136508096],[27.978434542065557,71.04945576016428],[28.008052817874496,71.06248472977478],[28.030830370088463,71.06971739296567],[28.20777511983803,71.07998657531175],[28.229997617736498,71.0751266657575],[28.316131571149928,71.04803840692473],[28.517498021781346,70.98471069098028],[28.544372569387523,70.97395323737612],[28.533885964635363,70.94110108348076],[28.520553588626115,70.92359923794399],[28.443607311310757,70.86027527189424],[28.364440932877415,70.82443235975614],[28.316131571149928,70.80849936255551],[28.257915490917014,70.78929901276376],[28.232498168981124,70.78415679477189],[28.13777540322434,70.78027342773385],[28.010831844789777,70.79263305527911],[27.978434542065557,70.7924827977467],[27.80027771806084,70.79165651276293],[27.77131651930739,70.785896290165],[27.771316519308463,70.78589629016466],[27.771316519306776,70.78589629016432],[27.82833097695107,70.76748658219458],[27.88666533881371,70.76388548487918],[27.921665197120905,70.7613830753241],[27.978434542065557,70.75317819523687],[28.119407662114025,70.73280333365183],[28.08055304701861,70.70485688893854],[28.037776930790585,70.69471740122566],[27.978434542065557,70.68129346369832],[27.842498779973255,70.65054321556602],[27.75806744484833,70.63042760826136]]],[[[27.75806744484833,69.06450263204482],[27.75806744484833,70.60559629664715],[27.796665199874038,70.60943601762088],[27.83694076485821,70.6152648815874],[27.978434542065557,70.64037714805089],[28.128051751348355,70.66693115841935],[28.1708316616284,70.67707823423609],[28.191108701313272,70.68610381926595],[28.28430366429033,70.65012358567583],[28.29924551542846,70.60202596638484],[28.316131571149928,70.54766997850159],[28.330274565840934,70.50214386744655],[28.316131571149928,70.49013196229822],[28.305831928110877,70.48138428629682],[28.254165651278925,70.44721985500183],[28.192497246900814,70.40638733867632],[28.169166576112275,70.38720701229602],[28.16916657611226,70.387207012296],[28.169166576111525,70.38720701229539],[28.154026024625683,70.36429597139622],[28.15916440985068,70.22888184353255],[28.163055403707506,70.20332336737795],[28.183609022037135,70.1644363479807],[28.215831750455653,70.18415833335007],[28.215831750455557,70.18415833335024],[28.215831750456402,70.18415833335075],[28.198886856260856,70.21304322520194],[28.190969482836067,70.28263093874557],[28.228330596479363,70.39499662682819],[28.316131571149928,70.46207209769193],[28.331943522839456,70.47415162310529],[28.332645466080724,70.47488779338207],[28.453872557231627,70.60202596638484],[28.48027419087572,70.62971495433243],[28.509162915493732,70.67527772429384],[28.524997701058112,70.71720885095016],[28.54360961651101,70.73916626850377],[28.748332982247202,70.85735319373423],[28.803333301594503,70.87138367530389],[28.82860946931159,70.87666321474765],[28.85388563702868,70.88055420860447],[28.89124868641299,70.88221739709536],[28.92398863009044,70.88127720665163],[28.92398863009044,70.14871054002543],[28.81666563888973,70.16831971501955],[28.740137094437443,70.17707824524916],[28.700275429550004,70.17832946938432],[28.656387346379802,70.17637634563715],[28.616664899970317,70.1710968061933],[28.59909437434993,70.1607513556599],[28.599094374350003,70.1607513556597],[28.59909437434926,70.16075135565926],[28.616470319304955,70.11016080870179],[28.832775106072386,70.07443237627425],[28.92398863009044,70.06136109089381],[28.92398863009044,68.98214929662919],[28.316131571149928,69.02508449404503],[27.75806744484833,69.06450263204482]]],[[[28.92398863009044,70.14871054002543],[28.92398863009044,70.88127720665163],[28.94916535412693,70.88055420860447],[29.036109926222,70.87416076647774],[29.250553149781883,70.8428344796213],[29.318885806423783,70.79331970125315],[29.34749984942299,70.69027708284548],[30.009162921170248,70.71083070117511],[30.07902527761784,70.71137998698305],[30.10861017205527,70.70735167167425],[30.195274371453625,70.67944336105401],[30.337477245228303,70.60202596638484],[30.341733913721846,70.59970857169377],[30.29777525344315,70.57582091084936],[30.2349967791489,70.55444336380782],[30.06638717440262,70.5361022972067],[30.00805281253986,70.53644562019394],[30.008052812541603,70.53644562019332],[30.008052812539244,70.53644562019333],[30.04624749488382,70.52276612714459],[30.14277650037622,70.51277158770247],[30.165554052590185,70.51319121759198],[30.21360777252124,70.51860045166899],[30.272914882848088,70.52763366351758],[30.307497008291765,70.53832243703835],[30.336666105606472,70.54666137609348],[30.34231374565617,70.54756235580179],[30.362777700335787,70.55082701285427],[30.405551919537896,70.55415342855088],[30.434719081111812,70.55583190939407],[30.473886473205777,70.55541227950457],[30.597776400536457,70.53519439605839],[30.637775425590686,70.49026488434052],[30.825832372802477,70.43249510063809],[30.93846894845218,70.44977569100223],[31.008609780570506,70.39582825978803],[31.01770780382492,70.38186508797361],[31.040832508989023,70.34637449596974],[31.073537817587468,70.28554535137114],[31.01770780382492,70.27638009387753],[30.911109923640538,70.25888059935266],[30.889024747194128,70.2581863265591],[30.73305510397472,70.2574920537657],[30.52916337119848,70.24179838370515],[30.35662843255352,70.16894530772947],[30.356628432553595,70.16894530772915],[30.35662843255292,70.16894530772886],[30.362161631470432,70.14533232850266],[30.34874725748127,70.12387847455953],[30.34231374565617,70.1220156987233],[30.319999687082316,70.1155548278569],[30.114997845675077,70.07054138241813],[30.094444266060236,70.06860351230841],[29.93360902220877,70.06304932996056],[29.906665794519313,70.06277464834199],[29.876388563029195,70.06277464834199],[29.796943670210226,70.06582642113449],[29.77138519405554,70.06832886940441],[29.66691968748742,70.0799862232465],[29.51499938425394,70.0969390796368],[29.263610844173172,70.11637879528348],[29.03555297488117,70.12832641975791],[28.92398863009044,70.14871054002543]]],[[[28.92398863009044,68.98214929662919],[28.92398863009044,70.06136109089381],[29.263053892831035,70.012771598715],[29.39472197510859,70.00166319530473],[29.524719242076525,69.98721312256039],[29.64027406311884,69.97360230959505],[29.66624833639617,69.96416472149441],[29.66691968748742,69.96361020174213],[29.73485946870881,69.90749358683749],[29.77152441253288,69.83457945759726],[29.716663350378365,69.73860167365359],[30.129037851088793,69.76181794216129],[30.129037851088974,69.76181794216185],[30.12903785108955,69.76181794216188],[30.158054334599854,69.8519439816829],[30.172498716265892,69.8754043471042],[30.301387771628537,69.8797149708505],[30.634441383075345,69.81304933546627],[30.854839332468213,69.79231263477227],[30.921382900037916,69.78804014511961],[31.01770780382492,69.77891158851547],[31.240829453856524,69.75776670768147],[31.4058303731836,69.71609497029164],[31.541646941558515,69.69696044353867],[31.727771748453375,69.6808166363137],[31.77388763698956,69.68109131793247],[31.79860878910596,69.68897245428963],[31.7986087891055,69.6889724542899],[31.798608789106595,69.68897245429025],[31.760829942599685,69.7116546519128],[31.726383202867055,69.71804809403943],[31.691513077907985,69.73215484379637],[31.714208593427095,69.8246536369538],[31.93652153247275,69.96443177629448],[32.0127716012543,69.96360777015293],[32.03555298623505,69.96192932802458],[32.055824296127156,69.95942687975469],[32.35777283717556,69.87858581453008],[32.36849592016242,69.87557541387721],[32.468650831027986,69.84745790239029],[32.70416257996892,69.79721067842019],[32.91693878227113,69.77665709880537],[32.936935410544464,69.77415465053548],[33.09360505634996,69.74748231041274],[33.11329649572957,69.73730468860624],[33.13043213782299,69.72607421738147],[33.10834885840261,69.64625549430065],[33.07110594109247,69.62637330702336],[33.04554750365281,69.6174774166268],[32.92749023434067,69.5885925247756],[32.89499665707007,69.58276366080901],[32.87052537037539,69.58186338648017],[32.82666016766137,69.58415220639597],[32.36849592016242,69.6357724200495],[32.326103227332396,69.64054869814885],[32.1102752522375,69.67581177848939],[32.02639387380583,69.63653563647762],[32.026393873806185,69.63653563647739],[32.02639387380515,69.6365356364769],[32.06388092674477,69.61303709824651],[32.0999984817869,69.5941467458374],[32.21360780590081,69.58998107036179],[32.36849592016242,69.57953028190447],[32.38638304740799,69.57832338114359],[32.40637971439614,69.5758209328737],[32.42901994515812,69.57012939035917],[32.49455642422191,69.50540925190336],[32.825271622073785,69.48803710099963],[33.029415117297845,69.47186278649971],[33.00849150147269,69.43578340426609],[32.97698446663345,69.39367558599162],[32.97266388168737,69.38790130711465],[32.972663881687396,69.38790130711465],[32.97266388168683,69.38790130711389],[33.32694242637089,69.44886781187968],[33.457496644680305,69.44413755824385],[33.516174329530315,69.42247774147964],[33.538185134815464,69.20419311774208],[33.53804802419929,69.20404772190874],[33.51665876802223,69.18136597184959],[33.31415558083302,69.11581420043348],[33.27304838288859,69.10386657595905],[33.23693849338002,69.09999083573979],[33.19609831152076,69.09776306908861],[33.12165831524163,69.09082030243923],[33.07638548053632,69.08082580171191],[33.04332732510568,69.07041167109503],[33.01818847884056,69.05165101331914],[33.01818847884055,69.05165101331909],[33.01818847883983,69.05165101331855],[33.010597239024094,68.96716308986616],[33.03228376900685,68.96255494276063],[32.36849592016242,68.97913715935795],[31.291431924115727,69.0060435097871],[31.01770780382492,68.99687797965078],[29.66691968748742,68.95164744178321],[29.455870064213116,68.94458053923796],[28.92398863009044,68.98214929662919]]],[[[33.03228376901171,68.9625549427605],[33.03228376901152,68.9625549427605],[33.03228376901153,68.96255494276055],[33.03228376901171,68.9625549427605]]]]}},{"type":"Feature","properties":{"fillColor":"#6BAED6"},"geometry":{"type":"MultiPolygon","coordinates":[[[[16.5530548094315,56.32638549778278],[16.496109008978067,56.2408294680244],[16.486385345349845,56.23138427705214],[16.473609924235234,56.22444152843241],[16.43722152716316,56.21138763407242],[16.429721832052735,56.20888519289849],[16.418470382725843,56.2131881712661],[16.410831451286413,56.22499847433426],[16.40333175676483,56.27416229252054],[16.399312805336667,56.33990855199626],[16.391666412365055,56.46499633803967],[16.394580840773187,56.53249359109009],[16.42027664166983,56.58638763405753],[16.542499542334895,56.77638244651831],[16.614303588842038,56.87096786492488],[16.62916564939609,56.879165649515535],[16.644996643086177,56.8836059569613],[16.749443054199677,56.93972015394626],[16.824408430206304,57.034324428565775],[16.83443258228121,57.04697463705182],[16.848052978318663,57.06416320804004],[16.86841818480648,57.09193299248137],[16.899997710924026,57.13499450691103],[16.926727841667706,57.1749386263881],[16.961248397585223,57.22652435274307],[16.96555328379219,57.241661072042575],[16.960277557199163,57.25694274883125],[16.959857940964245,57.27721786505629],[16.961196232732828,57.280726492140495],[16.96611022969404,57.2936096191487],[16.96886932290758,57.298066728093914],[16.973331451558707,57.30527496354849],[16.982776641941626,57.31555175798926],[16.991199739374128,57.32306188404293],[16.993053436382578,57.32471466062661],[17.009998321286844,57.33749389624124],[17.022220611589024,57.34499359135196],[17.03555297860534,57.351943969561326],[17.05511284544495,57.35863122445259],[17.05666351338867,57.359161376926345],[17.05914074864143,57.35863122445259],[17.102081299109116,57.349441528387345],[17.124164581528543,57.3208312990825],[17.05055236823758,57.186660766860605],[17.025280532708127,57.15347094716955],[17.00888824457303,57.131942748836195],[16.990098512170587,57.109656101106474],[16.961109161256523,57.07527160653816],[16.92666626004608,57.03805541990867],[16.88027572610033,56.92971801766156],[16.848331451563656,56.84388732915783],[16.838888168431243,56.82958221450602],[16.83443258228121,56.82780970529981],[16.82805252083881,56.82527160654871],[16.812637328883,56.824996948392595],[16.78222084063401,56.80791473382084],[16.770275115738002,56.79582977318597],[16.7702751157379,56.795829773185744],[16.770275115737515,56.79582977318536],[16.726665496800436,56.70221710182521],[16.707680336593565,56.66401467352138],[16.63555526720353,56.51888275141755],[16.60446994066708,56.459796870889534],[16.57666397088845,56.406944274782326],[16.56999778767489,56.391246795670064],[16.57110786438903,56.37430191017642],[16.575414657846167,56.36429977389172],[16.5716629030407,56.354995727676254],[16.561850203932945,56.33990855199626],[16.561502839541212,56.339374473905664],[16.5530548094315,56.32638549778278]]]]}},{"type":"Feature","properties":{"fillColor":"#9ECAE1"},"geometry":{"type":"MultiPolygon","coordinates":[[[[16.93513679525597,69.39456939692974],[16.93661716044481,69.39462727422834],[17.04383087159104,69.39881896964307],[17.11703062850328,69.40127421915],[17.164047256523585,69.40285124013523],[17.203052520700965,69.40415954578646],[17.291110992699828,69.40748596208903],[17.389999389353648,69.4124908448211],[17.39141769863164,69.41260354236498],[17.480831146016843,69.41970825222424],[17.49083137509627,69.42430114733124],[17.490831375096253,69.42430114733125],[17.49083137509632,69.42430114733128],[17.48166656505407,69.43026733389456],[17.453052520461654,69.43527221662663],[17.4062747954016,69.43609619124959],[17.385694503852793,69.43385314939474],[17.385440952061938,69.43386504556337],[17.31999969508172,69.43693542509163],[17.26110839868636,69.44444274887599],[17.237915039255824,69.45360565214304],[17.1935944227375,69.48831659511426],[17.18666458104846,69.49374389641473],[17.193462123936943,69.49799722349485],[17.19666290272545,69.49999999998653],[17.459302902453544,69.56762695343207],[17.523644026595083,69.58317477961397],[17.528888702325226,69.58444213867429],[17.662498474148062,69.59748840343241],[17.763315974826043,69.59286489322443],[17.84416580227928,69.5891571043978],[17.859720230296965,69.58402252206692],[17.964443206512986,69.52304077161692],[18.07416534450837,69.43083190931983],[18.085136413803752,69.41888427760134],[18.09992790219317,69.35950469999437],[18.086940765654592,69.34944152851796],[18.065110739423723,69.3486456279389],[18.056388854807675,69.34832763688645],[18.046001195878393,69.3477008812681],[17.9688873292518,69.3430480957378],[17.95722198493229,69.34054565405813],[17.932003497791637,69.3310230293063],[17.917499542463297,69.32554626445369],[17.913613789372597,69.32307401654872],[17.906803130957428,69.31874084467574],[17.875831604130326,69.23971557634513],[17.87583160413042,69.23971557634509],[17.875831604130383,69.23971557634499],[17.952220917005008,69.19943237325549],[17.952220917005036,69.19943237325549],[17.96805191021457,69.19970703104497],[17.968237084160993,69.199730833717],[17.981109619386977,69.20138549810171],[18.00208091713453,69.19846343981469],[18.00088908846413,69.1942635884542],[17.999164581054693,69.1881866455434],[17.986934349367434,69.18566730941777],[17.90138626122763,69.16804504399875],[17.862499237168606,69.16276550284994],[17.763315974826043,69.16069049945395],[17.58388519281533,69.15693664549491],[17.522220611755642,69.19027709959806],[17.465943315114714,69.17630228790742],[17.406944274821864,69.1616516112184],[17.2119407655512,69.0902709958806],[17.203022857440857,69.08595626175446],[17.194721221666327,69.08193969747333],[17.188215325656714,69.07729378916267],[17.173332214086436,69.06666564945218],[17.16882699717213,69.06125399054365],[17.165691375898348,69.05748748759333],[17.16536177268573,69.05494119038411],[17.164163589239454,69.04568481469266],[17.177821976752835,69.04412140153833],[17.182359695547518,69.04360198962036],[17.188186668421082,69.04385300838581],[17.201663970652675,69.04443359385284],[17.21430397062005,69.03637695323498],[17.20569229096168,69.02596282975537],[17.16722106933247,69.01609802248191],[17.11703062850328,69.00767250936306],[17.092777252321753,69.00360107392999],[17.04555511505062,69.00332641614051],[17.066117310332995,69.02918532358099],[17.082221984829005,69.04943847658484],[17.082221984828905,69.04943847658484],[17.08222198482896,69.04943847658491],[16.984547517746517,69.05197350458963],[16.900554656697864,69.05415344230846],[16.875831603833205,69.22137451184636],[16.875415802030602,69.3581924441599],[16.93513679525597,69.39456939692974]]]]}},{"type":"Feature","properties":{"fillColor":"#6BAED6"},"geometry":{"type":"MultiPolygon","coordinates":[[[[-8.934448242291126,70.92274475067393],[-8.933257691293731,70.92303062720093],[-8.920595169005813,70.92607116717153],[-8.896955245833222,70.93025807060413],[-8.887512207237421,70.93193054180557],[-8.856603154402935,70.93657306476263],[-8.76367378253318,70.95053100597157],[-8.581422805542058,70.99163818385617],[-8.510866165331548,71.01332092296919],[-8.499818984915912,71.02153585388211],[-8.498903274512884,71.02221679665791],[-8.452270507644585,71.05801391610879],[-8.442506789922277,71.07249450663653],[-8.433656692736065,71.08164978030317],[-8.381958007764126,71.12080383310638],[-8.37637508248552,71.12341612853093],[-8.355836868400143,71.13302612329275],[-8.345023359099661,71.13648470230288],[-8.344482421637167,71.13665771505032],[-8.342901244318725,71.13699825577478],[-8.326416015854369,71.1405487061756],[-8.155147569962466,71.16678675669228],[-8.128906250232472,71.17080688467975],[-8.112508215396288,71.17287587732817],[-8.109193801702759,71.17329406753413],[-8.084243736420559,71.17497075407051],[-7.997253418127856,71.18081665041699],[-7.983643531940413,71.17886352533554],[-7.97113132492143,71.17607116722117],[-7.959777832000849,71.17247009292855],[-7.949769020106027,71.16773986816008],[-7.928513050107095,71.14969635032348],[-7.983368873535142,71.04524230972214],[-7.990844726683235,71.03831481954222],[-8.008361816265733,71.03025817888647],[-8.102330763732883,71.0075329824204],[-8.11865234355492,71.00358581563724],[-8.155147569962466,70.99734923580694],[-8.218319617856551,70.98655391930895],[-8.29089546188328,70.97415161112843],[-8.394470214783155,70.95913696282776],[-8.408259514093375,70.96018103770852],[-8.409181594898314,70.9602508542659],[-8.409181594898326,70.9602508542659],[-8.419494628820985,70.96498107903437],[-8.43194580091017,70.96774291968387],[-8.460327148300394,70.97052001937084],[-8.494752884019874,70.96914672856497],[-8.556932804171039,70.9647550375898],[-8.565614700100713,70.96414184600144],[-8.570650898601881,70.96368094387698],[-8.620302200550157,70.95913696282776],[-8.631715774558302,70.95553588853517],[-8.937499999773195,70.84027099614741],[-9.043090820369173,70.80386352556633],[-9.058898925810524,70.80386352556633],[-9.073913574111259,70.80774688717281],[-9.11990547177397,70.86038970953558],[-9.10974121102708,70.86954498320222],[-8.953209757312306,70.91705080730735],[-8.934448242291126,70.92274475067393]]]]}},{"type":"Feature","properties":{"fillColor":"#6BAED6"},"geometry":{"type":"MultiPolygon","coordinates":[[[[5.049039363821009,52.63679504400824],[5.299304962133874,52.69083023073671],[5.329999923700484,52.68277740467704],[5.380277633587298,52.66721725472274],[5.423333168061163,52.636383056587704],[5.452916145278209,52.61138534537207],[5.4835410117999,52.57277297976481],[5.443439960498608,52.51072311407938],[5.418062686911355,52.49838256836074],[5.134019374752768,52.38313674921392],[5.054937839580703,52.39438629152403],[5.107433319006191,52.4885330199092],[5.046943664458297,52.56939315801981],[5.033789634714992,52.615955352716355],[5.049039363821009,52.63679504400824]]]]}},{"type":"Feature","properties":{"fillColor":"#4292C6"},"geometry":{"type":"MultiPolygon","coordinates":[[[[-9.274236686179389,38.668743135882266],[-9.215278628633289,38.67832946630547],[-9.159723293685303,38.67791366918275],[-9.074445742847901,38.6311035078531],[-9.028057108433725,38.69999694860325],[-9.015556326669756,38.72943879179595],[-8.983804722904956,38.74518490833435],[-7.392032205117699,38.74518490833435],[-7.392032205117699,38.69925190054963],[-7.541581631545696,38.610528558201906],[-7.883381626392008,38.407748522988584],[-8.213490134662152,38.06968362777479],[-8.233303889445633,37.82128304393416],[-8.237278638109501,37.77145251461178],[-7.964065843300205,37.37390057253759],[-7.541581631545696,37.296481045826525],[-7.392032205117699,37.269076363019835],[-7.392032205117699,37.17621330762774],[-7.409444817843564,37.20166017013236],[-7.431854230873057,37.25318908679753],[-7.431854230872781,37.25318908679597],[-7.431854230873168,37.25318908679686],[-7.419028283370618,37.18054963917614],[-7.444583894628579,37.17874525775159],[-7.471944816466987,37.17777250928742],[-7.541581631545696,37.158240019176866],[-7.559583661355532,37.15319061436372],[-7.580417149089271,37.14443971095278],[-7.618680937380191,37.115478512199445],[-7.758334144010462,37.03499602359966],[-7.897778522923659,37.008888261637026],[-7.973055843240957,37.0083313102956],[-8.01291750812851,37.0220794834276],[-8.044584291790727,37.04304886016524],[-8.067779538153388,37.054718008968905],[-8.110834130052183,37.07430267288635],[-8.175279625603991,37.092216482779236],[-8.373750703432677,37.102077494821344],[-8.658889774711497,37.10888673407078],[-8.81472395478994,37.06694031506214],[-8.926668154672257,37.01610567119042],[-8.989236833378943,37.02631380027194],[-8.984167089522668,37.05221556069838],[-8.949097621976492,37.10131454194381],[-8.924445149943491,37.1301345864784],[-8.90652847515418,37.160621652270656],[-8.858057022359606,37.27277375071424],[-8.828889860785694,37.38055421086164],[-8.795862212629881,37.442512511781054],[-8.79126186396947,37.485994815412134],[-8.787223814473691,37.524162290795516],[-8.787500393118478,37.72222136555337],[-8.805833832900845,37.766387924394266],[-8.791866301621976,37.81909179700652],[-8.79186630162196,37.8190917970067],[-8.791866301621837,37.81909179700716],[-8.791671873608248,37.82128304393416],[-8.790972724956191,37.829162604636565],[-8.799305934218637,37.91402052558453],[-8.810556421003241,37.931938168244244],[-8.839446074776635,38.014717103578285],[-8.806806581365192,38.089023572456966],[-8.796112078051674,38.11833192696445],[-8.789445890046967,38.139442457920744],[-8.779167183856174,38.18054961715037],[-8.776081047211887,38.20934171422361],[-8.775821681755247,38.21176146301167],[-8.77722261608335,38.25638199178394],[-8.779724135197512,38.301109296018296],[-8.786390323202102,38.32888795071966],[-8.673334117663163,38.413887025886126],[-8.673334117663487,38.413887025886474],[-8.673334117663103,38.413887025886766],[-8.768890374691296,38.51721954083587],[-8.898612030884863,38.51777265941064],[-8.918889999725309,38.509994504463805],[-8.93042922103151,38.502750286602435],[-8.992778774455815,38.46360780579033],[-9.062778491070162,38.437217696675475],[-9.083612443381583,38.433052059914644],[-9.183889391486161,38.419715889853364],[-9.200279231365949,38.45166014260081],[-9.18375110216382,38.47805021300046],[-9.18375110216372,38.4780502130011],[-9.183751102163683,38.478050213001154],[-9.182845248530125,38.483847096306654],[-9.178889256868768,38.5091629102176],[-9.178889256868834,38.50916291021796],[-9.178889256868786,38.509162910218265],[-9.183889391486161,38.53694152620528],[-9.205417616591149,38.59541320951985],[-9.220140473928325,38.619441985868775],[-9.239861491427291,38.64096831394778],[-9.274236686179389,38.668743135882266]]],[[[-9.482705089431516,38.74518490833435],[-9.096950018720923,38.74518490833435],[-9.118473044496,38.717220318470254],[-9.212501537459445,38.69082641530338],[-9.322223661768476,38.67666627781517],[-9.429723749219079,38.69194031798634],[-9.47604273567947,38.705272655280964],[-9.482705089431516,38.74518490833435]]],[[[-9.490834234385082,38.79388428734808],[-9.46250056408277,38.83958054599449],[-9.444514280054479,38.86305237100192],[-9.421945555557457,38.918052690349214],[-9.412639636545684,38.94943999175551],[-9.412639636545718,38.94943999175581],[-9.412639636545634,38.949439991756094],[-9.417361256777497,38.99172973375221],[-9.426250449510967,39.011524193256804],[-9.422193843113545,39.049948889215635],[-9.419168464383521,39.07860566447812],[-9.396667490814389,39.11777495359793],[-9.364723199351799,39.16305162106994],[-9.339722642409075,39.22485734689991],[-9.33736227751352,39.26332856917443],[-9.33736227751354,39.26332856917501],[-9.337362277513535,39.26332856917509],[-9.338344588537268,39.292976375188346],[-9.359583846256154,39.35666275062958],[-9.293334975865296,39.391387927317865],[-9.227222459055774,39.43527221643617],[-9.144166945076734,39.52638246400685],[-9.085556043284143,39.61499785141155],[-9.058302530459102,39.676946999196225],[-8.931945797090027,39.9641647240936],[-8.896362312933197,40.0454025387515],[-8.890973094416008,40.054996495993535],[-8.874723440884368,40.09610748798994],[-8.862362845468759,40.13943861981872],[-8.842628665574702,40.315429852563625],[-8.840278636892675,40.336387624660354],[-8.797280900614046,40.4820385063731],[-8.22550926700684,40.4820385063731],[-8.148315232522862,40.339005088699594],[-7.542514605687813,40.03955206289419],[-7.541581631545696,40.03888209611424],[-7.392032205117699,39.93149096580939],[-7.392032205117699,38.74518490833435],[-8.983804722904956,38.74518490833435],[-8.948195450621665,38.76284410298083],[-8.93042922103151,38.7647475205096],[-8.919746410167809,38.7658920430067],[-8.919746410167805,38.765892043007334],[-8.919746410167761,38.76589204300734],[-8.919723529711575,38.77027130812235],[-8.929445284560813,38.80041121816049],[-8.93042922103151,38.801918503606906],[-8.955848711572344,38.840858444638286],[-8.979549418571366,38.85013199806389],[-8.989445699810801,38.900691999031665],[-8.994306577235477,38.94062040826168],[-9.065279003599187,38.85499574038499],[-9.079028144601807,38.830551128198465],[-9.089167593599825,38.80499648481077],[-9.092778214759903,38.77145005812196],[-9.095096211827649,38.74911502156519],[-9.095278727289042,38.747356395741576],[-9.096950018720923,38.74518490833435],[-9.482705089431516,38.74518490833435],[-9.483361123672289,38.74911502156519],[-9.490834234385082,38.79388428734808]]],[[[-7.392032205117699,38.69925190054963],[-7.392032205117699,39.93149096580939],[-7.043384546421919,39.68112781136756],[-7.039538025468272,39.676946999196225],[-6.677167617097552,39.283083913019254],[-6.839739033612091,39.11394634195807],[-7.246362746514933,38.78567337038686],[-7.392032205117699,38.69925190054963]]],[[[-7.392032205117699,37.17621330762774],[-7.392032205117699,37.269076363019835],[-7.127223024086618,37.2205505225416],[-7.17333411198581,37.21721648002614],[-7.258611662823284,37.20805357354436],[-7.284722328397038,37.204994212647705],[-7.337500572171166,37.18735883971078],[-7.356389027554258,37.17582701235892],[-7.391389389153971,37.17527389378432],[-7.392032205117699,37.17621330762774]]],[[[-9.29333497586511,42.92249299805897],[-9.259166711803552,43.04721831368637],[-9.208195675635459,43.1551323012338],[-9.169723524205356,43.1858291626134],[-8.950279236872458,43.2936096227608],[-8.93042922103151,43.300623411511644],[-8.87639046214204,43.319717423438156],[-8.824445709639345,43.32721710271429],[-8.657501229124646,43.30332948058413],[-8.380606851396864,43.38827490972035],[-8.32972336306964,43.403884904359366],[-8.265556343188532,43.552772523736394],[-8.006668085116907,43.70388794847935],[-7.898056030724057,43.76416014173686],[-7.858264439653398,43.76430129595561],[-7.541581631545696,43.73662131299336],[-7.51666735877908,43.73444365564019],[-7.463611607204613,43.726387025022575],[-7.392032205117699,43.689005942701215],[-7.392032205117699,41.35521718654083],[-7.541581631545696,41.301961192427854],[-8.169706446127918,41.07827988366864],[-8.38548929765716,40.77846673034651],[-8.22550926700684,40.4820385063731],[-8.797280900614046,40.4820385063731],[-8.785865776161787,40.52070619181957],[-8.729681015736961,40.6357154823911],[-8.678335181436179,40.77583311195281],[-8.67833518143614,40.7758331119533],[-8.678335181436069,40.77583311195349],[-8.674150019115594,40.82797172094755],[-8.668056475245386,40.903884881992326],[-8.645544042090677,41.01857756279945],[-8.645544042090787,41.01857756279967],[-8.645544042090705,41.01857756280009],[-8.657222753453766,41.04193877957857],[-8.729444506926598,41.236663811820904],[-8.789722429976807,41.42138671651723],[-8.778841011532247,41.467575079188336],[-8.778841011532293,41.46757507918868],[-8.778841011532222,41.467575079188975],[-8.781112680784474,41.48444366648238],[-8.79201478030216,41.53261095445829],[-8.799722660496855,41.56666565047527],[-8.815088261207507,41.61724090508034],[-8.873056419626664,41.7243003792114],[-8.880834574573555,41.751663198075676],[-8.87972353678692,41.841384900058756],[-8.862361916313178,41.86402513082065],[-8.813611987847864,41.902496353095174],[-8.745008482353954,41.952499402721415],[-8.74500848235537,41.95249940272096],[-8.74500848235391,41.952499402722026],[-8.7731018110793,41.94350053091523],[-8.792271607029477,41.93244172118415],[-8.812179578374412,41.91769408636486],[-8.875140205877415,41.87950896657975],[-8.888334292564537,41.93360901159815],[-8.89750099309819,42.110553722632375],[-8.810834896674002,42.18694304860658],[-8.794112186806927,42.25338363476601],[-8.794112186807034,42.25338363476632],[-8.794112186806956,42.253383634766635],[-8.84083365249326,42.39138793867283],[-8.809722891017017,42.51943970871191],[-8.719722752077342,42.67527772155714],[-8.719722752077361,42.675277721557734],[-8.71972275207736,42.675277721557734],[-8.720497125824807,42.69849015729875],[-8.851388937328807,42.66110991853617],[-8.920834528783246,42.626800538970485],[-8.93042922103151,42.61150461288075],[-8.937431338069075,42.60034178848713],[-8.995555865629626,42.5324936090513],[-9.029375076911208,42.52416229681495],[-9.061389906768397,42.5794372590662],[-9.086668010226276,42.74027250291766],[-9.14389036643189,42.89332579777022],[-9.16277886052984,42.92582704057429],[-9.18819521459534,42.95124815656203],[-9.263890267776219,42.91374588869985],[-9.29333497586511,42.92249299805897]]],[[[-7.392032205117699,41.35521718654083],[-7.392032205117699,43.689005942701215],[-7.363611702322674,43.67416383556395],[-7.333472721440137,43.63860702591528],[-7.295972815181633,43.596107488331945],[-7.247361679331306,43.56222153270772],[-7.204722884555197,43.564857469662826],[-7.038472638119248,43.55027390823328],[-7.044818886885309,43.49040221974684],[-7.044818886885203,43.49040221974705],[-7.044818886885292,43.49040221974621],[-7.019166953165116,43.53971862339772],[-6.999444967795752,43.56082915435401],[-6.943333610661866,43.577774048549514],[-6.766667375297856,43.567771921003484],[-6.600833893854929,43.55832670608412],[-6.48138904682618,43.554992663568775],[-6.342778197899151,43.55693816049718],[-6.152734042059883,43.560773982169565],[-6.101806150039047,43.56180190281822],[-6.075834277080306,43.56582642407507],[-5.944723146144229,43.59388730978475],[-5.883334146592565,43.62332915297745],[-5.854166985018653,43.648048408067865],[-5.778611189030562,43.617218019288245],[-5.75361156124342,43.59041215176546],[-5.733333592402972,43.57638550296258],[-5.677500246362036,43.544857008622714],[-5.645833965992395,43.54499436878952],[-5.610000616413773,43.55027770228523],[-5.548889163377269,43.552215572394914],[-5.45972251570902,43.55388642641935],[-5.398056047071829,43.552497880832426],[-5.293230175850316,43.532046268221315],[-5.293230175850316,42.52431457713065],[-5.338035986599039,42.49938515972946],[-5.516016002970787,42.24895171434787],[-6.962248325578742,41.5082673740626],[-7.392032205117699,41.35521718654083]]],[[[-5.293230175850316,42.52431457713065],[-5.293230175850316,43.532046268221315],[-5.279861456307629,43.52943802018095],[-5.25916672247406,43.51832582271872],[-5.234444602487262,43.49555206455672],[-5.202569958978467,43.47839737477387],[-5.056389821536321,43.46999358840211],[-4.980000495561987,43.46110536353905],[-4.881944655160272,43.44860841454185],[-4.76388645257407,43.42750177631394],[-4.753750801746417,43.425689708109125],[-4.733333575713191,43.41916657134915],[-4.647083740989373,43.407634743997434],[-4.594722765500977,43.4030532713991],[-4.514552124743252,43.396347052274756],[-4.315555570718507,43.39054869558318],[-4.273056033135177,43.39054869558318],[-4.218333724880829,43.3969421377099],[-4.121945370314577,43.41638185335656],[-4.051389708943921,43.44249724213783],[-3.944722648186877,43.46777344856973],[-3.810277939313247,43.49249266494534],[-3.585556048277388,43.51027678020502],[-3.549861413884123,43.50693894363772],[-3.224722388395413,43.3969421377099],[-3.209911709902154,43.38827490972035],[-3.150592807510121,43.353561412201955],[-3.022222530680226,43.35749816697117],[-3.002500042018257,43.38333128602974],[-2.996087712479791,43.38827490972035],[-2.934583647076872,43.435691835655156],[-2.856389049237301,43.432777423029314],[-2.807777874672157,43.43027497475942],[-2.735555656621621,43.42638398090259],[-2.56527806274716,43.39027405267921],[-2.556621917834342,43.38827490972035],[-2.510555986781707,43.377635949463254],[-2.487638945086067,43.35888291850614],[-2.458472480378839,43.337913503053784],[-2.350972431642973,43.30513761734575],[-2.295555579591447,43.29610444421196],[-2.16333364315768,43.291107174490904],[-2.12194491107204,43.29666139555344],[-1.97472237721189,43.33249664215805],[-1.839166862840569,43.380554194855875],[-1.797556179092139,43.38827490972035],[-1.786041734316017,43.39041137413119],[-1.785679775933805,43.38827490972035],[-1.780876635868049,43.35992430833893],[-1.730000025135928,43.378883379546245],[-1.666944507619197,43.38527678295815],[-1.662546353920672,43.38827490972035],[-1.590138919944348,43.4376334998168],[-1.530000099227603,43.512496958752216],[-1.486666683224685,43.570549012177345],[-1.443888902259509,43.64054869007692],[-1.443888902259473,43.64054869007757],[-1.443888902259459,43.640548690077594],[-1.442500124383571,43.66555021489074],[-1.440277816521473,43.69138337266418],[-1.436821340465454,43.71212350218628],[-1.424722435783439,43.78472138688522],[-1.375171940545274,43.9557457024506],[-1.09562611731555,43.9557457024506],[-1.09562611731555,42.45801419225689],[-2.097645489498063,42.589566249566076],[-3.220383804673702,42.79001619279637],[-3.926844243023197,42.92034382947827],[-4.340285949821975,42.87021453427934],[-4.76388645257407,42.77259343701387],[-4.90576142130783,42.739897559572],[-5.293230175850316,42.52431457713065]]],[[[-1.375171940545274,43.9557457024506],[-1.344444516270865,44.0618018918057],[-1.328958512482776,44.09103773346301],[-1.305000080954347,44.195548998411695],[-1.280109545142549,44.31610688735138],[-1.264166829047186,44.39332580344682],[-1.258611214251273,44.45221711665094],[-1.231816767599186,44.52802277806083],[-1.222266906532454,44.556724548832854],[-1.207166773314404,44.59735869044186],[-1.151389021749095,44.657081597891434],[-1.126111266724555,44.65110778565421],[-1.09562611731555,44.653333086156714],[-1.09562611731555,43.9557457024506],[-1.375171940545274,43.9557457024506]]],[[[-1.247500178233395,44.75777434311931],[-1.239118079346413,44.81095678889789],[-1.207222212930766,45.01332855867493],[-1.168333528796436,45.20861054225889],[-1.164776474974284,45.24393886498241],[-1.157283815805446,45.3183552484303],[-1.151944618071923,45.371383656220644],[-1.15222239687597,45.392219544273075],[-1.15058038257279,45.408261126553256],[-1.148611311138177,45.4274978782503],[-1.140000090782847,45.49388503796379],[-1.09562611731555,45.5506916116753],[-1.09562611731555,44.736356777135626],[-1.127777823404415,44.759304042925066],[-1.170138955520827,44.77388381030261],[-1.221444603842713,44.73016355585918],[-1.231027837080774,44.711536425483416],[-1.247500178233395,44.75777434311931]]],[[[-1.09562611731555,42.45801419225689],[-1.09562611731555,44.653333086156714],[-1.090000138341878,44.65374376132413],[-1.040625081744288,44.67492676641578],[-1.040625081744585,44.674926766416334],[-1.040625081744224,44.67492676641649],[-1.059861196174097,44.71083069310441],[-1.09562611731555,44.736356777135626],[-1.09562611731555,45.5506916116753],[-1.089444503304136,45.558605176419604],[-1.064097293899879,45.56916046125516],[-1.054166672618809,45.55055237856876],[-0.942083370403079,45.461799630997255],[-0.918888937051543,45.450138109012286],[-0.801319474419618,45.36089705146789],[-0.771111116586994,45.32193755793528],[-0.750305580950329,45.268051141270945],[-0.742740251859384,45.24393886498241],[-0.735397279645044,45.22053528627714],[-0.733172223031044,45.20018387543093],[-0.72363897062033,45.16371916463468],[-0.702916749267475,45.104995718872274],[-0.59734368411663,44.9693756159289],[-0.539930587674446,44.895622239168816],[-0.53993058767445,44.89562223916961],[-0.539930587674348,44.895622239169484],[-0.540343313957721,44.97314818940352],[-0.540416729617654,44.98693848827488],[-0.540416729617672,44.98693848827493],[-0.540416729617675,44.98693848827543],[-0.554166683631252,45.02333068622164],[-0.59734368411663,45.047648546735836],[-0.612361130149282,45.05610657192972],[-0.638055611452103,45.0748558088348],[-0.651666772850774,45.09207917870111],[-0.670694524141538,45.13110731360223],[-0.691579768677744,45.24393886498241],[-0.706038595876919,45.32205199893173],[-0.717777857212127,45.357215891913825],[-0.747777813190737,45.42319108727156],[-0.411028728597025,45.24393886498241],[-0.235708391568437,45.150615493182386],[0.115715084623616,44.928890527253714],[0.791503905369183,44.58173431891596],[1.7398915404641,44.094542691403205],[2.299776948239241,43.522215660870415],[2.201285296439607,43.23123706810213],[1.803945942677899,42.9403966962214],[1.28201289001646,42.649694348441585],[0.791503905369183,42.51449592061857],[0.700330347295278,42.489365857568885],[-1.029176965294482,42.44929028641485],[-1.09562611731555,42.45801419225689]]],[[[1.010379631934711,47.15101254120651],[1.348843847972603,47.32601148629135],[1.803963081088796,47.25752399899329],[2.505796765902176,47.067345990838476],[3.228778883931739,46.68727630913395],[3.861806243313538,46.28481820437656],[4.412448742640152,45.93586074307524],[4.79164444543585,45.75392323490843],[5.263184701714408,45.80697933895175],[5.588131114357054,46.110299366150514],[5.776248927365316,46.512572205184256],[6.076670464136669,46.86206099520297],[6.346894263312435,47.01549520737268],[6.49502210500059,47.09960282024448],[6.759747549406825,47.24991504340039],[6.793171524976685,47.57723842401606],[6.781265220661737,47.88960161854857],[6.537740266979256,48.35481573236194],[6.346894263312435,48.635253854213104],[6.220758147969548,48.82060421316595],[6.18836615640123,49.065182670880404],[6.346894263312435,49.28302869444742],[6.383165869991615,49.332872381080676],[6.729243650377384,49.39408534300645],[7.198113365700806,49.348174687984056],[7.299581999753981,49.319593717864834],[7.299581999753981,45.65422323507674],[7.127468070234329,45.51778713820852],[7.035467315418998,45.174578086545125],[6.915975632818117,44.82202032899227],[6.346894263312435,44.77873958795504],[5.990335104462986,44.75162194635658],[4.853336307023767,44.75162194635658],[4.3588988503883,44.73150961311967],[3.840565931363017,44.72522464480306],[2.245922370952314,45.670564325627254],[1.463067931199191,46.41386201019378],[1.014265126232942,46.91527234601159],[1.010379631934711,47.15101254120651]]],[[[15.41715873136792,43.9557457024506],[15.694790116823514,43.9557457024506],[15.694790116823514,43.79881488390437],[15.59944344245173,43.845275888580886],[15.4574995188799,43.92263413025273],[15.41715873136792,43.9557457024506]]],[[[7.299581999753981,45.65422323507674],[7.299581999753981,49.319593717864834],[7.68697239224457,49.2104763207937],[8.22536811174325,48.95816005450297],[8.662472999618672,48.7594843997847],[9.268673825495455,48.61436455464235],[10.409030212491643,48.75184512006143],[11.497186058288747,48.86229744974387],[11.497186058288747,46.697180104741314],[11.22060369265779,46.721466968732955],[10.63638587093277,46.68094504403848],[9.725216221353946,46.61004210054642],[9.051045328887653,46.52902640320082],[8.914282061418362,46.397412809012565],[9.134166042527681,46.0736353208311],[9.517392781132912,45.79055641957552],[10.14272727160835,45.588486300984925],[10.886647948496432,45.40671501424691],[11.497186058288747,45.26161885584229],[11.497186058288747,44.48487183075524],[10.880762838022463,44.38970122180484],[10.113923948863146,44.530422694722006],[9.42844715676381,44.82202032899227],[9.033010561861033,45.093868001701765],[8.610505281180451,45.45719832040686],[8.288985762668744,45.80066274746366],[7.915469347625844,45.91185010737354],[7.395078523989241,45.72992409826372],[7.299581999753981,45.65422323507674]]],[[[11.497186058288747,46.697180104741314],[11.497186058288747,48.86229744974387],[11.902284621255687,48.90341663336405],[12.968752663781459,49.01166756110001],[13.721014444719856,49.126352110522475],[14.349904903472122,49.13399898926815],[14.970921313934923,49.065182670880404],[15.694790116823514,48.93683056604063],[15.694790116823514,48.33243068155599],[15.692207682260118,48.331922937932575],[15.154837296049607,48.278511818704715],[14.738771883214781,48.164084869856595],[14.414823933072341,48.064942899238986],[14.142027973272604,47.89722346000019],[14.10408205367213,47.74481584013955],[14.316244146104225,47.52393391263075],[14.892174133873027,47.28796135164828],[15.46490847966703,47.219480751030915],[15.69119500542422,47.16622662848039],[15.694790116823514,47.16305587878717],[15.694790116823514,43.9557457024506],[15.41715873136792,43.9557457024506],[15.40555379850639,43.965270989287944],[15.281665806916124,44.07305144943547],[15.232221605658026,44.119163505204824],[15.15166664292218,44.19638825819146],[15.11798475309331,44.27075957438668],[15.145137776369541,44.28006742913901],[15.203887935354906,44.2549972629573],[15.291317952526502,44.253398883068215],[15.522290234444345,44.26325606234353],[15.522290234443417,44.26325606234416],[15.522290234444995,44.263256062344226],[15.503332131108039,44.27610779391421],[15.478610049836107,44.275550842572784],[15.448610287431563,44.283187882015795],[15.380435304312682,44.31610688735138],[15.270555506480378,44.36916349969857],[14.99055482042644,44.57943725373087],[14.971110342857742,44.60166168737004],[14.926387800545626,44.65499877951174],[14.894721016883295,44.69527434449583],[14.887777321077579,44.71624375994821],[14.878609652673958,44.81138611687976],[14.880275744775929,44.852077478986644],[14.894026744089711,44.889442425396915],[14.894956193889362,44.89076169707516],[14.909582124828091,44.91152191076537],[14.919303879677216,44.96596907282321],[14.831526745466306,45.115413682256474],[14.911673266343016,45.24393886498241],[14.975406904060208,45.34614389327044],[14.973327717362906,45.578385615364596],[15.003806369879214,45.86130636276914],[14.823034967654337,46.093863321631716],[14.679979800227311,46.13160969327798],[14.094540143105917,46.28608312665074],[13.28713894202076,46.50877518398141],[12.619212140979187,46.61004210054642],[12.028143138896041,46.65055644392805],[11.902284621255687,46.661608156112045],[11.497186058288747,46.697180104741314]]],[[[11.497186058288747,44.48487183075524],[11.497186058288747,45.26161885584229],[11.902284621255687,45.16534600355183],[12.361944179650935,45.056106571930115],[12.36194417965201,45.056106571929],[12.4437036377393,45.00823593436232],[12.49527645700568,44.98701096241024],[12.52013779547044,44.98263549134729],[12.538053502389356,44.96061705924341],[12.479999551938366,44.852771751779606],[12.448783873310788,44.81774901301668],[12.426804543171167,44.853607178791975],[12.431155555219647,44.863343902133536],[12.439372998433896,44.88173295053349],[12.422636970669544,44.90013123763248],[12.389860155805877,44.86840057452406],[12.389860155805934,44.86840057452345],[12.389860155805792,44.868400574523314],[12.39694403795912,44.79138182307307],[12.29013729414703,44.838260664485915],[12.290137294146648,44.838260664485084],[12.290137294146408,44.83826066448519],[12.264599734170563,44.78290726097913],[12.261526116043854,44.776245104353734],[12.261526116043807,44.776245104353556],[12.26152611604358,44.776245104353066],[12.247637756563076,44.72388459344246],[12.245414751834321,44.69388579890828],[12.25990641578019,44.602629498693126],[11.902284621255687,44.54741567345123],[11.497186058288747,44.48487183075524]]],[[[15.694790116823514,48.33243068155599],[15.694790116823514,48.93683056604063],[15.703813504595132,48.935230592663345],[16.195268963608612,48.85880913148367],[16.464351834996364,48.728928209932405],[16.469675010544563,48.538008121028554],[16.157990198274945,48.42350245199185],[15.694790116823514,48.33243068155599]]],[[[19.289789209921526,40.42145158585895],[19.318885794385242,40.438888545363994],[19.34180450081796,40.43138503332108],[19.391664499199468,40.387912747273546],[19.402915953854464,40.369995104613835],[19.40680311494452,40.35013579779249],[19.432870845787416,40.32719421090357],[19.463973980445036,40.33730698539343],[19.47939539433094,40.35480482274315],[19.47944260128139,40.354858385895454],[19.487638489091808,40.43874359709389],[19.475864851437727,40.4820385063731],[19.89239417535828,40.4820385063731],[19.89239417535828,39.997085656723605],[19.85729026130531,40.04346846269442],[19.84111021701267,40.0513839778082],[19.825553907118888,40.05471802032349],[19.75499723916306,40.08297728074979],[19.50305368348154,40.19749450601125],[19.451387406649587,40.226730347668536],[19.401107778378787,40.27999879844157],[19.289789209921526,40.42145158585895]]],[[[15.694790116823514,43.79881488390437],[15.694790116823514,43.9557457024506],[17.793592146090898,43.9557457024506],[17.793592146090898,42.78598596135901],[17.742637616952607,42.79708099774132],[17.552497851360897,42.840827926692896],[17.457674979198938,42.86848648587966],[17.439163208865693,42.87388612083839],[17.36499785549057,42.91527558850561],[17.203746814516478,42.98194122388975],[17.18048284935543,42.975482934446404],[17.145275131201743,42.97666168444607],[17.071662896400653,42.986381542269385],[17.01235961884089,43.00624464314262],[17.010622020473505,43.04804990793182],[17.268886582861025,43.01194001842325],[17.29888533868039,43.006942748702194],[17.438955310303726,42.95395277359994],[17.457674979198938,42.94643117274927],[17.52277757121159,42.92027281951109],[17.65735816908902,42.88082884877236],[17.65735816908812,42.88082884877335],[17.657358169089377,42.88082884877298],[17.6498413004353,42.88907622728857],[17.578525551083658,42.94382478418811],[17.51888657735543,42.95277022954912],[17.480693830751704,42.98124695109635],[17.471664412954965,42.99055480584889],[17.47055434303826,43.01777647049431],[17.457674979198938,43.03065586638682],[17.454998033145046,43.033332819102895],[17.32652663321568,43.11638639734116],[17.25166321299554,43.154159552770295],[17.22249984547284,43.16138458914247],[17.177845015374317,43.17388533219156],[17.13138580385072,43.1988830629528],[17.06819342945971,43.240970597465264],[17.044998183097334,43.27249525903835],[16.9399986081757,43.36471557652516],[16.904660792744053,43.38827490972035],[16.88166428502791,43.40360642868927],[16.86083222974213,43.40527344994706],[16.83805463881356,43.40527344994706],[16.813610065341834,43.406944265256584],[16.764163967056845,43.41138458363611],[16.736385351069828,43.41610717173853],[16.63777732124936,43.44110869655162],[16.618888865865756,43.44888305744644],[16.499164575296277,43.50305174383351],[16.469232563819048,43.533538809625725],[16.43055344298341,43.545688641583695],[16.35402679555733,43.55082702680858],[16.31027603383899,43.54305266591376],[16.19055174326911,43.51166532579265],[16.170276639325095,43.491939546371384],[16.10270689684529,43.475830079188086],[16.068827389713125,43.47890762106154],[16.03694343281512,43.48180389142527],[15.988332761543404,43.50444028942047],[15.918818490005094,43.5669403267587],[15.925831795049362,43.62773896408282],[15.782152170136499,43.75624466533861],[15.694790116823514,43.79881488390437]]],[[[17.793592146090898,42.78598596135901],[17.793592146090898,43.9557457024506],[19.89239417535828,43.9557457024506],[19.89239417535828,40.4820385063731],[19.475864851437727,40.4820385063731],[19.453607546482147,40.56388474855959],[19.38008126432391,40.60477897682726],[19.307209018763558,40.64530943963388],[19.356107728266295,40.696174629495204],[19.4049987722355,40.819717401071784],[19.413330084471948,40.866386408182315],[19.45241927263712,40.883842454091784],[19.470621120760324,40.883190148158754],[19.521663663193376,40.909854900177585],[19.521663663193397,40.909854900177955],[19.521663663194033,40.90985490017829],[19.523262043083093,40.93659208761761],[19.50860786582939,40.9727744899763],[19.46110916149911,41.006942754038164],[19.436214450862906,41.021064757432555],[19.450553876663434,41.05999757645708],[19.513748186795226,41.25402070908723],[19.510135668609166,41.27610398850777],[19.49860763530927,41.29388427100071],[19.475137707327917,41.30902482248649],[19.452220897921165,41.30971526251324],[19.442497246045832,41.40694427059174],[19.502225968586536,41.53261095445829],[19.519996641936007,41.569999692989946],[19.5666656490466,41.584999090256936],[19.56666564904705,41.584999090257455],[19.566665649047366,41.584999090257554],[19.58472061315905,41.60582731277634],[19.58694075299138,41.63861082530326],[19.570829388782048,41.685268411543284],[19.572346347375845,41.686691116148566],[19.58194158624434,41.69569016897884],[19.599164956110485,41.77972028973329],[19.59770583341418,41.806106566081496],[19.524757402847115,41.83524322038039],[19.47944260128139,41.85221862185085],[19.440414427665473,41.860969525261964],[19.416248329864572,41.86124420688077],[19.367771147277324,41.848999020331235],[19.299442284687245,41.89472199220086],[19.27888870507246,41.90332794734138],[19.232358916439523,41.911731733713054],[19.17610930869813,41.93152236045103],[19.15277670216858,41.948886884535966],[19.137983306436865,41.98277284016018],[19.145969398659986,42.019580835228965],[19.1386108348878,42.043327341855274],[19.078609451767477,42.11166383126397],[19.05006788290359,42.137008679064365],[18.87937162701013,42.279438008998056],[18.84735869417875,42.28693772698904],[18.84652256868475,42.286886991700605],[18.810832968832415,42.2847213812085],[18.64708137661404,42.37430192897358],[18.62562179287816,42.41895292630511],[18.703470241548214,42.399021145348556],[18.703470241548377,42.399021145349366],[18.703470241548814,42.39902114534925],[18.707635878309304,42.41985703340151],[18.678609832239147,42.46055222827516],[18.50805283353816,42.45388414324452],[18.503196718036634,42.449439992098235],[18.503196718036683,42.449439992098185],[18.50319671803595,42.44943999209752],[18.52277565216058,42.43013380385088],[18.516942994142312,42.399993893813786],[18.357067103429245,42.49655913637349],[18.21472166850151,42.5794372590662],[17.87722015057136,42.76777647600056],[17.793592146090898,42.78598596135901]]],[[[19.89239417535828,39.997085656723605],[19.89239417535828,40.4820385063731],[21.53078635354426,40.4820385063731],[21.715567603261263,40.180526374621024],[21.991196204625663,40.05052886155159],[21.991196204625663,38.404657741270704],[21.97555542384356,38.40666198951453],[21.947776807856712,38.40943908068846],[21.71305464758592,38.35305021575425],[21.624217747656377,38.33401410486653],[21.5399989946672,38.31596757778152],[21.33722116457386,38.39180374646617],[21.26694107526282,38.33916472117022],[21.23833082631546,38.32166291434794],[21.164165511655142,38.30006407341881],[21.10874749815906,38.355552664024174],[21.11874772867909,38.374717698051874],[21.13854025244247,38.393398293587936],[21.13854025244245,38.393398293587985],[21.138540252443136,38.39339829358863],[21.086387640093903,38.50305177652905],[20.987913137673047,38.67110826270073],[20.90110778405591,38.73194124006659],[20.844027781707208,38.74911502156519],[20.809719099529445,38.75943754761602],[20.768817903120294,38.75992585758894],[20.732774719239615,38.80443953346918],[20.74972151046094,38.90972137811323],[20.781108850581443,38.93166350331456],[20.97027586770942,38.941940312479375],[21.031108845075185,38.921314258729204],[21.026155477955353,38.89957426358125],[21.047636045121987,38.88207625081104],[21.085136415958278,38.86402511946612],[21.0851364159588,38.86402511946676],[21.085136415958914,38.8640251194667],[21.14083100809978,38.93193818493398],[21.1645107316686,38.9820785560122],[21.144304269093084,39.008743269316255],[21.102012630070988,39.05082700977687],[21.08304976481179,39.05666350056208],[21.083049764811197,39.0566635005614],[21.08304976481111,39.05666350056143],[21.045276648097417,39.01332853596655],[20.933052075518617,39.058052046149044],[20.82083129699157,39.113605484071115],[20.774719241222215,39.08527374950933],[20.699304599452773,39.054023730840186],[20.5344428986038,39.1858291732845],[20.345970154269253,39.28805161831741],[20.295831680216907,39.32180021377485],[20.251943597046704,39.40068815525245],[20.245277409041933,39.4413833501261],[20.235370158170564,39.48556862261631],[20.22777556350502,39.51943969735811],[20.173816672705243,39.628746024544455],[20.068391819866346,39.676946999196225],[20.057775516145796,39.68180084696314],[20.010028843419434,39.691200262255336],[19.985414505480207,39.694751727176765],[19.983608227029663,39.76527405509103],[19.987777696557316,39.867218024453166],[19.937496171260364,39.93749238397157],[19.89239417535828,39.997085656723605]]],[[[21.991196204625663,38.404657741270704],[21.991196204625663,38.74518490833435],[22.885802826293375,38.74518490833435],[23.01306533714219,38.70479205417344],[23.066247955239906,38.687912002676825],[23.18846892557212,38.655620594174906],[23.28416443979309,38.65374373861508],[23.317497238127796,38.64402388079174],[23.336732849265058,38.60839842977448],[23.30555344642013,38.567497272080246],[23.33694268356722,38.53708268042334],[23.39944074644986,38.50777436463067],[23.601943972354025,38.4311065629856],[23.707489131885097,38.38712221280712],[23.96055222718866,38.28166199226708],[24.074026126876564,38.19499589584275],[24.064720169149975,38.151107773957676],[24.005554213041886,38.06777192599673],[24.01082991971887,37.971382138982285],[24.030551905088235,37.8724975692315],[24.056663499817542,37.84527586587119],[24.07187989538507,37.82128304393416],[24.086524972899735,37.79819106163757],[24.089998233893045,37.77666473355855],[24.065832136092144,37.68318939788477],[24.054373933652062,37.67228107070316],[24.033956524713687,37.65284348631201],[23.947637545328575,37.67193984025636],[23.788465892655452,37.82128304393416],[23.774440776906033,37.83444214408041],[23.707489131885097,37.88066139034477],[23.56284522162941,37.98051453818985],[23.590276720576302,38.00360490611562],[23.59027672057631,38.003604906115655],[23.590276720577037,38.003604906116266],[23.594789513091996,38.02846907076258],[23.575136169091024,38.04291151668815],[23.511663422003437,38.039302831268856],[23.236804953941373,37.97541045429182],[23.17666818510986,37.951942462051136],[23.10916518697269,37.915275582486345],[23.10916518697266,37.91527558248597],[23.10916518697194,37.91527558248558],[23.10361100462431,37.84165955363435],[23.01306533714219,37.88628945202816],[22.908054339423337,37.9380493019332],[22.95562362086122,37.949020383891046],[22.955623620861658,37.94902038389169],[22.955623620861957,37.949020383891764],[22.976385099038055,37.97992707957343],[22.949165331418612,38.0016632032399],[22.899164217533663,38.02610777671115],[23.01306533714219,38.05820558091722],[23.021387084890623,38.06055068367652],[23.11413384644405,38.06077193884936],[23.12472153558051,38.062492386552975],[23.168888094421515,38.07444001102741],[23.215761167327,38.10034181016938],[23.21576116732706,38.10034181016974],[23.215761167327628,38.10034181017005],[23.224649430905572,38.15339659387416],[23.118329990480447,38.210411090233265],[23.025276181722063,38.217498766438666],[23.01306533714219,38.21668428386389],[22.966941819859528,38.21360777258178],[22.943054197729396,38.2080535902341],[22.835277570348808,38.22638703001644],[22.77346990877794,38.23888397901368],[22.533885941927053,38.34499358513665],[22.393747328935035,38.35187150446956],[22.37430381923639,38.334575660467976],[22.193885808493633,38.33721922424172],[22.168331165105712,38.346939082065035],[22.125553113136903,38.371383655536704],[22.042774216517444,38.398048407555564],[21.991196204625663,38.404657741270704]]],[[[21.991196204625663,38.74518490833435],[21.991196204625663,40.05052886155159],[22.37082889868026,39.87147884329278],[22.753834218874474,39.676946999196225],[22.92694283351855,39.58902357813608],[22.92694283351941,39.58902357813423],[22.94208144926446,39.575412765168885],[23.01306533714219,39.53413633194947],[23.02305410614829,39.528327960935265],[23.11805345054982,39.45693969873395],[23.138053911589925,39.43999480453844],[23.26319312731476,39.326385480424534],[23.2763862461314,39.30999757628533],[23.327497468647852,39.22541425952658],[23.343677512940513,39.1818008579751],[23.320552843687665,39.15124511210003],[23.206108092561806,39.105270377782745],[23.161109939475296,39.093605023030875],[23.12249756298212,39.08777619777925],[23.084165559185408,39.08575822671537],[23.0651779164441,39.1043968166768],[23.0771503571152,39.14249420868812],[23.09844780320223,39.13060759876376],[23.104095443115522,39.10711289330014],[23.174442276769238,39.130271902595126],[23.212081904798307,39.15222169333042],[23.212081904798385,39.152221693330674],[23.21208190479905,39.15222169333106],[23.221525183977576,39.18228912923388],[23.178607952245557,39.25555420828016],[23.16208075219862,39.272357948257024],[23.121248235872997,39.305274949468924],[23.01306533714219,39.34606817256852],[22.99527738718791,39.35277558953999],[22.94083022513024,39.35936736766871],[22.82388685850094,39.26610566034901],[22.82388685850088,39.266105660348785],[22.823886858500263,39.266105660348295],[22.817499146166295,39.24235535967012],[22.823608382829523,39.21221924368396],[22.833885191994337,39.18804931311629],[22.855483994208715,39.1570777701179],[22.876386626603644,39.17513273422959],[22.91333008481327,39.15638733009121],[22.971248610838376,39.106330854019035],[22.986665740968984,39.07933044454638],[22.98649787352726,39.06416321855238],[23.01306533714219,39.04852741896135],[23.03416444529935,39.036109920946615],[23.072776783077753,39.03694151519207],[23.064059791047164,39.02856499762733],[23.051387776450778,39.01638793557726],[23.03843333462437,39.0043834605542],[23.01306533714219,38.98087573276177],[23.009719833113536,38.977775559084705],[22.937774658285548,38.92860414241869],[22.833053597749654,38.89110566860836],[22.75020598233192,38.87068941044555],[22.68058013469465,38.879245771906824],[22.649822220050282,38.89759825937858],[22.614442840403,38.90902327255327],[22.52385141008,38.866069803753476],[22.52385141008021,38.86606980375326],[22.523851410079377,38.866069803752865],[22.55583000286885,38.833328258086524],[22.581943494624138,38.825412742972844],[22.764303208243465,38.78374863240174],[22.87342053521575,38.74911502156519],[22.885802826293375,38.74518490833435],[21.991196204625663,38.74518490833435]]],[[[19.89239417535828,40.4820385063731],[19.89239417535828,43.9557457024506],[20.073414372423944,43.9557457024506],[20.5728360685967,43.55859771344154],[20.7102399605217,43.38827490972035],[20.97751479084701,43.05696698366859],[21.053465847257144,42.054936114202235],[21.119426898346376,41.65458176174894],[21.33304709374181,40.8046945434192],[21.53078635354426,40.4820385063731],[19.89239417535828,40.4820385063731]]],[[[15.694790116823514,43.9557457024506],[15.694790116823514,47.16305587878717],[15.766735503927027,47.09960282024448],[15.766735503927025,47.09960282024448],[17.060435752887656,45.95860906179979],[17.2682436370888,45.76150222464378],[17.457674979198938,45.638456826429675],[17.664826366202192,45.50390134780355],[18.24300191433997,45.13295981110656],[18.66991011021497,44.868537998804925],[19.214731524418823,44.51283073814608],[19.94150767181395,44.06063998574973],[20.073414372423944,43.9557457024506],[15.694790116823514,43.9557457024506]]],[[[4.93111037660965,60.800548558353555],[4.958046673826622,60.800905900925656],[5.00472164353873,60.80152510086971],[5.200779970486598,60.74313124514498],[5.200779970486598,60.57647066323705],[5.198610319613351,60.57749937965383],[5.09600637878458,60.65464782573821],[4.958046673826622,60.776715200078854],[4.93111037660965,60.800548558353555]]],[[[4.983471855390121,60.95068740186599],[5.002059077042275,61.00846585883955],[5.004831029485081,61.017082484709945],[5.012290970768664,61.04027174368247],[5.055416101062061,61.062496177321734],[5.104166029527374,61.07305146215728],[5.12833309519867,61.07193755947432],[5.169304830002289,61.068466195507],[5.200779970486598,61.06254552127946],[5.200779970486598,60.78546076711259],[5.145555497195005,60.80777738877822],[5.119828224443154,60.83456420861154],[5.104096884866749,60.82985687414674],[5.070138455106644,60.82971955269477],[5.045763490874378,60.84131239459634],[4.983471855390121,60.95068740186599]]],[[[5.178888334244448,59.5068016182189],[5.200779970486598,59.52721223818938],[5.200779970486598,59.44183827426907],[5.186646473631185,59.49188994872469],[5.178888334244448,59.5068016182189]]],[[[5.144929904484911,60.36103822374503],[5.152966417089939,60.37194982005479],[5.200779970486598,60.436868799024616],[5.200779970486598,60.2350302075134],[5.164305198677766,60.28208160218412],[5.144929904484911,60.36103822374503]]],[[[5.200779970486598,59.44183827426907],[5.200779970486598,59.52721223818938],[5.265365142906907,59.58742808479934],[5.477380189349166,59.58742808479934],[5.459734900310451,59.519218427546804],[5.499652391962403,59.53027344322595],[5.517802246087857,59.54276276540442],[5.517802246087863,59.542762765404476],[5.517802246088422,59.54276276540486],[5.522379518644277,59.58742808479934],[6.25018098512029,59.58742808479934],[6.25018098512029,59.011854510887645],[6.210555095881716,59.00527192942576],[6.163610942573939,58.99583054727327],[6.12416600396466,58.98194121992242],[6.099999441586419,58.96665955293264],[6.036388405175842,58.904506671348486],[5.974618916413533,58.961929338011544],[5.869860650940041,59.065551749502106],[5.875693812251177,59.086662280458235],[5.995677243423561,59.161418529447886],[6.064722075478429,59.204437241332585],[6.146666512956067,59.244995114754275],[6.146666512955707,59.24499511475454],[6.146666512956301,59.24499511475483],[6.127082816909081,59.25916291777645],[5.996527204866267,59.332912435313965],[5.996302203195551,59.335635925332134],[5.987221711717988,59.44554901096336],[6.145555010591689,59.479301439187466],[6.145555010591082,59.479301439187665],[6.145555010592204,59.47930143918791],[6.123749742264351,59.48652268150806],[5.895277005005539,59.476661669466125],[5.807777417309808,59.469161990189946],[5.713054651552852,59.43666074738587],[5.667658819877431,59.40906525247806],[5.667658819878368,59.40906525247833],[5.667658819877133,59.409065252477575],[5.700554837658899,59.418468461821696],[5.732360839799107,59.42596817981265],[5.771388045544715,59.42958069799873],[5.793471828257822,59.42735672539958],[5.85909653838705,59.37895201694761],[5.852499495043618,59.34416199294303],[5.687499040294767,59.30860901606127],[5.652470468569528,59.30183608908107],[5.51652717362623,59.2755508606304],[5.485554701472836,59.27638245487594],[5.464444170516629,59.279441815772486],[5.389027593006347,59.29082869485336],[5.282083024449037,59.350967399425656],[5.203887923316927,59.430831922134246],[5.200779970486598,59.44183827426907]]],[[[5.460389606562165,58.750057204089885],[5.502889638054106,58.85099494961403],[5.551943796926988,58.96749877399627],[5.712305055287089,58.97287750079833],[5.842916494094393,58.96263503167522],[5.882777229826242,58.95402528248289],[5.938749794345142,58.93124773026892],[6.05833293069627,58.89402389936258],[6.058332930696714,58.89402389936315],[6.058332930696849,58.894023899363106],[6.074554872555774,58.91478990593089],[6.090555194536996,58.93527221281096],[6.119165908062033,58.95700837519213],[6.191944109583655,58.97888182031048],[6.218054775157384,58.98583221377868],[6.25018098512029,58.991925116795194],[6.25018098512029,58.3164969998609],[6.224166412139255,58.32402419376109],[6.143054962640974,58.33777236689332],[6.011943831704855,58.379714953135135],[5.753333081433539,58.48805236462408],[5.644721994911151,58.54471587246229],[5.623332484991465,58.55763245134892],[5.508471975457326,58.66763688409549],[5.460389606562165,58.750057204089885]]],[[[6.25018098512029,58.3164969998609],[6.25018098512029,58.991925116795194],[6.256110200309184,58.99304962333212],[6.346894263312435,59.00786998945697],[6.404166225440761,59.01721955389979],[6.485554679447315,59.02888486993672],[6.588888162266809,59.04249572161688],[6.617082614091331,59.05346680357516],[6.617082614090563,59.053466803575134],[6.617082614091885,59.053466803575645],[6.503888119229885,59.048881536925364],[6.399443637339004,59.03610990630932],[6.377777084196794,59.03305054541278],[6.346894263312435,59.027920346743414],[6.25018098512029,59.011854510887645],[6.25018098512029,59.58742808479934],[7.299581999753981,59.58742808479934],[7.299581999753981,58.025193671052534],[7.25111101153766,58.03472138274742],[7.223610871220899,58.04388428922937],[7.151388149877903,58.04777528308625],[7.077950480182494,58.01933290158058],[7.049165743560138,57.9961090062543],[7.007916462241326,57.987915054184555],[6.936110505890781,58.039161701127114],[6.90277766884185,58.0561065566078],[6.781665800555459,58.11138151885905],[6.731388108025271,58.11638641539872],[6.731388108025244,58.11638641539825],[6.731388108024682,58.11638641539831],[6.728738925274111,58.07110937619831],[6.728332502465207,58.064163225940206],[6.602916243518393,58.06943893261723],[6.558888438577526,58.09749602427485],[6.556388855203982,58.12082673377837],[6.564002103720651,58.12892153398137],[6.587222108880098,58.15361024630511],[6.588406969721528,58.15460174890854],[6.61277772013776,58.17499542016492],[6.685054797082422,58.20813750931652],[6.738204355896591,58.233586551816856],[6.759999286127513,58.2440223883151],[6.759999286127172,58.24402238831514],[6.75999928612805,58.24402238831556],[6.616665849098695,58.25860594974512],[6.360277174400665,58.27082825583841],[6.347586612608836,58.27078245621118],[6.346894263312435,58.27117416393903],[6.284166324096475,58.30666350244297],[6.25018098512029,58.3164969998609]]],[[[5.265365142906907,59.58742808479934],[5.30416583929139,59.623603830629094],[5.430832857795792,59.69971464221779],[5.48117969498719,59.72791288809427],[5.51166629620166,59.70374679029337],[5.50760429818452,59.673689111302004],[5.506804954199197,59.6677741835224],[5.498768438574255,59.64775109034626],[5.482499134627748,59.607215887775],[5.477380189349166,59.58742808479934],[5.265365142906907,59.58742808479934]]],[[[5.200779970486598,60.2350302075134],[5.200779970486598,60.436868799024616],[5.231110555832259,60.478050231742294],[5.256505902262595,60.50394647155291],[5.259444226134889,60.506942750412314],[5.285554891708475,60.52165983924182],[5.312360294653459,60.521942147679326],[5.347499836016407,60.50471498376113],[5.364721308856669,60.4927749473906],[5.389999373599736,60.47777558883833],[5.45944403589862,60.43666076407516],[5.487082968829849,60.422634115272274],[5.526388650246197,60.41561891320226],[5.607221585359458,60.41499328177738],[5.647777097177382,60.46805189824822],[5.652470468569528,60.47093734526745],[5.689318675356176,60.4935913267134],[5.694777503112348,60.51238249176417],[5.694777503112372,60.51238249176432],[5.694777503112448,60.51238249176458],[5.719999315228449,60.67443849119093],[5.700833313330179,60.69416047656034],[5.661110866920694,60.70944214355018],[5.652470468569528,60.71037754578927],[5.627777100715093,60.713050828969415],[5.562499043047865,60.6902771095223],[5.562499043047615,60.690277109521844],[5.562499043047371,60.69027710952176],[5.534443848415886,60.63916015721303],[5.360277157710755,60.564994803837806],[5.319166165714307,60.558326718807166],[5.268332954290656,60.552913651963365],[5.241388332867359,60.55721664889103],[5.200779970486598,60.57647066323705],[5.200779970486598,60.74313124514498],[5.283818725789612,60.7183990484961],[5.307916182221927,60.692424775218775],[5.335277568637995,60.644718172327046],[5.359721677531844,60.63263702045258],[5.42805530204414,60.62722015955684],[5.428055302044267,60.62722015955731],[5.428055302044584,60.62722015955728],[5.433838133589827,60.648455344086074],[5.436943526907207,60.65985868509807],[5.436943526907082,60.65985868509825],[5.436943526907157,60.65985868509853],[5.408472070575044,60.69985960717884],[5.364166254541658,60.72833253467405],[5.237499236037195,60.77062223795531],[5.200779970486598,60.78546076711259],[5.200779970486598,61.06254552127946],[5.242777343032195,61.05464554823949],[5.478749759567471,61.05541229516832],[5.625277517341548,61.08916472339252],[5.920832616263223,61.12305451178352],[6.116388313595568,61.1161079510821],[6.248888028833388,61.09471894445507],[6.25018098512029,61.09411631697278],[6.25018098512029,60.411714760798915],[6.221318705141584,60.40735628104983],[6.221318705141276,60.40735628104928],[6.22131870514114,60.40735628104926],[6.187777504952468,60.347770695051665],[6.155277268733678,60.2727737474312],[6.125346650990139,60.24124525309168],[5.98222161581532,60.236106867866624],[5.916548119005467,60.16866224487711],[5.89972208530693,60.15138243560348],[5.887990824299329,60.089250507078916],[5.879582870366687,60.044719710906],[5.859166147626183,60.02346802573123],[5.806943887323428,60.00152206776278],[5.75666619479324,59.98583223046887],[5.747221947743753,59.98666382471441],[5.708055020227732,60.005134585948895],[5.614969584529248,60.089250507078916],[5.548749437467563,60.14908982163615],[5.609245428896961,60.265565658234344],[5.633333218803585,60.311943036550986],[5.633333218803371,60.31194303655081],[5.633333218803728,60.3119430365515],[5.411110872426946,60.12971495330618],[5.4016666253778,60.13194275867215],[5.361110687697135,60.14638520459778],[5.222748271743228,60.20669173789696],[5.200779970486598,60.2350302075134]]],[[[5.522379518644277,59.58742808479934],[5.525346757121042,59.61638258830925],[5.530101831698358,59.62862817765833],[5.541526801413458,59.65805053164668],[5.568471422836407,59.67562101855225],[5.652470468569528,59.69207058638459],[5.812083240418389,59.723327621443985],[5.940693858825366,59.73638535454943],[6.061805262533998,59.742916118128136],[6.25018098512029,59.8220229623088],[6.25018098512029,59.58742808479934],[5.522379518644277,59.58742808479934]]],[[[5.698332800800699,59.83277130879753],[5.705277425761665,59.86638641556982],[5.734999641650786,59.90916442882348],[5.770833029944026,59.92555237167741],[5.824166289318839,59.939437866261535],[5.875832566150791,59.947219853975184],[6.083304418868093,60.089250507078916],[6.108332650848347,60.10638428251703],[6.108332650848248,60.10638428251724],[6.108332650848581,60.10638428251747],[6.073541155680778,60.180999773057046],[6.175679299041598,60.27019358066396],[6.204721469992461,60.29555513241181],[6.25018098512029,60.317091847340535],[6.25018098512029,59.837564263822564],[6.206665999050983,59.83193971455216],[6.164999488161072,59.81902313566553],[6.129721657475955,59.802360549907405],[6.106388083076013,59.78777311699639],[6.048610672554844,59.76193999793776],[5.98013829414208,59.752914412907785],[5.840555200043696,59.76693726765882],[5.798054694590064,59.78027343772021],[5.698332800800699,59.83277130879753]]],[[[6.25018098512029,59.58742808479934],[6.25018098512029,59.8220229623088],[6.303645141707229,59.8444747976425],[6.303645141706394,59.84447479764239],[6.303645141707818,59.84447479764299],[6.25018098512029,59.837564263822564],[6.25018098512029,60.317091847340535],[6.331943504097616,60.35582732566928],[6.346894263312435,60.362189155828716],[6.474582668333454,60.41652298158307],[6.504166594900489,60.42582704228367],[6.524166088070196,60.429443354521716],[6.564722064465908,60.428886403180236],[6.608471858313791,60.422077163930794],[6.634930144219449,60.40610505691431],[6.607499109849584,60.37749480796707],[6.598789833319121,60.3668082138771],[6.58486031153609,60.34971619198063],[6.570178640428932,60.32464770195901],[6.531665806061149,60.258888252846916],[6.508888253847182,60.153327932531894],[6.505971905480543,60.107635506651974],[6.518120858509851,60.089250507078916],[6.521943586634048,60.08346557608431],[6.521943586634371,60.083465576085025],[6.52194358663445,60.083465576084905],[6.524548883528819,60.089250507078916],[6.652360909354911,60.373050695535994],[6.664027231977173,60.43166349435455],[6.568055139111436,60.459716791960375],[6.346894263312435,60.42631938887332],[6.25018098512029,60.411714760798915],[6.25018098512029,61.09411631697278],[6.267221468615823,61.08617400386454],[6.321388257976878,61.066108695507815],[6.346894263312435,61.0640185701853],[6.372221933978171,61.06194305874702],[6.406944284485022,61.0666656468493],[6.513054858478373,61.09693908428744],[6.590555183524479,61.15138245229326],[6.654999749920744,61.15166472201596],[6.818193926219585,61.14166259446993],[6.83763836507379,61.136802684915665],[6.95874930420463,61.07874679872377],[7.299581999753981,61.1218980775865],[7.299581999753981,59.58742808479934],[6.25018098512029,59.58742808479934]]],[[[7.299581999753981,58.025193671052534],[7.299581999753981,61.1218980775865],[7.313055026689462,61.12360383630627],[7.42861081560218,61.18138887364617],[7.428610815601623,61.18138887364644],[7.428610815602156,61.18138887364671],[7.403055204344412,61.19388578392898],[7.37097215898126,61.1997184806624],[7.353332991992716,61.21180342658869],[7.304166298533928,61.29124831940736],[7.345722260690073,61.342327257545286],[7.364166249206328,61.36499787565993],[7.455277425932177,61.42610932869616],[7.475693684095006,61.437080371939615],[7.52687405127265,61.45172881940061],[7.562464697670418,61.47034073485378],[7.562464697668453,61.47034073485331],[7.562464697670976,61.47034073485463],[8.100283886001762,60.730292010623884],[8.565765658564247,60.089250507078916],[8.66686140694435,59.9500257847298],[8.903020935691131,59.512174359091205],[9.12458944228406,59.37615584248849],[9.551595701346628,59.11402130527074],[9.551595701347294,59.11402130527024],[9.551595701346404,59.114021305270185],[9.626388544457626,59.05777738860667],[9.684165954978752,59.03194426954811],[9.693054218556597,58.98305512260521],[9.605693810624587,58.925136557865414],[9.507499680900537,58.891937248215925],[9.409442911343092,58.84138487406699],[9.409442911342678,58.84138487406643],[9.40944291134267,58.84138487406642],[9.408435038977403,58.84001255715912],[9.348709121335276,58.75868987245349],[9.339998249044243,58.750831616552546],[9.183888419476261,58.65527725655022],[9.12458944228406,58.63601461245162],[9.064165096777174,58.616386404386276],[9.030553822771537,58.607215871085714],[8.713532442449946,58.417976379822335],[8.703181010355177,58.398434084731065],[8.691944131950812,58.37722017039855],[8.510276794099354,58.27027130449699],[8.415445621431097,58.233586551816856],[8.243888856751425,58.1672210592705],[8.155187599885323,58.140007021443694],[8.155187599885084,58.14000702144334],[8.155187599884737,58.14000702144323],[8.127498608696868,58.09888456986179],[7.934721938278756,58.07943726611114],[7.809444433232215,58.0674972684555],[7.660554878114397,58.044166558951986],[7.621665961690894,58.01943971575764],[7.559721946538446,58.01082609508387],[7.528332709391691,58.008049003909946],[7.483888642750344,58.00555418245864],[7.362777703619543,58.0127715920122],[7.299581999753981,58.025193671052534]]],[[[6.56558273353835,61.227119433620004],[6.58374977704181,61.2455520607605],[6.620832453729399,61.26221464651849],[6.639444369182574,61.27416230970775],[6.679862269914438,61.32428168283809],[7.279269593846289,61.32428168283809],[7.27305507247965,61.27888489781002],[7.297777192466448,61.25054933048156],[7.299581999753981,61.2486016092547],[7.299581999753981,61.16751740988892],[7.278055207097168,61.15860748866595],[7.041318058055341,61.1221770755363],[6.961249352156415,61.1098556631747],[6.930694109573381,61.11555479379314],[6.579027653517301,61.21166610513666],[6.56558273353835,61.227119433620004]]],[[[4.952499383236485,61.25610734559634],[4.958046673826622,61.258076503831134],[5.144552440622947,61.32428168283809],[6.644887248985235,61.32428168283809],[6.609667281495318,61.28762979769523],[6.591388713510725,61.26860808864521],[6.538572800220731,61.20431900094958],[6.501388535856456,61.1323547397178],[6.428472045012313,61.11319349974201],[6.346894263312435,61.11030303039843],[6.346110339248924,61.11027525434929],[6.318749417410686,61.11471940549558],[6.237499252726934,61.134994509439764],[5.965277689489824,61.15638731011882],[5.749166476802429,61.15277099788068],[5.652470468569528,61.14200656266763],[5.558332902994493,61.13152693952429],[5.523611055780179,61.117218020998735],[5.505555162512906,61.10527039652442],[5.468610775147738,61.08860777205149],[5.407221775596042,61.070549013887785],[5.397221583790724,61.068603516959456],[5.305258571198075,61.092480603554016],[5.115833281305072,61.141662594470404],[5.048957347041494,61.16495896393218],[4.991527556852134,61.21763612332211],[4.958046673826622,61.250639217586695],[4.952499383236485,61.25610734559634]]],[[[5.037167597800658,61.32428168283809],[5.08331078325671,61.32428168283809],[5.078054899376184,61.32207870818735],[5.046944137899857,61.317356120085094],[5.037167597800658,61.32428168283809]]],[[[4.949444280969485,61.41041182586916],[4.958046673826622,61.41522722965076],[4.968055267266472,61.420829789252394],[5.070901872561251,61.444992054286516],[5.183610922346311,61.45333099334165],[5.200779970486598,61.45489603419989],[5.200779970486598,61.356783711580015],[5.166388520351006,61.3516616668839],[5.145833004995382,61.347770673027014],[5.120138639836625,61.339717875176234],[5.08331078325671,61.32428168283809],[5.037167597800658,61.32428168283809],[5.003610605752385,61.348052981464605],[4.958046673826622,61.40050834285024],[4.949444280969485,61.41041182586916]]],[[[4.997499472063339,61.627777088873756],[5.067777625633648,61.76805116500621],[5.200779970486598,61.83027945758831],[5.200779970486598,61.49593096613778],[5.188332542578223,61.498886097770026],[5.139582652828153,61.51884842471645],[4.997499472063339,61.627777088873756]]],[[[5.103471756734153,61.91423033457809],[5.127029263650771,61.94491446234098],[5.14368476097479,61.96660858344019],[5.145832540417087,61.969406109470704],[5.187777526977502,61.95638275512178],[5.200779970486598,61.95838513272327],[5.200779970486598,61.89845986800065],[5.154582979250733,61.892498004963954],[5.103471756734153,61.91423033457809]]],[[[5.073610322367017,62.15305328429321],[5.080138221049353,62.176662430752316],[5.158471572788599,62.21249388330473],[5.193888660666708,62.201660161513246],[5.200779970486598,62.197823875439305],[5.200779970486598,62.0979532943402],[5.186388013520627,62.10110473773847],[5.115833281305072,62.10360718600839],[5.095832820265571,62.110137949587056],[5.073610322367017,62.15305328429321]]],[[[5.144552440622947,61.32428168283809],[5.170832632781998,61.33361053553854],[5.200779970486598,61.33884821118202],[5.200779970486598,61.32428168283809],[5.144552440622947,61.32428168283809]]],[[[5.200779970486598,61.32428168283809],[5.200779970486598,61.33884821118202],[5.305258571198075,61.35712112170277],[5.334722049744702,61.36227417221691],[5.356388564172082,61.36393736070781],[5.378854733121795,61.361972816089974],[5.399221436320278,61.359107958428474],[5.423054702848916,61.3561058180298],[5.461971764943296,61.35656358201297],[5.461971764941325,61.356563582013536],[5.461971764943542,61.356563582013564],[5.443387995161856,61.36194230881563],[5.353888516221332,61.36527635133092],[5.329721450549641,61.36560821473279],[5.305258571198075,61.36549406946939],[5.257777204877641,61.365272518564154],[5.200779970486598,61.356783711580015],[5.200779970486598,61.45489603419989],[5.27622175618113,61.46177291380707],[5.305258571198075,61.458393669158305],[5.394388201274172,61.448020946622975],[5.55213833887651,61.459232331443516],[5.552138338876119,61.45923233144395],[5.552138338877,61.459232331444014],[5.535055155359089,61.47819136393656],[5.527347806093017,61.48099847352546],[5.517888541412731,61.4844436518444],[5.50122165830993,61.48711013478925],[5.482554922678048,61.48727416946434],[5.460721973256511,61.48561098097343],[5.448038117624354,61.48099847352546],[5.447305198948982,61.48073194630007],[5.424721724107144,61.46977615669408],[5.41197204479181,61.4656906208873],[5.349221716168074,61.46068955711428],[5.263677718680209,61.48099847352546],[5.200779970486598,61.49593096613778],[5.200779970486598,61.83027945758831],[5.359582884916854,61.90457915683784],[5.417222006115637,61.91124724186853],[5.595832809252475,61.89527130208528],[5.652470468569528,61.88503811383116],[5.676527493758172,61.88069153470769],[5.701665875445485,61.868606550066445],[5.987499219517847,61.830276482010674],[6.25018098512029,61.81350507658812],[6.25018098512029,61.32428168283809],[5.200779970486598,61.32428168283809]]],[[[5.200779970486598,61.89845986800065],[5.200779970486598,61.95838513272327],[5.220276834040778,61.96138765166157],[5.399096503609382,62.018814073661815],[5.399096503608962,62.018814073662014],[5.399096503609769,62.01881407366227],[5.27888870370424,62.07471466733841],[5.206665982361073,62.096664419359],[5.200779970486598,62.0979532943402],[5.200779970486598,62.197823875439305],[5.24777697435702,62.171661366979066],[5.446665746334311,62.05749513023849],[5.467082972367535,62.03812026190846],[5.463050645835727,62.01153783408387],[5.462722793656894,62.00937652427638],[5.462722793656921,62.00937652427636],[5.462722793656866,62.009376524276],[5.468888282947589,62.00680160187075],[5.496397017952962,62.025260942234475],[5.535036703518265,62.06474421635685],[5.548333175767084,62.07833097957655],[5.51111031273075,62.08999633432819],[5.463054657059274,62.09583282511346],[5.422499648533631,62.104721088691406],[5.387221817848513,62.120967877326734],[5.421041493707609,62.17811965642244],[5.45555497778259,62.18416594279499],[5.652470468569528,62.191132123332004],[5.851943976150238,62.198188797545924],[5.88624952294915,62.19360732494759],[5.914443974773675,62.17930220047396],[5.923680323261263,62.16006469231076],[5.919999124991705,62.11360931355438],[5.919999124991826,62.11360931355435],[5.919999124991794,62.11360931355394],[5.950277324352296,62.10666654690447],[6.25018098512029,62.07502774453074],[6.25018098512029,61.843319297215125],[5.942944041355418,61.8695220780333],[5.879589568030326,61.90617370396063],[5.834277166782954,61.911884294164565],[5.782221806051325,61.91527555717789],[5.433610916840507,61.93499754254714],[5.353471751228142,61.92374802363287],[5.310138683658579,61.91366196236618],[5.291471483447708,61.91016388517579],[5.200779970486598,61.89845986800065]]],[[[5.920138343470228,62.206729905370196],[5.949165821988064,62.25402450519073],[5.976943973397109,62.27249909919182],[6.016388408713627,62.29568861576173],[6.051666278113771,62.30666353048679],[6.25018098512029,62.35894152175815],[6.25018098512029,62.07605202756449],[6.123055469470785,62.096664419359],[6.092568868256421,62.10381698159574],[5.920138343470228,62.206729905370196]]],[[[6.25018098512029,61.32428168283809],[6.25018098512029,61.81350507658812],[6.346894263312435,61.80733023763581],[6.400833112080999,61.80388641161063],[6.469165807437715,61.800827011999246],[6.51374913127184,61.80722045412597],[6.738888755171217,61.85777282827496],[6.763610836443199,61.86804963743978],[6.763610836442886,61.86804963743984],[6.763610836443775,61.86804963744021],[6.687777532655105,61.88194275884308],[6.651666636561515,61.88499449292095],[6.604443543004891,61.8822174017472],[6.567499155639723,61.879714953477276],[6.545415876219863,61.87305070121329],[6.526457772882907,61.857494352604704],[6.526457772882832,61.85749435260461],[6.526457772882353,61.85749435260422],[6.504304884223206,61.83068848508185],[6.422777173023576,61.82888793642434],[6.383610710085634,61.83193970921684],[6.346894263312435,61.835071080709575],[6.25018098512029,61.843319297215125],[6.25018098512029,62.07502774453074],[6.268263323026403,62.07312012021565],[6.268263323016248,62.0731201202173],[6.268263323026872,62.073120120216174],[6.25018098512029,62.07605202756449],[6.25018098512029,62.35894152175815],[6.292429924119908,62.37006759749103],[6.346894263312435,62.37900388215576],[6.528679471813941,62.408830451156504],[6.551476951651523,62.412570967841134],[6.68861606999141,62.408830451156504],[6.69483280455923,62.40866088758007],[6.759291153429956,62.32937240261735],[6.767041201420493,62.31695555457425],[6.772582530449338,62.27511978250946],[6.784124849516164,62.25878906015333],[6.784238393052887,62.27091867228653],[6.784707546210257,62.32103729632939],[6.748707761638229,62.384830485948385],[6.717573424401436,62.408830451156504],[6.712874412059989,62.41245269407915],[6.681207667112517,62.43078613386143],[6.639957921215967,62.44745634643817],[6.57464122616193,62.44253921638608],[6.561641216847022,62.437438965254785],[6.54777717027082,62.435554521590916],[6.515832917523142,62.42999267370965],[6.383888256600812,62.419441221640966],[6.346894263312435,62.430022495706794],[6.25569440318763,62.45610810120559],[6.346894263312435,62.47849069366778],[6.369999897119811,62.48416136009625],[6.436666500374436,62.49333189339683],[6.505138414209114,62.49707793898294],[6.588888162266809,62.492492672332645],[6.632266061593189,62.4985084514303],[6.632266061593177,62.49850845143082],[6.632266061593668,62.498508451430894],[6.631943722036283,62.51277160904391],[6.549443726950869,62.53027345458105],[6.499444006798228,62.53110504882642],[6.458888069117904,62.53027345458105],[6.346894263312435,62.52552605602992],[6.31472206997239,62.524162282176974],[6.267499905572095,62.52944182162065],[6.252985488803963,62.57777022317033],[6.297638421876496,62.59972001390534],[6.33236073366853,62.60777664452296],[6.346894263312435,62.60798750542142],[6.552429684555911,62.610969532819546],[6.7358331496118,62.64943696104211],[6.757222194953648,62.652771003557454],[6.964166629678161,62.64999391238359],[7.041318058055341,62.648632659405536],[7.089999189040878,62.647773733836395],[7.299581999753981,62.60048851536123],[7.299581999753981,61.35058358337408],[7.279443752684301,61.325553904921435],[7.279443752684276,61.32555390492125],[7.279443752684013,61.32555390492092],[7.279269593846289,61.32428168283809],[6.679862269914438,61.32428168283809],[6.694999200837952,61.34305191769113],[6.712637903249128,61.39478683589167],[6.712637903249006,61.394786835891544],[6.712637903249231,61.394786835892205],[6.644887248985235,61.32428168283809],[6.25018098512029,61.32428168283809]]],[[[6.938332542749663,62.90610504056707],[6.944157169506037,62.91935905330415],[6.949443811055833,62.93138887381717],[7.036388383150907,62.96749876332574],[7.090277664711618,62.98388670617976],[7.110554704396485,62.98805238165537],[7.265138628210391,63.011383052444046],[7.298054700266789,63.001937876239495],[7.299581999753981,63.001115599977595],[7.299581999753981,62.74270662627075],[7.203332902380851,62.73554993889229],[6.979027273045631,62.721523290089294],[6.954582699573905,62.72402573835922],[6.938332542749663,62.90610504056707]]],[[[7.299581999753981,61.35058358337408],[7.299581999753981,62.60048851536123],[7.363332757934486,62.586105329458405],[7.516874324045205,62.53728486259853],[7.681388869140182,62.557220476322016],[7.735741852798247,62.56772495590028],[7.772638799766618,62.57485581054421],[7.77263879976511,62.57485581054436],[7.772638799767151,62.57485581054476],[7.735741852798247,62.57876507823452],[7.730693813206642,62.57929992297625],[7.606666564423904,62.56860352263675],[7.583888044339744,62.56610870118561],[7.55166624507666,62.560829161741765],[7.524443612560617,62.5602722104004],[7.497777002230578,62.56249238894753],[7.474444395701425,62.56610870118561],[7.453749661867789,62.57402421629922],[7.41888809288298,62.59555054437823],[7.411943893784872,62.61700819237342],[7.522777559173047,62.666664124960306],[7.601943976321245,62.6919402926774],[7.630277646623728,62.69916532904956],[7.735741852798247,62.71650650264434],[7.785694132553481,62.724720011152215],[7.824999813969828,62.72972107492522],[7.863055239121625,62.73194121475761],[7.996804707331389,62.736038210149815],[8.075693113386638,62.7141609322647],[8.114999762673381,62.69749451373994],[8.137984284293129,62.69364165397677],[8.137984284292774,62.69364165397733],[8.13798428429368,62.69364165397718],[8.121805207871432,62.71930315025696],[8.04638863036098,62.75388337867474],[7.999721520275727,62.763885506220674],[7.735741852798247,62.73620150614323],[7.692499169576706,62.73166657185419],[7.66944407084776,62.72888185386148],[7.556388871893716,62.699440010668866],[7.531666287329301,62.690273271420324],[7.484860423344116,62.67964555116413],[7.389999406979598,62.683326710718745],[7.367776870366583,62.726104723972924],[7.326665878369965,62.74472047219285],[7.299581999753981,62.74270662627075],[7.299581999753981,63.001115599977595],[7.381110175531017,62.957221992875745],[7.445138441511954,62.91471862252564],[7.467360513547444,62.91124725855831],[7.520833030115032,62.9174957136995],[7.57555533836938,62.93333053797881],[7.605902179098464,62.954647070470486],[7.648888594206504,62.96916199053146],[7.681666376940523,62.97444152997521],[7.718610764305733,62.97721862114908],[7.735741852798247,62.9770557569777],[7.747499450208906,62.9769439782451],[7.964166646367939,62.97305298438828],[7.984582904530772,62.97263335449878],[8.010971077904841,62.96694185069907],[8.05638886088079,62.95166014499448],[8.083888072041454,62.94069289580297],[8.1093731061903,62.90402222218614],[8.124605913677438,62.87274643997202],[8.149790754548814,62.82103728531648],[8.179860126192374,62.80068970723705],[8.214443219506443,62.79193876511115],[8.286664972979192,62.78166199466115],[8.306943909690037,62.77666472494009],[8.348983014387674,62.762777105449075],[8.348983014387674,62.045195251512816],[7.871308057597054,61.94491446234098],[7.782530908655247,61.92627701352825],[7.735741852798247,61.829338787915695],[7.562464697670976,61.47034073485463],[7.455832944825659,61.44499588705389],[7.424444210971444,61.43277741372725],[7.328332899627355,61.37583159745162],[7.309165968573495,61.36249542739023],[7.299581999753981,61.35058358337408]]],[[[7.88090230467244,63.002563468949965],[7.951468751763539,63.06113528087684],[8.151828744353447,63.06113528087684],[8.307498925290723,62.93777465041035],[8.348983014387674,62.90436033633431],[8.348983014387674,62.80807190824339],[8.338985452770032,62.81275177270783],[8.254308104010887,62.87274643997202],[8.153610242141156,62.94409178563552],[8.0061092326103,62.995826703835974],[7.967777267528561,63.00416564289117],[7.946110249808498,62.99694060651893],[7.90083311775885,62.9947204666866],[7.88090230467244,63.002563468949965]]],[[[8.202211093139232,63.06113528087684],[8.348983014387674,63.06113528087684],[8.348983014387674,62.982894362951605],[8.226387011214683,63.027770995298454],[8.202211093139232,63.06113528087684]]],[[[8.348983014387674,62.045195251512816],[8.348983014387674,62.762777105449075],[8.430165647541154,62.7359584201649],[8.492776884302671,62.71527479623285],[8.526248939830154,62.69319151681235],[8.541110047774865,62.67971802529898],[8.548332219250657,62.65388490624042],[8.568866384872026,62.674682738285156],[8.569721225878254,62.67554855577197],[8.560068112396891,62.70926284990247],[8.430165647541154,62.770070269988565],[8.348983014387674,62.80807190824339],[8.348983014387674,62.90436033633431],[8.360887508137449,62.89477158793147],[8.375555042002677,62.88510895060603],[8.414032510220686,62.87274643997202],[8.430165647541154,62.86756298869726],[8.496944418089441,62.846107490213],[8.531769750006578,62.84721756012919],[8.557420087468875,62.87274643997202],[8.65398748053729,62.96885657411753],[8.65683935649298,62.97169494607681],[8.515275960846395,62.98305511193473],[8.43055536135057,62.97860716673648],[8.38194368349275,62.97082901178965],[8.348983014387674,62.982894362951605],[8.348983014387674,63.06113528087684],[9.398384029021365,63.06113528087684],[9.398384029021365,62.26550146687782],[9.12458944228406,62.20802234464486],[8.430165647541154,62.06223834410945],[8.348983014387674,62.045195251512816]]],[[[7.951468751763539,63.06113528087684],[7.966284610415251,63.07343279226158],[7.974860685103748,63.080551136098194],[8.038331999743122,63.10319136686015],[8.070554728161639,63.10846711225195],[8.098054868477877,63.10374831820163],[8.151828744353447,63.06113528087684],[7.951468751763539,63.06113528087684]]],[[[8.160970702939368,63.11804960990865],[8.245554910138374,63.14638517723695],[8.631387694514885,63.18249510546033],[8.767841353900181,63.19284822152728],[8.804164871762861,63.19554900579901],[8.940137847993991,63.20791242739618],[8.940137847990297,63.207912427396266],[8.940137847993924,63.20791242739659],[8.871387497203443,63.20944212720235],[8.82460784314867,63.20749663027402],[8.618401545104405,63.19999695099784],[8.479722016094398,63.2918014713617],[8.539999009988275,63.309440599635614],[8.584444044500021,63.31221772952429],[8.708748801083026,63.350620271715414],[8.708748801082688,63.35062027171564],[8.708748801083573,63.35062027171591],[8.6411790973187,63.3955841234754],[8.672222146581337,63.41388701726767],[8.737302797402776,63.41591644791695],[8.745970734963397,63.41916276265947],[9.000970825359754,63.464649187004],[9.068887723593747,63.44041061506775],[9.114166249376918,63.41291426880346],[9.12458944228406,63.400269282659835],[9.146110540839508,63.37416077680625],[9.231388091676912,63.3538818400954],[9.373332983119283,63.368331912839736],[9.398384029021365,63.37190896073921],[9.398384029021365,63.06113528087684],[8.202211093139232,63.06113528087684],[8.160970702939368,63.11804960990865]]],[[[9.15281106888614,63.48575971796041],[9.24763774520855,63.535274496328455],[9.398384029021365,63.57168412399329],[9.398384029021365,63.38338177833823],[9.394998568391145,63.382774358765914],[9.216595663816008,63.36839676015683],[9.164860706900754,63.3893012895777],[9.15281106888614,63.48575971796041]]],[[[9.398384029021365,62.26550146687782],[9.398384029021365,63.06113528087684],[11.497186058288747,63.06113528087684],[11.497186058288747,62.677185707886466],[10.513437031769874,62.48552974339147],[9.58308407811171,62.304276509235706],[9.398384029021365,62.26550146687782]]],[[[9.398384029021365,63.06113528087684],[9.398384029021365,63.37190896073921],[9.418054596275788,63.37471772814773],[9.468541155237755,63.395969374607965],[9.46854115523687,63.39596937460781],[9.468541155238142,63.39596937460834],[9.398384029021365,63.38338177833823],[9.398384029021365,63.57168412399329],[9.534582127067502,63.60457994014938],[9.647499075413922,63.62388608968121],[9.717498792028309,63.63027190498919],[10.045901282922987,63.383537311642215],[10.045901282923346,63.38353731164292],[10.045901282923523,63.38353731164278],[10.060014503115202,63.41107413003971],[10.064443589137177,63.41971588123418],[10.087360398543922,63.43027116606973],[10.12527656650294,63.440277087667724],[10.146387097459236,63.444160454705816],[10.273055083834176,63.462913524377754],[10.300276748479675,63.463329321500474],[10.443332677708636,63.45249939376095],[10.447785043655056,63.45150662784843],[10.447785043655056,63.06113528087684],[9.398384029021365,63.06113528087684]]],[[[9.545276630381299,63.76610945679448],[9.578887943101282,63.78569032665974],[9.614444144545269,63.80057841760305],[9.63097191408194,63.807498924461456],[9.861944195999783,63.88610839026818],[10.136943818280667,63.939437855591024],[10.136943818280029,63.93943785559135],[10.136943818280542,63.93943785559145],[10.05444432648801,63.981662750270914],[9.982221605144844,63.99055480790065],[10.002753232605036,64.0314616372227],[10.020277030296175,64.06637572294758],[10.16611097985458,64.18971253170355],[10.447221774539482,64.32415770515497],[10.447785043655056,64.32423982442117],[10.447785043655056,63.58553801139431],[10.392775541637889,63.56888580904928],[10.314998637946871,63.55749513591621],[10.252775179253433,63.557216660245444],[10.216665251029667,63.54999925069205],[10.168766003214444,63.527282713027944],[10.09277725944014,63.502220134950164],[10.04777717061296,63.49610900126095],[9.999999990611741,63.49525452655928],[9.92215250981161,63.5067291334131],[9.808332460954716,63.62221906842399],[9.789165491186054,63.662498466175066],[9.805604204371273,63.68497279705477],[9.808261883844853,63.688606266851835],[9.85735989721989,63.6893005396453],[9.915277494089409,63.6999969399848],[10.004999157358345,63.72055051959961],[10.063888534821675,63.74333190458035],[10.094581602149319,63.75964737329902],[10.09458160214908,63.75964737329905],[10.094581602149844,63.75964737329946],[10.005277633029209,63.77249906615475],[9.905554771370191,63.74972151394081],[9.73277662625145,63.701110842668186],[9.570276258168576,63.66138456349205],[9.546665175968428,63.66235731195627],[9.545276630381299,63.76610945679448]]],[[[10.447785043655056,63.06113528087684],[10.447785043655056,63.45150662784843],[10.513437031769874,63.43686788146638],[10.525554661701435,63.43416595397852],[10.550832765159317,63.43083191146317],[10.577499375489314,63.43166350570863],[10.85537148225043,63.44370269072266],[10.889165877335063,63.4472198543172],[10.911804211071068,63.45804978205672],[10.911804211071086,63.45804978205705],[10.911804211071342,63.458049782057174],[10.917081814774576,63.55242539205983],[10.913124076575173,63.59992599341609],[10.87888813901526,63.601383219086586],[10.72694301705235,63.56513596941119],[10.687776554114407,63.5477752780929],[10.66624832900942,63.54541015127495],[10.720554336848057,63.6049957372722],[10.742498397790417,63.61638641040507],[10.924444211312998,63.686943039646124],[10.965971000432123,63.700550097274316],[11.253610622954938,63.767776478051985],[11.279443742013505,63.77291106922503],[11.337499628205407,63.77555083894691],[11.421665173385826,63.78305051822305],[11.459929464969381,63.798259749792294],[11.459929464969221,63.79825974979251],[11.459929464969832,63.79825974979275],[11.458172549355728,63.80057841760305],[11.427567479358004,63.840969082963454],[11.294998154881398,63.865554810653805],[11.274998661712118,63.86791231065308],[11.233610161915294,63.86374663517739],[11.20786082651278,63.85574985571933],[11.192915934912037,63.85110853196136],[11.136942867100231,63.843189222795786],[11.104513169276231,63.849300395199805],[11.095484719350091,63.88624571172041],[11.20786082651278,63.93577158072428],[11.264720923391177,63.960830694984836],[11.34722138305472,63.97277069264055],[11.420901291353378,63.97679900794935],[11.487915979517727,64.00554657834859],[11.487915979517519,64.00554657834876],[11.487915979518164,64.00554657834903],[11.357637410697464,64.10846709022735],[11.313054086863872,64.11624145112228],[11.212776170889072,64.04388427322357],[11.20786082651278,64.04150518947928],[10.902011879112706,63.893470748092795],[10.902011879113198,63.893470748092724],[10.90201187911238,63.89347074809233],[11.022221576043972,63.875759106968005],[11.074721344147164,63.83971785882815],[11.02360442995682,63.80057841760305],[10.941944121109316,63.73805236513715],[10.546943668328424,63.61555481616017],[10.447785043655056,63.58553801139431],[10.447785043655056,64.32423982442117],[10.513437031769874,64.33381125828738],[10.590138446575665,64.3449935932073],[10.652082461728014,64.35554504527607],[10.652082461726982,64.35554504527637],[10.652082461728241,64.35554504527659],[10.607350356856841,64.3684310781735],[10.549101825741047,64.39054869763578],[10.513437031769874,64.40758486048057],[10.49970055921301,64.41414642322451],[10.495290748108479,64.4238128546014],[10.513437031769874,64.42528455538091],[10.588609714640373,64.43138121396089],[10.662637707848756,64.44311524879603],[10.695554747775553,64.46888731458994],[10.936527260213449,64.57332610540325],[11.060971273989235,64.54277039824242],[11.20786082651278,64.47974977568948],[11.2733326083243,64.45166015067173],[11.285554875702688,64.37443543640013],[11.221666331492827,64.31610107453787],[11.221666331492994,64.31610107453795],[11.221666331492347,64.31610107453736],[11.258888226657898,64.33360292007433],[11.344720831810804,64.3891601520483],[11.416128086130783,64.44683718541094],[11.43861006758192,64.46499632073352],[11.497186058288747,64.5315312051357],[11.497186058288747,63.06113528087684],[10.447785043655056,63.06113528087684]]],[[[11.397082310592188,64.66964721233482],[11.406616792034395,64.68260413878899],[11.417776115270096,64.69776915130885],[11.438331591910586,64.71110536008484],[11.45841519577052,64.72841039523408],[11.497186058288747,64.76181730483673],[11.497186058288747,64.57927039495443],[11.47777653051969,64.59220886970894],[11.460554128524336,64.60499571524758],[11.397082310592188,64.66964721233482]]],[[[11.497186058288747,62.677185707886466],[11.497186058288747,64.5315312051357],[11.508054729880769,64.54387663539228],[11.508609784195812,64.5716552900941],[11.497186058288747,64.57927039495443],[11.497186058288747,64.76181730483673],[11.530765371733025,64.79075091672695],[11.539165491356577,64.79798887891525],[11.539165491357366,64.79798887891559],[11.698812731973476,64.72841039523408],[11.902284621255687,64.6397319722721],[13.927541969616357,63.7570713336043],[14.279198374672376,63.34043106501906],[13.449157400626177,62.92504120798236],[11.902284621255687,62.74117642239837],[11.705714713821692,62.71781168008431],[11.497186058288747,62.677185707886466]]],[[[7.299581999753981,61.16751740988892],[7.299581999753981,61.2486016092547],[7.353888510885302,61.18999482878677],[7.299581999753981,61.16751740988892]]]]}},{"type":"Feature","properties":{"fillColor":"#9ECAE1"},"geometry":{"type":"MultiPolygon","coordinates":[[[[12.430797576980098,37.80325698934435],[12.441665650034011,37.80610656812465],[12.441665650034121,37.80610656812514],[12.441665650034736,37.8061065681253],[12.466388701600351,37.916107178189236],[12.51013851123304,38.01513671936722],[12.55819415993856,38.060550689229814],[12.593033204243937,38.076273783336134],[12.733610152482772,38.139717101900324],[12.821664809871063,38.06888580245309],[12.892846108269957,38.02527236865369],[12.923610686539407,38.024860382035165],[12.955554961826222,38.032775878830854],[13.019165039200335,38.05888366658516],[13.069478035304797,38.09016799964226],[13.069478035304714,38.09016799964253],[13.069478035305508,38.09016799964303],[13.05610942828319,38.13378143344188],[13.091504527996987,38.174370764757285],[13.100345611053003,38.1845092769311],[13.318610191059841,38.217494965125695],[13.357915877509738,38.18694305418855],[13.372013091746963,38.152774811505964],[13.367151260412754,38.120758056328896],[13.382499694123673,38.10749816831853],[13.711387634812809,37.97666168182485],[13.760693550502326,37.970966339168314],[13.791110992234445,37.972221375194444],[13.82098579469545,37.97873687783141],[13.885603896889464,37.997742312252825],[13.886665344895372,37.998054504653766],[13.916525840228461,38.01034164474204],[13.944304465531948,38.02957916186509],[14.013887404624002,38.03582763601612],[14.03936719894454,38.03302997675632],[14.03936719894454,37.11010970099921],[13.99805545854258,37.11027526892855],[13.955755233532216,37.10034942620763],[13.932360648724341,37.09471893363218],[13.887638092818122,37.09943771346218],[13.885603896889464,37.100232536049674],[13.738332748794392,37.157775879511746],[13.329999923883463,37.36110687319291],[13.272429466583958,37.39853668292238],[13.256666183840139,37.42194366493334],[13.218332291174818,37.45527648966521],[13.155971526646226,37.49124527005955],[12.974383375552536,37.55498570147196],[12.922916411817539,37.573051453296614],[12.792777060812966,37.57902145424816],[12.756109238300951,37.573051453296614],[12.728749275287385,37.566104889518556],[12.68138790130331,37.5551338189851],[12.656109809967461,37.5597839354773],[12.593033204243937,37.603820890243234],[12.514165878754625,37.65888214164136],[12.468332290815965,37.699165345055974],[12.430797576980098,37.80325698934435]]],[[[14.03936719894454,37.11010970099921],[14.03936719894454,38.03302997675632],[14.132776261053483,38.022773742962926],[14.242776871117277,38.01221466069596],[14.311943054548168,38.01221466069596],[14.367916106678198,38.01832961978008],[14.519444465607263,38.04277038653763],[14.643470764156138,38.07728576740547],[14.784721374784176,38.15444183415062],[14.874443054817123,38.17055511419814],[14.96944332184544,38.157218933040895],[15.088748932288176,38.1224975588638],[15.150833130245703,38.145553589432836],[15.17817458953499,38.15673219392595],[15.30166626031409,38.2072219842194],[15.51541614552422,38.29291152933594],[15.545831680628028,38.296939849347815],[15.647936820908981,38.26457595763342],[15.629147220527145,38.240364938483516],[15.503609657040386,38.0786056518657],[15.427776337169519,38.00083160354484],[15.36902523036241,37.94388580349272],[15.235277175773888,37.78527069169559],[15.224562776499878,37.77092527139693],[15.219720840477079,37.764442443426034],[15.21787003388338,37.71182833625699],[15.217776298771014,37.70916366601932],[15.213329416334929,37.69399916423771],[15.20083236651968,37.65138244636792],[15.17817458953499,37.58955446947023],[15.168054579910539,37.56193923953449],[15.165120761592455,37.55882520506186],[15.161503458680823,37.55498570147196],[15.149998664785414,37.54277420065449],[15.11861038175988,37.51943969688597],[15.092498779100595,37.49027252213733],[15.091089109770028,37.484516070096625],[15.085832595150231,37.46305084158425],[15.092706680686021,37.34832382188147],[15.17817458953499,37.19918442197368],[15.186943053867937,37.18388366726539],[15.203887940257383,37.15749359140704],[15.230692863500675,37.12485504139766],[15.180276869917627,36.935272217140295],[15.17817458953499,36.93209647189596],[15.023610114731499,36.69860839872798],[14.77916526872798,36.70443725645157],[14.721387863981931,36.718605042302784],[14.55360984752383,36.78027343708942],[14.459165572756831,36.83415985179505],[14.441110611769204,36.87332916241155],[14.414164543649633,36.91402053754018],[14.393888472737956,36.942497254118734],[14.37360954270639,36.96638488773391],[14.347120284274695,36.989292145265836],[14.276388169048971,37.04249572831469],[14.245832443207519,37.06221771194629],[14.144999503551503,37.09902191193919],[14.10180473368905,37.10985946575761],[14.03936719894454,37.11010970099921]]]]}},{"type":"Feature","properties":{"fillColor":"#D2E3F3"},"geometry":{"type":"MultiPolygon","coordinates":[[[[48.71332548248455,45.83026885916013],[48.62678908069353,45.91081998912864],[48.59943388864792,45.947067277518784],[48.570823678415536,45.96408460713485],[48.45262529359945,45.93360520687605],[48.37332151628431,45.87498474252402],[48.37323775496272,45.874886460891325],[48.341369636717054,45.83749389553156],[48.25694276653019,45.76804350344065],[48.223876945565905,45.74415588131052],[48.192756660244925,45.73748779627988],[48.137214643193545,45.74053956907261],[47.97804258783299,45.72804262007537],[47.85430144153969,45.71678922967948],[47.854301441539334,45.71678922967857],[47.85430144153871,45.71678922967851],[47.8305435140423,45.65582276362879],[47.615974428616425,45.757171647555595],[47.596656780784315,45.76415250958394],[47.55561446887134,45.76797865612417],[47.3902282596967,45.744674698558356],[47.07109535618399,46.00727128497892],[46.77498992013619,46.2509198585696],[46.58427820087229,46.62548768313394],[46.22136064132201,47.314849716810954],[45.88814151737989,47.96481051605832],[45.919207394687874,48.463193813793],[46.29928467034131,48.86033740879759],[47.0452256961579,49.21724006192443],[47.28743496484833,49.333127414430294],[47.812500000001606,49.35088099967338],[48.230306579145406,49.36500794437802],[49.12350597234507,49.58824733360012],[49.993582762659514,49.907390839461016],[50.42516548697021,50.18686293983309],[50.438547410155024,50.19552842612069],[51.05276554358207,50.405960317684034],[51.033902362452466,50.35087014919242],[51.1337080870318,50.18686293983309],[51.29959552630054,49.91426599114199],[51.7833399303615,49.38991374752707],[51.8014471603071,49.339191590193],[51.62418203001813,48.09706711240601],[51.600995622909544,47.93459633332743],[52.03125000000054,47.05199741191192],[52.15015617675169,46.80808016449246],[52.09103394242686,46.81478502857584],[52.03125000000054,46.83189201087863],[51.77992245715933,46.90380857665025],[51.68381120512464,46.95915606595588],[51.68207547746471,46.98929592685255],[51.63499449941753,47.04249571080493],[51.22082519243844,47.113605509962724],[51.194156637513345,47.11499407715587],[51.010551464206515,47.068603536982835],[50.97429660578996,47.05887983291939],[50.84415436840038,47.00804901404575],[50.7097167949787,46.94638065038498],[50.625000000000895,46.912399235781834],[50.6127700877272,46.90749360025063],[50.52165984314047,46.8722152566599],[50.43276981257844,46.90089038265501],[50.36332704079473,46.850273132061545],[50.22158431207282,46.76089861513475],[49.93582151482326,46.60192869231082],[49.82665250397707,46.56026458246441],[49.77262876463834,46.561931609838325],[49.62005237418924,46.57498929397565],[49.38721463442232,46.49331667650057],[49.28082275796265,46.43859861622826],[49.253608707832086,46.423324601125955],[49.25360870783151,46.423324601125245],[49.253608707830985,46.42332460112495],[49.21665952848078,46.378036476519114],[49.2225265289656,46.34630585192629],[49.222526532965055,46.34630584995705],[49.22252653444127,46.34630584197322],[49.257213757027166,46.29028151766404],[49.25721742612229,46.29027559160096],[49.154426570163935,46.28665161382946],[49.046386720750036,46.19582367469627],[48.911094660700996,46.13054658489909],[48.78193665351205,46.092765802651115],[48.69644926837253,46.05984496867245],[48.696449268372945,46.05984496867192],[48.69644926837145,46.05984496867134],[48.72491456904798,46.02317808910648],[48.72894463527445,46.00727128497892],[48.738883958638155,45.96804044830719],[48.76165771680009,45.85470580581244],[48.71332548248455,45.83026885916013]],[[49.204962849866774,46.35495379567601],[49.17498780186463,46.36971283948037],[49.03146942740301,46.43483770948791],[49.17498777659756,46.36971281888634],[49.204962849866774,46.35495379567601]]]]}},{"type":"Feature","properties":{"fillColor":"#6BAED6"},"geometry":{"type":"MultiPolygon","coordinates":[[[[-9.924446105990974,53.691383361880405],[-9.906389236800674,53.75860595738658],[-9.896945953048968,53.762496948977684],[-9.84916782443276,53.76985549975708],[-9.684167862626623,53.78416442887878],[-9.628334045375436,53.78076172002397],[-9.56138992422219,53.859718322416875],[-9.561389924222274,53.859718322417365],[-9.561389924222055,53.85971832241762],[-9.56708431205817,53.892776489684536],[-9.697500228859042,53.89665985000107],[-9.72555732792489,53.895828247744475],[-9.767640112858203,53.894023895652765],[-9.77722263249484,53.89082717954335],[-9.910556793634953,53.95041274991729],[-9.926389693968076,54.123886108013664],[-9.949750900897072,54.18088531440685],[-10.013402938259333,54.21818923969698],[-10.083612441492676,54.14860534597477],[-10.083612441492434,54.1486053459743],[-10.083612441492724,54.14860534597402],[-10.071666717113484,54.12554931769272],[-10.065694808187443,54.09110641510003],[-10.08250045835564,54.08638763430639],[-10.105834960990478,54.08888244624279],[-10.124028206275625,54.09658813476295],[-10.128889082744815,54.111938477107145],[-10.112222671044943,54.22999572819046],[-10.081666946988856,54.257217406779105],[-10.064444542428735,54.26943969640154],[-10.001874924118763,54.300964354655655],[-9.799861908967905,54.33430099369279],[-9.505935686299962,54.323291143774114],[-9.33638954159404,54.31694030651108],[-9.265834807146788,54.297492979830096],[-9.058473586053873,54.28083038376744],[-8.748611448967093,54.26332855159032],[-8.7486114489646,54.2633285515902],[-7.511404801550384,53.87746818034384],[-6.772708094273867,53.908716310870034],[-6.381389140126203,53.95152282652714],[-6.381389140126199,53.951522826527025],[-6.38138914012636,53.95152282652663],[-6.380139349707807,53.913330077337626],[-6.373611450504844,53.89971923933499],[-6.236389160147542,53.67138671776635],[-6.149723053597071,53.386108398392885],[-6.034583568929386,53.10999679494529],[-6.551177092040746,53.1131265212652],[-7.184011473024839,53.175432885532075],[-8.351301101125443,53.39362933867392],[-9.505935686299962,53.61217059965478],[-9.924446105990974,53.691383361880405]]]]}},{"type":"Feature","properties":{"fillColor":"#4292C6"},"geometry":{"type":"MultiPolygon","coordinates":[[[[-24.059532167295078,64.89088439738741],[-23.943611147585884,64.91665649395274],[-23.87222290088146,64.92471313493162],[-23.8338890080835,64.9272155773902],[-23.815834047547156,64.92248535210184],[-23.77722549512039,64.91194153004574],[-23.75111389360516,64.9047088622988],[-23.716667174723288,64.89721679630443],[-23.69555664136626,64.89305114600059],[-23.670001981317633,64.89138793815532],[-23.64944457832271,64.89221191138728],[-23.63416671987375,64.89555358845917],[-23.54750252027262,64.91832732966145],[-23.5372238131207,64.92915344486427],[-23.5225029017928,64.94082641688941],[-23.51332891063255,64.94383489674469],[-23.503890988480943,64.94692992901285],[-23.190002439731668,65.01582336677662],[-22.975975035087263,65.0109634395373],[-22.959585187948438,65.00402069280054],[-22.818905115889642,65.01167681414258],[-22.739521266608826,65.01599705917656],[-22.739521266608826,64.79904451521564],[-22.818905115889642,64.79783714084321],[-22.95138931160284,64.79582214630585],[-23.04763984697263,64.79485320974163],[-23.140834809521778,64.79832458311012],[-23.165557862820606,64.80082702556871],[-23.200557706410166,64.80776977795983],[-23.252780915095116,64.821380617459],[-23.26667022532746,64.82415771389202],[-23.28694534083013,64.8262481669073],[-23.392223359295485,64.82304382530424],[-23.51332891063255,64.81232603534872],[-23.527225493563208,64.81109619365026],[-23.630836487424233,64.77165222336919],[-23.632362365455094,64.7562408462104],[-23.645000457285562,64.74415588474204],[-23.663612364942935,64.73777770733534],[-23.800320368255047,64.72841039523408],[-23.83597373878763,64.72596740549574],[-23.847503664341673,64.7274932835266],[-23.851543296219283,64.72841039523408],[-23.905002595159033,64.74054718155935],[-23.91805648753717,64.74665832720063],[-23.945003506906858,64.76470947097806],[-24.01889037931079,64.82582092173726],[-24.049167631129933,64.85527038356548],[-24.059532167295078,64.89088439738741]]],[[[-22.739521266608826,64.79904451521564],[-22.739521266608826,65.01599705917656],[-22.615140916646784,65.02276611351338],[-22.596389767968276,65.03109741412108],[-22.56500243866604,65.04193115153288],[-22.525279997651612,65.0511016867539],[-22.34755706700632,65.05120849380558],[-22.32805824069374,65.04921722563289],[-22.30055809096205,65.04521179438825],[-22.27005768031499,65.03808593934747],[-22.237890245063713,65.03254699655406],[-22.146667478201387,65.02665710418842],[-22.124481321146735,65.02656454238911],[-21.949169161716917,65.02583313095647],[-21.835834502272792,65.03027343523466],[-21.80000305193341,65.06027221632044],[-21.72833442894344,65.15915680165205],[-21.72833442894346,65.15915680165256],[-21.7283344289433,65.15915680165278],[-21.728889464857673,65.17387390187605],[-21.736459732002288,65.19721221806287],[-21.759166716676873,65.20359802333303],[-21.78694534279623,65.20443725794644],[-21.80833435254101,65.20332336370433],[-21.826946260198383,65.1970748882485],[-21.836807249941558,65.18596649120792],[-21.83680724994152,65.18596649120728],[-21.836807249941554,65.18596649120724],[-21.836112978660587,65.17416381723176],[-21.8788909924956,65.15554809846992],[-21.91333389461846,65.14221191294513],[-21.99416733051828,65.11555480893117],[-22.03694534435334,65.10916137579767],[-22.07444572484917,65.10472107151946],[-22.124481321146735,65.11027477040444],[-22.291584014219723,65.12882232672172],[-22.544307711511124,65.1577682477818],[-22.560140611528514,65.16838836543559],[-22.50500106538999,65.22888183485675],[-22.399444581845913,65.27388000365818],[-22.353614806294615,65.28915405100264],[-22.124481321146735,65.34982685332857],[-22.024169922708623,65.3763885478995],[-22.0241699227073,65.37638854789977],[-21.43005752640383,65.18247498608918],[-21.419510365922577,65.17903247677843],[-21.419510365922577,64.39191707471196],[-21.43005752640383,64.3926250279348],[-21.477779385817485,64.39582824497433],[-21.628055573084055,64.40249633773686],[-21.646114350379378,64.40277099736562],[-21.677780150415003,64.40110778952038],[-21.73611259353453,64.38596343847234],[-21.74999999821472,64.38026428227414],[-21.78930854988812,64.35860442965958],[-21.793752670925414,64.34777069224765],[-21.809722900757436,64.3388824445189],[-21.938613889383817,64.30444335915496],[-21.981668474054516,64.29624176049822],[-22.02250289810428,64.29582214319163],[-22.099237440227657,64.31234741459261],[-22.030292512972395,64.4286346452551],[-21.978889466414934,64.50082397594666],[-21.782779692492472,64.57749938940604],[-21.705696106348846,64.60707855318516],[-21.60514068530851,64.64402008100771],[-21.559448239571616,64.64054870763933],[-21.513057711449225,64.64408874308768],[-21.513057711453435,64.64408874308793],[-21.513057711448994,64.64408874308828],[-21.613891603222726,64.65026855646414],[-21.701114655497236,64.62777709709968],[-21.95250320527083,64.55166625862478],[-22.04097557039512,64.51374053851106],[-22.07630729672553,64.48223876863926],[-22.124481321146735,64.46702334740276],[-22.166528704362975,64.45374298199391],[-22.177780153529284,64.45555114751699],[-22.20472335613988,64.46998596024827],[-22.352432249972424,64.55860137749806],[-22.381822588790563,64.64010620108814],[-22.32666778692503,64.6894378671158],[-22.31389236528019,64.69360351741965],[-22.299724578659937,64.70443725483146],[-22.299724578660157,64.70443725483193],[-22.299724578659777,64.70443725483221],[-22.311179903280916,64.72841039523408],[-22.32514190889418,64.75762939442689],[-22.4072227464369,64.8124847418668],[-22.535835264330046,64.80444335661485],[-22.677501680255773,64.79998779095536],[-22.739521266608826,64.79904451521564]]],[[[-22.740001679231284,63.982772829055705],[-22.7255592329823,64.06388855244711],[-22.71555709666601,64.07276916665786],[-22.700418473583703,64.08193969622441],[-22.688335417667616,64.08415222332728],[-22.673889160314065,64.0816650365956],[-22.661113738669226,64.07832336517816],[-22.64361190849499,64.07221984740025],[-22.633613588937536,64.06748962211189],[-22.589725491964806,64.04443359341735],[-22.5658340454159,64.02583313038235],[-22.55527877873739,64.01081848128534],[-22.39083481050492,63.99270629763697],[-22.18638992487027,64.01805114903227],[-22.124481321146735,64.03062806209361],[-22.045558926798947,64.04666137624713],[-21.969448088324082,64.06832885672522],[-21.70208549761381,64.18276977689354],[-21.702085497614586,64.1827697768939],[-21.70208549761378,64.18276977689425],[-21.80778122217896,64.23249817098406],[-21.823333740256714,64.23443603280356],[-21.841392517552038,64.23471069243243],[-21.875974655041038,64.23290252690938],[-21.835834502272792,64.28387451153702],[-21.759166716676866,64.34027099838924],[-21.748611449998354,64.34498596229624],[-21.653335573503984,64.36694335813003],[-21.624168393513614,64.37359618951109],[-21.582571030448346,64.38088989147454],[-21.56916808839577,64.36651611295991],[-21.549446103255207,64.36444091567145],[-21.48889159961706,64.36193847886733],[-21.435001371982377,64.36833191200094],[-21.43005752640383,64.36947200601126],[-21.419510365922577,64.37190427342325],[-21.419510365922577,63.868759533182605],[-21.43005752640383,63.86678452819351],[-21.654724121720392,63.82471466043887],[-21.94722366072483,63.839721681672415],[-22.04667091548879,63.83472061351421],[-22.124481321146735,63.83471750544553],[-22.142223357164085,63.8347167967554],[-22.249446870966892,63.84999847196332],[-22.326114656562822,63.860549927537306],[-22.420001984840724,63.84722137553035],[-22.67305755356415,63.80471801566949],[-22.68625068696332,63.80457687475064],[-22.719169616607644,63.825553895052224],[-22.740001679231284,63.982772829055705]]],[[[-21.419510365922577,63.868759533182605],[-21.419510365922577,64.37190427342325],[-21.362779618630306,64.38498687969842],[-21.362779618631258,64.38498687969889],[-21.36277961863027,64.38498687969911],[-21.370140077121505,64.38860321074526],[-21.419510365922577,64.39191707471196],[-21.419510365922577,65.17903247677843],[-21.188258099453094,65.10355357590566],[-20.35644759849248,64.9430396534699],[-19.371459225745753,64.825242142658],[-18.77948856455007,64.78350688194264],[-18.77948856455007,63.39169637036713],[-19.08611297849535,63.41277313310786],[-19.27583694714764,63.43332671934388],[-19.39416885233635,63.46138763295562],[-19.599166868333327,63.50444030641938],[-19.627223970840305,63.509719850965496],[-19.726947785131017,63.527496335113995],[-19.780834196006595,63.53638458284274],[-19.841667176032388,63.54444122382165],[-19.868057248281104,63.54555511240926],[-20.04944610522125,63.537498471430354],[-20.071392062087,63.53638458284274],[-20.088336945140043,63.53443908750529],[-20.110000608859423,63.53333282678102],[-20.136947633883324,63.53416442787642],[-20.1705589292564,63.53638458284274],[-20.196945190400527,63.5424957284842],[-20.221389772966006,63.54972076271321],[-20.5011138903256,63.66749572643539],[-20.53050231793725,63.69627380622745],[-20.54116821408087,63.70710754363921],[-20.54125213754213,63.72352600233398],[-20.540901652219,63.74305704403844],[-20.540834425787853,63.7468032843037],[-20.540834425787878,63.74680328430371],[-20.540834425787864,63.746803284304406],[-20.7348278702003,63.80057841760305],[-20.75386238241407,63.80585479915641],[-20.776463817269388,63.80057841760305],[-20.803112030533043,63.7943573019175],[-20.846389768377207,63.79055023470369],[-20.89131201972897,63.80057841760305],[-21.06166839707805,63.838607787430306],[-21.07500076018954,63.84194183098441],[-21.117225649316765,63.85499572901699],[-21.163333895601625,63.87110901097458],[-21.180904387855662,63.87971878231565],[-21.193752288339454,63.92472076222157],[-21.319446563226336,63.88749694690682],[-21.419510365922577,63.868759533182605]]],[[[-18.77948856455007,63.39169637036713],[-18.77948856455007,64.78350688194264],[-18.652362347432202,64.77454419821022],[-18.29811062954178,64.74956865672789],[-16.288533977154202,65.00198553971808],[-16.139466763177566,65.03346560583893],[-16.139466763177566,64.05501261601113],[-16.453056335302506,63.90805053879728],[-16.488613126013206,63.8958282475146],[-16.614170076740038,63.862220763246],[-16.80527877684972,63.82638549614762],[-16.88500213526646,63.86499786533335],[-16.947502134242086,63.90721893204744],[-16.968334196865726,63.91610717977619],[-17.00972366248436,63.859992980416166],[-17.009723662484372,63.8599929804157],[-17.0097236624845,63.85999298041552],[-17.010559080338847,63.81582641836443],[-17.019436958158305,63.80057841760305],[-17.02333450198347,63.79388427825779],[-17.118057253770417,63.79110717617033],[-17.13666916142779,63.79166412329141],[-17.200557708619897,63.794166565750004],[-17.243791579181106,63.79899215912201],[-17.25111389270063,63.796661374690586],[-17.30639266855178,63.78360748231256],[-17.32055663841311,63.78054809838733],[-17.7225036629456,63.713333129850184],[-17.836669923485033,63.733055114990805],[-17.856945038987817,63.733055114990805],[-17.872085573276763,63.73069000234659],[-17.973335265598166,63.66860962067767],[-17.97333526559805,63.66860962067699],[-17.973335265598173,63.66860962067691],[-17.965278624619284,63.622215270141105],[-17.94444656199556,63.60805511703876],[-17.924167635388397,63.60360717924266],[-17.86458587376477,63.5993690500999],[-17.874168398428765,63.58361053447402],[-17.913890839443184,63.5427703881129],[-17.93083572249634,63.529579160265996],[-17.950836184024524,63.52221679622244],[-18.11305618053177,63.48110961809607],[-18.14805602977583,63.47305297711722],[-18.652362347432202,63.399511232277575],[-18.710002901503685,63.39110565262979],[-18.729446410256514,63.38999939190552],[-18.775001526178983,63.391387940122],[-18.77948856455007,63.39169637036713]]],[[[-16.139466763177566,64.05501261601113],[-16.139466763177566,65.03346560583893],[-15.874667168460576,65.08938607639774],[-14.563032214312557,65.36637760244497],[-14.485819578974763,65.44777101803801],[-14.288056374404295,65.6562423728648],[-14.288056374404208,65.65624237286455],[-13.867084502822177,65.61179351766627],[-13.680557253563924,65.54804992815198],[-13.60958385745831,65.50610351541228],[-13.594722749505948,65.27861022894653],[-13.517501833547918,65.1122131375131],[-13.499444961805064,65.06915283053175],[-13.585000989474963,65.00694274691199],[-13.593612672022743,65.00138854839167],[-13.604167938701323,64.99665832310342],[-13.616111753596215,64.99249267845391],[-13.636667251038773,64.98748779353673],[-13.659168243819067,64.98332214323295],[-13.678611752571896,64.98220825464534],[-13.771555900340388,64.99232483153122],[-13.783555982744133,64.9969024656238],[-13.820417403864155,65.01624297842949],[-13.853055951568592,65.03443908553913],[-13.872501371528074,65.03999328405939],[-13.886667252596055,65.04304504577561],[-13.98805618028399,65.06388854736736],[-14.006944658777002,65.01777648997819],[-14.006944658776767,65.01777648997812],[-14.006944658776986,65.01777648997758],[-13.870555876190561,64.9733276347793],[-13.762500761292399,64.94521332046898],[-13.761112213075945,64.91165160903579],[-13.766329572235104,64.8755683593074],[-13.769445419235774,64.85401916516336],[-13.820278168497623,64.82527160813413],[-14.008703600123228,64.72841039523408],[-14.018056866921938,64.7236022928517],[-14.06472396587992,64.71165466119771],[-14.079723359250124,64.70860290513599],[-14.238472937992185,64.68930053730213],[-14.250278473123956,64.68916320748758],[-14.36594486129394,64.67410278555548],[-14.441144941919788,64.60561370937154],[-14.462486267622694,64.54235839924394],[-14.472778319294946,64.50582885520998],[-14.485819578974763,64.48656966317739],[-14.54125118414862,64.40470886483973],[-14.567501065427223,64.3999938952781],[-14.595834733115453,64.39833068743292],[-14.710000993654774,64.4077758766283],[-14.87166785979997,64.33999633876118],[-14.89138984494042,64.30166625706767],[-14.974723817746508,64.26026916358563],[-15.291389462928976,64.33193969778227],[-15.366390229575018,64.33193969778227],[-15.366390229575096,64.33193969778155],[-15.366390229575115,64.33193969778155],[-15.367116774412429,64.32524062589255],[-15.368890760826957,64.30888366908772],[-15.386112214715581,64.27638244554339],[-15.436668398796371,64.25582885930737],[-15.446945189087046,64.2519378686323],[-15.50263977114031,64.24124908324399],[-15.636112210618364,64.22610473785039],[-15.67861175372019,64.2202758797012],[-15.70777892805603,64.21443176017084],[-15.874667168460576,64.17045610433765],[-16.015556336818406,64.1333312981601],[-16.02750205726562,64.1272125246553],[-16.041114807971383,64.10110473424453],[-16.139466763177566,64.05501261601113]]]]}},{"type":"Feature","properties":{"fillColor":"#6BAED6"},"geometry":{"type":"MultiPolygon","coordinates":[[[[11.497776985174255,58.009857177741594],[11.499999046368714,58.03402328496787],[11.525276184067366,58.048469543424915],[11.735883712716145,58.041713714542254],[11.741665840143526,58.02777099606419],[11.735554695139058,58.001522064163964],[11.725971221947304,57.992080688435976],[11.659442901623322,57.95749664308329],[11.646110534706509,57.95082855224615],[11.59444427489774,57.932495117232804],[11.584999084412402,57.930831909124834],[11.574720382681733,57.93166351324129],[11.525277137756802,57.94999694825458],[11.518124580353003,57.98069000241861],[11.509721755956207,57.98971557621343],[11.497776985174255,58.009857177741594]]]]}},{"type":"Feature","properties":{"fillColor":"#6BAED6"},"geometry":{"type":"MultiPolygon","coordinates":[[[[-5.716805934607578,50.06082534699823],[-5.714372121922276,50.08526408409312],[-5.710000038837483,50.12916565043356],[-5.691945076010867,50.15513610681815],[-5.54638958194628,50.20527648715396],[-5.511667251044646,50.21416473375404],[-5.495833396739426,50.21694183174402],[-5.481250765102764,50.21416473375404],[-5.469236372547622,50.20055389199793],[-5.453571337287473,50.1974900317094],[-5.43194484832107,50.19326019503019],[-5.362199240643007,50.227572517258295],[-5.268055917344338,50.27388763518743],[-5.152083872573529,50.34374618445679],[-5.047292233925445,50.4274978620823],[-5.025694847610108,50.47270584302838],[-5.025694847610255,50.472705843028656],[-5.025694847610055,50.472705843029075],[-5.039166927215398,50.49805069030868],[-5.017500398385823,50.542636870205],[-4.915833474327705,50.57721710356323],[-4.89750003741556,50.57888793915825],[-4.873888970122193,50.57888793915825],[-4.82376772147456,50.58618252222044],[-4.82376772147456,50.28128810666107],[-4.933110217589935,50.227572517258295],[-5.048055650937329,50.171104429179366],[-5.059445379712997,50.13916015497023],[-5.070902824097004,50.08166122478826],[-5.070902824097003,50.08166122478826],[-5.070902824097113,50.081661224787716],[-5.054167272210221,50.06013488947376],[-5.05750084124935,50.04610824730628],[-5.065555574079667,50.03749847479156],[-5.086112023540977,50.022773741152434],[-5.193056105317623,49.955276489461085],[-5.200833795427513,49.956661225941616],[-5.228611945529963,49.973327635314206],[-5.237500192130028,49.981109619519316],[-5.256736276408236,50.00513458319694],[-5.25215339764636,50.02534103490813],[-5.252153397646429,50.02534103490823],[-5.252153397646282,50.02534103490888],[-5.2766675938866,50.05971527208874],[-5.289722441715071,50.06944274900087],[-5.333611488843133,50.09138488918603],[-5.453571337287473,50.120824116352864],[-5.47055626060893,50.124992369502195],[-5.485972406015378,50.127079009968156],[-5.501111985823059,50.12610626138513],[-5.511389731202428,50.123886107107126],[-5.53416728918512,50.11568832249009],[-5.541666982331094,50.10388565157359],[-5.541666982331005,50.10388565157314],[-5.541666982331168,50.10388565157288],[-5.537917135758206,50.08457946607794],[-5.541666982331094,50.070549011395826],[-5.555555821051087,50.05707931739886],[-5.567222597006207,50.05110931208861],[-5.58277797722593,50.047775270386694],[-5.661736490274848,50.03631210500146],[-5.677778244786168,50.03860473718669],[-5.687500000696957,50.04193878334763],[-5.716805934607578,50.06082534699823]]],[[[-4.82376772147456,50.28128810666107],[-4.82376772147456,50.58618252222044],[-4.80138969494589,50.58943939186527],[-4.783611297718015,50.593608855823824],[-4.778177279118725,50.5974010409997],[-4.771667479042422,50.601943971226426],[-4.76166725350517,50.614715578211445],[-4.751667023508837,50.641387938581616],[-4.74361133643516,50.66749572575172],[-4.700834272703243,50.6883316035419],[-4.651389121108325,50.71527099599501],[-4.619414077355983,50.73693385348646],[-4.561389445667979,50.77624511563787],[-4.553611755558135,50.78527069302347],[-4.54944515432977,50.80249786308158],[-4.547361849256506,50.82069015669371],[-4.547361849256506,50.82069015669394],[-4.547361849256447,50.82069015669447],[-4.547430991770909,50.859512327459356],[-4.543334005719638,50.92694091821644],[-4.521319864748971,51.01423263372207],[-4.474445342303144,51.01416015581481],[-4.427361488286242,51.009578703958795],[-4.411945342879778,51.002777097824776],[-4.376389502667424,50.99110412820571],[-4.357778550372224,50.98944091763969],[-4.339445113460078,50.990554809522735],[-4.324722288307714,50.99527740467877],[-4.303611753405589,51.004165651278846],[-4.237014295268312,51.046592712802294],[-4.210278036263283,51.072357177467694],[-4.210278036263383,51.07235717746808],[-4.210278036263162,51.07235717746829],[-4.220277784678785,51.11054992661417],[-4.228055951910318,51.18777465967595],[-4.20861149030446,51.195831300993],[-4.198611260308127,51.198326112382944],[-4.116666794819761,51.21221923628001],[-4.102783220949977,51.21337333656302],[-3.930729508341543,51.22767565095821],[-3.930729508341543,50.30709332276014],[-3.943889140121144,50.313465116355246],[-4.102783220949977,50.3576810612827],[-4.175000188555543,50.377777099132686],[-4.380000114427162,50.3638839707765],[-4.762500762815876,50.31138610983629],[-4.778177279118725,50.30368486518845],[-4.82376772147456,50.28128810666107]]],[[[-3.930729508341543,50.30709332276014],[-3.930729508341543,51.22767565095821],[-3.792500017288693,51.23916625822121],[-3.570138930425432,51.230274199106624],[-3.507222412678014,51.22332763715809],[-3.437291862623092,51.20638274924094],[-3.427389162781229,51.19731649458407],[-3.420000316808427,51.19055175766591],[-3.408611297026715,51.18444061351489],[-3.393611429153913,51.18138504143938],[-3.370277881702683,51.181106567353844],[-3.30138921828616,51.181106567353844],[-3.028333665646216,51.20610809212899],[-3.028333665646053,51.20610809212952],[-2.751995104612481,51.10071518248782],[-2.295996757699584,50.92680173228672],[-2.144653082075509,50.95271068746144],[-2.144653082075509,50.61692019764469],[-2.144722460921173,50.616943357519176],[-2.197222234807327,50.6261062612312],[-2.390972375710305,50.6416625956943],[-2.431111335475066,50.634994507831266],[-2.751995104612481,50.704414836441536],[-2.771389005572757,50.70861053316162],[-2.823055742810823,50.72027587775182],[-2.863889217863516,50.72833251906877],[-2.882778167122467,50.731109617058735],[-2.906944751221829,50.73332977133674],[-2.927500246439706,50.7312469478444],[-3.244166849243982,50.67443847518632],[-3.254167079240347,50.671943663796526],[-3.411389349260048,50.61610412720705],[-3.427389162781229,50.60922411142235],[-3.437222479318109,50.60499572632898],[-3.461805822531915,50.58791351208549],[-3.494166851396528,50.54638671677873],[-3.500277995547606,50.5358276345836],[-3.551389215979498,50.438331605849044],[-3.551389215979577,50.438331605848525],[-3.551389215979625,50.43833160584843],[-3.551822727434006,50.43548263536555],[-3.553333758902284,50.42555236937608],[-3.651944638222233,50.23110961721284],[-3.659472028744508,50.227572517258295],[-3.675000188709646,50.22027587790575],[-3.706666947535666,50.209716795710676],[-3.716666700410372,50.2066650406087],[-3.728888988712356,50.20638274954956],[-3.789444445213178,50.21221923658868],[-3.803055764090971,50.21416473375467],[-3.81333350947034,50.217216493315675],[-3.832548605573773,50.227572517258295],[-3.836528062898765,50.229717255703235],[-3.845000268296531,50.238052366646855],[-3.851944444636445,50.25166320840293],[-3.877639053334406,50.28138732833406],[-3.930729508341543,50.30709332276014]]],[[[-2.144653082075509,50.61692019764469],[-2.144653082075509,50.95271068746144],[-1.754833106082572,51.01944508017766],[-1.444175961049098,51.266662986845176],[-1.401206988274985,51.32205774958108],[-1.252221248798264,51.514127262918805],[-0.573106005507498,51.746349431479814],[-0.358576655809474,51.783892930818816],[-0.358576655809474,50.81638449217695],[-0.577222226566505,50.795272827048166],[-0.928420900192009,50.83965682774033],[-0.939166782220468,50.840827943013494],[-1.094444513776637,50.8458328247695],[-1.158889056122632,50.840827943013494],[-1.158889056121844,50.84082794301287],[-1.158889056122651,50.840827943012805],[-1.146666763361527,50.831108091129714],[-1.116944551917363,50.80694198415225],[-1.13159728031161,50.783119199679845],[-1.144305706573903,50.7779121387191],[-1.401206988274985,50.771012193276775],[-1.408055780836662,50.770828245985],[-1.592777967663778,50.72415924259576],[-1.81638908216172,50.723052980200805],[-2.009444712236018,50.714996338883736],[-2.009444712235306,50.7149963388831],[-2.009444712236081,50.71499633888306],[-1.95440983916058,50.665355683328144],[-1.935555697490272,50.639442445874906],[-1.964375136714068,50.5967330932927],[-2.054444788517117,50.585689545292894],[-2.121944902938651,50.60721588060699],[-2.133889198735801,50.613327024758064],[-2.144653082075509,50.61692019764469]]],[[[-0.358576655809474,50.81638449217695],[-0.358576655809474,51.783892930818816],[-0.050418871937489,51.83782178284484],[0.312220717706055,51.90128517008412],[0.62497518623126,51.86583346511018],[0.982777712666461,51.82527542075695],[0.701111018574522,51.718471528036844],[0.701111018575044,51.71847152803661],[0.701111018573802,51.71847152803614],[0.761397779754247,51.691642760930705],[0.863055469055017,51.71166229241404],[0.876388848937053,51.71694183128206],[0.902569412772862,51.73464965908946],[0.922499954370929,51.7404136637622],[0.935694398198186,51.73652649086276],[0.946944357070844,51.72555542077019],[0.952499868479764,51.609230042857625],[0.90999996786411,51.58138275024095],[0.875277757357821,51.56110382062184],[0.820833324612181,51.535552977163604],[0.808055519504137,51.52999878118362],[0.789444326419186,51.52416229414456],[0.779166581039249,51.52194213986655],[0.708999989516258,51.51782989483917],[0.657166598574918,51.524330138423466],[0.639999987299689,51.52708053543461],[0.62497518623126,51.525017520817826],[0.46499997553633,51.50305175924251],[0.451666622409505,51.498054502515515],[0.388935325979901,51.448219297243895],[0.388935325980755,51.448219297243845],[0.388935325979982,51.448219297243234],[0.412222235900019,51.44693756108142],[0.452152729155485,51.45561981150323],[0.452152729156089,51.455619811503915],[0.452152729156182,51.45561981150394],[0.465972242538953,51.471248628332965],[0.474999933528772,51.48013305795916],[0.489166617603788,51.484443665217725],[0.536110996017076,51.48805236849071],[0.548888801125087,51.48805236849071],[0.591944396910591,51.48777389440519],[0.62497518623126,51.47996578176084],[0.678666652063175,51.46727371409071],[0.687333286782313,51.464023592298595],[0.694999874422781,51.457271575607585],[0.693124951136277,51.449020384573906],[0.70888888704602,51.436103821775085],[0.687499940486248,51.43541335979211],[0.665833233293768,51.439163206365095],[0.630472183587983,51.4332733173685],[0.62497518623126,51.431160077197745],[0.559444369564744,51.40596771394638],[0.559444369565116,51.405967713946104],[0.559444369564137,51.40596771394573],[0.58402770831883,51.387634277033584],[0.62497518623126,51.38170199333808],[0.9080554829089,51.3406906120733],[0.98138880694476,51.34555053801485],[0.999166606655742,51.34777069229285],[1.012222052001083,51.3519439687659],[1.033333300356214,51.361938477760944],[1.052777766421214,51.367218016628954],[1.066249966421915,51.369163513795],[1.191944360161338,51.378608704107066],[1.300369244400008,51.383740055221274],[1.385555507041539,51.3877716078191],[1.427499770456561,51.33110809543494],[1.411110876467149,51.20111083986171],[1.410366656941072,51.19741912751661],[1.407638786067608,51.18388748231741],[1.398333312149549,51.163887022324744],[1.390277625076388,51.15415954541327],[1.368888856878471,51.135826112960274],[1.355833170743438,51.12763595783122],[1.300369244400008,51.11220058268491],[1.262499810327711,51.10166168001393],[1.231944321444246,51.10083007919002],[1.22055554245344,51.09971618730708],[1.100277661641144,51.07360840013689],[1.086944339727211,51.068603513921744],[1.04555535232771,51.04943847618574],[1.029999972107532,51.04083252064481],[0.997777700934478,51.019023894271584],[0.986111045374628,51.00721740638147],[0.979512270666286,50.99757673267528],[0.978888867611755,50.99666595367437],[0.716388820983639,50.90499877803188],[0.43083328183593,50.83110809113032],[0.296388864098219,50.773330686863005],[0.056944430385443,50.780830384468175],[-0.050418871937489,50.8017102009897],[-0.094444469493681,50.81027221779931],[-0.138055546412488,50.81832885911638],[-0.156944437703487,50.82138824370634],[-0.190833344016937,50.82582855226235],[-0.206111101835688,50.82666015754535],[-0.255000023171647,50.82638549597431],[-0.358576655809474,50.81638449217695]]],[[[-5.185625077564387,54.93621444604464],[-5.18245961351984,54.959081964834766],[-5.178334234408693,54.988883972695945],[-5.174166678936982,55.00054931728586],[-5.162222860261389,55.00888824520297],[-5.152222634724136,55.011665343192945],[-5.105000495678324,55.02388763595407],[-5.053611278282448,55.04902267454115],[-4.865417005514854,55.223396301318935],[-4.847778320221902,55.26943969560345],[-4.837153435364227,55.318813323534506],[-4.834859988326441,55.32118587953993],[-4.748472689282718,55.41055297708433],[-4.728889465526191,55.42027282896743],[-4.713611600689556,55.42499542412345],[-4.682500840250179,55.43388366626446],[-4.653750418686341,55.4372177124255],[-4.639583587461642,55.44263458207902],[-4.613611699711958,55.49068832194877],[-4.613611699712001,55.49068832194887],[-4.613611699711782,55.49068832194928],[-4.102783220949977,55.42148907183228],[-3.587871582704452,55.35173669755301],[-2.751995104612481,55.36429001348402],[-2.537177825724086,55.36751617098457],[-2.144653082075509,55.3749617252603],[-2.144653082075509,54.62150383588563],[-2.280988232996435,54.597183566980334],[-2.751995104612481,54.56757463690043],[-3.632639170638924,54.51221466203043],[-3.628619935328275,54.520464344302695],[-3.569167136085802,54.64249419974466],[-3.391666890690339,54.876388548751144],[-3.381111143888038,54.88443756058013],[-3.289305687675644,54.93791580405056],[-3.270000456423868,54.94138336402354],[-3.208611486153357,54.94944000088153],[-3.188125133449957,54.94673156828431],[-3.17888927470897,54.940551758740526],[-3.132916926966621,54.931388855028494],[-3.10333347321376,54.933883666418446],[-3.025694607435676,54.94749450817456],[-3.025694607435709,54.947494508175154],[-3.025694607435639,54.94749450817517],[-3.027083633552365,54.972911833362275],[-3.041388990596374,54.978881834213325],[-3.051025867894737,54.97986602925806],[-3.066389084006289,54.97471618722841],[-3.146944759709413,54.96499633980443],[-3.360555648670186,54.97138214106735],[-3.376389025853598,54.9724960329504],[-3.390555857078425,54.974159239057315],[-3.445278166391859,54.98638153181844],[-3.571111201886652,54.99082946986249],[-3.692500116311066,54.88110351441975],[-3.953611373153649,54.767494203051115],[-3.96500015214508,54.76527404877311],[-3.979444503211766,54.76527404877311],[-4.095556259917657,54.767776489651226],[-4.102783220949977,54.76902222245813],[-4.135833741042575,54.77471923908524],[-4.350555895487503,54.859024047908065],[-4.350555895487484,54.85902404790749],[-4.350555895487568,54.859024047907525],[-4.345694542640016,54.70916366758579],[-4.348055840217967,54.699165346076825],[-4.355834007449573,54.6880493157106],[-4.365000723676019,54.68027496545261],[-4.375833513198756,54.67666625772051],[-4.387222292190188,54.67555237029666],[-4.402222632725568,54.67694091929155],[-4.496389390975082,54.69888305501769],[-4.506111146885871,54.70277404934973],[-4.557917118937041,54.73902511384398],[-4.560833928861939,54.74999618393656],[-4.598611831839094,54.780273439524194],[-4.778177279118725,54.848074636625405],[-4.814167022932224,54.86166381957173],[-4.825555801923485,54.864440917561694],[-4.852222441292326,54.86860656900575],[-4.893889425655686,54.851943967688726],[-4.924306393178426,54.83707809520854],[-4.935556410019103,54.82971954536265],[-4.960764408094178,54.79687118350398],[-4.96076440809402,54.79687118350369],[-4.960764408094271,54.79687118350336],[-4.944723130704881,54.76749420305068],[-4.95847225303072,54.72416305387833],[-5.102500917530449,54.821662904045525],[-5.116667271633389,54.831802368854994],[-5.131944654889253,54.84527587982552],[-5.142222404727761,54.857215881527736],[-5.170000077708551,54.891105652902866],[-5.177917479753376,54.904300689788045],[-5.184445383018783,54.92166137811711],[-5.185625077564387,54.93621444604464]]],[[[-2.144653082075509,54.62150383588563],[-2.144653082075509,55.3749617252603],[-1.597430586456767,55.385341643616925],[-1.597430586456744,55.385341643616854],[-1.597430586457191,55.385341643616414],[-1.565833567662415,55.28721618434454],[-1.52055573520795,55.16416168266386],[-1.515000103403816,55.14971924008381],[-1.482916830712721,55.08624649207742],[-1.401206988274985,54.942093758286724],[-1.304444550187463,54.771385192923894],[-1.401206988274985,54.75412413810183],[-1.401206988274985,54.75412413810182],[-2.144653082075509,54.62150383588563]]]]}},{"type":"Feature","properties":{"fillColor":"#9ECAE1"},"geometry":{"type":"MultiPolygon","coordinates":[[[[21.17416380643499,37.826110831844574],[21.184164036955053,37.929023755618914],[21.25188762358167,37.997518598206696],[21.25188762358167,37.79951155244309],[21.217914568153162,37.815410598738254],[21.17416380643499,37.826110831844574]]],[[[21.25188762358167,37.79951155244309],[21.25188762358167,37.997518598206696],[21.328266475174566,38.07476727444315],[21.367221817418557,38.11416625148884],[21.436096489343907,38.13323880308195],[22.455931213265366,38.13323880308195],[22.53694154748573,38.113327030424664],[22.652221686909268,38.07611082633704],[22.721456514906,38.04284287531897],[22.761108384206086,38.006385791341444],[22.799442285028622,37.971382138982285],[22.862775813638304,37.93957900173845],[22.908054339421472,37.938049301932764],[22.908054339423337,37.9380493019332],[22.933598745408155,37.925458481462876],[22.999615413025722,37.89291891054799],[22.999615413025722,37.50657269251703],[22.979164125953275,37.51583097855968],[22.933598745408155,37.53349258114326],[22.929719924694496,37.53499605130236],[22.874482820488254,37.55498570147196],[22.777359005609355,37.590133653387],[22.752914432137686,37.58541106528452],[22.72555161327341,37.56340025999947],[22.725551613273417,37.56340025999921],[22.725551613272227,37.563400259998254],[22.725822107050735,37.55498570147196],[22.72805406154212,37.4855537470684],[22.758609768702964,37.40805051841111],[22.809165936903913,37.34555051978767],[22.904407519908506,37.17804719090551],[22.933598745408155,37.125071094681445],[22.936662691342743,37.11951066027426],[22.999615413025722,36.97133470320668],[22.999615413025722,36.50129010031655],[22.96937179399464,36.52180098005516],[22.954719552481606,36.54804993495128],[22.933598745408155,36.57946767024913],[22.888053878382664,36.647216813139664],[22.78208159371161,36.79930115358002],[22.73055267704649,36.80583191715863],[22.632497804515253,36.803607944559474],[22.592496882434943,36.79069136567284],[22.57277679409151,36.77388762569615],[22.572776794091247,36.77388762569568],[22.572776794090334,36.773887625694904],[22.51277541097002,36.66777039275321],[22.480970376700203,36.599441530163276],[22.485553746324516,36.52041243446706],[22.502874463253498,36.49054133835055],[22.50364305047791,36.48921584224387],[22.507776244222978,36.453884120534816],[22.488887788840373,36.38610841523624],[22.397499065599618,36.47388458157616],[22.392096912367084,36.49054133835055],[22.377498643274407,36.53555298595421],[22.356109636647375,36.69944000259818],[22.296943680539243,36.814994823640575],[22.28731339908539,36.828561808517826],[22.152463897811174,37.018535606610726],[22.12083052503516,37.02666475007845],[22.059026734945917,37.02999495982709],[22.029163364837757,37.02471925315007],[21.97944258493419,37.007217407613155],[21.945552835258127,36.99263764023556],[21.94555283525724,36.99263764023451],[21.945552835256823,36.992637640234335],[21.929719908003495,36.9740219307292],[21.924232469998376,36.85666276697722],[21.937982540156494,36.81332780238167],[21.961666096492063,36.79804992944384],[21.938053117266307,36.762214644125095],[21.875135424494886,36.72353745903064],[21.703607574355885,36.816665638950155],[21.641028052762625,36.94296080833454],[21.58110998666416,37.063884748218186],[21.56534384246828,37.1550636371573],[21.58305358656639,37.20270539273227],[21.604999544533886,37.22415924667493],[21.630275712250974,37.23444368265847],[21.641028052762625,37.2437749783286],[21.67235945271158,37.27096557523781],[21.672359452711678,37.270965575238],[21.672359452712783,37.27096557523896],[21.695831316435147,37.31666183388569],[21.681388870509352,37.37638853538721],[21.65972138821155,37.423881548639656],[21.649719221950818,37.44194030680336],[21.641028052762625,37.45406491621109],[21.604721068864308,37.504714948330786],[21.576387398561906,37.534442894012955],[21.285276412071653,37.78388593716517],[21.25188762358167,37.79951155244309]]],[[[22.999615413025722,37.50657269251703],[22.999615413025722,37.89291891054799],[23.10361100462431,37.84165955363435],[23.103611004624216,37.84165955363314],[23.165901168945492,37.61499406269485],[23.19583128339627,37.595275871377446],[23.27749635476241,37.55332945236882],[23.331178666917335,37.53284072007064],[23.362566007038442,37.55152510965917],[23.421800604515123,37.527229317225014],[23.49833298173419,37.47694395916126],[23.521387112592922,37.4599952709138],[23.517082218639448,37.432704926185544],[23.4991645759809,37.423332224116905],[23.41763876180761,37.40971757838486],[23.230693820252668,37.378887189605166],[23.09638596825331,37.391242984383545],[23.13652610881022,37.42763518232849],[23.136526108810184,37.42763518232858],[23.136526108811495,37.427635182329766],[23.128887172342502,37.44805144049258],[22.999615413025722,37.50657269251703]]],[[[22.999615413025722,36.50129010031655],[22.999615413025722,36.97133470320668],[23.014581678407954,36.93610762108135],[23.08694075333268,36.7483291495403],[23.109996781217387,36.56249238087571],[23.163806310859737,36.49054133835055],[23.201454145826748,36.44020079472017],[23.137775435920446,36.426246658767695],[23.089996320178557,36.439994793185065],[23.01546463383431,36.49054133835055],[22.999615413025722,36.50129010031655]]],[[[21.436096489343907,38.13323880308195],[21.534719455222774,38.160549156110264],[21.641028052762625,38.21945195358388],[21.741525639339724,38.275135022740336],[21.77680397331766,38.30596924428674],[21.85360909641471,38.33958051829219],[21.958610529647462,38.3294372365274],[22.025205626637128,38.29797746098575],[22.04222105922719,38.27388763137216],[22.1731929716853,38.202632896570876],[22.219997403222205,38.18360518399497],[22.3783302375186,38.1463851858554],[22.455554951790337,38.133331285516725],[22.455931213265366,38.13323880308195],[21.436096489343907,38.13323880308195]]],[[[-6.26222277058528,36.47583007850288],[-6.23722221364351,36.46381377394549],[-6.217639446752109,36.46888731185386],[-6.197237820422598,36.49054133835055],[-6.174722679597866,36.51443862222984],[-6.174722679598482,36.51443862223049],[-6.174722679597835,36.51443862223118],[-6.234445083754565,36.578189844989254],[-4.888752432076444,36.97645089195447],[-4.210385800147913,37.213114338084694],[-3.407682532477736,37.49315541411278],[-3.216301428635045,37.57833057851693],[-3.216301428635045,36.748359355954115],[-3.230833522084538,36.74805450663763],[-3.259166727809259,36.74694060395484],[-3.336944831659423,36.73721695207951],[-3.359930747012584,36.71950914372189],[-3.425555689430666,36.69360734457996],[-3.460000261133473,36.69194032332223],[-3.483194578340601,36.69555284150829],[-3.529444691143453,36.71582794545253],[-3.601527923004994,36.74638365261325],[-3.848889347936108,36.752494825017266],[-4.210385800147913,36.73212914182371],[-4.399861805539842,36.72145460193548],[-4.435555936640526,36.697078708547224],[-4.461944574592394,36.6558303950988],[-4.490139490994693,36.61527252167713],[-4.639722351035516,36.508327488542136],[-4.703154965397377,36.49054133835055],[-4.711528307385606,36.48819350010194],[-4.757778652477384,36.485691051831964],[-4.787917130067342,36.488746657391516],[-4.794984279471268,36.49054133835055],[-4.822917452952368,36.49763488225443],[-4.852500914941459,36.50083160331775],[-4.878055558329322,36.50083160331775],[-4.913888946622819,36.49888610638942],[-4.940000541352163,36.49166107001719],[-4.943476838443399,36.49054133835055],[-5.080139154344124,36.44652176271205],[-5.172639379949771,36.41187285421097],[-5.219166768264245,36.370552066627226],[-5.312500485141413,36.231105790687934],[-5.32611180139935,36.19749451668247],[-5.333333972875153,36.171943667346625],[-5.33450842553026,36.162559505691945],[-5.335828291033749,36.13902662741992],[-5.338308826717878,36.1120719788596],[-5.345088952425783,36.112735744378085],[-5.356168745586956,36.126461037054014],[-5.355872761070709,36.155933545079286],[-5.355798709376744,36.163307204929964],[-5.355798709376772,36.16330720492998],[-5.355798709376757,36.16330720493136],[-5.388333788929799,36.17888639528121],[-5.425486578149048,36.17374801005633],[-5.444583899963902,36.138744357697135],[-5.444583899963664,36.13874435769632],[-5.444583899963968,36.138744357695764],[-5.426042097042675,36.07534408474447],[-5.44888972307308,36.05221558272473],[-5.613611237573878,36.00610352695543],[-5.802222735808584,36.07721710753788],[-6.044167028840263,36.186107637601594],[-6.158333768873376,36.30527497682988],[-6.226944939900932,36.404716497922266],[-6.26222277058528,36.47583007850288]]],[[[-6.280113873390292,40.260374079208475],[-3.216301428635045,40.260374079208475],[-3.216301428635045,39.1810472623132],[-3.590555838057014,39.32288368267734],[-4.210385800147913,39.545172210369245],[-4.672739333311711,39.71098524369444],[-5.934494180304853,40.09943101098338],[-6.280113873390292,40.260374079208475]]],[[[-3.216301428635045,36.748359355954115],[-3.216301428635045,37.57833057851693],[-2.917815107502386,37.71117348183598],[-2.425003345174673,37.93050194234621],[-2.03958906509655,38.11939441238809],[-2.041299895218419,38.13323880308195],[-0.626734661610609,38.13323880308195],[-0.750555639946185,37.88971710633234],[-0.760000041854369,37.85943983612742],[-0.760906082543931,37.8474096618127],[-0.761015647619734,37.845954885028554],[-0.801388967514015,37.80138398865046],[-0.841944440617169,37.74888611757291],[-0.858333351341685,37.715549486471446],[-0.858333351341245,37.715549486470955],[-0.858333351341674,37.71554948647008],[-0.80944455283174,37.66096879701228],[-0.786944508418117,37.647773742454845],[-0.721631955849459,37.63936995608309],[-0.702500061704754,37.62444307166677],[-0.723472303337871,37.60221863802826],[-0.744166727452921,37.59388732579191],[-0.918333418158227,37.55179979127945],[-0.952500094912466,37.55583190064016],[-0.977916719981692,37.574859613216006],[-1.048333395163183,37.5791626101435],[-1.238611217788957,37.575271616286784],[-1.327500086653117,37.55805207918729],[-1.350833428764133,37.54943845851329],[-1.448333401839193,37.49096681391359],[-1.467361230559504,37.47235869251227],[-1.48472238645553,37.43860626428824],[-1.509444467727519,37.42194367853011],[-1.567777861719776,37.399719244890946],[-1.625244414856859,37.379706974934024],[-1.633415231593744,37.37686155300804],[-1.643611204222964,37.37277222314947],[-1.684027923425845,37.345970149678635],[-1.79458342286199,37.22749328919156],[-1.81326401839857,37.19041444527079],[-1.823611249813439,37.1508331143653],[-1.826666700513556,37.12499620125482],[-1.846666813120407,37.08193971233004],[-1.902222380357273,36.97222138207292],[-2.06152796311784,36.77978516974622],[-2.12291692395462,36.73346711244142],[-2.192083342871797,36.72041321210281],[-2.217222692429402,36.74555205836788],[-2.231111516487715,36.76444244949175],[-2.291319598010091,36.82561874984492],[-2.347083567101038,36.84054946702861],[-2.481944576389878,36.829994220907906],[-2.557916866367407,36.81305312076421],[-2.584305775323003,36.78652572891235],[-2.598333585570344,36.75860595870654],[-2.611111410556816,36.72957991263655],[-2.644861477177358,36.69777677539264],[-2.69250009685237,36.68527219957679],[-2.722500323834709,36.68166351415749],[-2.768888958248908,36.678329471642144],[-2.87347246504396,36.70659256483526],[-2.892083644915658,36.729160321461904],[-2.917815107502386,36.74407674662305],[-2.923472649773942,36.74735640107741],[-3.124999991313814,36.75027464647013],[-3.216301428635045,36.748359355954115]]],[[[-3.216301428635045,39.1810472623132],[-3.216301428635045,40.260374079208475],[0.279154150253057,40.260374079208475],[0.279154150253057,40.23555469972298],[0.213055546986652,40.183601384609176],[0.047499999206991,40.033740978053174],[-0.1791666918906,39.73610685480293],[-0.317638864347202,39.51485826347516],[-0.326111137228168,39.49472044226832],[-0.332673722211332,39.46246069176873],[-0.337638938239081,39.438053140378145],[-0.337638938238954,39.43805314037776],[-0.337638938239149,39.4380531403768],[-0.332673722211332,39.42292154683295],[-0.24111113290604,39.14388275427529],[-0.195000006292206,39.05360413966487],[-0.182499998824555,39.02915952747841],[-0.143333342312092,38.97833251042545],[-0.092222197225272,38.929718006386146],[-0.065000029287164,38.904994957243765],[-0.041114962334857,38.88920976535843],[0.008888900302518,38.86221314993774],[0.048541660043373,38.859710701667844],[0.077083345051667,38.85762788328745],[0.147777760322496,38.82832336154674],[0.198472179131011,38.80374146662311],[0.215277738704044,38.75804137520981],[0.207222192101653,38.73220825615249],[0.16416667104744,38.69748687351603],[0.144166635870647,38.68470765479623],[0.003474545696008,38.619430064593374],[-0.052777800623574,38.59333039114023],[-0.294583339754979,38.48402406395388],[-0.320000003539008,38.47152328218982],[-0.37930560398803,38.436248780978815],[-0.511666758899764,38.32499695686397],[-0.600277771530273,38.18527220525408],[-0.626734661610609,38.13323880308195],[-2.041299895218419,38.13323880308195],[-2.075222623054458,38.40774852298949],[-2.268198996447481,38.619430064593374],[-2.419752268451987,38.78567337038754],[-2.697997416148212,38.98461835208326],[-3.216301428635045,39.1810472623132]]],[[[-6.711757007523147,40.6585824041569],[-6.422880487232362,40.91836133414472],[-5.385865079057169,41.338236337808894],[-4.985195080562846,41.60830762956351],[-4.763274030966443,41.76840595669],[-4.55019951491721,41.93855620216078],[-4.210385800147913,42.022081613448506],[-4.102179090181153,42.048678568077605],[-3.400146600333471,42.1788486742505],[-2.948562450507211,42.16883460833429],[-2.10113074009837,42.03866662704172],[-1.625244414856859,41.932392414174984],[0.279154150253057,41.50710501305269],[0.279154150253057,40.260374079208475],[-6.280113873390292,40.260374079208475],[-6.534736917117755,40.37894317326811],[-6.711757007523147,40.6585824041569]]],[[[0.279154150253057,40.23555469972298],[0.279154150253057,41.50710501305269],[0.45311725773621,41.46825583556006],[0.959896970434195,41.320559114198424],[1.139424753742958,41.26823723878857],[1.616388799857646,41.19583129549579],[1.322499986611604,41.129440303015826],[1.039444198290141,41.062492359194096],[0.993055447732672,41.04804991326853],[0.9644443857743,41.032775873097364],[0.959896970434195,41.02910284247094],[0.899444416628171,40.98027420796802],[0.703611017921958,40.796871168775056],[0.703611017922319,40.79687116877471],[0.703611017921283,40.79687116877374],[0.730555484484967,40.77111052385053],[0.794820355234502,40.748318790836194],[0.848055492737174,40.72943878646069],[0.870277719631925,40.7324943533053],[0.896597135492472,40.72576142095811],[0.885277736336377,40.70277403444322],[0.857916582208929,40.68027495790005],[0.689722193863474,40.571662903507104],[0.66430549136436,40.56277463992933],[0.636388857059501,40.561801891465166],[0.621423528830979,40.584369648090515],[0.709166632717194,40.595832834073455],[0.734722127830974,40.63999556014768],[0.734722127830629,40.63999556014766],[0.73472212783139,40.639995560148975],[0.6966665865354,40.637496944646045],[0.610138779433612,40.62499620159679],[0.589166653944574,40.61277772827037],[0.541944373398962,40.56916045523735],[0.519166588896326,40.533882159974155],[0.519166588896315,40.533882159973906],[0.51916658889558,40.53388215997277],[0.51893937164114,40.528739941982224],[0.356388867871772,40.300830853727916],[0.280555564083841,40.23665620702809],[0.279154150253057,40.23555469972298]]],[[[44.88793617174201,42.44828843070269],[45.099303466096444,42.50840267169343],[47.279967041277075,42.318061126166185],[47.49244190567316,42.3059034734719],[47.980157535666876,42.27799675019952],[48.11387634558465,42.3302688588175],[48.11387634558507,42.330268858817156],[48.30596160810566,42.09290313477259],[48.31944276515257,42.05776978778019],[48.323326093475856,42.035961151263656],[48.36721038259415,41.9515151946717],[48.39422608441909,41.92020032868595],[48.42430114714058,41.90275953641363],[48.5839538469405,41.835769664446275],[48.61304474032711,41.82443237904444],[48.675270096046575,41.784435289731],[48.724990837235296,41.73776244985333],[49.03609465794682,41.417900098912],[49.139713275385375,41.26485059811132],[49.140819551249606,41.229709624300185],[49.15498352150448,41.15164948301622],[49.19275663821875,41.061103813605754],[49.20638274353638,41.03916168840401],[49.21553225468649,41.02746557868912],[47.52181791784693,41.27084695094413],[47.49244190567316,41.28172695545294],[45.97992718606906,41.84191759234341],[44.88277862249491,42.28382465267188],[44.88793617174201,42.44828843070269]]],[[[17.7414821330961,65.0859581202198],[18.250549804731065,65.39684365947608],[19.05588666747157,65.61083720523999],[19.156924262190216,65.63768484397309],[20.152263314511742,65.96438417141678],[20.348457360117095,66.09026924631588],[20.66750804014152,66.29498350575003],[21.25188762358167,66.66994222278902],[21.25188762358167,64.90984091315644],[21.205970776445326,64.88902281958497],[21.07555387958797,64.85339353580082],[21.042221081253274,64.84484863392515],[21.04222108125316,64.84484863392431],[21.042221081252226,64.84484863392407],[21.03937341296898,64.8238144098699],[21.116081245733692,64.7900924502058],[21.137506489428407,64.78556061000145],[21.155206670967228,64.78559111727638],[21.19287301221927,64.78968048584986],[21.25188762358167,64.77869574955643],[21.25188762358167,64.6789024300377],[21.238887777657396,64.68527220231249],[21.195668846486704,64.69831696106792],[21.16330910121303,64.70808409456816],[21.148994452894783,64.70893098116585],[21.13444329576612,64.70583344746075],[21.134443295765518,64.70583344745991],[21.134443295765077,64.70583344745981],[21.12909441405123,64.69831696106792],[21.119165422827248,64.68436430116387],[21.25188762358167,64.62411571964245],[21.25188762358167,64.3054884236586],[21.2477741054945,64.3072128109605],[21.22447708178646,64.29371883582797],[20.994742706439858,64.27826038992892],[20.348457360117095,64.23477291859857],[20.092877698179734,64.21757538613963],[19.05588666747157,64.28327951391945],[18.991314499747432,64.28737082988414],[18.39873171156404,64.39911731091587],[17.877104451162552,64.7769347436647],[17.7414821330961,65.0859581202198]]],[[[15.307924347012388,67.89450296300207],[15.463396571527506,67.91313266885328],[16.203124982315735,67.91313266885328],[16.212011327004912,67.90068818569007],[16.393886563418114,67.82138061432312],[16.42361067633351,67.81138611359582],[16.46888734380552,67.7991638075026],[16.470745282180516,67.7988186843836],[16.49583053278028,67.79415894967761],[16.501941666469484,67.8049926714691],[16.501941666469214,67.80499267146934],[16.501941666469634,67.80499267147007],[16.470745282180516,67.83226473974531],[16.453330995196836,67.84748841500146],[16.42638780622326,67.8524932728264],[16.372219081120477,67.86248781226868],[16.320552843003156,67.87277220953723],[16.258886335652164,67.89102934241754],[16.248461853698565,67.91313266885328],[17.756432044693568,67.91313266885328],[17.756432044693568,67.4938431452131],[16.968906279571684,67.53784751444095],[16.470745282180516,67.60831571255943],[16.315474724628643,67.63027976929777],[15.824459935857753,67.75904503853624],[15.307924347012388,67.89450296300207]]],[[[15.288331994921878,68.03054809249193],[15.35097121202228,68.07624055708592],[15.432777398892355,68.11776734620506],[15.494512547612945,68.12567902855196],[15.665833467060992,68.14665223805628],[15.721109397182655,68.14075469400638],[15.764818192039433,68.10817718301577],[15.743193644474275,68.10633850026466],[15.706993084866895,68.10467531177375],[15.706993084866353,68.10467531177274],[15.706993084866156,68.10467531177272],[15.697235092949164,68.08641814017761],[15.713193882068978,68.08067320993196],[15.824459935857753,68.10764721257867],[15.83936024057435,68.11125946308255],[15.849610336516196,68.1186676205339],[15.89777756828746,68.12721252240961],[15.933886528640446,68.1824951114796],[15.951838511341855,68.23363494424501],[16.013748186452503,68.24346161624538],[16.0404147967825,68.23541261244651],[16.104581816663607,68.15763090811848],[16.09249876776316,68.06805419312025],[16.203124982315735,67.91313266885328],[15.463396571527506,67.91313266885328],[15.525276192049969,67.92054749251142],[15.708610551159481,67.94692993609274],[15.73583221580498,67.94888305983989],[15.773887640956776,67.94846342995038],[15.804721823788363,67.94166565028644],[15.822707178661073,67.93006134879937],[15.824459935857753,67.929817402497],[15.871110919242646,67.92332458368529],[15.906665793150527,67.94721983263418],[15.955831518738567,67.99304199186216],[15.960173766680354,68.00949483522584],[15.96111105818261,68.01304624695524],[15.824459935857753,68.02385609378838],[15.78866578305201,68.02668760591041],[15.660332672445406,68.02201844425394],[15.438887603426622,68.00457765198172],[15.407776841950295,67.9881897091276],[15.32277583104269,67.99880980256495],[15.288331994921878,68.03054809249193]]],[[[16.105762463690155,68.2711029107814],[16.109009489700846,68.27466779943094],[16.13763807506837,68.30609893632081],[16.183748233811805,68.31540679107337],[16.470745282180516,68.2620298875704],[16.51680374228459,68.25346374379143],[16.543888085478105,68.23971557065929],[16.566387162021332,68.21457672439418],[16.632774360449634,68.1741637992432],[16.721803647951084,68.14068605263779],[16.768329603817246,68.13165284078917],[16.800065996718473,68.13033293657084],[16.80006599671667,68.13033293657196],[16.800065996719468,68.13033293657185],[16.733329784225305,68.17193603259318],[16.470745282180516,68.29178913013914],[16.46555330129098,68.29415893866616],[16.41388702445903,68.29693602983991],[16.244998944042152,68.3251342757165],[16.22277640742874,68.34748840398817],[16.292221069726693,68.36305237941525],[16.317218761773038,68.36694337327208],[16.470745282180516,68.38656715816806],[16.547496809612234,68.39637755093122],[16.58944318990604,68.39942932372387],[16.706386556535293,68.40083312294827],[17.132637027985133,68.36749265908001],[17.202499384432723,68.36957551617522],[17.252359382814227,68.40110017774832],[17.402496329300224,68.4183197148478],[17.48916625849133,68.42221070870463],[17.55007405308294,68.42387223199285],[17.570831291142646,68.42443847535573],[17.57083129114269,68.42443847535672],[17.57083129114301,68.42443847535674],[17.571941361059885,68.45027159441537],[17.548192996121315,68.52568817192548],[17.525415405193257,68.52610017499626],[17.353054063783247,68.49610900728072],[17.323122013590876,68.4864502027221],[17.296110144532918,68.46582794302395],[17.261943816212067,68.45111085419438],[17.225555412317362,68.44499205497152],[17.183608993309804,68.44194032089382],[17.11703062850328,68.43742329390446],[17.11388779108097,68.43721006725792],[17.056663499133663,68.43415833318005],[16.527221666954063,68.43388365156125],[16.504720693384,68.43595884312293],[16.470745282180516,68.50422240432768],[16.467010488246878,68.51172637043861],[16.470745282180516,68.51310257397282],[16.539581294498557,68.53846739064431],[16.576683057590383,68.53088377764732],[16.576683057590106,68.53088377764851],[16.57668305759097,68.53088377764834],[16.567358013459966,68.5710296479993],[16.566316623627657,68.60283661800939],[16.624582305406012,68.63874054469684],[16.77111052775788,68.66777038481878],[16.84277726562994,68.68110655488016],[16.972913751075833,68.70152281304298],[17.11703062850328,68.71115861725247],[17.25749970378002,68.72055052561888],[17.329326643560258,68.77013398407044],[17.49138639832371,68.83637998956517],[17.6466636657755,68.87471009633575],[17.71527479808814,68.88999939014427],[17.73464966641818,68.8824920840494],[17.754720704567664,68.86985777488542],[17.756432044693568,68.86968619475574],[17.756432044693568,67.91313266885328],[16.248461853698565,67.91313266885328],[16.20749663746529,67.99999238533083],[16.466804486710306,68.09374236390809],[16.466804486709663,68.09374236390875],[16.46680448671043,68.09374236390903],[16.409164436356946,68.1527709985653],[16.292442324900037,68.1957702669921],[16.234441762180097,68.18916319651134],[16.18999862469417,68.19221496930402],[16.165554051223182,68.20228577693342],[16.105762463690155,68.2711029107814]]],[[[17.43187332517715,68.89839171693149],[17.454278797874892,68.93510275512007],[17.4877777129044,68.98999023575928],[17.636455536694083,69.10367582806052],[17.687496182101157,69.11332704451526],[17.716388700771105,69.11526487591013],[17.756432044693568,69.11775781044838],[17.756432044693568,68.9117303372465],[17.71860884060368,68.92860413981992],[17.685832993611314,68.9291534256277],[17.628608701664007,68.92555236702725],[17.572776788072076,68.92109679501016],[17.518608101685004,68.91554261266248],[17.494442003883194,68.91137693718684],[17.46763609764662,68.9015197579115],[17.43187332517715,68.89839171693149]]],[[[17.756432044693568,67.4938431452131],[17.756432044693568,67.91313266885328],[19.170567748112735,67.91313266885328],[19.090972109949234,67.86171290855663],[18.536515832970736,67.60716417004352],[17.795475999696976,67.49166149644913],[17.756432044693568,67.4938431452131]]],[[[17.756432044693568,67.91313266885328],[17.756432044693568,68.86968619475574],[17.763315974826043,68.8689960072197],[17.81985853717218,68.8633270113067],[17.844373687753198,68.87249754460728],[17.844373687751865,68.87249754460788],[17.84437368775309,68.87249754460834],[17.763315974826043,68.90865925744826],[17.756432044693568,68.9117303372465],[17.756432044693568,69.11775781044838],[17.763315974826043,69.11818637573552],[17.90388869664141,69.12693785748061],[18.11749649318907,69.14471434592156],[18.14791487889793,69.15013120681729],[18.147914878896728,69.15013120681802],[18.147914878898575,69.15013120681834],[18.02027511193012,69.22694395673403],[18.061817912578906,69.28863439161532],[18.0812492435137,69.31748962614355],[18.173610676504516,69.43222044104434],[18.204441065284144,69.46276856010127],[18.256942730413503,69.48637391250872],[18.27246934418317,69.48831659511426],[18.276943191453608,69.48887636077862],[18.279774740997464,69.48831659511426],[18.301527022118027,69.48401641250955],[18.349304202119136,69.46304320300524],[18.409601321148806,69.42646839631894],[18.497219073031953,69.37332153973631],[18.511665351724336,69.34805296012314],[18.539443967711318,69.29916381317986],[18.69347001102816,69.2616577125508],[18.771110522422628,69.324707035697],[18.771110522422315,69.3247070356975],[18.77111052242293,69.324707035698],[18.75610733110358,69.34860228464697],[18.67499924979421,69.36416626007417],[18.637218467546802,69.37332153973728],[18.61666488793128,69.38082884583224],[18.457288728061428,69.44956971149293],[18.4624423587034,69.48831659511426],[18.465066921723828,69.50804902162562],[18.495277408870315,69.5194396947582],[18.668052689092317,69.54110717705598],[18.850206362461446,69.55033876362123],[18.89594438149157,69.48831659511426],[18.913400633878343,69.4646453769463],[19.010622015138235,69.39617156608563],[19.05588666747157,69.37804511131097],[19.096107464536995,69.36193849342207],[19.117221828260067,69.35527036967656],[19.145553601536573,69.34971618732885],[19.170692447801674,69.34721373905896],[19.247220992253975,69.34915160916863],[19.292774199655927,69.34555055056805],[19.325553879415924,69.34111023218847],[19.348888382971378,69.33471679006175],[19.367109317498812,69.33236695559611],[19.35598372471092,69.31436921198335],[19.33044243793489,69.30824278594196],[19.308109293092627,69.30724336296947],[19.26335906968717,69.30703736143414],[19.245691292449294,69.2970504875255],[19.24569129244977,69.29705048752537],[19.24569129244829,69.29705048752453],[19.3284435145596,69.27440642399577],[19.34777641602921,69.27307893167351],[19.37902934063295,69.27523317421631],[19.40577508172321,69.2770767397074],[19.405775081723615,69.27707673970833],[19.405775081724187,69.27707673970838],[19.412443166754997,69.29257966187112],[19.412609098455903,69.33165739045143],[19.391944871897238,69.35090635820023],[19.37902934063295,69.35946639755983],[19.358331662150988,69.3731842182853],[19.292497621012217,69.38207244314839],[19.259580619800147,69.38374329717277],[19.212497712592665,69.37832639756232],[19.161247271598086,69.37568662784042],[19.12444307058132,69.38137817035505],[19.05588666747157,69.42356416739526],[18.998052592006673,69.45915220914941],[18.944997769587758,69.5792999236607],[18.944927231193276,69.61256408062664],[18.994998922187055,69.6494293349074],[19.05588666747157,69.68316361993004],[19.108329770630224,69.71221923007226],[19.17777632995509,69.74554444030305],[19.24666593793847,69.77194213752183],[19.272220620041114,69.77583313137866],[19.504159834137617,69.7952414484696],[19.504159834137617,68.12474138995866],[19.39609951383511,68.05882896076446],[19.170567748112735,67.91313266885328],[17.756432044693568,67.91313266885328]]],[[[19.504159834137617,68.12474138995866],[19.504159834137617,68.97670030691654],[21.25188762358167,68.97670030691654],[21.25188762358167,68.78553233196826],[20.527835554990418,68.65239214136574],[20.348457360117095,68.59258427256702],[20.177978678145223,68.53574365907133],[19.994570747492556,68.42387223199285],[19.504159834137617,68.12474138995866]]],[[[19.504159834137617,68.97670030691654],[19.504159834137617,69.7952414484696],[19.7069435192313,69.81221007568729],[19.73971940493934,69.81193543278332],[19.7727069832607,69.80484771786313],[19.772777560370077,69.7805480926622],[19.716804492558577,69.60944366646464],[19.69930458276248,69.58804320025223],[19.691627861220347,69.57978716331922],[19.627498626412365,69.51081848598037],[19.608979379403646,69.48831659511426],[19.533538813532463,69.39665221052498],[19.683053961360347,69.43193817132165],[19.68305396136101,69.43193817132256],[19.683053961361452,69.43193817132266],[19.702172013794332,69.4579868816711],[19.714858995631175,69.4752731359182],[19.71545422933787,69.48831659511426],[19.71666527408172,69.51485442810889],[19.82805252262215,69.71443178180127],[20.15472031876016,69.93526457600574],[20.288471219418117,69.97290803680158],[20.311248771632084,69.9640197732237],[20.348457360117095,69.93864730406919],[20.378023728859645,69.91848605072755],[20.378023728859645,69.80097397522304],[20.351665490835014,69.75305174639792],[20.348457360117095,69.7461001337249],[20.333332051052583,69.7133255059365],[20.31721878981735,69.67387390837904],[20.293609604643112,69.57470703019074],[20.28309108901162,69.48831659511426],[20.28194235286539,69.4788818213365],[20.263748170276212,69.45693969613534],[20.19055177131378,69.40222168522592],[20.17194364991269,69.39416505460832],[20.099441523743167,69.37054444856352],[20.057220461830525,69.35749817504353],[20.00416374238563,69.34623719654383],[19.985830302603176,69.33804320575945],[19.942812330280073,69.29401478907977],[19.919651041450113,69.27030946731838],[19.94694138617901,69.25610353020309],[20.204303738496908,69.37707521214114],[20.323608399177292,69.43554685674096],[20.323608399178124,69.43554685674187],[20.323608399178283,69.43554685674195],[20.348457360117095,69.46293907532466],[20.356109603266866,69.47137451524195],[20.374459925688015,69.48831659511426],[20.378023728859645,69.49160690449396],[20.378023728859645,68.97670030691654],[19.504159834137617,68.97670030691654]]],[[[20.378023728859645,69.80097397522304],[20.378023728859645,69.91848605072755],[20.387218467716917,69.91221617493977],[20.420623778901795,69.87554166855617],[20.391387937244485,69.82527160284468],[20.378023728859645,69.80097397522304]]],[[[20.378023728859645,68.97670030691654],[20.378023728859645,69.49160690449396],[20.466386781891092,69.57318878997054],[20.490276339762044,69.57527160835095],[20.521526319716354,69.56179807812276],[20.555831905230082,69.54638671649974],[20.61138534315209,69.52943419548549],[20.6976356424537,69.51026916145761],[20.849025710100623,69.49228667148128],[20.84902571009794,69.4922866714827],[20.849025710101728,69.49228667148225],[20.823886863836606,69.50555420017503],[20.67138672627351,69.55360412605421],[20.510555276473838,69.61694334574184],[20.48492812023585,69.63130952348013],[20.565830238724633,69.76138305863438],[20.620277400781934,69.7674865655048],[20.709720627094942,69.78138731372638],[20.770832080131445,69.79331968456336],[20.804996472711604,69.80540466920462],[20.804996472712414,69.80540466920564],[20.80499647271256,69.8054046692057],[20.83584594789653,69.844612131134],[20.852455145922786,69.8697128433048],[20.901943211067522,69.90415954432214],[20.994742706439858,69.92887431782009],[21.059444412403654,69.94610596333077],[21.08444214316438,69.9421462893906],[21.05874824258524,69.92568970516896],[21.028610229573076,69.91943358449413],[21.006664271604507,69.91305543471975],[20.994742706439858,69.9075326579423],[20.98805429189224,69.90443418722714],[20.92341421567579,69.85446168359067],[20.923414215675848,69.85446168359056],[20.92341421567463,69.85446168358962],[20.9452743428963,69.81248475730607],[20.994742706439858,69.78829417951908],[21.000207917900998,69.78562163057057],[21.04833221494143,69.78901672635058],[21.04833221494253,69.78901672635158],[21.048332214942548,69.78901672635158],[21.086732378065648,69.82362629714318],[21.136943808294173,69.8688812103442],[21.136943808294248,69.86888121034428],[21.136943808295257,69.8688812103452],[21.227497104524502,69.97305298507325],[21.248262415466733,69.99776457462931],[21.25188762358167,69.99905717571724],[21.25188762358167,68.97670030691654],[20.378023728859645,68.97670030691654]]],[[[23.652221664885218,64.14082334604588],[23.694164289840902,64.15859983448641],[23.711662302611106,64.162902831414],[23.711662302611202,64.1629028314142],[23.711662302611273,64.16290283141421],[23.713247965835272,64.1660947795072],[23.722221381498706,64.18415831064105],[23.9269409144684,64.29096222827225],[23.926940914468453,64.29096222827232],[23.926940914468616,64.2909622282724],[23.984210423710035,64.36785640114215],[23.995832458192577,64.38346098271505],[24.1199989254532,64.43638611050068],[24.209720627436955,64.47276305480929],[24.22616943805368,64.47858116038377],[24.278053284078855,64.49693298537697],[24.33930395559332,64.52165986728612],[24.339303955593355,64.52165986728616],[24.339303955593437,64.52165986728619],[24.34463720625175,64.52740233240199],[24.359165198155463,64.54304504114639],[24.36163417899041,64.55014253028453],[24.37409401831337,64.58596037585255],[24.371177669946697,64.61929321290214],[24.39807876664111,64.64727537993441],[24.424999239294436,64.67527770158426],[24.535413739370938,64.74679565841882],[24.539581311872425,64.79915620804417],[24.73110962305147,64.85443117029541],[24.74734320246977,64.85774081802491],[24.74734320246977,64.18727184537585],[24.708933209906377,64.16873964296013],[24.70446975957432,64.1660947795072],[24.539486097440886,64.06833201172793],[24.363873658771922,64.05160452472086],[24.16660657208888,64.05718012793199],[23.786725926782424,64.09063848958635],[23.652221664885218,64.14082334604588]]],[[[24.553539280591963,65.76200103519625],[24.558339186202424,65.78599739272676],[24.74734320246977,65.78599739272676],[24.74734320246977,65.64828972723633],[24.669166575769623,65.65470884630696],[24.559442515719866,65.72673032803704],[24.553539280591963,65.76200103519625]]],[[[24.74734320246977,64.18727184537585],[24.74734320246977,64.85774081802491],[24.803333273550198,64.86915588594371],[24.872454784376444,64.87960698728874],[25.084442132494306,64.91165925629383],[25.116249102504913,64.90749358081821],[25.180274968167264,64.86694337293007],[25.1938877168734,64.84554290671753],[25.23041344221951,64.8192977845882],[25.25360868858218,64.81429292676322],[25.297496810467255,64.81443787503393],[25.319442729720958,64.81776429073055],[25.339996348050587,64.82192992749134],[25.36194420304508,64.82943727230102],[25.361944203045045,64.8294372723011],[25.361944203045198,64.82943727230116],[25.337457662713064,64.89066312761872],[25.32416535653823,64.89657592530608],[25.30449865592601,64.89366151268018],[25.23013686357484,64.92971038763892],[25.18930434724922,64.96401976720455],[25.19377249231124,64.96851451471063],[25.21333122657202,64.9881896977721],[25.31823347244644,64.99283601768705],[25.34610937876577,64.97962950354412],[25.373775489497756,64.97113036258081],[25.38732039661866,64.9751684924959],[25.39181709699818,64.97650908938294],[25.41305542556171,65.0341644320896],[25.370552055211533,65.07943726679491],[25.353887572427595,65.09235380696674],[25.291387573804172,65.10943602261426],[25.2674980159332,65.16999815112797],[25.283548507339656,65.23053914262861],[25.293052659321063,65.26638793814249],[25.301109328653467,65.29360960278791],[25.3249969507836,65.34582520414261],[25.355274182273718,65.41082765103602],[25.357219679202103,65.44818113786073],[25.351247802705643,65.47874451055515],[25.30374909837542,65.5151367085013],[25.21513556928187,65.5542984095174],[25.189580925894006,65.55957794896102],[25.161525731262202,65.55583190337495],[25.132081991043606,65.5542984095174],[25.101802823812648,65.56929780678439],[25.092735271922322,65.59187315151485],[25.080760972939743,65.60588837944721],[24.89124680005756,65.64839171108241],[24.796108237178203,65.65832519725984],[24.771663663706533,65.65666197005413],[24.748609532847752,65.64818574826177],[24.74734320246977,65.64828972723633],[24.74734320246977,65.78599739272676],[25.21261573197487,65.78599739272676],[25.28921490489074,65.76398620824443],[25.518740130699207,65.6672922329102],[25.585653373749267,65.63910314192805],[25.765667075128817,65.52853164246386],[26.149262694343292,65.00555527180455],[26.05133710483807,64.75031350983772],[25.82237465312255,64.67188100055557],[25.7105384291458,64.53752957586488],[25.518740130699207,64.44260645656438],[25.51841090799877,64.44244352057422],[25.187420236671812,64.36977506122207],[24.951915275266856,64.28597457371978],[24.872454784376444,64.24763616741048],[24.74734320246977,64.18727184537585]]],[[[24.188849146746364,65.78599739272676],[24.49744518526935,65.78599739272676],[24.414720533103548,65.76735688154224],[24.22616943805368,65.7732827884393],[24.220275873557796,65.77346801523146],[24.188849146746364,65.78599739272676]]],[[[23.815444197065037,65.78599739272676],[24.050305382834356,65.78599739272676],[23.931318282557413,65.76047516815748],[23.815444197065037,65.78599739272676]]],[[[22.932941204010532,65.78599739272676],[23.40520876327731,65.78599739272676],[23.234443659889678,65.76361083595611],[23.136386890332403,65.71318815644031],[23.0773582556763,65.7008285676099],[23.00027465690863,65.75277711416516],[22.933598745408155,65.785672981792],[22.932941204010532,65.78599739272676]]],[[[21.25188762358167,64.90984091315644],[21.25188762358167,65.78599739272676],[22.306651065723827,65.78599739272676],[22.25777435270326,65.69110108296775],[22.259181984694425,65.6506729041793],[22.281305295234564,65.64762117010147],[22.298913954948606,65.64890290151135],[22.29891395494919,65.64890290151229],[22.29891395494957,65.64890290151232],[22.304311768155344,65.6576156708288],[22.323055275267333,65.65916441832388],[22.38555527389077,65.62887572724827],[22.422428116275974,65.54679869152669],[22.399997719817407,65.53679656398117],[22.219741808008735,65.57606507917427],[22.079719533038542,65.60720824495155],[22.057777407836795,65.58915711360652],[22.05777740783679,65.58915711360643],[22.05777740783576,65.58915711360558],[22.053848279885276,65.51744078205436],[22.030971540312986,65.45971679797913],[22.014026646117994,65.4262390126599],[21.9294433680746,65.39804076678342],[21.675830855394736,65.39109803884884],[21.675830855394963,65.39109803884779],[21.675830855393723,65.39109803884776],[21.699199660276054,65.28370666260011],[21.641028052762625,65.17655796512065],[21.57770536703878,65.05992128296184],[21.53370284287331,65.0587463270142],[21.46666337722661,65.00721741034903],[21.25188762358167,64.90984091315644]]],[[[21.25188762358167,65.78599739272676],[21.25188762358167,66.66994222278902],[21.641028052762625,66.91962855716562],[21.689094670025327,66.950469807702],[21.939214554656758,67.16891898251839],[22.1237336630752,67.43395714951049],[22.255192262146466,67.75750554952873],[22.313913683606017,68.03561978729994],[22.340147776916695,68.31446658054875],[22.262884870183385,68.42387223199285],[22.150940432866037,68.58238754817842],[21.946633546023804,68.72244332854291],[21.641028052762625,68.75506794499987],[21.290003743532907,68.79254120287061],[21.25188762358167,68.78553233196826],[21.25188762358167,69.99905717571724],[21.31333160670226,70.02096558949941],[21.34722135637845,70.02499390480821],[21.37749862658337,70.02638245039515],[21.414443981818973,70.0233306776025],[21.442775716380662,70.01748655999853],[21.554996494907645,69.98332212870358],[21.641028052762625,69.94357830273248],[21.89110946725101,69.82804869401855],[21.922777180068838,69.80651857188758],[21.964443187665925,69.77026365667865],[21.979858382055735,69.74082947901951],[22.034721379951055,69.73277280968708],[22.068607335575283,69.73138426410014],[22.099580775599645,69.74374389164535],[22.09958077559927,69.74374389164579],[22.0995807756006,69.74374389164632],[22.01527403748679,69.84220887022246],[21.80840110902693,70.0402679449798],[22.900801039516068,69.77296788881443],[23.440115846672086,69.68452858611653],[24.519620324840446,69.47257984715003],[25.423608980579502,69.31390016784655],[26.34579358030021,69.164256770436],[26.811310823344733,69.1313755618745],[28.242798781357877,69.03026426083471],[28.242798781357877,66.45647532363984],[28.14753819500595,66.40628906147174],[27.00556158194445,66.377724261835],[26.811310823344733,66.35102868954523],[25.552139292593324,66.17798275208423],[24.90095155890458,66.10673619652601],[24.62205246977493,66.0782507562443],[24.22616943805368,66.043267568922],[24.13868399742239,66.03553670067976],[24.22616943805368,66.01733172385195],[24.883799630221233,65.880484468774],[25.21261573197487,65.78599739272676],[24.558339186202424,65.78599739272676],[24.55916593707508,65.79013060098936],[24.538608563408275,65.79527281898123],[24.49744518526935,65.78599739272676],[24.188849146746364,65.78599739272676],[24.174999244800688,65.79151914657632],[24.167007461499566,65.81402588865313],[24.113609316093402,65.79957581590872],[24.050305382834356,65.78599739272676],[23.815444197065037,65.78599739272676],[23.77333260401514,65.79527281898123],[23.653888686142125,65.80638122239151],[23.518329610007697,65.80082704004366],[23.40520876327731,65.78599739272676],[22.932941204010532,65.78599739272676],[22.790275584495816,65.8563842720186],[22.723331434726106,65.88610838493395],[22.675830833369844,65.90222168488395],[22.642566676403646,65.89874269409785],[22.368192685547513,65.85915373637368],[22.329166408957576,65.82971193189576],[22.329166408957413,65.82971193189545],[22.329166408956535,65.82971193189478],[22.306651065723827,65.78599739272676],[21.25188762358167,65.78599739272676]]],[[[34.73229693564871,65.78599739272676],[34.92523417600451,65.78599739272676],[34.96471785396283,65.7212295721354],[34.93061447593374,65.69705964156861],[34.888885479331236,65.7052612204568],[34.84137725115613,65.73054505370749],[34.8152694891935,65.74636841840123],[34.758049030013865,65.77665710947684],[34.73229693564871,65.78599739272676]]],[[[31.407622020684656,65.78599739272676],[34.679558330268605,65.78599739272676],[34.67416381881431,65.77720643399863],[34.69012833772686,65.71693420202631],[34.752216333279534,65.6341476398733],[34.778324133956886,65.6003952116491],[34.67304991613208,65.447898868139],[34.61804963550003,65.44331360148874],[34.5667349792179,65.44852217687692],[34.54138183385476,65.45109558920234],[34.49499130241463,65.44970704361538],[34.42249297029713,65.41886902801701],[34.38124465684888,65.38262177834167],[34.38124465684889,65.38262177834166],[34.38124465684774,65.38262177834065],[34.474433890032046,65.27818298752732],[34.55054474033564,65.25193786539799],[34.5667349792179,65.23456930364824],[34.93610381096376,64.83831787034536],[34.95721434192001,64.65277099822258],[34.835266117466915,64.58638000574302],[34.81082154399519,64.56832887439799],[34.78777314292927,64.54776000243089],[34.78777314292929,64.54776000243088],[34.787773142928216,64.54776000242992],[34.9606857446022,64.457901017709],[35.135871873839676,64.38496400801259],[35.23370993913408,64.35470439924698],[35.23370993913408,63.502936783389934],[34.03722579005654,63.87608843940683],[33.58119173033017,64.1660947795072],[33.049896162817674,64.5039622693572],[32.05252325060036,65.34732504047759],[31.981593593926842,65.39557255171472],[31.407622020684656,65.78599739272676]]],[[[28.242798781357877,66.45647532363984],[28.242798781357877,69.03026426083471],[29.455870064213116,68.94458053923796],[31.291431924115727,69.0060435097871],[31.73825436024598,68.99488134942314],[31.73825436024598,65.78599739272676],[31.407622020684656,65.78599739272676],[30.27506825309041,66.55637896781565],[29.617473144817893,66.8428466167677],[28.772107054597882,66.73533150945445],[28.242798781357877,66.45647532363984]]],[[[31.73825436024598,65.78599739272676],[31.73825436024598,67.91313266885328],[33.48598214969003,67.91313266885328],[33.48598214969003,66.7213058817502],[33.483879088262654,66.72137449838186],[33.27416428657237,66.7872764104727],[33.251388566124604,66.79443357589287],[33.188041680903495,66.81498719422245],[33.15499115229147,66.82887268880665],[33.088600159811335,66.85693357451629],[32.942764274512,66.9249877942022],[32.901657115282376,66.94442747113402],[32.83471679827949,66.98054502617623],[32.81374358877508,66.99845887478392],[32.79749296737293,67.02623749077094],[32.801799758352615,67.0530319374231],[32.79388428195364,67.08581541123505],[32.696098322533544,67.11192321191231],[32.667770382023775,67.11943055672208],[32.62787894024961,67.12734771626062],[32.61249162572068,67.13040159996541],[32.36471556511128,67.1619262615385],[32.33957671884616,67.16262816115074],[32.24027251920597,67.14471435125785],[32.19276429103087,67.12997438197198],[32.192764291032574,67.12997438197192],[32.19276429102975,67.12997438197104],[32.21582794573318,67.12915037582951],[32.25944138599948,67.1227569724176],[32.49735639585198,67.03137208194295],[32.52082825957423,67.01832580842301],[32.53888701773788,67.00776672953549],[32.559085853494636,66.98587799206487],[32.5294342147146,66.94859314660867],[32.51832581130432,66.88220215412841],[32.62787894024961,66.84505953209727],[32.67971800649728,66.82748414321863],[32.850547789790866,66.78581236711398],[32.91277314551034,66.76901245990399],[32.93082427685476,66.7362365741969],[32.83596802241425,66.72679139799237],[32.800895689971696,66.72657776963825],[32.800895689975256,66.72657776963732],[32.80089568997073,66.72657776963729],[32.93443300098939,66.69136048892403],[32.9697112962525,66.6863708460217],[33.059989910862924,66.68275453378365],[33.11971281831249,66.68414307937059],[33.19499207436948,66.63943482282625],[32.86254884071235,66.585281390077],[32.86254884071913,66.58528139007728],[32.862548840711256,66.585281390076],[32.94315339712554,66.58870695441612],[33.05496217258175,66.58742522300625],[33.07086563822965,66.58872987358714],[33.112716663931906,66.60207367046723],[33.24013138167585,66.61623380795533],[33.27416428657237,66.61307449110875],[33.28360750049016,66.6121978658278],[33.406379692371104,66.59443663102431],[33.427627544779384,66.58901214330983],[33.48598214969003,66.55210722244628],[33.48598214969003,66.52239892839454],[33.434715259700624,66.52998350865465],[33.389717106614114,66.53997800938197],[33.34221650525785,66.5491485426827],[33.306938171279796,66.55442808212638],[33.27416428657237,66.55734075495286],[33.199199677992794,66.56400299167905],[33.08094786673087,66.52768706192018],[33.08094786673186,66.52768706191985],[33.08094786672977,66.52768706191921],[33.124721508904244,66.51345824434772],[33.27416428657237,66.49154784146486],[33.33026884206751,66.48332212836155],[33.48598214969003,66.4762972239767],[33.48598214969003,65.78599739272676],[31.73825436024598,65.78599739272676]]],[[[33.48598214969003,66.7213058817502],[33.48598214969003,67.91313266885328],[35.23370993913408,67.91313266885328],[35.23370993913408,66.46245142011018],[35.164581310146275,66.48483278047888],[35.07874297520067,66.51483153629823],[35.02763364971014,66.53926085613244],[34.974159236116634,66.56387329704569],[34.875549309269786,66.59803772834073],[34.84582519635438,66.60498045627531],[34.77110672440455,66.60678863175173],[34.740966814366345,66.60165404057886],[34.7083282501103,66.58193968202806],[34.68721009233525,66.57192992766346],[34.66193388590335,66.56414793994969],[34.5667349792179,66.54166551487327],[34.55138396140086,66.53804017798723],[34.512912739126364,66.5316543626792],[34.47901915668331,66.5323486354726],[34.44318391007869,66.54553985726324],[34.360618603098544,66.6134490899637],[34.29784012880447,66.6392440749288],[34.15749357853633,66.66998290316872],[33.933326703101216,66.68470765753193],[33.85555266430663,66.69247435289321],[33.81853483493575,66.70331574021816],[33.79777145973361,66.73338317612104],[33.77651977455844,66.76124572582881],[33.74374772161718,66.77539823649818],[33.59887695796357,66.82304382484006],[33.51846694349911,66.81275938885648],[33.518466943499604,66.81275938885571],[33.518466943498055,66.81275938885551],[33.53582763481627,66.78610230237021],[33.569992066111254,66.76832581392927],[33.60777280964426,66.75582886493207],[33.6280441195353,66.74609375347181],[33.534854886353,66.71971130989095],[33.48598214969003,66.7213058817502]]],[[[33.48598214969003,66.52239892839454],[33.48598214969003,66.55210722244628],[33.52492140017339,66.5274810603846],[33.487213130777945,66.52221681329331],[33.48598214969003,66.52239892839454]]],[[[33.48598214969003,65.78599739272676],[33.48598214969003,66.4762972239767],[33.54436490987325,66.4736633238029],[33.56304929946178,66.39221191950568],[33.50207900064403,66.31206512707456],[33.70138821602792,66.29498350575003],[33.75000000952414,66.29081727466628],[34.10971833427497,66.24901580392837],[34.49694063210882,66.10693359103402],[34.53110502468897,66.09359742097264],[34.56666566710442,66.0780486991828],[34.5667349792179,66.078007236645],[34.712493886870064,65.99081419183148],[34.85013198733289,65.89873502856337],[34.86776732155508,65.88026426732895],[34.92523417600451,65.78599739272676],[34.73229693564871,65.78599739272676],[34.6891593833156,65.80164338065248],[34.68915938331495,65.80164338065143],[34.68915938331462,65.80164338065154],[34.679558330268605,65.78599739272676],[33.48598214969003,65.78599739272676]]],[[[31.73825436024598,67.91313266885328],[31.73825436024598,68.99488134942314],[31.981593593926842,68.98880244350983],[33.03228376900685,68.96255494276063],[33.0322837690113,68.96255494275968],[33.03228376901152,68.9625549427605],[33.03228376901171,68.9625549427605],[33.04061891401557,68.994270313517],[33.04770279616897,69.0391464375034],[33.07527161656752,69.05941770867992],[33.09679794464654,69.06484223510921],[33.28555299741856,69.08638002277374],[33.41888426818703,69.09748838746918],[33.44054795643284,69.10304260853172],[33.567771926278866,69.18385316648138],[33.56777192627903,69.18385316648195],[33.567771926279875,69.18385316648249],[33.57420729655229,69.20650481811509],[33.56040952974092,69.27956389562604],[33.57805252949612,69.3084487874764],[33.60943603684997,69.31971739279467],[33.641380328312565,69.32554625676117],[33.719154367107066,69.33137512072767],[33.87110138609546,69.3327636663146],[34.36165619887839,69.31706999625405],[34.41729736457323,69.30458830089432],[34.44304658862575,69.28137207110143],[34.5667349792179,69.26295349990298],[34.64747239228731,69.25093080493639],[35.14768600962891,69.18828581932742],[35.147686009629076,69.1882858193286],[35.14768600962998,69.18828581932848],[35.15797423966545,69.2638549719275],[35.17819212311059,69.27365113665246],[35.23370993913408,69.27139913154663],[35.23370993913408,67.91313266885328],[31.73825436024598,67.91313266885328]]],[[[35.23370993913408,66.46245142011018],[35.23370993913408,69.27139913154663],[35.29518128936705,69.26890562937916],[35.45857236921954,69.2533264003144],[35.83665467974254,69.19886777867113],[35.97499084705079,69.17303465961255],[36.264717120720775,69.07443235958448],[36.47637938162519,69.03359984325881],[36.56165697117741,69.02178954023634],[36.60083009306413,69.01332090654796],[36.991378767879766,68.8972167996977],[37.15110014776309,68.84582520448453],[37.15187636450895,68.84557490219629],[37.29499816295261,68.79942321345888],[37.49499510782012,68.73526002634455],[37.64638517546703,68.71276853790523],[37.69332123737799,68.70166017320977],[37.77332304282359,68.67608644341772],[37.82471467675157,68.65832520861423],[37.954162580481935,68.590820313451],[38.32735443546093,68.43886566764388],[38.36451767941078,68.42387223199285],[38.50791166468177,68.36602021848704],[38.60388182180671,68.38749695288689],[38.6297149795801,68.38262175098035],[38.729165518022185,68.35649489443618],[38.729165518022185,66.06480427784227],[38.607772815664646,66.05220032648782],[38.55304717793598,66.05081178090086],[38.492767319145,66.05247496939182],[38.19915771715171,66.06721497739244],[37.98999023898358,66.07916260186676],[37.96804811378195,66.08082579035766],[37.90998839482319,66.08749391410328],[37.67360687882842,66.12109376723794],[37.48276521362396,66.16775510881536],[37.40693663304313,66.19303894206593],[37.395271317006234,66.19747926044556],[37.29527284457248,66.22415160056823],[37.26638795272112,66.23136901012163],[37.15187636450895,66.25122644529006],[37.147773732067435,66.25193788208873],[37.01610564978989,66.2686004678468],[36.97443391240006,66.27221678008476],[36.90832518964254,66.2763824555604],[36.75777434305979,66.2858123781275],[36.715271011424534,66.28749085897067],[36.65443420129202,66.28858946930137],[36.22568894710588,66.32026670596395],[35.91443634535682,66.35331727329083],[35.7322082621115,66.36997985904873],[35.57970429178158,66.38107300882155],[35.55719758841957,66.38217161915225],[35.5091323701883,66.38774109385218],[35.43688963328543,66.40159608116141],[35.404937753718855,66.40797423093579],[35.37798310515859,66.4157409650121],[35.23370993913408,66.46245142011018]]],[[[38.729165518022185,66.06480427784227],[38.729165518022185,68.35649489443618],[38.93054961794553,68.30358886123219],[38.950687400437616,68.29012299653756],[39.10943603185673,68.21138000333082],[39.52791214241165,68.06916046898448],[39.57110595278844,68.06109617283332],[39.7370177498,68.04701619596045],[39.74137878474056,68.04664610008896],[39.85263060885528,68.0440750104505],[39.85263060885439,68.04407501045164],[39.85263060885626,68.04407501045159],[39.79138183436897,68.12220762586931],[39.930686956087285,68.08943177887659],[40.144714343809625,67.95068360849757],[40.39943696512046,67.79220582593047],[40.46360777905353,67.75498962184285],[40.484298718835134,67.74887848815365],[40.52041244111048,67.74651336133573],[40.69665529124785,67.77026366201392],[40.939155567750646,67.73332213954508],[40.99221801698826,67.71609497562687],[41.02958844244553,67.67872205912998],[41.049716951838676,67.65859220800968],[41.10638045967687,67.45137785358875],[41.110687250656426,67.25095369072784],[41.133049005747665,67.23206329960391],[41.1617965761469,67.22415161725701],[41.22443389622232,67.21331785675072],[41.24526978427464,67.21249388932401],[41.26596451810822,67.21762848049704],[41.28485487051731,67.22970579960474],[41.31832886178559,67.22831725401781],[41.34443666246294,67.21582030502061],[41.3609657208209,67.2010955893723],[41.39082719390311,67.11914824828347],[41.3019370861648,66.94651032822827],[41.28305052780766,66.9169311635836],[41.271377546237176,66.90054322072957],[41.2463836482428,66.86859130244825],[41.21971130812077,66.8377685404882],[41.15582276391069,66.79443357589287],[41.1272125149635,66.7769317690707],[41.09693907752535,66.75999450169382],[41.049720745891705,66.74220275961545],[41.02958844244553,66.73315385787285],[40.9724884048012,66.70748900379772],[40.73666000738109,66.58720396783445],[40.72124098022448,66.57332610006904],[40.72124098022448,66.57332610006897],[40.72124098022343,66.57332610006802],[40.72103118463609,66.54373168178626],[40.565544121598066,66.453872697066],[40.46638487022847,66.40998840794765],[40.44332121552509,66.40081787464709],[40.050303269448705,66.29498350575003],[39.80998991705428,66.2302703997911],[39.7370177498,66.21548454509119],[39.38360595691927,66.1438751135039],[39.1108245774447,66.10443114276518],[38.729165518022185,66.06480427784227]]],[[[35.23370993913408,63.502936783389934],[35.23370993913408,64.35470439924698],[35.32482909538032,64.32652283197288],[35.398727432670256,64.32051084692719],[35.42222597090067,64.32292173465748],[35.53860472065489,64.35552979163862],[35.5386047206555,64.35552979163951],[35.53860472065594,64.35552979163964],[35.56761551308784,64.39828492443658],[35.596675860484254,64.40405273513834],[35.632492059399425,64.39526365891878],[35.80416106375719,64.34290314800816],[36.22474471895617,64.1660947795072],[36.277908342511424,64.14374542420485],[36.26721190345711,64.07916260720101],[36.263885487760504,64.01956939438469],[36.28249360916172,64.00971221510937],[36.473320020728636,63.97026824437066],[36.49846649381247,63.9670715233073],[36.52261354392395,63.967658981923705],[36.522613543924855,63.96765898192371],[36.36170862736083,63.25106099584923],[35.26303375531387,63.493791463264586],[35.23370993913408,63.502936783389934]]],[[[21.25188762358167,64.6789024300377],[21.25188762358167,64.77869574955643],[21.25833128735496,64.7774963525651],[21.303400056265605,64.76165769551902],[21.299524141664474,64.69831696106792],[21.29735756394507,64.66291044722152],[21.27346994181579,64.66832734683175],[21.25188762358167,64.6789024300377]]],[[[21.25188762358167,64.3054884236586],[21.25188762358167,64.62411571964245],[21.271385187693635,64.61526489759315],[21.364650727780077,64.59908295627451],[21.46527479292389,64.57554628395046],[21.55416490066219,64.53248596225887],[21.584999083493678,64.43971252619761],[21.458053589319434,64.36109922762478],[21.390552526923102,64.33526610856626],[21.317775719134772,64.30846403509543],[21.27228929479014,64.29693604051022],[21.25188762358167,64.3054884236586]]]]}},{"type":"Feature","properties":{"fillColor":"#9ECAE1"},"geometry":{"type":"MultiPolygon","coordinates":[[[[17.790830612405355,80.12706756558728],[17.87791252050741,80.15554046435824],[18.038330079374514,80.18525695975161],[18.167495727524972,80.1858062726577],[18.20332717931699,80.18470764200768],[18.415552141519623,80.17248535365127],[18.674438478732974,80.15803527720425],[18.717355725945534,80.15929412754534],[18.760969162983717,80.1877593970385],[18.904163361465383,80.18761444074272],[18.97142028825334,80.17059845683606],[18.97142028825334,79.7243445672524],[18.829719544664215,79.71859740978374],[18.801940919932917,79.71693420283242],[18.771385194204072,79.71748352057642],[18.47166061483898,79.78276062111024],[18.154163362183624,79.90998840343681],[18.24415969830019,79.92858886556425],[18.356384279053746,79.94303894201127],[18.482772826207505,79.95304870567236],[18.514720917074087,79.95416259971766],[18.634162901934584,79.9566497784471],[18.805831910136202,79.96998596084882],[18.805831910136327,79.96998596084967],[18.805831910136362,79.96998596084967],[18.806418855157435,79.97400647428543],[18.809440612189672,79.99470520127146],[18.8094406121895,79.99470520127153],[18.809440612189633,79.99470520127244],[18.736106872376354,80.0238800033627],[18.35770416362459,80.07637786851745],[18.06277465608781,80.1260833741182],[18.00749969477431,80.128036498499],[17.938327786977993,80.12553405637419],[17.790830612405355,80.12706756558728]]],[[[18.97142028825334,79.7243445672524],[18.97142028825334,80.17059845683606],[19.05588666747157,80.14922848621636],[19.12097867482701,80.13276022632836],[19.191246032468435,80.114982604247],[19.212635041929996,80.10220336886795],[19.23416137840862,80.08957671906339],[19.2633323682785,80.08415221964617],[19.28999709896537,80.08166504091673],[19.318885805522406,80.08332824786812],[19.34055328607637,80.08638000289895],[19.48754872209314,80.13276022632836],[19.512136461263946,80.14051818716896],[19.5121364612631,80.14051818716938],[19.512136461264788,80.1405181871699],[19.495468141791832,80.14851379222029],[19.48054885744648,80.16831969973822],[19.404994963658226,80.17025757039954],[19.368885040773876,80.16998291152754],[19.31055450253325,80.1744232194755],[19.214578630922745,80.19692230108626],[19.0991630571732,80.2580413818228],[19.05588666747157,80.2865903057976],[18.979995726347468,80.33665466475789],[19.02388763447657,80.35054016006522],[19.05588666747157,80.35054016006522],[19.060829163255608,80.35054016006522],[19.09721756207028,80.34942627085776],[19.156661989518344,80.34526062178163],[19.211383820867628,80.34027099608961],[19.261665344268827,80.33471679893407],[19.3302764879842,80.32527160673651],[19.385551454135697,80.3141479490301],[19.416522977974033,80.29970550669965],[19.433605194284123,80.28637695357666],[19.578273773859266,80.23481750421864],[19.592023848260226,80.23115539721408],[19.65527343773625,80.21360779006389],[19.687496187474796,80.21304321376252],[19.702172013794332,80.2129766502746],[19.80860900856541,80.21249389601859],[19.84082984735589,80.22096252602573],[19.840829847356225,80.22096252602644],[19.840829847356815,80.2209625260266],[19.913745878113446,80.37664794856823],[19.723327634429893,80.39637756329881],[19.702172013794332,80.39567060192654],[19.68999481254218,80.39526367409132],[19.58193969792302,80.38693237110124],[19.548606871197364,80.38610839932312],[19.512218477220586,80.38720702997324],[19.477355958340297,80.3949890152195],[19.458744049875406,80.42067718371584],[19.463329314119196,80.45471191375927],[19.4819374103628,80.46234893787147],[19.642494202357184,80.49942016438884],[19.66888427900993,80.50166320619905],[19.701107023910634,80.49971008181825],[19.702172013794332,80.49960485441609],[20.007499694476543,80.46943664424008],[20.15200996410133,80.44977457549379],[20.15200996410133,79.77311700808762],[20.084720612275362,79.76138305798571],[19.926662445347347,79.74192810212696],[19.570274351751493,79.71192932342086],[19.542221068147285,79.7102661116316],[19.51110840023364,79.70942688129605],[19.472494124276466,79.71305084190698],[19.45249557384227,79.72276306369787],[19.434438706289825,79.73262787106313],[19.402217862661587,79.73719787674952],[19.05588666747157,79.72727670858956],[19.014442442279915,79.72608947760057],[18.97142028825334,79.7243445672524]]],[[[19.6376342792425,79.60234069958815],[19.6683292380975,79.61512756424546],[19.73888397080473,79.62553405523812],[19.763332364575835,79.6277618384909],[20.119716645951375,79.64193725606596],[20.150829313865053,79.64276123268185],[20.15200996410133,79.64274419037682],[20.15200996410133,79.471909293814],[19.7120780960434,79.54373169025553],[19.679718019287748,79.5508193966242],[19.65763473578653,79.56637573300009],[19.6376342792425,79.60234069958815]]],[[[20.15200996410133,79.471909293814],[20.15200996410133,79.64274419037682],[20.1888847366894,79.64221191493792],[20.214160919296837,79.63970947281318],[20.23749542386048,79.63359069935625],[20.269304276761936,79.61956787219354],[20.298885346410625,79.6083221411897],[20.348457360117095,79.59990867638516],[20.357772826836033,79.59832763608605],[20.378883360367347,79.59498596362582],[20.399997710956946,79.59193420375716],[20.42499542247198,79.58943176163243],[20.567497253024154,79.58499145368434],[20.62944030553867,79.58665466547357],[20.69499588200278,79.58720397837966],[20.808052063813108,79.58499145368434],[20.874996183518803,79.58221435752549],[20.904163361168248,79.58027648686429],[20.92916107268328,79.57748413214799],[20.994742706439858,79.56910781409755],[21.020553590997928,79.56581115669765],[21.0622177110379,79.55941772436876],[21.095550537763465,79.55802917628934],[21.123050691403233,79.55941772436876],[21.14756393646243,79.57033538671172],[21.14756393646171,79.57033538671195],[21.147563936463428,79.57033538671271],[21.10194015303506,79.58499145368518],[21.022773744972937,79.59220886263],[20.994742706439858,79.59457563082438],[20.91416168333103,79.60137939595563],[20.855552673998204,79.60525512760233],[20.78416442928608,79.60748291085514],[20.6752738965518,79.61665344418077],[20.6458301539202,79.62178802616842],[20.48061942933791,79.67872619443284],[20.994742706439858,79.71011820950393],[21.001663206602814,79.7105407705026],[21.092494965674362,79.71360778892871],[21.1824951188513,79.71499633700815],[21.279998781344148,79.71638488992541],[21.332599639949322,79.71584124907808],[21.332599639949322,79.3926075443264],[21.1908302292249,79.38333130089404],[21.074440004232997,79.37136840801423],[20.994742706439858,79.36633386345524],[20.9688835146805,79.36470031681341],[20.93610763497759,79.36608886489296],[20.793052674460967,79.3767852781528],[20.521663666850657,79.44802856656901],[20.348457360117095,79.45288160761136],[20.273330687873965,79.45498657036154],[20.223327635565056,79.46026611348299],[20.15200996410133,79.471909293814]]],[[[20.15200996410133,79.77311700808762],[20.15200996410133,80.44977457549379],[20.348457360117095,80.42304594080561],[20.41582870620467,80.41387939477573],[20.432027817779286,80.39730834981593],[20.527774811027978,80.32083129878842],[20.572498320215338,80.30220031954566],[20.812427520473108,80.21970367568464],[20.853328702964838,80.21110534793915],[20.881938933591627,80.21138000681113],[20.943328856141772,80.21220397858917],[21.095829008855873,80.21527099701528],[21.12527465759772,80.21665954509471],[21.30055236785281,80.23997497404261],[21.332599639949322,80.24460609050345],[21.332599639949322,79.8241331744374],[21.138050080757296,79.8146972656399],[20.813331602097662,79.80165100066756],[20.750000001503622,79.79998779371601],[20.65499496407739,79.79776001046338],[20.591941834575778,79.79637145754612],[20.48666000389511,79.79637145754612],[20.4236068743935,79.79498290946657],[20.391941071677707,79.7941436791312],[20.348457360117095,79.7917903445043],[20.335552216318547,79.79109191926239],[20.2580528274284,79.78498840436305],[20.16277313112994,79.77499389442141],[20.15200996410133,79.77311700808762]]],[[[21.332599639949322,79.3926075443264],[21.332599639949322,79.71584124907808],[21.387775420033044,79.7152709958801],[21.501941678830395,79.71276855375537],[21.641028052762625,79.70797391570869],[21.67943954305953,79.70664978029843],[21.70860672070897,79.70443725560312],[21.77610778743732,79.70138549573446],[21.83916473399714,79.70277404865173],[21.864719392534827,79.70999145275867],[21.864719392534703,79.70999145275928],[21.86471939253579,79.7099914527596],[21.861316681007793,79.72686004442744],[21.87249756072285,79.74206542914317],[21.973884584140993,79.75277710096053],[22.019443511443413,79.75637817373527],[22.154441832679673,79.76499938931693],[22.26694107230519,79.7691497798356],[22.28731339908539,79.77209284091974],[22.31985855262774,79.77679443322687],[22.34277343718579,79.78582000541883],[22.342773437185198,79.78582000541907],[22.342773437186736,79.78582000541968],[22.32069015368552,79.79499053874531],[22.28731339908539,79.7976962823365],[22.248882293805536,79.80081176549413],[22.2172164910898,79.79998779371601],[22.192218779574603,79.79803466933521],[22.07638549676767,79.78498840436305],[22.054718016213712,79.78193664449424],[22.017776487434674,79.77442932295787],[21.952495574680427,79.76582336593373],[21.795551301797786,79.76388550011035],[21.735828398419912,79.78054046713606],[21.770553590281768,79.80081939477193],[21.79972076309337,79.80609130861464],[21.83499526786273,79.80581664974268],[21.875551221863745,79.81443023604562],[21.8755512218625,79.81443023604615],[21.875551221864782,79.81443023604663],[21.852497099341406,79.82415771639478],[21.69944000444258,79.83387756262647],[21.66416168261503,79.83415222149847],[21.641028052762625,79.83358930816455],[21.413330078571676,79.8280487065989],[21.332599639949322,79.8241331744374],[21.332599639949322,80.24460609050345],[21.483329775203373,80.26638793853154],[21.641028052762625,80.2717093321011],[21.697216033409333,80.27360534747632],[21.80277633518247,80.27249145343102],[21.83832931588208,80.27110290535158],[21.870412827655503,80.25846099698958],[21.898330690352775,80.21775818058259],[21.887836245644728,80.20654318021099],[21.88430214002185,80.20276642050847],[21.8297195418005,80.1461029062782],[21.829719541799584,80.14610290627725],[21.856105806231888,80.14360046415253],[21.917442459293973,80.13276022632836],[22.054164886248408,80.10859680119684],[22.128051756026927,80.07554626262196],[22.192634582521077,80.01901245096721],[22.28731339908539,80.02936280516819],[22.361663816743057,80.03749084463546],[22.361663816743366,80.03749084463622],[22.361663816744056,80.0374908446363],[22.400231142963555,80.13276022632836],[22.452356337850404,80.26152038613787],[22.4086074847433,80.32554626560949],[22.386661528259026,80.32887267951219],[22.33576011749517,80.35873413120135],[22.36110687455893,80.41026306344392],[22.38499450908626,80.42359924100741],[22.408329008812057,80.42665100087606],[22.498050690896587,80.4291534430008],[22.513189315797312,80.42882161525185],[22.513189315797312,79.39992947037425],[22.28731339908539,79.40474233111075],[22.210826875819123,79.40637207096995],[22.176940919129265,79.40664672984195],[22.14638519340042,79.40582275322612],[22.09471893414019,79.40248108076577],[21.931938171113416,79.38581847962354],[21.641028052762625,79.38782674150228],[21.569442750397627,79.38832092174817],[21.52305221720053,79.39137268161682],[21.438327790086646,79.39414978261362],[21.37499618465489,79.39498901294894],[21.347774506945427,79.39360046486962],[21.332599639949322,79.3926075443264]]],[[[22.513189315797312,79.39992947037425],[22.513189315797312,80.42882161525185],[22.612216949693938,80.42665100087606],[22.678398131851388,80.41207122669071],[22.658050535868973,80.38456726083137],[22.632774353261823,80.3699798573673],[22.632774353261485,80.36997985736677],[22.63277435326088,80.36997985736642],[22.619232175495732,80.34859466496314],[22.694995881705644,80.32832336660516],[22.716938021131575,80.32499694786455],[22.749160766032276,80.3241577126912],[22.832496645066634,80.40789794833586],[22.832496645066637,80.40789794833593],[22.832496645067465,80.40789794833677],[22.833885193147008,80.43692016485262],[22.853640438756774,80.45678336459292],[22.886940000485737,80.49026489445853],[22.933598745408155,80.48558583058917],[23.258052824562796,80.45304870680754],[23.284721372307946,80.45027160581084],[23.31499672083419,80.44498443824853],[23.35582923981739,80.426513673859],[23.33971786736704,80.34242248655512],[23.301803588618593,80.28068542456711],[23.242492675967526,80.26554870819689],[23.19610595499097,80.25999450620361],[23.16971588317608,80.2577667229508],[23.139717104469753,80.25665283374332],[23.08694076338469,80.2524871846673],[23.047496797318843,80.24497985829305],[23.047496797318416,80.24497985829218],[23.0474967973179,80.24497985829208],[23.004163742320188,80.15679168542061],[23.05700130216538,80.13276022632836],[23.07166480904854,80.12609100339596],[23.10138702277257,80.12081908955325],[23.15277481094035,80.11526489239769],[23.18305206073897,80.11331176801689],[23.220479966921914,80.11748504637174],[23.22047996692055,80.11748504637232],[23.220479966922767,80.11748504637256],[23.184387186282112,80.13276022632836],[23.17582702735433,80.13638305520857],[23.118328095008223,80.15304565635103],[23.09027290529509,80.16456604138845],[23.22527313263944,80.1896972676997],[23.24805069018043,80.19247436385855],[23.429439544613725,80.20776367064109],[23.472911832738717,80.20623779070675],[23.492076876005797,80.19094848392423],[23.48286437922829,80.17266845634069],[23.489162443154193,80.15470886330147],[23.541622045476405,80.13276022632836],[23.54860878155032,80.12983703730433],[23.572094026983518,80.13276022632836],[23.596664427808967,80.1358184837442],[23.61971855033214,80.14276885825791],[23.693778991645303,80.1790175260454],[23.693778991645303,79.17539415837084],[23.511665341824198,79.17886352515336],[23.407497405188735,79.18275451535749],[23.311943054856215,79.18775939960693],[23.252220151477957,79.19165038981112],[22.973884581574396,79.2136077877945],[22.933598745408155,79.21833313061146],[22.92666244732061,79.21914672639258],[22.89166259658532,79.22637939389483],[22.825828553866643,79.24136352469037],[22.779441832890143,79.25305175869823],[22.73721694876923,79.26554870592656],[22.695549011670835,79.27832031202689],[22.654163362723352,79.29692840343347],[22.642911913388787,79.32234954717467],[22.6558303818951,79.3599853499934],[22.61471939181962,79.39776611394575],[22.513189315797312,79.39992947037425]]],[[[23.693778991645303,79.17539415837084],[23.693778991645303,80.1790175260454],[23.751388551555397,80.207214357735],[23.86666488733977,80.2780456554244],[23.939437867910826,80.3094177236526],[24.189437866059492,80.36331176616555],[24.21305084171554,80.36608886716226],[24.22616943805368,80.36663096488367],[24.27360916320891,80.36859130928698],[24.307498932119287,80.36886596815896],[24.347774504079837,80.36775207411364],[24.506107329879736,80.34498596290966],[24.52722168046933,80.34136962673962],[24.560276031264653,80.33360290488875],[24.599996567149358,80.3128967279684],[24.55194091605506,80.3066406226568],[24.476661681138808,80.29609679980928],[24.47666168113856,80.29609679980844],[24.476661681137887,80.29609679980834],[24.467216493778174,80.26401519898297],[24.500553132724182,80.25471496791906],[24.532497406532478,80.25360107387375],[24.779720308522293,80.24664306524348],[24.809997558320916,80.24775695928878],[24.874368667493293,80.25046035643597],[24.874368667493293,79.34290027861584],[24.71110534774965,79.35192871071308],[24.44332885925104,79.31275939868118],[24.269927980589557,79.26075744631936],[24.253129746961065,79.2447072850226],[24.23249435607586,79.22499084581524],[24.22616943805368,79.22345492557984],[24.116939544361287,79.19692993293256],[24.059719087945552,79.1869201644335],[23.909160613275276,79.17637634158598],[23.78916549845053,79.17442321720517],[23.759162902685887,79.17414855833317],[23.693778991645303,79.17539415837084]]],[[[24.874368667493293,79.34290027861584],[24.874368667493293,80.25046035643597],[24.982215879428615,80.25498962195317],[25.228607175523813,80.25054168472636],[25.508888245367228,80.23637390126787],[25.518740130699207,80.23581971936848],[25.54360962017222,80.23442077688706],[25.698883056824734,80.21582031475921],[25.725458147114956,80.17623138272181],[25.863883973825494,80.17164611847794],[25.89388656475215,80.1727600076854],[26.081665039293902,80.1858062726577],[26.242492677939808,80.18637084895907],[26.598052977861613,80.18470764200768],[26.63721847767298,80.18331909392826],[26.79999923586185,80.17221069477931],[26.811310823344733,80.17027884232726],[27.182216642029637,80.10693359424545],[27.229299543156166,80.09651946913621],[27.16777419969969,80.02192687898159],[27.144996642159185,80.00444030606155],[27.101108551086725,79.96748351872503],[27.10110855108691,79.96748351872495],[27.101108551085893,79.9674835187241],[27.121383666502147,79.95832824879379],[27.165550233504696,79.93969726471319],[27.235548019189274,79.91390228147672],[27.223606108035728,79.88526916301433],[27.181385040973908,79.86525726497132],[27.142219541162376,79.85359191879962],[27.060276032103673,79.83915710574792],[27.034164426543214,79.83749389879654],[26.946941374363007,79.83471679779973],[26.868606567357745,79.82916259580645],[26.811310823344733,79.81727677684258],[26.636245727704022,79.78096008230403],[26.533885954315622,79.73991393867851],[26.477910995793877,79.71568298176999],[26.449718474224483,79.7099914527596],[26.19305038487505,79.66499328470036],[26.03777694822253,79.64582824627104],[25.811107637579198,79.61386871390522],[25.811107637579973,79.61386871390461],[25.81110763757829,79.61386871390437],[25.835691452256235,79.59429168474827],[25.871940613105778,79.5852661125563],[25.90304946879902,79.57165527128262],[25.942218780830828,79.541366575147],[25.975273131625713,79.50776672366646],[25.80277633458917,79.43386840755142],[25.72277259746386,79.40790558018307],[25.676662446307375,79.39888000315312],[25.518740130699207,79.37654166135351],[25.195549012508934,79.33082580646038],[25.149162291532434,79.32638549851242],[25.05027389318053,79.329162599509],[24.986106874471545,79.33276367228376],[24.959716797818714,79.33818054242232],[24.874368667493293,79.34290027861584]]]]}},{"type":"Feature","properties":{"fillColor":"#9ECAE1"},"geometry":{"type":"MultiPolygon","coordinates":[[[[59.2220726013897,80.64582061796591],[59.28027343754587,80.69609069782172],[59.369987487573326,80.73442077627993],[59.548049926396345,80.79832458530927],[59.61332702698775,80.81666564928742],[59.63804626412514,80.82249450613563],[59.664710998557155,80.82748413020988],[59.693878173787596,80.83110046429061],[59.724708557043016,80.83387756402885],[59.771863485805675,80.83657295051505],[59.87526702866006,80.84248352061553],[59.908599854282556,80.84414672864034],[60.07888031020127,80.85026550351967],[60.116386413408634,80.84971618720846],[60.15776824897648,80.84721374484133],[60.20110321060042,80.84359741232913],[60.23137664721469,80.83915710456591],[60.25652313263731,80.83179473804876],[60.229156494117376,80.82527160587387],[60.16082000765476,80.82304382401514],[60.12360382091015,80.82360839784923],[60.05721283017368,80.82026672427673],[60.02610015921715,80.81748962453827],[59.99694061274795,80.81387329045754],[59.967491149816226,80.80651092550875],[60.00222015328501,80.80358886675486],[60.10166168194269,80.80859374992053],[60.13694000172262,80.80914306623174],[60.28166198773022,80.80914306623174],[60.31888580323624,80.80886840886023],[60.35068511918968,80.80165100135872],[60.41814883212844,80.80477153170347],[60.56082153290578,80.811370849659],[60.75304603576663,80.820527337899],[60.75304603576663,80.42487658069614],[60.6124954225063,80.43830871621117],[60.4963836666567,80.45582580493846],[60.4286041252667,80.46971130363045],[60.41814883212844,80.47289313798622],[60.41220855701465,80.47470092770476],[60.38971710173581,80.47943115193073],[60.331382751274816,80.48831176745705],[60.249160766120156,80.49443054233637],[60.21665954607869,80.49304199168307],[60.18813705451987,80.47943115193073],[60.17054748471651,80.46832275454551],[60.144439696925474,80.46360778784259],[60.08804321342893,80.45610046387833],[59.94554138208713,80.43803405727147],[59.88555145236273,80.43275451673446],[59.8533248896926,80.43109130870965],[59.771863485805675,80.42736025190224],[59.65943145801998,80.42221069318333],[59.625823975026265,80.42498779292157],[59.56499481252814,80.45693969665206],[59.53833007809607,80.46720886283191],[59.5216598509042,80.47221374442921],[59.49860382022308,80.47665405219232],[59.44582366923879,80.48580932665851],[59.357215880594936,80.49859619115978],[59.31110382080112,80.50776672314885],[59.2711029055568,80.51748657301744],[59.25416564975501,80.5224914546148],[59.245132446451635,80.53068542514444],[59.30249023388467,80.5413665773811],[59.313346863319794,80.54142761217838],[59.3569412232236,80.55165100108394],[59.370269775274664,80.56123352069841],[59.275268554380204,80.58248901310066],[59.25638580285232,80.59027099600479],[59.2220726013897,80.64582061796591]]],[[[60.75304603576663,80.42487658069614],[60.75304603576663,80.820527337899],[60.89332580603637,80.82720947283843],[61.12082672070272,80.84136962890193],[61.360824584976115,80.850540160891],[61.412490844246804,80.8541564934032],[61.47804260220937,80.85998535181972],[61.534301758588754,80.87705993630738],[61.56193542415025,80.88581848067093],[61.59554290714408,80.88720703132441],[61.710719524773964,80.8867135054637],[61.851936339669464,80.88610839870199],[61.92860412534742,80.88388061527479],[62.046104431850324,80.87858581564632],[62.08915710420439,80.87469482419431],[62.12137603811328,80.86470031695433],[62.199714660577285,80.82165527336167],[62.21832275316535,80.81109619071913],[62.28401947014356,80.77082824686494],[62.27693939132769,80.75610351539893],[62.251106262476526,80.73776245142079],[62.21887969980634,80.71887206956313],[62.20138549736356,80.71249389640388],[62.14971923809287,80.70082092361605],[62.106941223110084,80.68858337385745],[62.03804779000649,80.662490845158],[62.047218321995615,80.65721130305246],[62.06944274866436,80.65248107882661],[62.09832763619369,80.64804077106339],[62.12082672180213,80.64305114698908],[62.1363830572804,80.63804626539178],[62.14360427916273,80.6296997070852],[62.08665466340585,80.61747741641784],[62.05749511693682,80.61387634299706],[61.93915557922833,80.60026550324471],[61.87360382126565,80.5972137445666],[61.80443572922235,80.59637451179265],[61.76805114805859,80.59693908719527],[61.735267638747416,80.59553527901892],[61.710719524773964,80.59357239270548],[61.70416259812066,80.5930480957432],[61.57999420199559,80.55470275819357],[61.386524201090765,80.4801254272574],[61.36832428017891,80.47053527888136],[61.34526824949785,80.46360778784259],[61.32054901079192,80.45776367190297],[61.24610137977999,80.44026184069872],[61.09443664521058,80.40721130434605],[61.066101073992456,80.40359497026532],[61.0338821416521,80.40193176224051],[60.99999999971857,80.40165710486917],[60.95832824768797,80.40525817829013],[60.75304603576663,80.42487658069614]]]]}},{"type":"Feature","properties":{"fillColor":"#6BAED6"},"geometry":{"type":"MultiPolygon","coordinates":[[[[8.74319362634725,42.04936981177042],[8.712245548629832,42.077791137607676],[8.681110382238785,42.10638427728753],[8.63888740557195,42.12027740496836],[8.608331680541937,42.13277435298011],[8.587221145910291,42.169715881184175],[8.570554732913934,42.22166442879211],[8.575832366572001,42.383605957235034],[8.665277481264695,42.51110839841431],[8.718194008116745,42.570552826114685],[9.117638588182933,42.72943878213897],[9.150832176340566,42.733329773139225],[9.253193854895157,42.71986007695599],[9.253193854895498,42.71986007695662],[9.253193854895699,42.71986007695659],[9.27599807482238,42.761893567221314],[9.312567711241623,42.82929992715559],[9.319026413903538,42.86158066730481],[9.3468036648031,43.00041198765934],[9.383333205922577,43.00860595674378],[9.42124938970041,43.010414123496844],[9.459582328646475,42.988048553590055],[9.4884014132429,42.807006836005385],[9.50027656582407,42.5986099241657],[9.520277023537702,42.572494506810216],[9.532776832231372,42.54555129963926],[9.562221527062825,42.27277374301356],[9.559999465823466,42.19221496587636],[9.559030058588107,42.18257662927011],[9.552568435721046,42.11833190946762],[9.516929733474672,42.077791137607676],[9.448055267281434,41.999443054066006],[9.441343304631905,41.99215132628149],[9.42555427518721,41.974998473874166],[9.408331870873155,41.94458007843434],[9.408041889246572,41.942667077576566],[9.396928787282294,41.869354247933686],[9.400554656956759,41.84555053719431],[9.404304504405465,41.823745727532106],[9.39888763459811,41.69888305688304],[9.380235941405546,41.65725579719813],[9.377915381992864,41.65207672158891],[9.25111007652555,41.42121124265009],[9.225424940522391,41.37718225052658],[9.219652175521736,41.367286681949054],[9.182567596363867,41.364925384560365],[8.790414810250809,41.55784225472627],[8.78555488588316,41.61332702663146],[8.80195572825321,41.62906494265987],[8.806978226054696,41.63388442978544],[8.796943664378887,41.71027374278128],[8.712222099429027,41.91166305517322],[8.668609619422625,41.90833282441753],[8.627222061337193,41.906661987254324],[8.590970993359129,41.963535309219864],[8.659442901323125,42.00833129902345],[8.743193626346672,42.04936981176983],[8.743193626346454,42.04936981177003],[8.74319362634725,42.04936981177042]]]]}},{"type":"Feature","properties":{"fillColor":"#9ECAE1"},"geometry":{"type":"MultiPolygon","coordinates":[[[[22.5149604773527,49.38260715404465],[22.67861326549189,49.566300218377535],[22.98594839771829,49.65818040691198],[23.506779344296888,49.60713308600083],[23.96897628499596,49.38260715404465],[24.188830083965854,49.199003730539346],[24.39035253587997,48.97472108950734],[24.827518026163432,48.5570957798501],[25.20930408349284,48.20095198733668],[25.61335405274417,47.87562864197008],[25.932746036933793,47.65213126828411],[26.284145301128717,47.530279293728825],[26.797285671919724,47.54043212499323],[27.436367962408937,47.55550133051508],[27.65847984973476,47.56073860547758],[27.91633346246507,47.599970758944956],[27.91633346246507,45.438404376210194],[27.756625462480656,45.565760135835546],[27.436367962408937,45.71569368097503],[27.00118313090468,45.9194322493575],[26.556684384526193,46.04076711859159],[25.553032718089923,46.10144909988543],[24.960944116012456,46.10144909988543],[23.803500427707263,46.13179372923622],[22.879728182966915,46.232960022302564],[22.77136170068667,46.46574493450578],[22.83456203945292,46.83039112098123],[22.97762537428747,47.99759205307106],[22.86936740647485,48.343369161511305],[22.73284240583331,48.65891295004957],[22.588240324755475,49.0868457109508],[22.5149604773527,49.38260715404465]]],[[[31.51450921063786,46.57909392540487],[31.539997109679096,46.56179428735401],[31.55652427101108,46.550125138550314],[31.556568054795296,46.55011367416739],[31.58777428968021,46.5419426073514],[31.620273596743484,46.54027558609373],[31.68038179404086,46.54579926116652],[31.694133761224958,46.54912947091509],[31.707717723536938,46.55011367416739],[31.72288133162419,46.55121232801031],[31.76374625225075,46.55332565366563],[31.77377675697321,46.55011367416739],[31.837497705529184,46.52970888038748],[31.852527610071203,46.522674553198414],[32.09248351015847,46.50971984021807],[32.18110656309673,46.4913787736169],[32.276649463513436,46.46858980053224],[32.319709785205035,46.46193696913902],[32.34804535253349,46.459156045198384],[32.35777544746517,46.464676671657436],[32.41609953350465,46.497768382976844],[32.50563752700076,46.55011367416739],[32.61471176555199,46.61388015536065],[32.61471176555345,46.613880155362196],[32.61471176555358,46.61388015536227],[32.64162065320147,46.64228057000736],[32.51859282739122,46.60832976706644],[32.456092828767794,46.58471678784025],[32.42137144613116,46.56832884498613],[32.39999389908979,46.56137086341408],[32.37525939036186,46.55748749637604],[32.35777544746517,46.55712371416113],[32.32832336716564,46.556510915145],[32.14186096707613,46.56026458754991],[32.013603195501275,46.63429261947306],[31.993045821834585,46.6538772446757],[31.97082328522123,46.69359969108518],[31.966415409857518,46.726806627553344],[31.94874190282667,46.7406844953187],[31.93596458113285,46.76402283164106],[31.944213856674423,46.79824065066708],[31.951131807126725,46.814159408667244],[31.952013022902886,46.81511418092571],[31.979717239877004,46.845130912950765],[31.986691899040732,46.85755158408158],[33.317706447577436,46.85755158408158],[33.317706447577436,46.12339495019466],[33.315818769324665,46.124427785676744],[33.26914976221377,46.141662615128496],[33.18859863224543,46.16012574954419],[33.12485124225384,46.131099703474206],[32.903804780979954,46.11117171656946],[32.84609984459405,46.119979840478436],[32.811794297795245,46.129295360764445],[32.77443693948891,46.12998963355801],[32.744712826573505,46.12609863970113],[32.634437544974844,46.10915374550558],[32.58554077121295,46.096099845166975],[32.5380477966753,46.07756044256399],[32.500408168646175,46.07624437111235],[32.40998077299827,46.09165952678751],[32.35777544746517,46.10345669365481],[32.33749390046637,46.10803984282262],[32.264503464323866,46.126930233946666],[32.25858071066492,46.139822956294594],[32.24331666518037,46.17304991653481],[32.02720642036263,46.25638580321049],[31.91866111031254,46.283828723028876],[31.889787678046844,46.281589496792265],[31.831104263403972,46.27693175600666],[31.810409529570563,46.27873609871625],[31.79013442562632,46.284160625145546],[31.76597022485173,46.30984496316619],[31.814998628985958,46.33956907608048],[31.85141181036226,46.342266066300255],[31.88216020116182,46.340518944088494],[31.91721344720013,46.34027101440749],[31.942771923354737,46.343040478762624],[31.975408551869993,46.35012815496799],[32.05672073768923,46.39168549007686],[32.0567207376888,46.39168549007735],[32.05672073769091,46.39168549007843],[32.00700379055411,46.4480400149709],[31.96665954548655,46.453048705562765],[31.816329954076537,46.4830169541072],[31.809715256776997,46.4849929970253],[31.772359834211443,46.493595119399004],[31.74259951183314,46.493345621108645],[31.69864845076745,46.492977153507525],[31.670022948182805,46.48226546081577],[31.60277558397479,46.50360870653037],[31.537438477672534,46.55011367416739],[31.5270786337681,46.55748749637604],[31.51450921063786,46.57909392540487]]],[[[28.138221070736456,45.2277946578529],[29.732401088973887,45.2277946578529],[29.731939326290508,45.22623824966334],[29.708606719762372,45.213325503543956],[29.668188103533282,45.21012878248064],[29.664331449718304,45.21180343055704],[29.66433144971721,45.21180343055526],[29.664331449716702,45.21180343055548],[29.641105657364296,45.173881532803705],[29.660274524158947,45.112762452948466],[29.641380300268263,44.981933591735086],[29.623710197109265,44.90895080267619],[29.608325977604515,44.845409393956146],[29.549438458453608,44.82026671492497],[29.45082857032179,44.80888366861075],[29.389995592955927,44.80221558358011],[29.34417722777988,44.7997207621288],[29.21416091312244,44.79305267709816],[29.067493433577965,44.822761536376106],[29.04971694513705,44.8473472640664],[29.044256939963006,44.90895080267619],[29.042909602913433,44.9241523871634],[29.057453882856187,44.937950877060516],[29.067497266343224,44.947479263898735],[29.103397360264335,44.963287336240214],[29.103397360263486,44.96328733624079],[29.10339736026583,44.96328733624182],[29.044437405693202,45.003189070963685],[28.983810429862785,45.00575636655009],[28.899997692799673,44.9666595515655],[28.869194017243046,44.940509784027824],[28.86919401724303,44.9405097840276],[28.869194017241437,44.94050978402625],[28.866867332566617,44.90895080267619],[28.864644987658824,44.87880707832138],[28.893743507864155,44.86318971516295],[28.94735528162452,44.8266563242833],[28.926940920487713,44.77832792273356],[28.90800060464282,44.76115547915819],[28.901662817031394,44.75540925501701],[28.865964891878775,44.7490196069424],[28.795827853812398,44.716381081401096],[28.795827853811627,44.71638108139993],[28.795827853810795,44.71638108139955],[28.78207968067866,44.695678720747246],[28.78082849525853,44.660961132162754],[28.78992845144973,44.64238738951805],[28.799715053615667,44.6401977569606],[28.84930230611918,44.64831923489484],[28.90659140666745,44.68630601867805],[28.90659140666811,44.686306018679105],[28.90659140666895,44.68630601867966],[28.910400402545008,44.69233705141354],[28.9300269946072,44.70122527627624],[28.975444777579177,44.67217634975261],[28.95022966313229,44.67695236429989],[28.92442321858192,44.68580245506928],[28.904516215107265,44.66958237965707],[28.87797163387694,44.647460927427915],[28.8388939052968,44.63418960468334],[28.800552377655436,44.63050077959508],[28.763050071078283,44.62558364954282],[28.763050071078215,44.6255836495415],[28.76305007107678,44.62558364954131],[28.757499682781013,44.51972197309935],[28.751800552162578,44.42610931597364],[28.64429856768743,44.327697763845094],[28.644298567687194,44.3276977638446],[28.64429856768591,44.327697763843425],[28.629579543115543,44.296520219309656],[28.62888337329616,44.271934491621295],[28.266607986380507,44.5379622597473],[28.16816823599612,44.789334356423694],[28.184487365083346,44.90895080267619],[28.201114537876038,45.03082515700339],[28.138221070736456,45.2277946578529]]],[[[27.91633346246507,45.438404376210194],[27.91633346246507,46.85755158408158],[30.617019955021252,46.85755158408158],[30.617019955021252,46.21210794143745],[30.509162910158633,46.0963745267852],[30.24624250401206,45.87359619693757],[30.163608555663416,45.82971953463789],[30.144439688868715,45.82054137451871],[30.063331607558837,45.79985426750392],[30.047357564801644,45.81276321957171],[30.030132297909347,45.831310287708334],[29.98360444501725,45.84318160528068],[29.92999267125674,45.81777191016357],[29.897071704937055,45.79647259194868],[29.80214690275261,45.73505782214579],[29.802146902752465,45.735057822145166],[29.80214690275115,45.73505782214431],[29.800851597581353,45.72953223842179],[29.79742621167485,45.71492003965223],[29.82568740784198,45.686519625007136],[29.85992431327192,45.67557908903872],[29.822772995217747,45.64833067245678],[29.78013420044158,45.62887953593952],[29.742631893864598,45.62401199956662],[29.679716098118377,45.696235650065375],[29.67779481960482,45.72953223842179],[29.677215585589238,45.73957061466075],[29.689575213134503,45.76856611474102],[29.681381222350126,45.803592686271145],[29.63610459359279,45.82068252873751],[29.636104593592208,45.8206825287355],[29.636104593591273,45.82068252873586],[29.609550416523938,45.72953223842179],[29.596107465563026,45.683387751260405],[29.59304810466646,45.557071682561954],[29.61916353216255,45.48776244468908],[29.674163812795033,45.46554563786855],[29.732978819097024,45.471446975970416],[29.753467551395214,45.44943237663331],[29.760412215070662,45.32220840678729],[29.732401088973887,45.2277946578529],[28.138221070736456,45.2277946578529],[28.123797397423914,45.27296665841192],[27.91633346246507,45.438404376210194]]],[[[30.617019955021252,46.21210794143745],[30.617019955021252,46.85755158408158],[31.956480004953768,46.85755158408158],[31.90818786217044,46.65359114218537],[31.85971451235133,46.62831876852101],[31.811937332350112,46.61568070401995],[31.74259951183314,46.62712076312653],[31.614925377217958,46.648185740875874],[31.41971780351014,46.625408188661936],[31.33700944528516,46.601940157706395],[31.268054951270415,46.608039870524976],[31.237350463072005,46.6129112396647],[31.18905640156396,46.624549881193616],[31.176940909647726,46.62554167734709],[31.156101227543502,46.623603807237544],[31.127423576201114,46.62042914874678],[31.073329919027856,46.61444090075565],[31.053050982317018,46.61193086438186],[31.01527023878407,46.60359955214551],[30.941104885408947,46.58249664800792],[30.838443130763512,46.55011367416739],[30.832771306686766,46.548324589894094],[30.832771306685743,46.54832458989279],[30.83277130668517,46.548324589892616],[30.779998792703804,46.48137664607087],[30.793539028559767,46.44533156516411],[30.765136716888694,46.37901304681921],[30.655689235483624,46.25360108521639],[30.617019955021252,46.21210794143745]]],[[[27.91633346246507,46.85755158408158],[27.91633346246507,47.599970758944956],[28.192409511279948,47.64197543671963],[28.64245925527183,47.73338774656236],[29.253679247643674,48.058588532585645],[29.182414818939222,48.1912765456586],[29.17175570776999,48.21112286040329],[28.9271333354813,48.56727625965061],[28.607344260243792,49.10723559311464],[27.94297112813132,50.03626779275032],[27.953021208550126,50.11706543653892],[31.79690888687484,50.11706543653892],[31.845204149511005,49.974828627028785],[31.784907088092325,49.729658302495636],[32.12629212715166,49.46423744139673],[32.35777544746517,49.35137423689758],[32.87941591392513,49.09704051401263],[33.317706447577436,48.956078247288374],[33.317706447577436,46.85755158408158],[31.986691899040732,46.85755158408158],[31.993049615886434,46.86887358681025],[32.00804138633481,46.90498351503362],[32.0112381073983,46.92610167280867],[31.98082351574135,47.00749968937464],[31.839992526981916,47.17971039143657],[31.7515220491332,47.25235367182472],[31.74259951183314,47.24496155822431],[31.726657884486883,47.23175429258271],[31.726657884486954,47.23175429258259],[31.726657884485224,47.23175429258116],[31.74259951183314,47.20554198569307],[31.842353821031484,47.04151917239743],[31.965026864268918,46.92537305997192],[31.96416092998177,46.8899917445837],[31.956480004953768,46.85755158408158],[27.91633346246507,46.85755158408158]]],[[[27.953021208550126,50.11706543653892],[27.97870805252313,50.323574875557995],[28.175153529924103,50.52899713981418],[28.389050991362694,50.714022151492145],[28.763447229283656,51.084485467225136],[28.969844761083664,51.21839968826157],[29.463894293360056,51.424562674533206],[30.11033677955021,51.3730058743505],[30.634858523631067,51.3111518465916],[30.996426170291443,51.16688567551506],[31.265507117158336,51.02270323742829],[31.491493856546697,50.80658626120692],[31.598276709996583,50.621492457147156],[31.730276373595757,50.31330820614261],[31.79690888687484,50.11706543653892],[27.953021208550126,50.11706543653892]]],[[[32.48109818634754,45.39402009293167],[32.49388123783405,45.421932236318455],[32.51603677585553,45.44452658190758],[32.52874373597324,45.457485213199064],[32.57387541645956,45.482490532064055],[32.898597715669965,45.64276886328886],[32.931232447159246,45.657623273570415],[33.02248381023388,45.687484746652615],[33.184150687045616,45.738601698961816],[33.317706447577436,45.77591206194365],[33.317706447577436,45.16787782143418],[33.276172629817495,45.15554429897077],[33.17540357768803,45.190124527388605],[33.146377570332845,45.20943450968707],[33.123046860829504,45.22914886823787],[33.07319259224073,45.267635344149824],[33.01165771526263,45.30443571239982],[32.934570322442994,45.34276198640367],[32.86400986043515,45.35762785627071],[32.84054566224643,45.35971067465124],[32.727344508436545,45.35457228942619],[32.6862335164401,45.335334781262816],[32.65672303187887,45.31262587041755],[32.56984710115239,45.319854739556376],[32.50971985616553,45.33970641955898],[32.48109818634754,45.39402009293167]]],[[[33.317706447577436,45.16787782143418],[33.317706447577436,45.2277946578529],[36.018392940133616,45.2277946578529],[36.018392940133616,44.9948376592041],[35.856933577740165,44.986381536934914],[35.833953856757546,44.99388121621109],[35.8117942704348,45.02457428353864],[35.78540803280157,45.05276869664846],[35.727905265184404,45.080547351350276],[35.67721556958344,45.100265503952926],[35.64192960878677,45.11138153418182],[35.59304046184354,45.1191558950768],[35.56235122728265,45.12053681384492],[35.5265846220467,45.11845778951658],[35.43365512562532,45.07632330135316],[35.4288788022954,45.07415770327549],[35.17501945953266,44.90895080267619],[35.14887618050079,44.891937246848954],[35.14887618049949,44.89193724684757],[35.14887618049919,44.89193724684737],[35.14089708664982,44.88343878127716],[35.13387298918161,44.875957474299014],[34.99839018123453,44.83325576794692],[34.96414948175237,44.83943174895285],[34.724151614804725,44.80929567168147],[34.51859282205589,44.744430546240096],[34.46207426248833,44.72040176989117],[34.44124220720289,44.70484925404941],[34.44124220720218,44.70484925404851],[34.44124220720127,44.70484925404783],[34.39859772134723,44.650825515931515],[34.376937865868186,44.62165068882405],[34.35971070194998,44.59332274831432],[34.33651351984705,44.549087509390944],[34.130130759672625,44.435409543908975],[34.01165773195237,44.3958206248995],[33.95554350992211,44.38110349735513],[33.930274969023856,44.379150373607956],[33.7952690114642,44.38720704294053],[33.71068190065358,44.394363399229235],[33.45957566901029,44.512775412399435],[33.38706971007406,44.559570320091666],[33.36905288005696,44.584362049316375],[33.46470642741501,44.60304260613765],[33.554435717502685,44.6236038125712],[33.554435717502336,44.62360381257227],[33.55443571750419,44.623603812572696],[33.53860472599166,44.67249299823095],[33.519710540815936,44.78110505262373],[33.540542596101375,44.82555388118749],[33.55617141884375,44.8422775202085],[33.60144425354899,44.857769021500445],[33.60144425354935,44.85776902150155],[33.60144425355054,44.85776902150195],[33.61840240881401,44.90895080267619],[33.62123108623649,44.917488096184854],[33.61249543646295,44.96263123625681],[33.588127318729235,45.02880500329534],[33.56651686937863,45.08749007928486],[33.546241765434615,45.10846328878927],[33.513328558274566,45.12943266552668],[33.426101677742,45.17332458146387],[33.3962364106078,45.18478010191342],[33.36235428775041,45.18401718775135],[33.33887483592423,45.174163802527914],[33.317706447577436,45.16787782143418]]],[[[33.317706447577436,45.2277946578529],[33.317706447577436,45.77591206194365],[33.35915373391872,45.7874908459051],[33.588127318729235,45.865571838188124],[33.62304688853014,45.87747956397408],[33.62304688853089,45.87747956397539],[33.62304688853169,45.87747956397567],[33.668186195836995,45.95735167478807],[33.6463775593204,45.970817578197455],[33.62637709828016,45.998184191113694],[33.622993462085844,46.12401582132077],[33.61401747073512,46.14262769805924],[33.59352873843699,46.15623475568725],[33.588127318729235,46.1528083355676],[33.52532960919507,46.1129722652272],[33.52532960919465,46.112972265226354],[33.525329609193435,46.11297226522559],[33.51081848318442,46.083877577787035],[33.49526976139577,46.06637573225138],[33.47443391205866,46.05303956219035],[33.42964172179279,46.04596326814078],[33.38346098593996,46.087417621839336],[33.317706447577436,46.12339495019466],[33.317706447577436,46.85755158408158],[34.66804969385552,46.85755158408158],[34.66804969385552,46.13039214354864],[34.63151933296025,46.08221055652936],[34.5826301473026,45.998184191112834],[34.56638335866842,45.98596192373526],[34.540828715280725,45.983734118369284],[34.50193786311661,45.986648569709985],[34.40519333224415,46.01273345121638],[34.4413757346029,46.09387970533464],[34.206092828938665,46.25916289438442],[34.20330325436126,46.26103336136999],[34.18331910949149,46.27443314050356],[34.15582276322732,46.28144454852145],[33.957206737127876,46.213607789956484],[33.77297593645636,46.24811554423883],[33.68164063966094,46.221656793755415],[33.67103196709422,46.215473185930705],[33.67103196709448,46.21547318593033],[33.6710319670926,46.215473185929234],[33.70568466964566,46.16498565909687],[33.72957229177581,46.14499665764227],[33.89999390476541,46.0386047430818],[33.96818540718856,46.01721573645476],[34.114265428116795,46.01760482035452],[34.18140028706968,46.03317258983378],[34.20330325436126,46.03106678479398],[34.35832215636306,46.016162887036465],[34.497425070600116,45.87477874098754],[34.64915466718246,45.78555297579541],[34.66804969385552,45.77639121048227],[34.66804969385552,45.2277946578529],[33.317706447577436,45.2277946578529]]],[[[34.666206375557266,46.08637619329088],[34.66804969385552,46.08697390509074],[34.66804969385552,46.08422913661861],[34.666206375557266,46.08637619329088]]],[[[34.66804969385552,46.13039214354864],[34.66804969385552,46.85755158408158],[36.018392940133616,46.85755158408158],[36.018392940133616,46.6643977592758],[35.90720368216648,46.65109252668316],[35.8117942704348,46.61859511664568],[35.76054762349247,46.59290315180601],[35.728740692196766,46.57304763903659],[35.704793919474305,46.55011367416739],[35.69915773349999,46.54471586576],[35.64984512390055,46.50165175001655],[35.62803648738395,46.48915863378613],[35.582763652678636,46.47221373959064],[35.548458105879774,46.46082686050954],[35.51818466844168,46.45540237279505],[35.48422240591532,46.441646572844206],[35.43365512562532,46.39951252399846],[35.35221862746914,46.331657393735156],[35.3522186274682,46.331657393734126],[35.352218627467536,46.33165739373358],[35.281196607424604,46.25453186682016],[35.19623183358572,46.154430374262375],[35.160610215335964,46.128532407887576],[35.1244278129771,46.1124877880211],[34.996723159976966,46.0742263613339],[34.98012162748397,46.086029037537415],[35.054641724715324,46.141654949593374],[35.10942841570851,46.15554048289232],[35.15179063183986,46.16359711350994],[35.18526458439332,46.17235184968779],[35.204292296969214,46.18443300156227],[35.204292296970436,46.18443300156364],[35.204292296970834,46.18443300156389],[35.24804689145583,46.233329775325785],[35.26756287528913,46.25981140626454],[35.282909389594664,46.27054214664511],[35.28290938959612,46.27054214664656],[35.282909389596284,46.270542146646676],[35.31485029239127,46.30231469904223],[35.334297190755876,46.32165909895432],[35.334297190755905,46.32165909895438],[35.33429719075741,46.32165909895588],[35.347969056987495,46.34963988371152],[35.198043841829644,46.443313594101994],[35.198043841831776,46.443313594098],[35.198043841828024,46.443313594100346],[35.21568297010218,46.41026306548834],[35.205406199652174,46.38706971615164],[35.119712812978634,46.29943083254971],[35.11076353485106,46.29408265173748],[35.05665206896197,46.26012801602997],[35.03387831079988,46.25012968253583],[34.81847918999329,46.18323524313708],[34.812484732486666,46.181373601952544],[34.702491759325596,46.17581938088989],[34.702491759324445,46.17581938088837],[34.70249175932403,46.17581938088835],[34.66804969385552,46.13039214354864]]],[[[34.66804969385552,45.2277946578529],[34.66804969385552,45.77639121048227],[34.76469062458146,45.72953223842179],[34.81847918999329,45.7034513960202],[34.93595886269304,45.646488195652],[35.07068634458197,45.55110170309151],[35.08456800639932,45.52484512137667],[35.09359359142917,45.46394346392771],[35.07609557866044,45.447761522610335],[35.04595566862247,45.436096206573495],[35.013740528307835,45.42335891599919],[35.013740528308375,45.42335891599849],[35.01374052830627,45.42335891599766],[35.05873872010753,45.36540221716409],[35.12054823998946,45.32859801614724],[35.13304139493469,45.32499695754666],[35.33859252214992,45.28610993814941],[35.338592522150094,45.28610993815122],[35.33859252215149,45.28610993815096],[35.34304046734974,45.33249663682443],[35.23220060759104,45.44304656132692],[35.146934516339115,45.52748872386695],[35.074043267555055,45.60438536878877],[35.054039012462965,45.61946869977669],[35.02278899379388,45.65663147741839],[35.00995634862801,45.67396162274679],[34.96816022370812,45.72953223842179],[34.96038055571,45.73987580355447],[34.910873404160725,45.802738172854674],[34.861972797631836,45.86829757108944],[34.8522720262128,45.88910295186696],[34.81847918999329,45.93149418427167],[34.754852308951115,46.01131056558768],[34.71692657843249,46.0308227553698],[34.70053863557837,46.046386730796996],[34.66804969385552,46.08422913661861],[34.66804969385552,46.08697390509074],[34.73346330232242,46.10818482980669],[34.79948042582558,46.087722772016654],[34.81847918999329,46.07584667636899],[34.82364656234128,46.072616560572506],[34.87244035469301,45.965686781074794],[34.879611964619244,45.94268417963602],[34.90193937966879,45.89527893287123],[34.9243393075685,45.85708235350067],[34.979423521921845,45.753318787791386],[34.98112488322121,45.751441970946374],[34.99109650349233,45.73332978633679],[34.99409698465036,45.72953223842179],[35.053878771838455,45.65386963988039],[35.07082366603396,45.63457107845248],[35.24916075542242,45.44664765864072],[35.319297793488786,45.37693404451581],[35.359710679924945,45.351104719509195],[35.38276670780965,45.338592516874535],[35.43365512562532,45.31141604452442],[35.45790480964904,45.29846573292785],[35.48894882678279,45.288185129711074],[35.54553986048562,45.293052666084066],[35.697345725255275,45.32846069469525],[35.86304475014259,45.40442655801331],[36.018392940133616,45.43507277357993],[36.018392940133616,45.2277946578529],[34.66804969385552,45.2277946578529]]],[[[36.018392940133616,46.6643977592758],[36.018392940133616,46.85755158408158],[36.99322117498961,46.85755158408158],[36.99304962190587,46.85749054049603],[36.91666029593142,46.82554245498147],[36.86790467638815,46.79082869916368],[36.76387784993091,46.75109862593558],[36.74166108182516,46.76457978298242],[36.700126665887296,46.77248763256256],[36.61360168496691,46.775268556503306],[36.51512907957209,46.753051749682754],[36.41665651289202,46.724433912631525],[36.39554594322084,46.71720887625935],[36.21457671092935,46.6595649544235],[36.193180077483476,46.666938771832974],[36.067489640210056,46.67027281434849],[36.018392940133616,46.6643977592758]]],[[[36.018392940133616,44.9948376592041],[36.018392940133616,45.43507277357993],[36.048831061257346,45.441077434602725],[36.13623809397302,45.45832060149638],[36.29083250950204,45.465270994964584],[36.48526764520308,45.441375746015694],[36.6045684731167,45.41860198785369],[36.63679503430198,45.37790679298001],[36.63693618852075,45.34970854710359],[36.6204032973975,45.33346175846981],[36.5745697172988,45.331516261541424],[36.54054260745596,45.34137727358353],[36.494087228699186,45.33866119695949],[36.494087228697744,45.33866119695794],[36.494087228697566,45.338661196957936],[36.431102752868,45.27109908129682],[36.41053771366769,45.19971465186227],[36.40519332690731,45.15596009609204],[36.41499328568473,45.128177647338276],[36.44165420493678,45.098316174256084],[36.45346067519199,45.07727815615083],[36.228183729842726,45.00582504663356],[36.048831061257346,44.996431797010985],[36.018392940133616,44.9948376592041]]],[[[33.317706447577436,46.85755158408158],[33.317706447577436,48.956078247288374],[33.51322197657589,48.893196870595716],[34.09978524118793,48.78112986665144],[34.61069537160705,48.69964751908691],[35.1071786924615,48.77094360972745],[35.1409741144156,48.9951049015005],[34.972580357055335,49.413216436164305],[34.72125435617352,49.88287100852574],[34.63333173467046,50.11706543653892],[38.719079432689796,50.11706543653892],[38.719079432689796,47.14370479961673],[38.55963899477996,47.111450208929966],[38.52275848686088,47.116935711194344],[38.50953480378547,47.11730491358054],[38.35388182731447,47.12165071119256],[38.23582459671718,47.10942840509949],[38.13373564036942,47.06221390623267],[38.07138062873162,47.094982165121905],[37.89665985158109,47.09721372582487],[37.85971070229351,47.096931456102254],[37.83581541462996,47.09276581934142],[37.8016586488684,47.08138273431251],[37.75116728926929,47.0700569084961],[37.648330672397094,47.07499695771912],[37.60942839936234,47.08581542587319],[37.55957029800675,47.08644485135005],[37.53887939693993,47.07860564313859],[37.459983828643715,47.01110078669012],[37.39360046298225,46.94915770069343],[37.321029656729365,46.90012360547939],[37.27918293252141,46.91872430737368],[37.24728393324364,46.93290328523926],[37.196933727863325,46.92568208163408],[37.039512627481315,46.87402343162074],[36.99322117498961,46.85755158408158],[33.317706447577436,46.85755158408158]]],[[[38.719079432689796,47.14370479961673],[38.719079432689796,50.11706543653892],[44.12045241780216,50.11706543653892],[44.12045241780216,44.574234783834136],[43.05363047241923,44.86753217386814],[42.9996948163965,44.90895080267619],[42.778269838684594,45.07898894881117],[42.37382107720259,45.62409335903635],[42.200590417577644,46.07399225290411],[42.16363063450075,46.16998083575595],[41.94007025791268,46.61535936121021],[41.758637169542965,46.91932685069435],[41.56443762230083,47.09168344360319],[41.15613608196412,47.13224934248075],[40.72733508567836,46.90919067037737],[40.27134382361021,46.81797725267279],[39.739886675049526,46.80861194351822],[39.69629561492718,46.807843784212196],[39.259780876905864,47.008255015432105],[39.27957154235685,47.01721192037777],[39.27957154235718,47.01721192037874],[39.2795715423585,47.01721192037934],[39.29998780052131,47.076934827828836],[39.27762604542994,47.23123551404967],[39.26902388434161,47.2498512235548],[39.251518244752674,47.26318359956423],[39.09248351084409,47.280540458115695],[39.06748961284961,47.27777099376061],[38.95665741862439,47.254226694617785],[38.95665741862336,47.254226694616335],[38.95665741862288,47.254226694616236],[38.9302635154568,47.21721265929829],[38.81054689042128,47.16220854589943],[38.719079432689796,47.14370479961673]]],[[[34.586633305008434,50.24145335669931],[34.63715379806001,50.41599393650671],[35.75433537489408,50.5392727008562],[36.28687007740774,50.570101928116856],[36.75549550687958,50.63177183596537],[36.97387123441956,50.714022151492145],[36.845246305171884,51.0124076920693],[36.505131764121415,51.40393866921045],[36.43675620231712,51.47360228864102],[36.00870099759277,51.90972118975577],[35.48298758724525,52.43724720676573],[35.10765127016259,52.799927345772176],[34.89650515068678,53.12160402046652],[34.884457062435786,53.381326834916536],[35.04167556953064,53.59970592343649],[35.47006645309841,53.797454193422936],[35.777324573742135,53.83910568464182],[36.1163722596512,53.745399753124445],[36.595828538179035,53.35014563254515],[36.943306340256584,52.872527353032524],[37.09640117815718,52.62370189732263],[37.359252189625295,52.23024017031116],[37.707969681580494,51.775433381557775],[38.019506939978015,51.47360228864102],[38.123338294163034,51.3730058743505],[38.40822423948714,51.249313225181595],[38.59532551765096,51.25961859268614],[38.85730308726353,51.47360228864102],[38.86039796321296,51.47613018824387],[38.93810748311637,51.74445422040145],[38.91805128704959,52.033743823540476],[38.76768431038204,52.42689273717485],[38.697504596099634,52.93477293907608],[38.67902060117882,53.39172144664701],[38.61411891807904,54.02662482391099],[38.76903816462993,54.26644120622706],[39.341491224274364,54.443847581417856],[39.73312955979134,54.52737737457693],[40.19018450107035,54.642277351365806],[40.54614711174338,54.88269709696743],[40.78802400459142,55.10277477665079],[41.0898720373728,55.15530663115038],[41.532862750822176,55.081766263405655],[41.98735686046149,54.861781655828395],[42.200590417577644,54.67810211604827],[42.46041707165415,54.45428724896624],[42.83036322914455,54.14129038086202],[43.311865447957814,53.75580975937419],[43.63636954142987,53.45409833579225],[43.79533634738891,53.39172144664701],[44.12045241780216,53.43042745600415],[44.12045241780216,50.11706543653892],[34.63333173467046,50.11706543653892],[34.586633305008434,50.24145335669931]]],[[[42.04982172106179,57.09909954803754],[42.200590417577644,57.110237901473795],[42.6249474965166,57.141588170048294],[43.41721405552016,57.09909954803754],[44.12045241780216,57.0567247571963],[44.12045241780216,54.67332833911632],[42.99001569363145,55.83960073776774],[42.61423079370701,56.293705352261384],[42.200590417577644,56.76077067059342],[42.11715399210334,56.85498357357284],[42.04982172106179,57.09909954803754]]],[[[44.12045241780216,44.574234783834136],[44.12045241780216,50.11706543653892],[50.31737871118229,50.11706543653892],[49.993582762659514,49.907390839461016],[49.12350597234507,49.58824733360012],[48.230306579145406,49.36500794437802],[47.28743496484833,49.333127414430294],[47.12199790263388,49.2539724619793],[47.0452256961579,49.21724006192443],[46.29928467034131,48.86033740879759],[45.919207394687874,48.463193813793],[45.88814151737989,47.96481051605832],[46.22136064132201,47.314849716810954],[46.58427820087229,46.62548768313394],[46.77498992013619,46.2509198585696],[47.12199790263388,45.9653864313937],[47.3902282596967,45.744674698558356],[47.39022825969696,45.74467469855758],[47.39022825969542,45.74467469855736],[47.41429520885282,45.674434679080704],[47.48050691302066,45.65258407570374],[47.540683751686615,45.636238099710155],[47.55998993993326,45.60026549293875],[47.5681800979509,45.563739767592644],[47.543670638449086,45.528461472331344],[47.48619079000315,45.57145690799126],[47.486190790019826,45.57145690797606],[47.48619079000163,45.57145690798967],[47.50151442385186,45.55748747968468],[47.51776887802066,45.52193450280278],[47.51998139103431,45.494987481061244],[47.481929759934474,45.418807989389066],[47.37109373294247,45.2333297586345],[47.240821823070576,45.05581663667276],[47.13526154147037,44.94026185434525],[47.1274931071228,44.90895080267619],[47.11665345878397,44.865261073957846],[47.07332991505991,44.78318024418532],[46.948867782750995,44.76888274653044],[46.88665771938395,44.7486038098196],[46.77290724105114,44.691581725356684],[46.7729072410503,44.69158172535537],[46.77290724104962,44.691581725355036],[46.71527098474722,44.60248565479617],[46.67998506266537,44.51540376124911],[46.69846724477047,44.44762422318192],[46.7136001694376,44.42513273474261],[46.76027680336722,44.39192963104116],[46.80220793002357,44.388462061125786],[46.83152007858301,44.39624021607266],[46.98915864008593,44.36609651198259],[47.01221466797064,44.360824599357564],[47.03762436308776,44.347553237898],[47.265830974702425,44.14360045185704],[47.3502655104237,44.02664945840906],[47.49012754477086,43.81054304635828],[47.58498383792764,43.72221376144305],[47.56637571652642,43.684707660814006],[47.5549926702122,43.656379681589456],[47.53276060975471,43.598037731624224],[45.430398703338085,44.21409612311834],[44.12045241780216,44.574234783834136]]],[[[44.12045241780216,50.11706543653892],[44.12045241780216,53.43042745600415],[44.144616694393335,53.43330428308519],[44.41960858670518,53.64132392500949],[44.556984989011994,53.80786640447752],[44.676133751010354,53.995361690937045],[44.58560623792653,54.19342880123082],[44.12045241780216,54.67332833911632],[44.12045241780216,56.636093141453614],[46.54956119335187,56.636093141453614],[47.12199790263388,56.27595200871581],[47.12739098669641,56.272559019811126],[47.600712985999394,55.9345520715853],[48.05433711995107,55.72361634732681],[48.65356654096473,55.6709205852959],[49.15783460729557,55.7763273637068],[49.88242861120165,56.39947398820749],[50.1842400911572,56.636093141453614],[51.974092741416115,56.636093141453614],[51.95285253705606,56.4100542436268],[51.92685715280163,56.13516785372724],[51.76550545345094,55.713075974997025],[51.613883016761065,55.40767012777667],[51.91575875497722,55.03975648128153],[52.043405387690115,54.99871582996709],[52.3717243050001,54.8931554879598],[53.23200465882502,54.72587483613381],[53.806595092715895,54.61093564941774],[54.13394849815171,54.48560891960773],[54.614980277055395,54.214287271465764],[54.839150437452645,53.9432653113696],[54.92319838802689,53.743080901346666],[54.92319838802689,53.42243574828795],[54.83162223225207,53.15275630514918],[54.6568870412745,52.945148730709946],[54.48067331797654,52.685884751699916],[54.390563494354865,52.54081577236002],[54.48634270692929,52.375126894770574],[54.65829199810713,52.1578286239631],[54.92319838802689,52.01860119999849],[54.92319838802689,51.765109998046036],[52.97518889262859,51.47360228864102],[52.043405387690115,51.33416658474551],[51.58990361360778,51.2663028173018],[51.19918832031309,50.833589962212216],[51.05276554358207,50.405960317684034],[50.438547410155024,50.19552842612069],[50.31737871118229,50.11706543653892],[44.12045241780216,50.11706543653892]]],[[[54.92319838802689,53.42243574828795],[54.92319838802689,53.743080901346666],[54.98339474925001,53.59970592343649],[54.92319838802689,53.42243574828795]]],[[[54.92319838802689,51.765109998046036],[54.92319838802689,52.01860119999849],[54.93372430707382,52.01306906997246],[55.6914427178267,52.12680159062177],[56.427941110895574,52.2716277159322],[56.95403883631337,52.50974064421371],[56.96481287274635,52.51626880898279],[57.32835263624417,52.73654349349776],[57.28385538812636,52.65388269898152],[57.28945421737567,52.08634648246433],[57.54459204401323,51.47480659848654],[57.54208235889527,51.47360228864102],[57.24220542106598,51.32970186619857],[56.61669456319744,51.47360228864102],[55.989739954044474,51.617834849873894],[55.06396073032987,51.78617422184585],[54.92319838802689,51.765109998046036]]],[[[44.12045241780216,56.636093141453614],[44.12045241780216,57.0567247571963],[44.47459451634472,57.035385339214145],[45.1579074466556,57.035385339214145],[45.78230405635111,56.95046797567187],[46.28592179893559,56.80195844778325],[46.54956119335187,56.636093141453614],[44.12045241780216,56.636093141453614]]],[[[50.1842400911572,56.636093141453614],[50.20653294843777,56.653570664223594],[50.67999505026978,56.971693578312],[50.9588711147959,57.215967311974225],[51.427839833554856,57.29037709976285],[51.55111321734188,57.29037709976285],[52.013603276295555,57.088478953343156],[51.986689744244075,56.77015082691116],[51.974092741416115,56.636093141453614],[50.1842400911572,56.636093141453614]]],[[[39.09280809284556,63.155120846368305],[43.1504436682847,63.155120846368305],[43.12505787049116,63.10008935735584],[43.25930439758332,62.55849885364756],[43.30754013117627,62.10694536703636],[43.46526393807949,61.60205622443209],[43.59423075654615,61.175418471932346],[43.61014105222637,60.869911229855234],[43.47492241866303,60.73918217614619],[43.07299029348161,60.71740578174848],[42.31032497222827,60.88081079386177],[42.200590417577644,60.91512222603349],[41.19341251654498,61.230043231054765],[40.97377223460102,61.320579517588264],[40.66281971338822,61.44875494292313],[40.295172817471155,61.64588740024931],[39.90638188939727,61.95309042303148],[39.739886675049526,62.169323783099905],[39.397751891793575,62.613666607423966],[39.23135751826993,63.02258983446586],[39.09280809284556,63.155120846368305]]],[[[36.43957518061035,64.93789671289034],[36.47374344467009,64.95025634043482],[36.51207734549263,64.94859315194392],[36.54860307083874,64.93623352439872],[36.57152177727146,64.92734526082083],[36.609161366585724,64.92082216277568],[36.65304565570402,64.92262267271856],[36.83304976635016,64.99192811653948],[36.833049766350655,64.9919281165407],[36.83304976635179,64.99192811654115],[36.86749267331743,65.07638549400366],[36.86027526376404,65.12164307507146],[36.84804533085213,65.14166258380101],[36.834159836267965,65.15720367877204],[36.85347649493803,65.17516375446148],[36.85686491434497,65.17831420972682],[37.00054930118036,65.2049865885644],[37.0416564991248,65.2072143552155],[37.118881213396534,65.1952514771036],[37.27918293252141,65.16483696217617],[37.36915588950906,65.1477661293847],[37.4733199987036,65.12414552333979],[37.69026946458534,65.05581666074984],[37.731727612335874,65.03685758954254],[37.97693633864394,64.87803648398805],[38.039230335732,64.75991820012598],[38.16443633451425,64.69734193331524],[38.18804168692171,64.7180480880195],[38.327774065350425,64.7536010649014],[38.352775590163546,64.75637815607526],[38.65110015344035,64.77748106021282],[38.719079432689796,64.77071366502902],[38.719079432689796,63.353458886406244],[38.47003364909153,63.46602927426602],[37.9288800276006,63.53266789602134],[37.42263413587223,63.804714206469214],[37.504714965643444,63.81471253996294],[37.53777312107418,63.82207869183905],[37.87152100531445,63.91471101239669],[37.94915772265696,63.936653137598434],[37.99665832401331,63.956100480063824],[38.0619354138106,64.00444030248435],[38.08013153214105,64.02110288824234],[38.08013153214107,64.02110288824247],[38.08013153214256,64.02110288824383],[38.084507003205545,64.05699918811308],[38.06304931649504,64.11331178486],[37.9788742087552,64.31666565269916],[37.8012428130308,64.41970060557321],[37.68859864927731,64.42276000518456],[37.56082152214174,64.38415525551005],[37.39027404728574,64.3549804671174],[37.35916138878338,64.35165405142072],[37.33401870975149,64.35247801884748],[37.27918293252141,64.3676772796784],[37.1916580211863,64.39193724322382],[37.166938766095996,64.39999391255623],[37.1447143711714,64.40887451060053],[37.12721252563449,64.41943358948805],[37.00610352224453,64.50109862213935],[36.97582245798753,64.5233154289599],[36.945541393730764,64.54553223578046],[36.92027281411754,64.56944273836666],[36.88181337486693,64.60290526057068],[36.866661079072,64.61608886502148],[36.75582884613192,64.70054628119897],[36.729156506009076,64.7160949642739],[36.703739184073356,64.72859954008976],[36.67638015926099,64.7359542710953],[36.60777282100031,64.74220276495134],[36.56193540813496,64.74387358026092],[36.458602893185855,64.88665773148216],[36.43957518061035,64.93789671289034]]],[[[38.719079432689796,63.353458886406244],[38.719079432689796,64.77071366502902],[38.868598943844844,64.75582887026732],[38.93221284515124,64.74359131053663],[39.22971344100132,64.65942382961542],[39.38916013926587,64.60664368881532],[39.40209750731947,64.60290526057068],[39.49582673544512,64.57582092685442],[39.54596327375657,64.56317140276778],[39.614440917384,64.55747986025327],[39.737350469431746,64.55345154494445],[39.739886675049526,64.55425483971716],[39.893488409889045,64.60290526057068],[39.91603471457434,64.61004637269924],[39.91603471457236,64.61004637269964],[39.916034714575915,64.61004637270077],[39.87818908501151,64.61762235887903],[39.852355965952825,64.61109159530042],[39.836521509323326,64.60290526057068],[39.832492826364785,64.60082245166916],[39.79409028417359,64.59484101261307],[39.79434977176124,64.60290526057068],[39.79513167400643,64.62720489525037],[39.81769943063215,64.66394041618234],[39.86277009656811,64.66581727174214],[40.018051158071856,64.63275145077786],[40.05776977171456,64.62109376155966],[40.08166502066345,64.6124878064193],[40.10122274651306,64.60290526057068],[40.1303100706925,64.58865357202026],[40.16408537937289,64.56247712997433],[40.216934200256404,64.55247496371348],[40.450546251896114,64.5363769561157],[40.49721525900702,64.53512573198074],[40.5237388568071,64.54096222276598],[40.52373885680761,64.54096222276742],[40.52373885680856,64.54096222276763],[40.53221511731573,64.56470489662695],[40.51831539682605,64.60290526057068],[40.450546251897606,64.78915404178485],[40.41220855702329,64.86088562697353],[40.37596130734789,64.92345426696545],[40.279438031648226,65.01193237163301],[40.24249267641267,65.02859495739114],[40.21582792439381,65.03637694510473],[40.18138122337598,65.04220580907133],[40.059158317303,65.11553956820109],[39.7827682524092,65.31944276056282],[39.75388336055801,65.34220885319132],[39.739886675049526,65.35630984611785],[39.71804811395339,65.3783111545959],[39.70416258065438,65.40525817633733],[39.701385489480685,65.42776487969934],[39.703880310931766,65.46290589222536],[39.72380829783651,65.51040649358163],[39.739886675049526,65.5339614363811],[39.75138853910655,65.5508117531986],[39.7744369401713,65.57083130064188],[39.81221009560039,65.59359739327034],[39.856658924164094,65.61192320623404],[39.89193725814202,65.62469483685003],[39.91582488027218,65.63304136400907],[39.93998718402112,65.6410980333415],[39.9785995605144,65.65165711222902],[40.02249143773662,65.65914916468643],[40.20221711142682,65.71026611699563],[40.39027405863861,65.76721193327134],[40.41276550836311,65.7763824278571],[40.43360139641544,65.7866516102032],[40.4722137341939,65.80914305992768],[40.544158947736705,65.85720823944425],[40.59526823451236,65.89526366459603],[40.6097183072567,65.90971373734038],[40.64166259871928,65.93637086254049],[40.659156817437534,65.94886781153767],[40.68027497521257,65.95887756590244],[40.70332337627853,65.96804809920302],[40.72943113824108,65.97499082713767],[40.759162916690016,65.97970582713603],[40.85332489833853,65.99081419183148],[40.88665769667324,65.99359132172016],[40.939712519092126,65.99525451021105],[40.97023854631358,65.99712281599007],[41.00777436559683,65.99942014697186],[41.29888151932019,66.05108642380381],[41.355270384254425,66.06248472375549],[41.41976592524598,66.08766475392753],[41.41976592524598,63.155120846368305],[39.09280809284556,63.155120846368305],[39.03451875668401,63.210878166768225],[38.719079432689796,63.353458886406244]]],[[[41.41976592524598,63.155120846368305],[41.41976592524598,66.08766475392753],[41.424995419250024,66.08970642711581],[41.64777374909828,66.18664549993818],[41.764914203749,66.24406813206188],[41.77471161645482,66.24887085565766],[41.80471037227419,66.2655486950531],[41.84332274876746,66.28858946930035],[41.90859983856477,66.33082582356522],[42.02823368474722,66.41463469882565],[43.317880948233054,66.41463469882565],[43.57110594211794,66.31666564736231],[43.64665984108005,66.28276060533383],[43.66554260538524,66.27249146170257],[43.686939238831,66.25553894068835],[43.690310062219176,66.24406813206188],[43.69387817271361,66.23192596146244],[43.67624283849307,66.21887206112513],[43.63499452504465,66.20304869643121],[43.60804750330317,66.19664000066706],[43.54721831998933,66.18803404552676],[43.51998902852506,66.18165589575221],[43.44832612341986,66.15554809507495],[43.430942288841706,66.14822309826911],[43.2943687601865,66.0906753428149],[43.29436876018723,66.09067534281427],[43.294368760184824,66.09067534281326],[43.35471342757769,66.03858947480661],[43.430942288841706,66.00890080515137],[43.516246776989405,65.97567747311241],[43.516246776989945,65.97567747311435],[43.51624677699101,65.97567747311393],[43.5249938863501,66.00694274542053],[43.51665878006173,66.03658296332992],[43.4716567942084,66.0535888720753],[43.45166016593521,66.05470277475831],[43.430942288841706,66.05554563055999],[43.40721513142341,66.05651091151987],[43.385131852003276,66.07270051837166],[43.430942288841706,66.1016639198542],[43.45332335442451,66.11581422779317],[43.475547788063764,66.12553404690169],[43.506244649443374,66.13596343115594],[43.692489627126776,66.1774749666376],[43.71623992780495,66.18025972334502],[43.858047497795326,66.17692564211485],[43.94360352430347,66.13832093115512],[44.048603060510246,66.07818602063477],[44.05297853157319,66.05741118584712],[44.02457428416133,66.01895142315811],[44.04069137816333,65.99137114317296],[44.12045241780216,65.92179039358608],[44.12045241780216,63.34884586575835],[43.79901002928915,63.38832477994919],[43.23754599093746,63.343941798579806],[43.1504436682847,63.155120846368305],[41.41976592524598,63.155120846368305]]],[[[42.02823368474722,66.41463469882565],[42.03666306818978,66.42053986001542],[42.03666306819127,66.42053986001703],[42.03666306819133,66.42053986001707],[42.068054202364124,66.45443723651155],[42.08332824253391,66.46887205561723],[42.142490404590035,66.5122146470315],[42.17513276289806,66.524429326306],[42.200590417577644,66.52825004072676],[42.20568467600694,66.52901459295629],[42.23610685576776,66.52748106038382],[42.348876958817485,66.51054383172188],[42.38471983224082,66.5044403248514],[42.55249021592303,66.47082517936437],[42.58554841006858,66.46388245142971],[42.65415954238122,66.44331357946263],[42.666870119732536,66.42220304850632],[42.95526886236544,66.41665649297732],[43.01290895143461,66.42165376269838],[43.07360840140035,66.42442322705352],[43.243881233352454,66.42970276649727],[43.29291532856645,66.42429353242026],[43.317880948233054,66.41463469882565],[42.02823368474722,66.41463469882565]]],[[[44.07638550926566,66.20054624816129],[44.09376487844407,66.24406813206188],[44.108886713354764,66.28193663790876],[44.12045241780216,66.30768220433308],[44.12045241780216,66.09643177786872],[44.10367585399439,66.12400817986435],[44.07874297054997,66.16422273029855],[44.07638550926566,66.20054624816129]]],[[[43.75054930737218,67.25221254168315],[43.75180053150717,67.31151581924308],[43.758190140866986,67.342208847856],[43.78749845665976,67.3930511572612],[43.80082703861717,67.4094238464777],[43.81415558185978,67.42553710771301],[43.85610200086842,67.47331239068808],[43.939430222010685,67.56666565854738],[44.0308952521529,67.66449737887845],[44.05915830663098,67.68067169337823],[44.09207534655778,67.68067169337823],[44.092075346559135,67.68067169337985],[44.0920753465594,67.68067169337985],[44.11388398307582,67.70664979942393],[44.12045241780216,67.7289918712237],[44.12045241780216,67.17138308495734],[44.10832596796138,67.17401124618033],[44.07610320082807,67.17776487987038],[44.03638458718541,67.17915342545734],[44.00166320454878,67.17692565880623],[43.96832274068066,67.1738738860135],[43.93402098793365,67.16526030405436],[43.9040222321143,67.15998839142952],[43.87082671651683,67.16567993394392],[43.7788810806486,67.19622801428608],[43.759857162124774,67.21762848049872],[43.75054930737218,67.25221254168315]]],[[[43.26971435241297,68.6681060809882],[43.31166077141965,68.68498229509952],[43.366935733670914,68.68803406789216],[43.386939988762975,68.68803406789216],[43.40888215267954,68.6869201652092],[43.430942288841706,68.68485800125212],[43.456382754035886,68.68247984682962],[43.486103072899326,68.67803956716486],[43.67110441455169,68.63220215429942],[43.78527069000708,68.60137939233852],[43.84415437639248,68.58471680658053],[43.92054749641876,68.56442261623222],[43.973320010400144,68.55386353734471],[44.04611822447373,68.54267884966036],[44.052772530037814,68.54165648488895],[44.073326109652626,68.53887939371509],[44.118598944357856,68.53526304276222],[44.12045241780216,68.53516898624243],[44.12045241780216,68.34518824957493],[44.05054472467356,68.3741454904748],[44.04611822447373,68.37582183395115],[44.001388561645,68.39276123869467],[43.89943696546402,68.42192077345004],[43.84665678594911,68.4324798523374],[43.78249359883489,68.4480285741273],[43.71859742780566,68.46415708899991],[43.68943022751688,68.47248840123649],[43.66304778393567,68.48136899928079],[43.63665771353561,68.49026488967735],[43.56332399312066,68.51832581410179],[43.430942288841706,68.5691627744715],[43.35499573601675,68.59832761954738],[43.331939708132154,68.60859680189344],[43.311378462983726,68.6188659842395],[43.2788772588944,68.64109800598271],[43.26971435241297,68.6681060809882]]],[[[51.77300967312419,61.667808131134905],[51.985095920117146,62.084955712594706],[52.3248452043303,62.45925195844376],[52.502018037055166,62.779301269674704],[52.852249402657144,63.155120846368305],[54.92319838802689,63.155120846368305],[54.92319838802689,60.86417527370823],[54.35248186287288,60.78274505688944],[53.40642116466279,60.67386307710973],[52.626919544584155,60.706518845360506],[52.064841812087934,60.91351454708979],[51.789495358740965,61.21911658060634],[51.77300967312419,61.667808131134905]]],[[[49.3986367060494,63.155120846368305],[50.31839235255856,63.155120846368305],[49.712162265891436,62.956196114629904],[49.51153306375102,63.01152200804091],[49.3986367060494,63.155120846368305]]],[[[44.72683944842458,63.155120846368305],[45.96945038423523,63.155120846368305],[46.15642287244606,63.01152200804091],[46.6225586359119,62.59159688143876],[46.35486309857572,62.613666607423966],[45.162029921145574,62.9672595288543],[44.72683944842458,63.155120846368305]]],[[[44.12045241780216,63.34884586575835],[44.12045241780216,65.92179039358608],[44.17443848476934,65.87469483134376],[44.174438484768864,65.87469483134711],[44.17443848477092,65.87469483134532],[44.14971922968044,66.04832458626896],[44.12045241780216,66.09643177786872],[44.12045241780216,66.30768220433308],[44.123603802184505,66.31469726997938],[44.1349945140322,66.33221436915375],[44.151100148448734,66.35664368898784],[44.16436005032203,66.37281800348686],[44.18193816404548,66.38581847737896],[44.21054841299272,66.4044341868841],[44.218376161618764,66.40713500987064],[44.21837616161862,66.40713500987174],[44.21837616162031,66.40713500987232],[44.217765822547676,66.41192627805788],[44.219586712521576,66.41463469882565],[49.52182540291453,66.41463469882565],[49.52182540291453,63.155120846368305],[49.3986367060494,63.155120846368305],[49.2676296452741,63.32175564418651],[49.35580720187255,63.688283098118404],[49.45346885202167,64.04463533817261],[49.48743201287385,64.33485198082315],[49.29021651908817,64.60290526057068],[49.28169645591805,64.61448564318954],[48.269881253067126,65.17630586314311],[47.53915918580259,65.48178533972276],[47.12199790263388,65.6380602693131],[46.782059971054196,65.7654061627747],[46.017723134990604,65.89043526336036],[45.34921347082326,65.8222196416599],[44.94291916234516,65.56112432693641],[44.6760666978754,65.17630586314311],[44.66129416010576,65.1542711270285],[44.487266115256205,64.89469067412318],[44.60535201561096,64.60290526057068],[44.69121830986268,64.39073317141197],[45.37658559522981,63.61045358436127],[45.96945038423523,63.155120846368305],[44.72683944842458,63.155120846368305],[44.54632049182533,63.233046562000254],[44.250706840651674,63.33284827687021],[44.12045241780216,63.34884586575835]]],[[[44.12045241780216,67.17138308495734],[44.12045241780216,67.7289918712237],[44.166385782961974,67.88523100355309],[44.167213448398684,67.8880462497089],[44.16276550320043,67.92387390820966],[44.13158799738159,67.92824554650582],[44.14040758087606,67.99484254052146],[44.17860412153175,68.09971617614696],[44.20999146165286,68.17498780538625],[44.22582245316545,68.20748900947552],[44.24492263987662,68.2645721472033],[44.22790527154575,68.29193113330075],[44.2036056463449,68.30497740682074],[44.18332670963406,68.31526184280426],[44.13166047151691,68.34054563733997],[44.12045241780216,68.34518824957493],[44.12045241780216,68.53516898624243],[44.14054869637833,68.53414917879408],[44.18054961845854,68.53414917879408],[44.217208871204676,68.53610230254122],[44.489158617718886,68.55276488829921],[44.66129416010576,68.56442132854154],[44.80304719513781,68.57402036752622],[44.884994497511826,68.57887268897656],[44.943603502278435,68.57943726713677],[45.139991761726634,68.57777403993106],[45.264160164728054,68.57443237059698],[45.285827647025826,68.57304382501005],[45.403045656559044,68.56109620053562],[45.505271895643915,68.54582216036455],[45.90332032716532,68.48220825905815],[45.95915986757679,68.44901274346061],[45.951148997871556,68.43109130674895],[45.95388032813304,68.4091491815472],[46.02568818150904,68.32666014275435],[46.28235242826669,68.20734406120329],[46.31929778350229,68.20179746695948],[46.346107483791855,68.20874023360895],[46.3933258154255,68.19747925510923],[46.498878470206975,68.15386964760971],[46.5273551917542,68.13817597754915],[46.714851393572545,67.92276000552508],[46.71647424516881,67.88523100355309],[46.718322757539866,67.84248351846068],[46.711105347986766,67.81678772085527],[46.6715202230306,67.80442809331043],[46.14554596076573,67.79721068375704],[45.89164603136982,67.78361841790075],[45.62137604121045,67.76914979804741],[45.5363845928627,67.76081848581083],[45.50388335005857,67.75694274559157],[45.45693970004373,67.74971008240072],[45.42610168444537,67.74470518586088],[45.382492076945766,67.73553465256032],[45.32249069382544,67.71762846948604],[44.948043820659564,67.47817992706115],[44.948043820658626,67.47817992705994],[44.948043820658015,67.47817992705956],[44.93166350462273,67.457214344374],[44.9216613770767,67.4333190954251],[44.91290664089884,67.3656768788099],[44.927352919591215,67.3470687961235],[44.992496481988496,67.32101442189207],[45.12526704607832,67.2802734273912],[45.16388321662356,67.27054594274912],[45.37137604671524,67.22470094177976],[45.40749360175735,67.21775817513029],[45.46554565518248,67.20860289546718],[45.542911523672984,67.19261932886519],[45.57860565477364,67.1822051982484],[45.60707854355408,67.16797638067689],[45.634990686941094,67.13484954516275],[45.637908932333715,67.1065139778343],[45.650268559878924,67.07290649788081],[45.81499479758722,66.90110017207105],[45.841659549606064,66.8872070119534],[45.89164603136982,66.87098256596538],[46.03363037113087,66.82489776122787],[46.24748993012629,66.83387754663053],[46.554718010618444,66.8103943007524],[46.82113891035834,66.83295804728354],[46.82113891035834,66.41463469882565],[44.219586712521576,66.41463469882565],[44.24110412015521,66.44664003387547],[44.25749968982632,66.4608154249996],[44.28916167285139,66.47692872494966],[44.320549012972506,66.48720549539965],[44.36027145938196,66.5028991654602],[44.36027145938286,66.50289916546146],[44.36027145938351,66.50289916546171],[44.48304748403126,66.67414857864492],[44.496383654092654,66.9074859486658],[44.479988084419915,66.94914247113297],[44.408325179314545,67.01158141649177],[44.319012889262204,67.06464956780749],[44.16790772119225,67.15443420908167],[44.14166259906284,67.1667862098081],[44.12045241780216,67.17138308495734]]],[[[46.82113891035834,66.41463469882565],[46.82113891035834,66.83295804728354],[46.923881511573825,66.84165953434419],[47.088600161178206,66.86859130244825],[47.12199790263388,66.87586957659812],[47.216102606694974,66.89637754525397],[47.244712816927404,66.90248109083926],[47.30193327610708,66.91415403369493],[47.33221434036396,66.91886903369328],[47.36388398892258,66.92248534593132],[47.39582824167036,66.92330931335803],[47.43360139709945,66.92248534593132],[47.45388029509549,66.92082215744043],[47.49748994130982,66.91554261799666],[47.598327634807745,66.93858339224391],[47.69971465282843,66.98637389014169],[47.73151779007226,67.01068876898007],[47.73151779007248,67.0106887689805],[47.73151779007384,67.01068876898154],[47.748046887146586,67.04248811217343],[47.74926324288737,67.06464956780749],[47.75221635667407,67.11845397549166],[47.74013137203298,67.13734436661554],[47.70693589515014,67.1663665799187],[47.682212846007815,67.18637083501073],[47.843322771476856,67.37164306422852],[47.889991778587415,67.39221189748065],[47.93665695293154,67.42324066097694],[47.936656952932005,67.42324066097785],[47.936656952933106,67.42324066097859],[47.95110319291069,67.45192717811307],[47.936653120166284,67.47415161175229],[47.916938800330456,67.4916534572892],[47.88916014562864,67.51097106640668],[47.858329756849116,67.52998352534513],[47.81436540549164,67.57429503245667],[47.83721543183927,67.59400939100586],[47.879714969422594,67.61080933693064],[48.001522078372886,67.65235137968722],[48.26401902186382,67.67678832634013],[48.35234977389794,67.68383313247028],[48.634990698295624,67.70637511780355],[48.86179734345268,67.69692231478027],[49.04721831499454,67.85359192187094],[49.080276470425275,67.85693359120502],[49.194007862353715,67.86976623637085],[49.22609710208701,67.8738708585818],[49.27201610633733,67.88523100355309],[49.52182540291453,67.94703264473901],[49.52182540291453,66.41463469882565],[46.82113891035834,66.41463469882565]]],[[[49.52182540291453,63.155120846368305],[49.52182540291453,66.41463469882565],[54.92319838802689,66.41463469882565],[54.92319838802689,63.155120846368305],[52.852249402657144,63.155120846368305],[53.10060485043272,63.421621361226926],[53.33507685594191,63.6549222210931],[53.604768664126084,64.00004089364387],[53.68997228226533,64.17850540472222],[53.663547735540874,64.42427280068671],[53.46943103657246,64.60290526057068],[53.23767411589415,64.81617546893455],[52.65118740780076,64.92835384043082],[52.35688506702178,64.82738917032157],[52.291989699728525,64.60290526057068],[52.24681461633281,64.44663710512339],[51.952662499145845,64.04463533817261],[51.50760037581375,63.67716191015552],[50.70053845757451,63.310663900313614],[50.35322923855557,63.16655201475464],[50.31839235255856,63.155120846368305],[49.52182540291453,63.155120846368305]]],[[[49.52182540291453,66.41463469882565],[49.52182540291453,67.94703264473901],[49.594436635615665,67.96499632107512],[49.88930129451066,68.01943968908094],[49.96610258484094,68.0399780150583],[50.00305177284332,68.05497741232537],[50.034160598578865,68.07095335210863],[50.05721283241162,68.09193418843168],[50.113883967068546,68.12831117145511],[50.21499634218526,68.16720581767109],[50.241378785766585,68.17581177281144],[50.26915740175356,68.1835937605251],[50.35860442211853,68.20193482712627],[50.40026857140445,68.2133178734405],[50.50916289552001,68.24609375914855],[50.53665924178429,68.25582887060934],[50.588325518616244,68.274429326477],[50.937492352583476,68.34109496186123],[51.06763077377016,68.34970854382033],[51.505828869694454,68.41665648764207],[51.55360411395476,68.42526244278244],[51.78137971352406,68.49136353872127],[52.043405387690115,68.53876911341173],[52.074714672613354,68.5444335760628],[52.20110321544716,68.55497740131287],[52.22251189547071,68.54460948258132],[52.22251189547071,68.3987976029974],[52.19887541008285,68.39637755093281],[52.17179869370801,68.39568327813924],[52.14124298654707,68.38206483835518],[52.14124298654776,68.38206483835467],[52.14124298654559,68.3820648383537],[52.22251189547071,68.3215572685996],[52.22251189547071,66.41463469882565],[49.52182540291453,66.41463469882565]]],[[[52.22251189547071,68.3987976029974],[52.22251189547071,68.54460948258132],[52.338745109961934,68.48831939274737],[52.35555268270545,68.47734831078908],[52.28305051782269,68.41207122099337],[52.25722123153088,68.40235136317006],[52.22251189547071,68.3987976029974]]],[[[52.22251189547071,66.41463469882565],[52.22251189547071,68.04439162505432],[54.92319838802689,68.04439162505432],[54.92319838802689,66.41463469882565],[52.22251189547071,66.41463469882565]]],[[[52.22251189547071,68.04439162505432],[52.22251189547071,68.3215572685996],[52.23582459808361,68.3116454918498],[52.258739471749564,68.30637357922478],[52.422908796831194,68.34095764040924],[52.658581323322146,68.41121288399104],[52.66471100648856,68.41304017540403],[52.69922638758962,68.4274749945109],[52.69922638759107,68.42747499451237],[52.699226387591295,68.42747499451247],[52.73040772617691,68.45902253654168],[52.73040389341014,68.48303985330517],[52.712074286394454,68.49401093526347],[52.658581323322146,68.51586609766045],[52.48804473241131,68.5855407740089],[52.40832899074036,68.58457181959653],[52.3613815466735,68.58471680658215],[52.323326121521745,68.5883178651826],[52.2831154038542,68.59900663870349],[52.294857026792286,68.61664580569104],[52.356658919854866,68.6361084017937],[52.39207840805156,68.64582825961703],[52.61645036849873,68.7058124392987],[52.71415710477332,68.73193361064793],[53.199157696493714,68.85971069906867],[53.27375725895418,68.87918107951386],[53.2863845770263,68.88247679169712],[53.34665680899862,68.89553831885453],[53.37748719777825,68.90165711807728],[53.439430245060194,68.91360474255173],[53.47026826065856,68.91943360651823],[53.5728551417488,68.93582245024348],[53.5728551417488,68.4014631113805],[53.32013321120019,68.34554290706103],[53.27375725895418,68.31950421263247],[53.212772380942226,68.28526304827011],[53.212772380942084,68.2852630482693],[53.212772380940635,68.28526304826849],[53.20915602998778,68.26470946865368],[53.2455444338819,68.2463684020525],[53.27375725895418,68.24334033388284],[53.336105356929835,68.23664854422918],[53.37276840372793,68.23679353121472],[53.428329468468675,68.24470521356162],[53.52137754743421,68.25555418899054],[53.5728551417488,68.25459264498],[53.5728551417488,68.04439162505432],[52.22251189547071,68.04439162505432]]],[[[53.5728551417488,68.4014631113805],[53.5728551417488,68.93582245024348],[53.67027283234479,68.95138548608475],[53.775550844222295,68.96693420787457],[53.84346770374147,68.97345734463455],[54.00888825295806,68.98609924190247],[54.09665679247985,68.99220274877294],[54.418327318897596,69.00888062688321],[54.476097102600036,69.00749208129628],[54.50410913021823,69.00595369658343],[54.516662602840455,69.00526427593034],[54.53804777670072,69.00277708129792],[54.55915830765661,68.99567415145523],[54.531105048767586,68.97679138715148],[54.50410913021823,68.97377640702094],[54.33832551345358,68.95526122630571],[54.199157713185116,68.94470214741818],[53.972763071098825,68.92803956166006],[53.972763071098136,68.92803956165868],[53.972763071097205,68.92803956165861],[53.94443513058748,68.87136842700167],[53.98235319557213,68.82290649805226],[53.84387970681388,68.73429107193391],[53.802089442187444,68.7058124392987],[53.732696524067705,68.65852354461754],[53.73269652406753,68.65852354461704],[53.7326965240661,68.65852354461606],[53.72346114344889,68.63206483284743],[53.746658325552346,68.60832215898799],[53.81166077244568,68.56359864880551],[53.847354903546346,68.54512022203754],[53.88137818062256,68.52638244471788],[53.90582275409419,68.50277709231042],[53.92221832376694,68.47109985564789],[53.944293976368456,68.40137482065309],[53.811660772447226,68.34414673465545],[53.789440171574824,68.3442916829261],[53.7252654861602,68.37886049047324],[53.6786003118159,68.39554595668744],[53.63220978037583,68.40554808423337],[53.60193634293768,68.40789795741387],[53.5728551417488,68.4014631113805]]],[[[53.5728551417488,68.04439162505432],[53.5728551417488,68.25459264498],[53.70763015193634,68.2520751982045],[53.8180542145724,68.24359131087864],[53.84666063075288,68.23776244691214],[53.86443711919382,68.21998595847118],[53.96166229450567,68.21360776998193],[54.199714664524976,68.20721436657003],[54.24541092317166,68.20735168802202],[54.39527129101289,68.26361085832298],[54.43138121923627,68.28109741150769],[54.45304870153406,68.29525758771061],[54.47221373556194,68.30275726698673],[54.50410913021823,68.3049559850698],[54.50652311512762,68.30512239380465],[54.54652024315588,68.2988662731299],[54.57332611067865,68.27886964485657],[54.60777281169632,68.24331666797468],[54.62332153348616,68.22526549791495],[54.63582610930209,68.20665741522853],[54.66096116151523,68.17984008812027],[54.689155574624934,68.17387390270177],[54.78207779172401,68.16373445370375],[54.8233261051724,68.16775514219384],[54.84471511179943,68.17345427281228],[54.868743888148344,68.18511962756402],[54.86874388814965,68.1851196275654],[54.868743888149936,68.18511962756554],[54.92318725615576,68.2426223564679],[54.9192275822154,68.28269195863169],[54.856521620771446,68.31429288839189],[54.920272843528906,68.38388060193454],[54.92319838802689,68.38630554840759],[54.92319838802689,68.04439162505432],[53.5728551417488,68.04439162505432]]],[[[54.92319838802689,60.86417527370823],[54.92319838802689,63.155120846368305],[57.14346211132713,63.155120846368305],[57.07750101161025,62.900892266404526],[56.745572543330354,62.282987417810546],[56.37044292578946,61.7116598869103],[56.14114917552763,61.33935650223651],[55.116188281831285,60.891711201272415],[54.92319838802689,60.86417527370823]]],[[[54.92319838802689,63.155120846368305],[54.92319838802689,66.41463469882565],[60.32457137313926,66.41463469882565],[60.32457137313926,65.47126037015423],[60.030410851794045,65.56112432693641],[59.09136134081018,65.99283955307982],[58.32986597841324,66.12952996974144],[57.93928826624909,65.93593628955324],[57.97355919012011,65.49311592573656],[57.67081256222319,64.60290526057068],[57.59105352328078,64.36837796755623],[57.456211402023314,63.944318131479406],[57.21836772132286,63.44382353541192],[57.14346211132713,63.155120846368305],[54.92319838802689,63.155120846368305]]],[[[54.92319838802689,66.41463469882565],[54.92319838802689,68.38630554840759],[54.93971252046016,68.39999390188409],[54.99443815818867,68.43498230060578],[55.225891123260695,68.52108765163666],[55.33264161444599,68.55111695344578],[55.4543762105461,68.56674194342293],[55.529884348595814,68.56538390511093],[55.58110044954853,68.56040955456088],[55.657302860391724,68.56686401123744],[55.68949891430209,68.57130432961702],[55.73446100148229,68.58102428237179],[55.79502106180864,68.5941162218727],[55.83972169153492,68.6044159114937],[55.86721037226566,68.61360169843175],[55.899852769288486,68.62678529340369],[55.946239467961874,68.65318299062245],[55.9767990078895,68.65942381894492],[56.00610352963021,68.65803527335798],[56.05054473137517,68.65054322090057],[56.14499664827993,68.62303162099883],[56.21054841969601,68.61303712027154],[56.25249479998982,68.60803222373174],[56.29193877072855,68.60525513255789],[56.32916260163489,68.6049804509391],[56.38943483360721,68.60914612641471],[56.452491744857326,68.6194228968647],[56.508605966887586,68.62776183591984],[56.59110259378434,68.63720701212438],[56.62804411625318,68.63693236922043],[56.649162274028214,68.63442992095052],[56.68693542945731,68.6258087121727],[56.76499940350804,68.60276793792545],[56.79305266239899,68.59304808010211],[56.82534027684895,68.57894895716387],[56.870269788566816,68.5630340706453],[56.96481287274635,68.55071793760905],[57.01305390107338,68.5444335760628],[57.072219857181466,68.5399780427606],[57.09943772777501,68.5401229910313],[57.14166258373956,68.54359435499862],[57.27610016908706,68.55581666109185],[57.34874344947528,68.56581878863788],[57.39804839354129,68.5808258127237],[57.41526793064075,68.59179685596717],[57.415267930641164,68.59179685596791],[57.415267930642415,68.59179685596871],[57.42929841221206,68.61679075396319],[57.44860076769139,68.65013121783049],[57.586654665275816,68.73359679913884],[57.60846709584432,68.7397003060093],[57.62388488058308,68.7409087844164],[57.62388488058308,66.41463469882565],[54.92319838802689,66.41463469882565]]],[[[57.62388488058308,66.41463469882565],[57.62388488058308,68.04439162505432],[60.32457137313926,68.04439162505432],[60.32457137313926,66.41463469882565],[57.62388488058308,66.41463469882565]]],[[[57.62388488058308,68.04439162505432],[57.62388488058308,68.7409087844164],[57.65110016082767,68.74304197534337],[57.763053884554594,68.74108885159623],[57.91513059817625,68.74539947534257],[57.94401932279423,68.75373841439769],[57.97707368417302,68.77870176640234],[57.97707368417285,68.77870176640258],[57.97707368417463,68.77870176640391],[57.945335394247486,68.82304381950533],[57.971374514839766,68.84693906845268],[58.00222015725686,68.85331725694195],[58.18429566541269,68.88499449360448],[58.19516474401041,68.88384632915744],[58.24026869450938,68.87908173463192],[58.221656817771155,68.85498048414783],[58.201450355197096,68.83728026389554],[58.20145035519718,68.83728026389548],[58.20145035519553,68.83728026389403],[58.3454093849349,68.7301254351715],[58.38999174089864,68.73136903248772],[58.421661389457256,68.73664857193148],[58.42166138945853,68.73664857193297],[58.42166138945879,68.73664857193302],[58.435268408372224,68.75261688489758],[58.39402009492375,68.77442931546597],[58.36554716742853,68.77970885490981],[58.30943298411313,68.78082275759283],[58.2822151135195,68.79401397938346],[58.27471160147667,68.82971190453605],[58.27221678002559,68.85581970521332],[58.27631377541761,68.89186095335218],[58.48943330070571,68.94303895892568],[58.60110475470994,68.96192931133479],[58.81034067964244,68.99307923485154],[58.81193542136893,68.9933166514559],[58.86277006524061,68.99803161273945],[58.89833070765606,68.99971009358262],[58.934989921687375,68.99999999012405],[58.97422812686116,68.99963580526],[58.97422812686116,68.95827769714907],[58.973045346840706,68.95803831747963],[58.90151596913552,68.93352510263941],[58.901515969137705,68.93352510263904],[58.90151596913391,68.93352510263774],[58.95138549136013,68.92526247048474],[58.97422812686116,68.92374597050727],[58.97422812686116,68.04439162505432],[57.62388488058308,68.04439162505432]]],[[[58.97422812686116,68.95827769714907],[58.97422812686116,68.99963580526],[59.17665864265953,68.99775696983548],[59.22169492983743,68.99063874764072],[59.19165800121334,68.98109434536417],[59.145271302540095,68.98151397525379],[59.0530471910011,68.97137452625566],[59.0197143539516,68.96748353239877],[58.97422812686116,68.95827769714907]]],[[[58.97422812686116,68.04439162505432],[58.97422812686116,68.92374597050727],[59.00999449612674,68.92137147662791],[59.07054899782176,68.91526793104262],[59.10040663813719,68.90887452763073],[59.27013014556654,68.83624266811319],[59.310821546388254,68.81721495553728],[59.42137909770952,68.76443481473719],[59.42551661527447,68.75083781269672],[59.42721558849476,68.74525452707184],[59.42551661527447,68.73669356085456],[59.42054750346427,68.71165467393811],[59.40887483034754,68.7058124392987],[59.40166090639366,68.70220183220056],[59.367908478169454,68.6988677896851],[59.31944275516764,68.70248414063803],[59.295710153260316,68.7058124392987],[59.27777097906295,68.70832825824209],[59.25041199296555,68.70832063142325],[59.225362462759776,68.7058124392987],[59.20888520384631,68.7041625827664],[59.17124174305053,68.69497679582838],[59.06179809441221,68.61984252675569],[59.0617980944122,68.61984252675525],[59.061798094410676,68.61984252675421],[59.06027222737177,68.5766601372481],[59.07235337924624,68.42456816998899],[59.098049176852825,68.40762327579347],[59.127212505659955,68.40109251221477],[59.42551661527447,68.36102704884283],[59.61527253570655,68.33554077951351],[59.64860533404125,68.33415223392657],[59.68110657684532,68.3380432277834],[59.7127685598704,68.34304808560837],[59.84263229943831,68.3694305291897],[59.87360380372188,68.38554382913975],[59.89638518870261,68.40138244747102],[59.96846009687867,68.46428682234648],[59.96846009687858,68.46428682234668],[59.968460096880165,68.46428682234807],[59.94658661304709,68.51130677926506],[59.871932988413846,68.58193971540823],[59.85249327276722,68.5962371743484],[59.82249451694787,68.60609435362369],[59.78416441017714,68.61692811413002],[59.76284028958162,68.63748932056347],[59.7823562734149,68.66539763118264],[59.81166075643992,68.68193056102169],[59.83832550845875,68.69303892571713],[59.874982965797585,68.7058124392987],[59.89415742205151,68.71249389500127],[59.923324583625416,68.72082520723767],[59.950405132766974,68.7167892263953],[59.977211000289756,68.7066497773973],[59.979083817440056,68.7058124392987],[60.00082777356789,68.69609069850978],[60.03971483167996,68.68859101923366],[60.08665464892805,68.68664552230524],[60.12304688558895,68.6869201652092],[60.243881207360204,68.69386293185866],[60.32457137313926,68.69892229200178],[60.32457137313926,68.04439162505432],[58.97422812686116,68.04439162505432]]],[[[60.145271319229835,69.57311248307008],[60.16082383507125,69.63206481082283],[60.24054716484487,69.65914915401592],[60.27082822910174,69.66748046625231],[60.295551316958935,69.67150878156113],[60.32457137313926,69.6728741525697],[60.32457137313926,69.43864332054608],[60.31082152436477,69.44831848735845],[60.290969844362166,69.46276856010286],[60.206958742538255,69.5263938750443],[60.145271319229835,69.57311248307008]]],[[[60.32457137313926,65.47126037015423],[60.32457137313926,68.69892229200178],[60.38137819231909,68.7024841406365],[60.412727680749946,68.7058124392987],[60.431106560326555,68.70776368008026],[60.46332549469311,68.71276853790523],[60.49443815319543,68.71887208349052],[60.53833006913247,68.73136903248772],[60.567497269421196,68.73997498762809],[60.59471130724796,68.75082396305703],[60.65586848653852,68.78025914918466],[60.91443633673731,68.90470885215511],[60.91443633673783,68.90470885215623],[60.914436336738845,68.90470885215672],[60.93554686769522,68.95027162211812],[60.94429397705437,68.99040223883156],[60.930267328251375,69.08728025838934],[60.894714351369544,69.12331391842537],[60.845268253084726,69.14971924246288],[60.799720775475464,69.16442870447383],[60.65586848653852,69.22371598674717],[60.59346391588144,69.2494354064591],[60.32457137313926,69.43864332054608],[60.32457137313926,69.6728741525697],[60.35165787345565,69.674148551283],[60.40415953858502,69.66775510915627],[60.42471311819983,69.6660919206654],[60.5041656378375,69.66331482949153],[60.540832517402364,69.66470337507846],[60.542206460159996,69.66477787424351],[61.003090480198,69.5263938750443],[61.886220357802586,69.2612272844015],[64.34692410033071,68.52238191348276],[65.57727597159476,68.1529592280234],[65.72594435825162,68.10832039264271],[65.57727597159476,68.03542962297504],[65.52066977212263,68.00767611370338],[65.48893388809398,67.99211629587683],[65.38363215479018,67.88523100355309],[65.10114637330219,67.59849711623394],[64.61225238097069,67.21784383235683],[64.107668032309,66.79265946942576],[63.49498181330978,66.4160068409882],[62.28639434955206,65.94152235288824],[61.886220357802586,65.82934623797996],[60.460575935273496,65.42971193925698],[60.32457137313926,65.47126037015423]]]]}},{"type":"Feature","properties":{"fillColor":"#6BAED6"},"geometry":{"type":"MultiPolygon","coordinates":[[[[-2.133055686976434,49.198608398446254],[-2.144199877823072,49.19889600749372],[-2.149167060815041,49.19902420044997],[-2.161111354801315,49.19291305537538],[-2.170387203608743,49.18901851944162],[-2.181944847097043,49.18416595459189],[-2.205277919782759,49.18083190915024],[-2.22638893132148,49.18972015385776],[-2.247361421579603,49.25124740601233],[-2.235522269795449,49.25794131393307],[-2.233611345251087,49.25902175898322],[-2.154166698515081,49.26110839841338],[-2.038472413976364,49.243331909236424],[-2.016805648750446,49.2310371398618],[-2.016190146487986,49.22528464839784],[-2.015000343328164,49.21416473391797],[-2.016500796675728,49.20509270441053],[-2.021111488283736,49.17721557621775],[-2.041388988491633,49.17249298095959],[-2.06694459912552,49.16777038570143],[-2.089167118038745,49.18110656734916],[-2.122777938850447,49.195831298813346],[-2.133055686976434,49.198608398446254]]]]}},{"type":"Feature","properties":{"fillColor":"#6BAED6"},"geometry":{"type":"MultiPolygon","coordinates":[[[[10.879720687908003,55.73429870626316],[10.897220611532463,55.739166259414866],[10.940832137831896,55.73888397187613],[10.95305442835096,55.738052367949564],[11.129444122494373,55.72166442845286],[11.138610839938655,55.713607787801465],[11.152776718513376,55.707771301625876],[11.168609618723604,55.702774047831646],[11.189165115424181,55.69916534458666],[11.201110839523096,55.698051452231326],[11.211111069120179,55.69888305704792],[11.343332290341479,55.74749755826017],[11.431280116931227,55.805162290014934],[11.46999613936287,55.83054721576809],[11.486944199045313,55.84165954626275],[11.498192786865296,55.85346984860091],[11.498192786865399,55.85346984860108],[11.498192786865843,55.85346984860155],[11.506387710727324,55.86721801787672],[11.51166534383401,55.87944030750583],[11.516110419791119,55.89513397217286],[11.509026527725098,55.91652298013622],[11.49166488642004,55.93027496319377],[11.474443435661394,55.93819046007524],[11.606388092241136,55.936386108452766],[11.67027664148479,55.89054870566891],[11.713604594206505,55.83054721576809],[11.74850559234686,55.782215555583335],[11.74850559234686,55.0544645285697],[11.730554581037268,55.06055450411435],[11.658332824722152,55.18721771202644],[11.51888847322249,55.199996948278056],[11.453887939850006,55.21249389610114],[11.427776336286229,55.215827942042324],[11.416942596316005,55.215827942042324],[11.400276183953451,55.21221923790716],[11.350831985260413,55.20138549793728],[11.323055267397365,55.190551757967455],[11.306110382168356,55.18888855011443],[11.272777557441827,55.19277191155339],[11.257776260268656,55.19541549644714],[11.245415687429613,55.20207595809461],[11.19523245911126,55.32118587953993],[11.187776565765603,55.33888244670919],[11.217638015453531,55.396385192499395],[11.203609466865828,55.44888305693064],[11.14916610704222,55.5674972535362],[11.144444465555182,55.57749938957937],[11.086388587815122,55.66638565092143],[11.075277328201935,55.67277526815724],[10.9941654208626,55.69249725359509],[10.879720687908003,55.73429870626316]]],[[[11.74850559234686,55.0544645285697],[11.74850559234686,55.54763412477365],[12.248468399081032,55.54763412477365],[12.244443893427498,55.54360961912012],[12.205831527368474,55.50222015374267],[12.19235992451339,55.48242568952898],[12.191665649683785,55.46166229229178],[12.19791507726336,55.448467254966815],[12.206665038631243,55.43833160360899],[12.227915764274545,55.42610549930754],[12.297777175567656,55.40305328349107],[12.3436107636791,55.40166473383185],[12.363887786623321,55.39888763451343],[12.37666511553883,55.39527130103358],[12.399442673161388,55.381103516012686],[12.433332443620094,55.359580993624796],[12.444166183589914,55.34832763701928],[12.44437120418435,55.34797386350262],[12.452776908524635,55.33346939095116],[12.45541995603112,55.32118587953993],[12.462221145612155,55.2895774844492],[12.450484894044735,55.27845509454063],[12.446249008079292,55.274440765515294],[12.425832748701794,55.26166534393599],[12.412498474053791,55.25582885776038],[12.329582214201707,55.23416137693073],[12.315553664723723,55.2327728272715],[12.293888092120199,55.23305511481027],[12.272499084157403,55.23388671873698],[12.243888855031116,55.236938476249236],[12.203332900917019,55.228050231671205],[12.17610931411366,55.220550536752455],[12.106674175099975,55.19713178636394],[12.036109924217783,55.1733322145443],[12.025554657114242,55.169441222870546],[12.025554657113883,55.16944122286999],[12.025554657113748,55.16944122286994],[12.015068054113714,55.15322494541196],[12.06180381759139,55.13180160539688],[12.074998855806385,55.12888336141906],[12.091526031736251,55.129161834285384],[12.106674175099975,55.131493075633905],[12.114999771524623,55.13277435309281],[12.130554198868525,55.13360595701938],[12.149442673043565,55.1302719119683],[12.178749084335054,55.11846923808495],[12.178079250286135,55.10790791776636],[12.171248436193297,55.00020599401196],[12.158609390488436,54.992774963197064],[12.106674175099975,54.978290983990924],[12.07194328273198,54.96860504124271],[12.041110992683969,54.96638488765694],[12.013332366595193,54.968330383048965],[11.994998931706732,54.971382141451215],[11.840276718392829,55.023330688604574],[11.74850559234686,55.0544645285697]]],[[[11.74850559234686,55.54763412477365],[11.74850559234686,55.782215555583335],[11.765554428288873,55.75860595731393],[11.799860000710858,55.68555068973597],[11.794440269721637,55.661659240648106],[11.823331833163024,55.67909240750665],[11.82333183316309,55.67909240750686],[11.82333183316365,55.6790924075072],[11.83208274864461,55.70701599114824],[11.843610763444076,55.76444244349011],[11.868209594719744,55.83054721576809],[11.904026985316193,55.926799774372846],[11.914164543119993,55.92971801746059],[11.924999237202933,55.92888641353402],[11.941110611169517,55.92443847612761],[11.959444046058081,55.91722106963764],[11.989860535032548,55.902912139957344],[12.000138282492806,55.8917999271212],[12.025337658863037,55.83054721576809],[12.035276412954474,55.806388854599625],[12.040554046951236,55.7933273316992],[12.056249618954539,55.746803283430566],[12.055416106801761,55.73305130037331],[12.050010479546836,55.725150932108264],[12.048193931526622,55.72249603237999],[12.028610229298465,55.71499633746129],[12.009721756013448,55.71527099565526],[11.970554351558405,55.71749877947576],[11.93666553521291,55.67694091802497],[11.936665535212908,55.676940918024904],[11.936665535212434,55.676940918024336],[11.935832977172753,55.6533279418028],[12.059581756669408,55.655689239157944],[12.059581756669834,55.655689239158505],[12.059581756670013,55.655689239158505],[12.067697959680716,55.66629109747463],[12.092222213902064,55.698326110425235],[12.09320826698872,55.70589375825636],[12.093887329091558,55.71110534667747],[12.0915269849595,55.72527313258854],[12.087776183832034,55.7388839718767],[12.072219848262307,55.76453781119051],[12.059092085777898,55.83054721576809],[12.040970802138247,55.92166519148219],[12.011110305673242,55.95777511552666],[11.979166030606507,55.95666503873372],[11.933886527667937,55.949996948631565],[11.886665344010794,55.93694305418603],[11.871249198986959,55.936660766647265],[11.851110458362314,55.94583129876406],[11.847082138482183,55.95555496194085],[11.862638473161624,55.96818923975024],[11.919166564809727,55.994438171520834],[12.106674175099975,56.07471302179056],[12.174165726057987,56.10360717781569],[12.182898044566286,56.106487758557684],[12.182898044566286,55.54763412477365],[11.74850559234686,55.54763412477365]]],[[[12.182898044566286,55.54763412477365],[12.182898044566286,56.106487758557684],[12.200277328731623,56.11222076419974],[12.274999618835128,56.127220154037225],[12.29055404706906,56.12888336189035],[12.301666259905208,56.12860870369644],[12.31249809253882,56.127220154037225],[12.331388473160036,56.12416076629003],[12.5141658780931,56.08777618405164],[12.533609390664584,56.08082580552072],[12.617290496785715,56.04013442964529],[12.610324327641392,56.029591498784505],[12.593887329327003,56.00471496575864],[12.584165573486473,55.99944305377045],[12.570276260442256,55.994022369558195],[12.527776718271411,55.945827484091524],[12.521065052556116,55.93224424586819],[12.516248702581919,55.922496795408165],[12.519165039223537,55.91138458257202],[12.558875083945086,55.867237091238216],[12.566944122726845,55.857498169371624],[12.575138092475196,55.84680175760873],[12.582307397224808,55.83054721576809],[12.597498894021356,55.796104431017625],[12.599998473696544,55.76721954369798],[12.60027694745289,55.754440307446664],[12.584165573486473,55.73527526863165],[12.584165573486565,55.73527526863143],[12.584165573486317,55.73527526863114],[12.597984314201168,55.702564239068906],[12.571725377545922,55.67700190999506],[12.561388015863841,55.66693878198115],[12.549999237497445,55.65721893347711],[12.540833473276791,55.650833130023614],[12.524166106800806,55.63944244343128],[12.50277709972687,55.63138580277973],[12.499483198197602,55.62217186209436],[12.492846489236557,55.60360717758058],[12.44437120418435,55.60749108553542],[12.442568779281316,55.607635498351385],[12.432498931467762,55.6155548099058],[12.421665191498107,55.616386413832345],[12.403888702342044,55.61666107202626],[12.391387939846311,55.61360931362384],[12.38083267185317,55.609992981034054],[12.344444274942191,55.59304809580465],[12.339457511942328,55.590206146165144],[12.269444465195704,55.559997558617454],[12.253332138006101,55.55249786369865],[12.253332138005588,55.552497863698136],[12.253332138005455,55.55249786369807],[12.248468399081032,55.54763412477365],[12.182898044566286,55.54763412477365]]]]}}]}